date,fav,id,rt,text,url
30/11/2011 22:58:31 , ,141999575463493632 , ,Gran gala Puedo cambiar  @la_informacion: Mediaset intenta calmar a los anunciantes con una gala por todo lo alto http://noticias.lainformacion.com/arte-cultura-y-espectaculos/television/mediaset-intenta-calmar-a-los-anunciantes-con-una-gala-por-todo-lo-alto_x1eOLmcUS8PmhOkbtHBVf3/ ,twitter.com/Rocigaot/status/141999575463493632 
30/11/2011 22:37:25 , ,141994266095403009 , ,Viendo en la sexta el 2x01 de The Walking Dead. Tengo un cacao importante entre el hilo argumental de la serie y el del comic... ,twitter.com/Rocigaot/status/141994266095403009 
30/11/2011 22:22:45 , ,141990573723750403 ,1 ,He apoyado la petición Dile al Partido Popular que nos merecemos una televisión pública sin corridas de toros - http://bit.ly/tZgXp2  ,twitter.com/Rocigaot/status/141990573723750403 
30/11/2011 21:59:49 , ,141984801900077056 , ,"El PP cree que el Valle de los Caídos no es prioridad con tanto paro. ¿Urge más la vuelta de los toros a tve, la 1ª medida que anunciaron? ",twitter.com/Rocigaot/status/141984801900077056 
30/11/2011 21:38:31 , ,141979441617305601 , ,"@CaminoAna @A_Losada pois nada, se precisas catadores xa sabes, todo sea por apoiar o teu proxecto ilusionante :) ",twitter.com/Rocigaot/status/141979441617305601 
30/11/2011 20:57:34 , ,141969138141765633 , ,"@A_Losada eu creo que nos van traer aquí convenios colectivos de oriente. Os das fábricas das multinacionais en Indonesia, concretamente... ",twitter.com/Rocigaot/status/141969138141765633 
30/11/2011 20:53:16 , ,141968052949499904 , ,"¿Reforma laboral para el día de Reyes? ¿Y no nos pueden castigar con carbón, como se ha hecho toda la vida en esas fechas? ",twitter.com/Rocigaot/status/141968052949499904 
30/11/2011 20:35:50 , ,141963665485217793 ,1 ,Y yo que creo que las declaraciones de Adolfo Domínguez defendiendo el despido libre dañan más su imagen que salir en El Mundo Today... ,twitter.com/Rocigaot/status/141963665485217793 
30/11/2011 20:23:59 , ,141960684719185920 , ,@A_Losada @CaminoAna sempre podes comercializar o licor café para pagarte as gafas novas... ,twitter.com/Rocigaot/status/141960684719185920 
30/11/2011 15:35:33 , ,141888097712472064 ,1 ,He visto un anuncio de crema que dice que puedes medir cuántos 'grados de arrugas' pierdes. Promesas cosméticas: ahí ahí con las electorales ,twitter.com/Rocigaot/status/141888097712472064 
29/11/2011 15:40:00 , ,141526829944152065 , ,"@CaminoAna é que hai xente desconsiderada que lle da por morrer na túa porta sen pensar se molesta...en fin, faltan balas pa matar tontos.. ",twitter.com/Rocigaot/status/141526829944152065 
29/11/2011 1:27:20 , ,141312249594773504 , ,"@DavidLombao ía dicir que me sorprende que non haxa máis okupacións con estes datos, pero igual me lincha Conde Roa por falar de tal cousa.. ",twitter.com/Rocigaot/status/141312249594773504 
28/11/2011 22:40:36 , ,141270290880675840 , ,"@Rapibea uf, no he jugado desde la época de la universidad, que nos abrieran una bolera casi al lado del piso.. qué recuerdos! ",twitter.com/Rocigaot/status/141270290880675840 
28/11/2011 20:12:16 , ,141232958798446592 , ,He apoyado la petición Yo apoyo al Centro Niemeyer: exige un acuerdo para salvarlo - http://bit.ly/v0X2Vv  ,twitter.com/Rocigaot/status/141232958798446592 
28/11/2011 14:31:43 , ,141147259466297344 , ,He apoyado la petición Por el indulto a Miguel Montes Neiro #libertadmontes2D - http://bit.ly/o5EH8h  ,twitter.com/Rocigaot/status/141147259466297344 
28/11/2011 14:27:13 , ,141146124210806784 , ,@JuanGomezJurado @PedroJ_ramirez no creo que tengamos a nadie con nivelazo para ser Tyrion...¿Quién es Cersei?Dime que no es Esperanza! ,twitter.com/Rocigaot/status/141146124210806784 
28/11/2011 1:29:28 , ,140950400739184640 , ,He apoyado la petición Protesta por el indulto del PSOE al banquero delincuente - http://bit.ly/vCwvHY  ,twitter.com/Rocigaot/status/140950400739184640 
27/11/2011 23:26:14 , ,140919385547210754 , ,"Muy, muy grande Gabilondo en @salvadostv  #añomariano ",twitter.com/Rocigaot/status/140919385547210754 
27/11/2011 23:02:18 , ,140913364812566528 ,1 ,"#añomariano Miguel Ángel Rodríguez, condenado por calumnias en televisión, pidiendo cabezas de periodistas. Huevazos como pizzas familiares. ",twitter.com/Rocigaot/status/140913364812566528 
27/11/2011 22:55:40 , ,140911695924183040 , ,#añomariano Pocos políticos me ponen más de los nervios que Miguel Ángel Rodríguez. Aún recuerdo su numerito con lo del doctor Montes... ,twitter.com/Rocigaot/status/140911695924183040 
27/11/2011 22:52:38 , ,140910931424190464 , ,"Miguel Ángel Rodríguez, quedando con Jordi Évole en calles de nombres franquistas para ver 'si le da urticaria'. #gensanta #añomariano ",twitter.com/Rocigaot/status/140910931424190464 
27/11/2011 14:14:03 , ,140780426607345664 , ,@CaminoAna eu é mirar a foto e oir na miña cabeza a marcha imperial de Star Wars e a respiración chunga de Darth Vader... ,twitter.com/Rocigaot/status/140780426607345664 
27/11/2011 14:00:21 , ,140776978432270336 , ,He vuelto a mirar la portada de ABC y entiendo la cara de cabreo de Botín: le han plantado debajo un anuncio de otro banco (ING)! ,twitter.com/Rocigaot/status/140776978432270336 
27/11/2011 13:40:39 , ,140772019204653056 , ,"Lo de 'queda pendiente la reforma laboral' ya acojona en sí, como para verlo bajo 1 foto de Botín con esa cara ABC http://k-2.me/esBBR003  ... ",twitter.com/Rocigaot/status/140772019204653056 
26/11/2011 22:51:38 , ,140548291317338112 , ,"Viendo Breaking Bad. Sigue vendiéndose el Quiminova? Por pedirlo a los Reyes, que tal como está el periodismo voy a emprender en otras áreas ",twitter.com/Rocigaot/status/140548291317338112 
26/11/2011 19:17:15 , ,140494340823846913 , ,"@Rapibea yo normalmente no lo consigo, pero me pudo la culpabilidad, que tengo una pila de lectura pendiente enorme y el ebook cargadito.. ",twitter.com/Rocigaot/status/140494340823846913 
26/11/2011 18:56:23 , ,140489090150838273 , ,He ido a la FNAC a por un diccionario y he conseguido salir de allí sin llevarme nada más que lo que había ido a comprar. #bienpormí ,twitter.com/Rocigaot/status/140489090150838273 
25/11/2011 11:19:44 , ,140011780062720000 , ,Buenos días! ¿Se ha disparado mucho la prima de riesgo con el anuncio de la vuelta de Mecano? Que como cualquier mala noticia la altera... ,twitter.com/Rocigaot/status/140011780062720000 
24/11/2011 14:57:39 , ,139704231698501632 ,1 ,"#refraneroPPopular  Dime con quién andas, y te diré si sales en el sumario del Gürtel ",twitter.com/Rocigaot/status/139704231698501632 
24/11/2011 14:45:09 , ,139701089808289792 ,1 ,"#refraneroPPopular  Vísteme despacio, que el traje es de Camps ",twitter.com/Rocigaot/status/139701089808289792 
24/11/2011 14:32:33 , ,139697917685547009 , ,"Ojos que no ven, operación de cataratas que te pagas en la sanidad privada #refraneroPPopular ",twitter.com/Rocigaot/status/139697917685547009 
24/11/2011 14:31:45 , ,139697715125817344 , ,Ahora resulta que 'no son quien' para llamar ilegal a un partido El PP tolera a Falange como 'corriente de pensamiento' http://www.publico.es/espana/307754/el-pp-tolera-a-falange-como-corriente-de-pensamiento … ,twitter.com/Rocigaot/status/139697715125817344 
24/11/2011 14:15:40 , ,139693667261759488 , ,Se @Radiofusionga quere axudas da Xunta igual debe botar a todos e deixar de emitir. A San José lle funcionou co Xornal http://www.prnoticias.com/index.php/internet-y-redes-sociales/553-internet/20110467-la-xunta-de-galicia-entrega-una-subvencion-de-5000-euros-al-xornal-de-galicia-que-cerro-ien-octubre … ,twitter.com/Rocigaot/status/139693667261759488 
24/11/2011 0:51:36 , ,139491316756254720 , ,El Gobierno pretende aprobar la Ley Sinde estando ya en funciones. ¿Protestará el PP o les dejará hacer para evitarse ellos el marrón? ,twitter.com/Rocigaot/status/139491316756254720 
23/11/2011 21:12:26 , ,139436163625787393 , ,"A canto tocamos por cabeza dos 5.000 leuros de subvención ao extinto Xornal?Darame para mercar unha tablet, ainda que non sexa o iPad? ",twitter.com/Rocigaot/status/139436163625787393 
23/11/2011 20:56:23 , ,139432122187395072 , ,"#noticiasrepetidascadaaño Ola de calor (verano, Sevilla); Nevada monumental (invierno,  Ávila); Alerta por lluvias (Invierno, Galicia) ",twitter.com/Rocigaot/status/139432122187395072 
23/11/2011 20:53:14 , ,139431330558640128 , ,#noticiasrepetidascadaaño  El precio del langostino se pone por las nubes los días previos a la Nochebuena ,twitter.com/Rocigaot/status/139431330558640128 
23/11/2011 20:52:14 , ,139431078476791808 , ,#noticiasrepetidascadaaño Esta noche habrá un eclipse que no volverá a producirse hasta dentro de x décadas ,twitter.com/Rocigaot/status/139431078476791808 
23/11/2011 20:39:44 , ,139427934715920384 , ,Que alguien del PP te acuse de crispar es un poco como que Lady Gaga te diga '¿en serio piensas salir vestida así a la calle?' ,twitter.com/Rocigaot/status/139427934715920384 
23/11/2011 20:10:51 , ,139420667035660288 , ,A explicación da Xunta ao tema das tarxetas do Sergas. Cómo o vedes? http://www.xunta.es/notas-de-prensa/-/nova/17187/galicia-unica-comunidade-autonoma-que-garante-oficio-asistencia-sanitaria-desempregados … ,twitter.com/Rocigaot/status/139420667035660288 
23/11/2011 12:40:57 , ,139307444156383232 , ,"@autonauta é surrealista! veña, va! cando quedamos todos para repartirnos os 5.000 leuros? ",twitter.com/Rocigaot/status/139307444156383232 
23/11/2011 1:01:19 , ,139131376833269760 , ,"@iescolar @mmarfull La caña sería ya nuevo Congreso en martes 13 y nuevo Gobierno para Santos Inocentes; no soy supersticiosa, pero... ",twitter.com/Rocigaot/status/139131376833269760 
22/11/2011 23:42:14 , ,139111475330551808 , ,@CaminoAna mira que estás empeñada en amortizar a tarxeta do sergas mentras a teñas... ,twitter.com/Rocigaot/status/139111475330551808 
22/11/2011 22:24:30 , ,139091912572407808 ,1 ,"Periodistas que dicen que Ana Pastor es mala profesional porque 'no sabe estarse calladita' y defienden a Urdaci. Sí, periodistas. #gensanta ",twitter.com/Rocigaot/status/139091912572407808 
22/11/2011 21:54:51 , ,139084449110433792 , ,"@_Wyvern_ Qué putadón! Si te lo quieren dar por siniestro prueba el clásico 'pues me cambio a otra compañía', a veces funciona.. ",twitter.com/Rocigaot/status/139084449110433792 
22/11/2011 17:50:17 , ,139022900744306689 , ,He apoyado la petición Dile al Presidente de la Xunta que desbloquee la tarjeta sanitaria a los desempleados - http://bit.ly/sJw2Py  ,twitter.com/Rocigaot/status/139022900744306689 
22/11/2011 2:37:34 , ,138793210045669377 , ,"Y a todo esto, mirad con quién se codea el defensor de poner a los niños pobres norteamericanos a ganarse el pan: http://theamericano.com/2010/03/29/gingrich-y-aznar-juntos-en-el-forum-faes-chli/ … ",twitter.com/Rocigaot/status/138793210045669377 
22/11/2011 2:31:47 , ,138791753137389568 ,1 ,Candidato en las primarias republicanas defiende el trabajo infantil. Y con eso se sitúa favorito. #cuantohijoputa  http://www.expansion.com/agencia/efe/2011/11/22/16721514.html … ,twitter.com/Rocigaot/status/138791753137389568 
21/11/2011 23:45:47 , ,138749979366932480 , ,"@Ch4_13 mala no, lo siguiente... la sufrí en un viaje en bus o en tren, no me acuerdo ya, y casi me tiro en marcha, como con Crepúsculo... ",twitter.com/Rocigaot/status/138749979366932480 
21/11/2011 22:33:10 , ,138731706147536896 , ,Pero qué grandes son! #yoquierotrabajarconWyoming  http://youtu.be/c4Y-KuBnNN0  ,twitter.com/Rocigaot/status/138731706147536896 
21/11/2011 22:02:21 , ,138723949902180355 , ,@Barbijaputa @La_SER ¿Atacando a Aragorn?Esto se está convirtiendo en Mordor aún más rápido de lo que pensaba... ,twitter.com/Rocigaot/status/138723949902180355 
21/11/2011 21:37:02 , ,138717578192359424 , ,"@El_Intermedio  recordando el CQC de Wyoming, ¡qué grande era! ¡Que resuciten el curso de ética periodística! ",twitter.com/Rocigaot/status/138717578192359424 
21/11/2011 20:53:11 , ,138706541112070144 , ,"@IagoFB @lauralruiz @CaminoAna eu onte intentei fuxir a Narnia polo meu armario e non funcionou. Pero atopei unha falda que perdera, é algo! ",twitter.com/Rocigaot/status/138706541112070144 
21/11/2011 16:15:11 , ,138636582847643651 , ,"Como dije el otro día, en medio del desastre aún nos queda Friends. Están con la boda inglesa de Ross, el mejor fin de temporada! #clasicazo ",twitter.com/Rocigaot/status/138636582847643651 
21/11/2011 13:39:17 , ,138597349755846656 , ,"@CaminoAna oook! ahí estarei, o dito, se consigo pospoñer para mañá as múltiples entrevistas de traballo que me propoñan! ",twitter.com/Rocigaot/status/138597349755846656 
21/11/2011 13:35:26 , ,138596381416894464 , ,"@CaminoAna apúntome tal! vos diredes sitio e hora! aínda que igual teño que cancelalo se me empezan a chover ofertas de empleo, xa sabes.. ",twitter.com/Rocigaot/status/138596381416894464 
21/11/2011 12:51:17 , ,138585266658099200 , ,"Así por sacar algo positivo, @eljueves ha tenido suerte: Rajoy tiene más gracia que Rubalcaba en Moncloa Palace... ",twitter.com/Rocigaot/status/138585266658099200 
21/11/2011 11:48:18 , ,138569417851285504 , ,"@callaquenoveo yo con el 10% de voto escrutado ya encargué mi mantilla por ebay, si es que hay que ser previsor... ",twitter.com/Rocigaot/status/138569417851285504 
21/11/2011 11:10:13 , ,138559832327327744 , ,"Buenos días!todos a mirar vuestros teléfonos, que estarán rebosando de llamadas ofreciéndoos trabajo... ",twitter.com/Rocigaot/status/138559832327327744 
21/11/2011 1:32:46 , ,138414512712851456 , ,"@puchoboedo si, as veces é complicado marcar a liña entre a deformación profesional e o masoquismo... :) ",twitter.com/Rocigaot/status/138414512712851456 
21/11/2011 1:21:28 , ,138411672510537729 , ,"@puchoboedo obligada non que estou no paro, é o peor do tema: se currase estaría cabreada por pringar un domingo e aquí me tes de gratis :P ",twitter.com/Rocigaot/status/138411672510537729 
21/11/2011 1:16:39 , ,138410456690860032 , ,"@puchoboedo e ti actuaste con sensatez e fixeches desconexión de internet, non como algúns masoquistas mataos (servidora, mesmamente) ",twitter.com/Rocigaot/status/138410456690860032 
21/11/2011 0:27:43 , ,138398142856040448 , ,"Corregido: voy a poner seriesyonkis, que es eso o ponerme a destilar vodka casero con patatas de bote y alcohol del botiquín... ",twitter.com/Rocigaot/status/138398142856040448 
20/11/2011 23:27:23 , ,138382960092123136 , ,"@CaminoAna non é mal sitio, ademáis as gasolineras teñen xeos para os cubatas... ",twitter.com/Rocigaot/status/138382960092123136 
20/11/2011 23:21:14 , ,138381411156631552 , ,"@CaminoAna @ariasnatalia @Ch4_13 @DePunteirolo Definitivamente, sí. Poñede sitio e hora, que ahí estarei (síntoo, fígado, eche o que hai) ",twitter.com/Rocigaot/status/138381411156631552 
20/11/2011 23:07:39 , ,138377995231571969 , ,"@Ch4_13 @CaminoAna certo, non me acordaba! de feito, me extraña que non me sonara o movil xa... ",twitter.com/Rocigaot/status/138377995231571969 
20/11/2011 23:07:05 , ,138377850926546945 , ,"@CaminoAna @DePunteirolo @ariasnatalia a min que me saquen o apéndice directamente, que non vale pa nada e non me vaia a dar guerra logo... ",twitter.com/Rocigaot/status/138377850926546945 
20/11/2011 23:02:13 , ,138376628983177216 , ,"@CaminoAna na,xa dixo @iescolar que dixo o mesmo o día das municipais, é coma cando eu digo que mañá me poño a dieta... ",twitter.com/Rocigaot/status/138376628983177216 
20/11/2011 22:59:09 , ,138375854173585408 , ,"Rajoy acaba de decir que España va a estar a la cabeza de Europa, o estoy en shock postraumático y tengo alucinaciones? ",twitter.com/Rocigaot/status/138375854173585408 
20/11/2011 22:57:01 , ,138375317013282816 , ,@Ika80Bcn no descartes que la cante el público... ,twitter.com/Rocigaot/status/138375317013282816 
20/11/2011 22:53:36 , ,138374459118731264 , ,"Definitivamente, para facebook necesito hacerme el cartel de 'sarcasmo' a la de ya... ",twitter.com/Rocigaot/status/138374459118731264 
20/11/2011 22:52:10 , ,138374098425356288 ,1 ,La música del DJ de Génova es tan penosa que en comparación la sintonía del PP casi parece un temazo... ,twitter.com/Rocigaot/status/138374098425356288 
20/11/2011 22:50:06 , ,138373577291464706 , ,"@ariasnatalia aun falta un poquito por escrutar, igual quedan 'casi' igual, pero aumento espectacular de votantes como que no... ",twitter.com/Rocigaot/status/138373577291464706 
20/11/2011 22:47:22 , ,138372891497594880 , ,"En medio de tanta celebración y música de Carlinhos Brown, el PP podría recordar que ha obtenido menos votos que en 2008... ",twitter.com/Rocigaot/status/138372891497594880 
20/11/2011 22:35:06 , ,138369803885883392 , ,"@ariasnatalia @DePunteirolo @CaminoAna ahí tes razón, e cando tes a razón haicha que dar... ",twitter.com/Rocigaot/status/138369803885883392 
20/11/2011 22:31:49 , ,138368977125638144 , ,@DePunteirolo @ariasnatalia @CaminoAna eu estou por inducirme un coma etílico ata 2015... ,twitter.com/Rocigaot/status/138368977125638144 
20/11/2011 22:31:18 , ,138368845747470336 , ,Acaba de salir Cayo Lara y ha expresado su apoyo a los profesores a los que se negó el voto por llevar la camiseta de marea verde.. ,twitter.com/Rocigaot/status/138368845747470336 
20/11/2011 22:14:40 , ,138364659462967296 , ,"@Ika80Bcn redios, ika, que luego no duermo! :P ",twitter.com/Rocigaot/status/138364659462967296 
20/11/2011 22:00:51 , ,138361184817659904 , ,@lauralruiz los del Dux van a llamar a Génova de un momento a otro para que les devuelvan a su DJ... ,twitter.com/Rocigaot/status/138361184817659904 
20/11/2011 21:51:24 , ,138358806903128065 , ,@callaquenoveo lo bueno es que podría ir a Intereconomía a discutir contra todos. Sería como una comida familiar pero cobrando... ,twitter.com/Rocigaot/status/138358806903128065 
20/11/2011 21:50:10 , ,138358493752205312 , ,En Génova está sonando 'me sube la bilirrubina'. Tíos con banderas del aguilucho bailando ritmos latinos. #apocalipsisnow ,twitter.com/Rocigaot/status/138358493752205312 
20/11/2011 21:48:30 , ,138358073843662848 , ,Que Nena Daconte le ponga música al himno #primeramedida ,twitter.com/Rocigaot/status/138358073843662848 
20/11/2011 21:43:56 , ,138356924776325120 , ,"En Génova están bailando el 'Saturday night'. Sí, definitivamente hemos vuelto a los 90... #winteriscoming #gensanta ",twitter.com/Rocigaot/status/138356924776325120 
20/11/2011 21:43:11 , ,138356735789371392 , ,"@callaquenoveo quéjate! soy hija, nieta, prima y sobrina de gente que ve Intereconomía. Mañana emigro a Islandia... ",twitter.com/Rocigaot/status/138356735789371392 
20/11/2011 21:25:58 , ,138352403576664065 , ,@lauralruiz Toni Cantó diputado. Miedico da.. ,twitter.com/Rocigaot/status/138352403576664065 
20/11/2011 21:08:48 , ,138348086052388864 , ,@ariasnatalia yo hace tiempo que tengo una instalada a todas horas en la farola que hay frente a mi ventana. No descarto sufrir espionaje ,twitter.com/Rocigaot/status/138348086052388864 
20/11/2011 21:08:15 , ,138347946818277376 , ,"@NoelaReyMendez no sé el nombre porque no es mi estilo, una de esas chungas de verano, rollo DJ del Dux... ",twitter.com/Rocigaot/status/138347946818277376 
20/11/2011 21:05:17 , ,138347198789337088 ,1 ,Soy la única a la que la selección musical de Génova le acrecienta más la sensación de pánico? ,twitter.com/Rocigaot/status/138347198789337088 
20/11/2011 19:09:39 , ,138318098926280705 ,1 ,"Por cierto, fue salir del colegio electoral y esquivar por un pelo que me cagara una gaviota. La leche, pronto empiezan las represalias... ",twitter.com/Rocigaot/status/138318098926280705 
20/11/2011 17:23:29 , ,138291383353081857 , ,Acabo de pasarme pola festa da democracia. Creo que nos meteron garrafón como para estar feitos merda catro anos... ,twitter.com/Rocigaot/status/138291383353081857 
20/11/2011 16:06:57 , ,138272123759239168 , ,"@lauralruiz  de hecho podría decirse que voy a votar y a buscar chorizos, que cada cual haga los juegos de palabras que crea oportunos :P ",twitter.com/Rocigaot/status/138272123759239168 
20/11/2011 16:05:45 , ,138271818090946562 , ,"@lauralruiz voto en los mallos, q sigo empadronada ahí,y  tengo que esperar a mis padres, que fueron a la aldea y me traen cosillas! ",twitter.com/Rocigaot/status/138271818090946562 
20/11/2011 15:28:51 , ,138262535353798657 , ,"@lauralruiz  que cotilleo el periódico en algún bar, quería decir, evidentemente no voy a comprar El Mundo para ver la esquela de marras! ",twitter.com/Rocigaot/status/138262535353798657 
20/11/2011 15:28:01 , ,138262323432398850 , ,"@lauralruiz por twitter estoy leyendo que sí, aunque yo áun no la he visto. Tomaré un café ahora que salgo pa votar y cotilleo... ",twitter.com/Rocigaot/status/138262323432398850 
20/11/2011 15:25:25 , ,138261669230026752 , ,He apoyado la petición Evitemos la creación de un centro de experimentación animal en Lugo - http://bit.ly/u0gd6T  ,twitter.com/Rocigaot/status/138261669230026752 
20/11/2011 15:08:59 , ,138257534996844544 , ,@IagoFB Y dales un par de meses y sabrán cómo hacernos viajar al Antiguo Régimen... ,twitter.com/Rocigaot/status/138257534996844544 
20/11/2011 14:52:59 , ,138253507005394944 , ,"@rubengaldon Claro, si es que tendríamos que haber hecho como Portugal, se pasaron antes a la derecha y mira lo bien que les fue... ",twitter.com/Rocigaot/status/138253507005394944 
20/11/2011 13:05:52 , ,138226550746259456 , ,"@Chselles No me extrañaría, mira la de sánchez bugallo, el ex alcalde de santiago: su bio todavía pone alcalde y el último twit es de junio ",twitter.com/Rocigaot/status/138226550746259456 
20/11/2011 1:32:27 , ,138052047831449600 , ,"@CaminoAna si, subiu @Ch4_13 unha foto ao fb onde se lle vía mellor a cara, e é ben guapo! ",twitter.com/Rocigaot/status/138052047831449600 
20/11/2011 1:27:54 , ,138050902509625345 , ,"@CaminoAna ides necesitar vos o babero, en vez de o rapaz! :) ",twitter.com/Rocigaot/status/138050902509625345 
20/11/2011 0:20:35 , ,138033960281317376 , ,"@CaminoAna Ok, levo a muda e a impresora para as tarxetas do sergas falsificadas, que malo será que non podamos traballar dende Islandia! ",twitter.com/Rocigaot/status/138033960281317376 
20/11/2011 0:17:29 , ,138033181554262016 , ,Parados de larga duración que me defenden ao Sergas. Temos o que nos merecemos. Vou facer as maletas para Islandia. ,twitter.com/Rocigaot/status/138033181554262016 
19/11/2011 23:28:11 , ,138020772257071104 , ,"@CaminoAna pois non é mala idea, ao final o PP nos vai convertir en emprendedores, ainda que sea en modo clandestino... ",twitter.com/Rocigaot/status/138020772257071104 
19/11/2011 23:27:00 , ,138020474948034560 , ,"@opinionadas qué va, me quedé en la segunda que yo lo veía por la fox y ahora no la tengo, voy super atrasada, y ya me comí algún spoiler! ",twitter.com/Rocigaot/status/138020474948034560 
19/11/2011 23:23:50 , ,138019680815284224 , ,@CaminoAna a miña idea era ir unha vez por semana ao ambulatorio finxindo unha enfermidade distinta e facer stock de fármacos para o ano... ,twitter.com/Rocigaot/status/138019680815284224 
19/11/2011 23:22:28 , ,138019337515696128 , ,"@opinionadas me voy a poner al día con Dexter para pillar ideas yperfeccionar el tema de conseguir el material, luego ya al lío :P ",twitter.com/Rocigaot/status/138019337515696128 
19/11/2011 23:19:02 , ,138018473480683520 , ,"Tras ver la portada de La Gaceta de mañana tengo claro que si esto es periodismo,mejor me dedico al tráfico de órganos que es más digno... ",twitter.com/Rocigaot/status/138018473480683520 
19/11/2011 20:24:49 , ,137974627761799168 , ,"@Ch4_13 @CaminoAna pois oes, quédalles moi ben o rapaz, xa se poden ir animando ;) ",twitter.com/Rocigaot/status/137974627761799168 
19/11/2011 16:59:00 , ,137922833941676032 , ,#epitafios Pues teníais razón: el cable que había que cortar era el rojo. ,twitter.com/Rocigaot/status/137922833941676032 
19/11/2011 13:52:42 , ,137875948237369344 , ,Creo que voy a dedicar el día de reflexión a ponerme al día con Dexter... ,twitter.com/Rocigaot/status/137875948237369344 
19/11/2011 1:25:14 , ,137687841361760259 , ,Iso de que vou buscar algo na hemeroteca de Xornal para argumentar nunha discusión en Facebook e lembro que a hemeroteca xa non existe... ,twitter.com/Rocigaot/status/137687841361760259 
18/11/2011 22:42:57 , ,137647004615589888 , ,"@CaminoAna Muller, de acabar acaba agora que todavía te cubre o sergas, daquí a un ano que corte o xamón coas tesoiras para papel dos nenos ",twitter.com/Rocigaot/status/137647004615589888 
18/11/2011 22:40:04 , ,137646279214899200 , ,"@CaminoAna e se te atropellan e vas a urxencias tes que comprometerte a pagalo,igual compensa máis pedir o farruquito de turno que te remate ",twitter.com/Rocigaot/status/137646279214899200 
18/11/2011 22:31:49 , ,137644200031289344 , ,"@CaminoAna na, tranquila, un do PP o que lle parece mal que me queixe de que a Xunta nos deixe sen médico se pasamos un ano no paro... ",twitter.com/Rocigaot/status/137644200031289344 
18/11/2011 17:33:10 , ,137569042356645889 , ,Imos ben.. La Xunta desactiva la tarjeta sanitaria de los usuarios tras agotar el subsidio de desempleo http://radiocoruna.com/informativos-radio-coruna/la-xunta-desactiva-su-tarjeta-sanitaria-de-un-usuario-tras-agotar-el-subsidio-de-desempleo/gmx-niv14-con8452.htm … ,twitter.com/Rocigaot/status/137569042356645889 
18/11/2011 17:32:28 , ,137568865512198144 , ,Ánimo a los compañeros de RTPA! #yortpa ,twitter.com/Rocigaot/status/137568865512198144 
18/11/2011 15:29:38 , ,137537954452209664 , ,@lauralruiz pues déjame el opio que pa una cosa que nos queda... :P Y prefiero ver a Chandler que a Rajoy! ,twitter.com/Rocigaot/status/137537954452209664 
18/11/2011 15:16:16 , ,137534591463460864 , ,Viendo por milésima vez el capítulo del 'sonido' de Ross. Al menos cuando nos privaticen hasta el aire todavía nos quedará Friends... ,twitter.com/Rocigaot/status/137534591463460864 
18/11/2011 14:32:42 , ,137523626512621568 , ,"@CaminoAna eu teño a garganta algo tocada, pero vaise levando. Pero polo de pronto aínda non teño voz sabinera... ",twitter.com/Rocigaot/status/137523626512621568 
18/11/2011 14:25:53 , ,137521913193963521 , ,"@CaminoAna non tes a voz sexy de resfriado de Phoebe? eu estou catarrosa tamén, non sei se é catarro novo ou o que pensara que xa me pasara ",twitter.com/Rocigaot/status/137521913193963521 
18/11/2011 12:34:45 , ,137493944484368384 , ,"@NoelaReyMendez @lauralruiz de vestirme como ella y de ser solo hueso, pellejo y silicona como ella;hay cada gurú de la moda con una pinta.. ",twitter.com/Rocigaot/status/137493944484368384 
18/11/2011 12:16:55 , ,137489457879334912 , ,"@NoelaReyMendez @lauralruiz No sé,yo viendo las pintas de Donatella Versace casi prefiero que no me considere representativa de su firma... ",twitter.com/Rocigaot/status/137489457879334912 
17/11/2011 23:51:54 , ,137301965226000384 , ,Qué susto! vi que Enrique Urquijo era TT y me temí que lo hubiera versionado Pitingo... ,twitter.com/Rocigaot/status/137301965226000384 
17/11/2011 16:53:57 , ,137196784475844608 , ,@_Wyvern_  y cuando besa a Gunther para que le pase sus gérmenes... no sé las veces que lo he visto y me sigo partiendo! ,twitter.com/Rocigaot/status/137196784475844608 
17/11/2011 16:27:35 , ,137190152937287680 , ,"@CaminoAna , @_Wyvern_  y ahora están con el corte de mangas secreto de Ross y Mónica y la voz de resfriado de Phoebe, ese también es mítico ",twitter.com/Rocigaot/status/137190152937287680 
17/11/2011 16:03:53 , ,137184188448256000 , ,@_Wyvern_ @CaminoAna lo mejor es Ross pidiendo perdón a la gata... Ahora están con el de Chandler intentando borrarse del gimnasio :) ,twitter.com/Rocigaot/status/137184188448256000 
17/11/2011 15:18:18 , ,137172716699652096 , ,"@CaminoAna eu fixen a misma deducción, aquí estou vendo a nai gata de Phoebe.. ",twitter.com/Rocigaot/status/137172716699652096 
17/11/2011 0:47:42 , ,136953621240758272 , ,"@CaminoAna @ariasnatalia un placer, muller! vexo que resucitou o internet no teu fogar... :) ",twitter.com/Rocigaot/status/136953621240758272 
16/11/2011 23:29:18 , ,136933890341347330 , ,"@mondomedico yo estaría más tranquila si presentaran a una cabra, fíjate, sería el político con más nivel en años... ",twitter.com/Rocigaot/status/136933890341347330 
16/11/2011 22:19:31 , ,136916329344143360 , ,"Pablo Motos, espero que no repitais con Justin Bieber la broma de la guillotina.Que aunque sepas que es coña, en el fondo te haces ilusiones ",twitter.com/Rocigaot/status/136916329344143360 
16/11/2011 21:51:32 , ,136909287606849537 , ,"El PP debería ponerse de acuerdo: o no trabajamos porque ZP se cargó el empleo o porque somos vagos y no queremos, pero todo no puede ser... ",twitter.com/Rocigaot/status/136909287606849537 
16/11/2011 15:01:08 , ,136806008721911808 , ,Que digo eu que igual son horas de ir quitando os anuncios de Xornal dos buses... ,twitter.com/Rocigaot/status/136806008721911808 
16/11/2011 14:49:45 , ,136803142250663938 , ,Mañana en Asturias hay manifestación en defensa de RTPA-- RTPAsí_PROMO MANIFESTACIÓN 17-N http://www.youtube.com/watch?v=a0WtRz0xLmw&feature=share … vía @youtube ,twitter.com/Rocigaot/status/136803142250663938 
16/11/2011 11:40:38 , ,136755551102173184 , ,"@CaminoAna  , ao final vou hoxe a comer cos papis e recuperar o meu cocheciño, douche toque pola tarda para un café? ",twitter.com/Rocigaot/status/136755551102173184 
15/11/2011 15:26:22 , ,136449971527483392 , ,"@CaminoAna eu teño uns plans fascinantes, a compra e descargarme un par de libros da uned que non atopei... a miña vida é pura aventura! ",twitter.com/Rocigaot/status/136449971527483392 
15/11/2011 15:06:32 , ,136444977998872576 , ,"@CaminoAna irei mañán ou pasado a recuperar o meu coche, que quedou meu pai con él, se te ven ben, douche un toque! ",twitter.com/Rocigaot/status/136444977998872576 
15/11/2011 14:37:21 , ,136437634288455680 , ,@Barbijaputa la mía más estelar fue intentar que se levantara la barrera del parking del mercadona con el mando de mi garaje de casa... ,twitter.com/Rocigaot/status/136437634288455680 
15/11/2011 12:10:48 , ,136400751995006976 , ,"Pamela Anderson hará de la virgen,un gran reto interpretativo: Colarnos a la vez el 'me preñó una paloma' y 'había silicona en el siglo I'.. ",twitter.com/Rocigaot/status/136400751995006976 
15/11/2011 11:55:47 , ,136396973044535297 , ,"El puñetero #BotonActividad ha vuelto. Como me desapareció creí que habían recapacitado, esperemos que no empiece a fallar esto como ayer... ",twitter.com/Rocigaot/status/136396973044535297 
15/11/2011 1:39:47 , ,136241952638251008 , ,"Ya me ha caído una boda para 2012.  En una capillita rural en mitad de la naturaleza. Vamos, sin un triste bar donde escaquearme de la misa. ",twitter.com/Rocigaot/status/136241952638251008 
14/11/2011 23:42:44 , ,136212497412784128 , ,Ahora twitter ha decidido que soy nueva y me invita a seguir mis primeras cuentas y configurar mi perfil... #gensanta ,twitter.com/Rocigaot/status/136212497412784128 
14/11/2011 21:45:42 , ,136183045152718848 , ,Estar en una cafetería y que vengan del PP a ofrecerte caramelos (chuches!) y mecheros. En merchandising electoral no se recorta por crisis? ,twitter.com/Rocigaot/status/136183045152718848 
14/11/2011 19:20:57 , ,136146617119150080 , ,Le he tenido que prestar el coche a mi padre.olvidé quitar el cd asi que o consiguió poner la cope o ha ido al curre con barricada... ,twitter.com/Rocigaot/status/136146617119150080 
14/11/2011 0:17:15 , ,135858792997986306 , ,"Puntualizo, sí que tengo palabras ante las declaraciones de Dávila sobre el 15M y las JMJ, pero todas son tacos... ",twitter.com/Rocigaot/status/135858792997986306 
14/11/2011 0:16:41 , ,135858651557666817 ,1 ,"Según Carlos Dávila, de La Gaceta, la manifestación de la JMJ, al estar bendecida por Dios, era más 'aseada'. No tengo palabras.  #15M6 ",twitter.com/Rocigaot/status/135858651557666817 
14/11/2011 0:07:25 ,1 ,135856319025512449 , ,"Felip Puig en el reportaje sobre el 15M, vacilando de que los Mossos fueron 'precursores' en las cargas contra indignados #redrum ",twitter.com/Rocigaot/status/135856319025512449 
13/11/2011 23:55:36 , ,135853347533103105 , ,En enero voy a contestar mis exámenes a lo Rajoy. Pregunta: 'Describa la obra de T.S.Elliot': Respuesta: 'Escribía como Dios manda'. Y así.. ,twitter.com/Rocigaot/status/135853347533103105 
13/11/2011 19:29:38 , ,135786411910631424 , ,Fallece una mujer con aneurisma tras deambular por cuatro hospitales http://www.elpais.com/articulo/sociedad/Fallece/mujer/aneurisma/deambular/hospitales/elpepisoc/20111113elpepisoc_4/Tes … vía @el_pais ,twitter.com/Rocigaot/status/135786411910631424 
13/11/2011 14:53:49 , ,135717003771117569 , ,"@Vero_vai esa é moi longa e a vai ter que ler da chuleta, a dos hilillos é máis breve e ten máis garra ;-) ",twitter.com/Rocigaot/status/135717003771117569 
13/11/2011 14:46:41 , ,135715208789372929 , ,"@CaminoAna @IagoFB na miña casa eu do Depor, meu pai de Celta e Barça e a miña nai do Real Madrid. Algún día sairemos en sucesos... ",twitter.com/Rocigaot/status/135715208789372929 
13/11/2011 14:44:07 , ,135714561398554624 , ,"Nove anos do Prestige, qué rápido pasa o tempo! Rajoy debería marcarse un 'hilillos de plastilina' nalgún mitin, en plan remember... ",twitter.com/Rocigaot/status/135714561398554624 
13/11/2011 0:42:35 , ,135502784165453824 , ,"@NoelaReyMendez ya ves, debería sacarme una foto con mis pintas de este momento y ponerla de perfil en facebook pa ligar... ",twitter.com/Rocigaot/status/135502784165453824 
13/11/2011 0:34:36 , ,135500772929568768 , ,"Aquí estoy un sábado noche con mi pijama de pingüinos, mi bata de osos polares, mis kleenex pa la moquera y mi leche con miel #cuantoglamour ",twitter.com/Rocigaot/status/135500772929568768 
13/11/2011 0:32:15 , ,135500181784363008 , ,@CaminoAna sempre podes abrir un blog... ,twitter.com/Rocigaot/status/135500181784363008 
12/11/2011 16:15:22 , ,135375137691275264 , ,¿Puede cundir ya el pánico?  http://www.cadenaser.com/espana/audios/somos-madres-mantenemos-casa-limpia-pura/csrcsrpor/20111112csrcsrnac_2/Aes/ … ,twitter.com/Rocigaot/status/135375137691275264 
11/11/2011 14:31:23 , ,134986580732559360 , ,"@CaminoAna o ano pasado quedámonos sen Boney M, agora non actúa Raphael... efectivamente, os sinais do apocalipsis son claros ",twitter.com/Rocigaot/status/134986580732559360 
11/11/2011 13:56:52 , ,134977894551257088 , ,"@CaminoAna grazas!xa dixo un amigo meu que a ver se temos cena de nadal a gastos pagos desta empresa, xa que é a máis grande de ESpaña... ",twitter.com/Rocigaot/status/134977894551257088 
11/11/2011 13:53:17 , ,134976993195343872 , ,"A falta de entregar el certificado de empresa,ya estoy oficialmente parada: disponible por si quieren contratarme en @ElTerrat  #aversicuela ",twitter.com/Rocigaot/status/134976993195343872 
11/11/2011 13:35:12 , ,134972441335312384 , ,"@opinionadas qué me dices! na, ya me buscaré, estoy por aprovechar para ofrecerme como community manager XD ",twitter.com/Rocigaot/status/134972441335312384 
11/11/2011 10:13:48 , ,134921757705510912 , ,"Al final en el inem fueron rápidos,pero tengo que hacer otra visita a #oproxecto . Debe ser para los extras de los dvd... ",twitter.com/Rocigaot/status/134921757705510912 
11/11/2011 9:05:14 , ,134904501890072576 , ,"Saludos desde #acampadainem , a ver a qué hora acabo... ",twitter.com/Rocigaot/status/134904501890072576 
11/11/2011 2:13:19 , ,134800840832720896 , ,"@NoelaReyMendez lo tendré presente, que como soy la última de #oproxecto en llegar al INEM puedo aprovecharme de vuestros trucos! :) ",twitter.com/Rocigaot/status/134800840832720896 
11/11/2011 2:08:57 , ,134799740381564928 , ,"@NoelaReyMendez ya twittearé mi odisea desde el inem:me llevo provisiones, mp3 y ebook para entretenerme durante las colas... ",twitter.com/Rocigaot/status/134799740381564928 
11/11/2011 2:05:35 , ,134798895774564353 , ,"A ver se me da o sono dunha vez, que mañá toca madrugar para ir ao Inem... #ondenosgustaestar ",twitter.com/Rocigaot/status/134798895774564353 
11/11/2011 1:13:42 , ,134785838381932545 , ,"@CaminoAna era mañá?non era en 2012? En fin, tirarei de chorvoaxenda para darme unha última homenaxe antes do cataciclismo final... ",twitter.com/Rocigaot/status/134785838381932545 
11/11/2011 0:46:37 , ,134779020469485570 ,3 ,"Según la teoría del PP de 'somos TT ergo la gente nos apoya', tal vez Naniano podría vencer a Mariano en las elecciones... #freenaniano ",twitter.com/Rocigaot/status/134779020469485570 
10/11/2011 17:45:40 , ,134673088045531136 , ,"#ApuestaSorpresaMariano En realidad es José Mota disfrazado, que nos la ha colado toda la campaña. Lo de 'Rodríguez Rubalcaba' era un gag. ",twitter.com/Rocigaot/status/134673088045531136 
10/11/2011 0:51:00 , ,134417736813129729 , ,"Al final será verdad que el mundo acaba en 2012:acabo de ver a Julio José imitando a Kurt Cobain, si eso no es una señal del apocalipsis... ",twitter.com/Rocigaot/status/134417736813129729 
10/11/2011 0:04:37 , ,134406064354504706 , ,Llamazares saca el tema de la corrupción en el #debatea5... ¿responderán PP y PSOE o se saldrán por la tangente? ,twitter.com/Rocigaot/status/134406064354504706 
9/11/2011 23:52:50 , ,134403096838279169 , ,Winter is coming: Rosa Díez ya ha vestido el negro... ,twitter.com/Rocigaot/status/134403096838279169 
9/11/2011 17:53:35 , ,134312692621115392 , ,@Ch4_13 suerte! ya nos contarás! ,twitter.com/Rocigaot/status/134312692621115392 
9/11/2011 16:49:32 , ,134296571402653696 , ,@josemariainigo Ateos y laicos tienen derecho a la misma cantidad de días festivos que los cristianos.Y no nos permiten cambiar fechas.. ,twitter.com/Rocigaot/status/134296571402653696 
9/11/2011 15:25:18 , ,134275373537046529 , ,"@CaminoAna Vai ser que os espectadores australianos non queren finais do tipo 'ao final todo é un soño', 'ao final están todos mortos' , etc ",twitter.com/Rocigaot/status/134275373537046529 
9/11/2011 15:20:20 , ,134274125052133376 , ,@CaminoAna qué me dis! eu que sospeitaba que eramos un soño de Resines... ,twitter.com/Rocigaot/status/134274125052133376 
9/11/2011 13:39:37 , ,134248779049213952 , ,Puntualizo: me encanta como la Gaceta dice que se 'acosa' al pobre Undargarín para tapar el escándalo del malvado Blanco. #antiperiodismo ,twitter.com/Rocigaot/status/134248779049213952 
9/11/2011 13:36:02 , ,134247876967661568 , ,"Me encanta la interpretación de La Gaceta de la investigación sobre Undargarín, acosado, el pobre...  http://k-2.me/esBB9798  ... ",twitter.com/Rocigaot/status/134247876967661568 
8/11/2011 23:55:02 , ,134041262834724864 , ,@julia_otero mira que twittear esto sin poner el cartel de 'sarcasmo'... las perlas que deben de estar llegando a tu pestaña de menciones! ,twitter.com/Rocigaot/status/134041262834724864 
8/11/2011 23:43:09 , ,134038272128192513 , ,"@dodavazquez @lara_grana cierto, lo de los tropecientos mil TT de las zombiebers es otro fenómeno que escapa a mi entendimiento... ",twitter.com/Rocigaot/status/134038272128192513 
8/11/2011 22:34:19 , ,134020949493284864 , ,@Ika80Bcn ha anunciado que dimite en cuanto realice las reformas que pide la UE.Lo que viene a ser un 'pa lo que me queda en el convento...' ,twitter.com/Rocigaot/status/134020949493284864 
8/11/2011 22:26:59 , ,134019105471733761 , ,@lara_grana ahí le has dao... ,twitter.com/Rocigaot/status/134019105471733761 
8/11/2011 22:09:51 , ,134014793584623616 , ,En este momento la inminente dimisión de Berlusconi no es TT en España pero Paquirrín y su novia sí. Nivelazo en twitter.. ,twitter.com/Rocigaot/status/134014793584623616 
8/11/2011 13:56:23 , ,133890607365107712 , ,"@aberron @Amazings_es hombre, normal, es Chuck Norris, él combate a los virus a hostia limpia... ",twitter.com/Rocigaot/status/133890607365107712 
8/11/2011 11:56:34 , ,133860457143472129 , ,Internet no da la victoria (sobre todo si se usa mal) | Política | EL PAÍS http://politica.elpais.com/politica/2011/11/08/actualidad/1320715040_757397.html … vía @el_pais ,twitter.com/Rocigaot/status/133860457143472129 
8/11/2011 11:30:04 , ,133853788095262720 , ,"@dodavazquez depende, si eran de color naranja eran los candidatos; si estaban verdosos y descompuestos eran los zombis.. ",twitter.com/Rocigaot/status/133853788095262720 
7/11/2011 23:52:59 , ,133678360382554115 , ,Y ahora la gran pregunta sobre #eldebate : ¿hay por aquí alguien que tuviera pensado votar a uno de estos y haya cambiado de opinión ahora? ,twitter.com/Rocigaot/status/133678360382554115 
7/11/2011 23:47:24 , ,133676955064205313 , ,Todavía estamos a tiempo de que aparezca Jimmy Jump disfrazado de niña de Rajoy? #eldebate ,twitter.com/Rocigaot/status/133676955064205313 
7/11/2011 23:46:27 , ,133676716890664960 , ,"#campovidalfacts Por si hace frío a estas horas, Campo Vidal se ha ido tejiendo una chaquetita para no resfriarse al salir del debate... ",twitter.com/Rocigaot/status/133676716890664960 
7/11/2011 23:42:06 , ,133675621556559872 , ,"@dodavazquez realmente creo que fue homosesualesh, la x fue sustituida por la 's' mejor pronunciada que le he oído jamás a Rajoy ",twitter.com/Rocigaot/status/133675621556559872 
7/11/2011 23:34:36 , ,133673736460185601 , ,"Acabáramos, Rajoy va hablar de los 'homosesuales' (sic) ",twitter.com/Rocigaot/status/133673736460185601 
7/11/2011 23:33:48 , ,133673531866222592 , ,Empiezan a hablar de conciliación y Rajoy retoma lo de las diputaciones. #yvueltalaburraaltrigo ,twitter.com/Rocigaot/status/133673531866222592 
7/11/2011 23:23:57 , ,133671054349578240 , ,"A ver si el 'no, no, no' es una estrategia de Rubalcaba para hacer a Rajoy decir 'shi, shi, shi'... #festivaldelhumor ",twitter.com/Rocigaot/status/133671054349578240 
7/11/2011 23:08:51 , ,133667255178366976 , ,"El debate en sí es más de lo mismo, pero los comentarios de algunos twitteros siguiéndolo son impagables ",twitter.com/Rocigaot/status/133667255178366976 
7/11/2011 23:05:42 , ,133666460995297280 ,1 ,"Rubalcaba ya ha puntualizado 'si es que gobierna', deben de haberle dado el toque en el descanso... ",twitter.com/Rocigaot/status/133666460995297280 
7/11/2011 22:47:19 , ,133661836892573696 , ,"@lara_grana @autonauta @caminoana acabo de encender a tele outra vez, e creo que Moragas se apuntou ao meu xogo do debatelimocho... ",twitter.com/Rocigaot/status/133661836892573696 
7/11/2011 22:06:45 , ,133651627814035456 , ,"@judgitanilla puse un trozo para cotillear pero paso y me voy a ver series. Me imagino que la chuleta no es suya, se la darian hecha ",twitter.com/Rocigaot/status/133651627814035456 
7/11/2011 22:05:45 , ,133651375451152384 , ,"Y en vista de que empieza el 'y tu más', me retiro a ver Breaking Bad,que he acabado de baja... comprarme la temporada 2 (Sinde, tú ni caso) ",twitter.com/Rocigaot/status/133651375451152384 
7/11/2011 22:03:29 , ,133650805021609986 , ,"He puesto un segundo el debate para cotillear, lo quito ya. Avisadme si a Rajoy le quedan los ojos a lo Dioni de bajar la vista a la chuleta ",twitter.com/Rocigaot/status/133650805021609986 
7/11/2011 21:35:24 , ,133643738231738368 , ,"@Vero_vai para a próxima fago quedada e monto o xogo de beber, pero tajarme sola a vodka en casa vendo a estes dous sería penoso de mais.. ",twitter.com/Rocigaot/status/133643738231738368 
7/11/2011 21:32:14 , ,133642940563197952 , ,"@CaminoAna eu finalmente como non teño tequila en casa paso de velo,que  teño seriesyonkis veña a baixar... (Sinde, se me les é broma todo) ",twitter.com/Rocigaot/status/133642940563197952 
7/11/2011 15:21:43 , ,133549697016143872 , ,"Las tutorías de Latín en mi centro de la UNED, según el horario, son el gabinete de prensa: estoy por aprovechar y levarles un currículum.. ",twitter.com/Rocigaot/status/133549697016143872 
7/11/2011 12:27:25 , ,133505833609871360 , ,Seguro que el asteroide no se estrella?porque sería trágico pasar los últimos días de la Tierra con campaña electoral! http://noticias.lainformacion.com/ciencia-y-tecnologia/ciencias-general/todo-lo-que-necesitas-saber-sobre-el-asteroide-que-pasara-en-unas-horas-cerca-de-la-tierra_4u6Jt85xT1c0gDLZqb7cu3/ … ,twitter.com/Rocigaot/status/133505833609871360 
7/11/2011 12:20:46 , ,133504157255610368 , ,"@Rapibea tal y como está el nivel político, es la única forma sensata de ver un debate de tal altura... ;-) ",twitter.com/Rocigaot/status/133504157255610368 
7/11/2011 12:17:41 , ,133503384593506304 , ,"@Ch4_13 es muy grande, yo ya me partí con su versión de Chica de Ipanema... ",twitter.com/Rocigaot/status/133503384593506304 
7/11/2011 0:47:26 , ,133329677648543744 , ,"@puchoboedo es la decisión más sabia, pero yo a veces soy un tanto masoquista para estas cosas... ",twitter.com/Rocigaot/status/133329677648543744 
7/11/2011 0:36:34 , ,133326941951500288 , ,"@Vero_vai , @CaminoAna  y si Rajoy vuelve a mencionar a la niña, dos chupitos del tirón... estoy por patentar el juego de beber electoral.. ",twitter.com/Rocigaot/status/133326941951500288 
7/11/2011 0:29:24 , ,133325137725493248 , ,"Pues mañana igual veo el debate mientras twitteo.O lo veo con tequila y tomo un chupito cada vez que digan 'crisis', aún no me he decidido.. ",twitter.com/Rocigaot/status/133325137725493248 
6/11/2011 23:48:04 , ,133314735784460289 , ,Alguien ha mencionado la reaparición en #elfuturopresidente de la niña de Rajoy?que ya no es tan niña y podría abortar a escondidas... ,twitter.com/Rocigaot/status/133314735784460289 
6/11/2011 23:34:54 , ,133311422871511041 , ,"@CaminoAna @jordievole creo que debemos convertir en TT #folllonerodametrabajo , no sé si será eficaz pero es más original que mandar CV... ",twitter.com/Rocigaot/status/133311422871511041 
6/11/2011 23:24:28 , ,133308798411608065 , ,Zas! hachazo de @jordievole a @marianorajoy por las insinuaciones de algunos miembros del PP sobre el futuro de @anapastor_tve ... ,twitter.com/Rocigaot/status/133308798411608065 
6/11/2011 23:21:24 , ,133308025942450177 , ,"@Ika80Bcn ahí le has dado, deja una de trabajar unas semanas y se le olvidan las premisas básicas de la política ;-) ",twitter.com/Rocigaot/status/133308025942450177 
6/11/2011 23:18:15 , ,133307232082345984 , ,"Antes de decir que no le piden entrevistas, Rajoy debería considerar que hay mucho periodista con Twitter que le puede desmentir... ",twitter.com/Rocigaot/status/133307232082345984 
6/11/2011 23:16:54 , ,133306894344404992 , ,"El medidor de menciones de twitter de Público se me ha colapsado del todo, debemos de estar bastantes siguiéndolo mientras vemos Salvados... ",twitter.com/Rocigaot/status/133306894344404992 
6/11/2011 23:02:10 , ,133303184818061313 , ,"Está bien tener entrevistas con Rajoy y Rubalcaba, pero @salvadostv debería dar voz también a otras opciones políticas,no solo bipartidismo ",twitter.com/Rocigaot/status/133303184818061313 
6/11/2011 22:58:53 , ,133302358078799872 , ,Mi tele va fatal y estoy viendo #salvados a trompicones... y si lo intento ver online me ralentiza el contador de menciones de público :( ,twitter.com/Rocigaot/status/133302358078799872 
6/11/2011 16:37:39 , ,133206418873532416 , ,"@dodavazquez cierto, aunque siempre está la que se molesta porque sí estaba embarazada y no has tenido el detalle de felicitarla ni na :-) ",twitter.com/Rocigaot/status/133206418873532416 
6/11/2011 15:44:42 , ,133193093875904512 , ,Encontrarte a una conocida con tripita y dudar si está embarazada y debes felicitarla o ha engordado y debes ignorarlo #tensioncotidiana ,twitter.com/Rocigaot/status/133193093875904512 
6/11/2011 14:05:06 , ,133168028757135361 , ,Se los tragó la tierra http://www.elpais.com/articulo/reportajes/trago/tierra/elpepusocdmg/20111106elpdmgrep_1/Tes … vía @el_pais ,twitter.com/Rocigaot/status/133168028757135361 
5/11/2011 18:52:13 , ,132877894610464768 , ,"Y ya antes de la crisis se innovaba poco... Las televisiones, forzadas por la crisis a 'asegurar' y a no 'experimentar' http://noticias.lainformacion.com/arte-cultura-y-espectaculos/television/las-televisiones-forzadas-por-la-crisis-a-asegurar-y-a-no-experimentar_Bbebf0qjfvG8ehdpYRxWX1/ … ",twitter.com/Rocigaot/status/132877894610464768 
5/11/2011 16:51:14 , ,132847449508282369 , ,#culpablefacts yo le dije a González Sinde que a todo el mundo le iba a encantar su ley contra las webs de descargas ,twitter.com/Rocigaot/status/132847449508282369 
5/11/2011 16:48:10 , ,132846677412421632 , ,#culpablefacts yo tuve la idea de poner a Punset a anunciar pan de molde ,twitter.com/Rocigaot/status/132846677412421632 
5/11/2011 16:45:34 , ,132846021750431745 , ,"#culpablefacts yo dije a Telecinco que no hacía falta conectar con informativos,que Paz Padilla podía dar lo del fin de ETA perfectamente.. ",twitter.com/Rocigaot/status/132846021750431745 
5/11/2011 12:17:25 , ,132778541422092288 , ,Me ha matado lo del Disneyland de marca blanca de China... http://blogs.lainformacion.com/strambotic/2011/11/04/top-ten-parques-tematicos/ … ,twitter.com/Rocigaot/status/132778541422092288 
5/11/2011 12:02:36 , ,132774810337021954 , ,"@CaminoAna @DavidLombao sempre podedes abrir un canal en youtube para dar a coñecer as vosas señoras de lugo,igual saltades á fama! ",twitter.com/Rocigaot/status/132774810337021954 
3/11/2011 22:35:56 , ,132209418078138368 , ,"@NewIlluminatus hombre, igual es por si alguien sube un video de dos haciendo un misionero... ",twitter.com/Rocigaot/status/132209418078138368 
3/11/2011 14:54:02 , ,132093176566652928 , ,"@alberto_ramos @CaminoAna @DavidLombao pocoyó nin de coña, despois de oir ao seu creador en salvados.Gurruchaga paréceme mellor opción.. ",twitter.com/Rocigaot/status/132093176566652928 
3/11/2011 14:24:00 , ,132085619714293763 , ,"@lara_grana @DavidLombao @lauralruiz pero non o poden largar así, antes teñen que pasar polo trámite de convertir o goberno grego nunha web! ",twitter.com/Rocigaot/status/132085619714293763 
3/11/2011 14:11:32 , ,132082481879973889 , ,"@CaminoAna @DavidLombao @alberto_ramos pois nada, entón xa podemos respirar tranquilos... ",twitter.com/Rocigaot/status/132082481879973889 
3/11/2011 13:33:18 , ,132072860742197249 , ,@CaminoAna eu son máis de ir a boxing e dar patadas e puñetazos imaxinando que lle atizo a ese tipo de xente... tamén é liberador! ,twitter.com/Rocigaot/status/132072860742197249 
3/11/2011 13:27:58 , ,132071519449923584 , ,"@CaminoAna solo a un par, con todos os que hai? o ioga vai facendo efecto... ",twitter.com/Rocigaot/status/132071519449923584 
2/11/2011 21:50:03 , ,131835485986361344 , ,"@CaminoAna cando queiras, últimamente teño a axenda moi libre, non sei por qué será... ",twitter.com/Rocigaot/status/131835485986361344 
2/11/2011 21:43:04 , ,131833728006750209 , ,"@CaminoAna regaláronche 50 libros?tocouche un premio da fnac ou algo así, ou os teus amigos son máis xenerosos que os meus? ",twitter.com/Rocigaot/status/131833728006750209 
2/11/2011 17:24:25 , ,131768635931885568 , ,Salir a la calle con 3capas de ropa y comprobar que fuera hace menos frío que en mi casa...#gensanta ,twitter.com/Rocigaot/status/131768635931885568 
2/11/2011 16:41:01 , ,131757715088343040 , ,"La UNED, ese sitio donde tienes tutoría para historia pero empiezas segunda lengua desde cero y apáñatelas con el foro... #logicaaplastante ",twitter.com/Rocigaot/status/131757715088343040 
