"date","fav","id","rt","text","url"
"27/10/2012 23:39:17","","262307505621856256","","Aznar yéndose por la pata abajo en el pasillo del hospital aún con el baño libre. '¡Nadie me va a decir a mí dónde tengo que cagar!'","twitter.com/Rocigaot/status/262307505621856256"
"27/10/2012 21:49:44","","262279938105819136","","@sil_loh uy, pues si así aprendo los phrasal verbs de los cojones voy a arrasar la fábrica de Guinness en plan invasión de Atila! :D","twitter.com/Rocigaot/status/262279938105819136"
"27/10/2012 20:35:13","","262261184240168960","","@sil_loh por no hablar de que el alcohol incrementa la capacidad de hablar inglés con fluidez. Esto es así...","twitter.com/Rocigaot/status/262261184240168960"
"27/10/2012 20:25:35","","262258758342832128","","@sil_loh na, voy equipada para frío y lluvia, y si aún así paso frío, nada que un par de Guinness no resuelvan ;)","twitter.com/Rocigaot/status/262258758342832128"
"27/10/2012 19:46:50","","262249007387123712","","@dodavazquez dentro de los realities, da más miedo Supernanny. Pienso en tener un crío de esos y se me ponen los pelos como escarpias...","twitter.com/Rocigaot/status/262249007387123712"
"27/10/2012 19:37:09","","262246572123906048","","Lo único malo de ir a pasar Halloween en Dublín es que allí no van a entender de qué voy si me disfrazo de Cospedal en el Vaticano...","twitter.com/Rocigaot/status/262246572123906048"
"27/10/2012 18:13:22","","262225487252836352","","@Rapibea @beblas 45 minutos de cola en una pescadería???","twitter.com/Rocigaot/status/262225487252836352"
"27/10/2012 17:30:42","","262214746835652608","1","Periodista croata aparece desnudo en la revista que no le paga los reportajes http://www.periodistas-es.org/reporteros/periodista-croata-aparece-desnudo-en-la-revista-que-no-le-paga-los-reportajes …","twitter.com/Rocigaot/status/262214746835652608"
"27/10/2012 1:41:29","","261975869193584640","","He hecho equipaje para 2semanas en una maleta apta para cabina de low cost, y hasta me han sobrado kilos. Seguro que algo se me olvida...","twitter.com/Rocigaot/status/261975869193584640"
"26/10/2012 3:29:09","","261640578691895296","","@CaminoAna xa somos dous. Estou facendo maratón de series, aproveitando...","twitter.com/Rocigaot/status/261640578691895296"
"26/10/2012 0:00:47","","261588140114980865","","Al final la única pareja que se formará será la de la madre de los gemelos y el Juanín... #elhombrequesusurrabaalastróspidas #trospidtour","twitter.com/Rocigaot/status/261588140114980865"
"25/10/2012 23:21:13","","261578184099770370","","@uxialopez lo malo es si una vez trasplantado te da por tratar con mafiosos chinos: en un órgano tan grande tiene que ir mucha alma suya :P","twitter.com/Rocigaot/status/261578184099770370"
"25/10/2012 22:57:20","","261572173632765953","","La madre de Pedriño cree que si te dedicas al porno una parte de tu alma está muerta. ¿Nacho Vidal puede ser donante? #trospidtour #Mariló","twitter.com/Rocigaot/status/261572173632765953"
"25/10/2012 22:42:27","","261568428630999040","","En vez de con los mellizos, la loca del peluche debía ir con el pijo. Solos por un monte riojano, y a ver cuál mata al otro... #trospidtour","twitter.com/Rocigaot/status/261568428630999040"
"24/10/2012 16:06:48","","261106469645205504","","@DavidLombao dinlle que as cámaras están apagadas. Por iso solta burradas tan á lixeira, non sabe que a xente está a vela na tele...","twitter.com/Rocigaot/status/261106469645205504"
"24/10/2012 15:24:08","1","261095732415709184","","@PedroCarcamo son calvos distintos, pero funcionan por un sistema de franquicia...","twitter.com/Rocigaot/status/261095732415709184"
"24/10/2012 15:21:13","","261094998810976256","","¿El Rey puede ser donante de órganos? ¿Si recibes un órgano suyo, en qué posición quedas de la línea sucesoria? #MarilóMonteroFacts","twitter.com/Rocigaot/status/261094998810976256"
"24/10/2012 13:16:35","","261063636276088833","","@sil_loh ahí te va un link: http://www.huffingtonpost.es/2012/10/24/marilo-montero-sobre-el-p_n_2007784.html?utm_hp_ref=mostpopular …","twitter.com/Rocigaot/status/261063636276088833"
"24/10/2012 13:11:41","","261062402060214272","","Y entre Mariló Montero, Wert, Bisbal y Remedios Cervantes... ¿cuál fue el que donó órganos al resto?","twitter.com/Rocigaot/status/261062402060214272"
"24/10/2012 13:02:42","","261060141011587072","","@dbravo mientras no te haya donado nada...como mucho habrá podido toserte encima y que pasaras un par de días queriendo llevar mechas rubias","twitter.com/Rocigaot/status/261060141011587072"
"24/10/2012 12:58:48","","261059157984149504","","Dice Mariló Montero que menos coñas, que en Friends salía un documental donde Drake Ramoray recibía 1cerebro de mujer y se convertía en ella","twitter.com/Rocigaot/status/261059157984149504"
"24/10/2012 12:04:02","","261045378311405568","","Las cuatro mentiras de la nueva vida de Esperanza Aguirre: http://www.eldiario.es/_3a76c4c  vía @eldiarioes","twitter.com/Rocigaot/status/261045378311405568"
"24/10/2012 1:58:24","","260892963209629696","","#MarilóMonterofacts La crisis de liderazgo del PSOE la arreglaba Mariló injertándole a Rubalcaba pelo de Obama... #MarilóMonterofacts","twitter.com/Rocigaot/status/260892963209629696"
"24/10/2012 1:55:48","","260892308038356993","1","Mario Vaquerizo gana Nobel de Economía tras implantarle un trozo de hígado de Paul Krugman  #MarilóMonterofacts","twitter.com/Rocigaot/status/260892308038356993"
"24/10/2012 1:45:54","","260889819608137729","","Venga, va, no os metáis con Mariló Montero. Que la pobre tenía dos dedos de frente, pero un día le trasplantaron el riñón de un tronista...","twitter.com/Rocigaot/status/260889819608137729"
"23/10/2012 22:37:18","","260842353995177984","","Intuyo que se aproxima el primer catarrazo de la temporada otoñal...  estoy por sacarle provecho e ir a toserle encima a alguna gente...","twitter.com/Rocigaot/status/260842353995177984"
"22/10/2012 22:09:36","","260472997926825984","","Tranquilos todos, que ahora sí salimos de la crisis: la Virgen del Rocío pasó de Báñez, pero al Papa no le hará el feo  http://www.publico.es/espana/444291/el-ministro-del-interior-pide-al-papa-que-rece-por-espana …","twitter.com/Rocigaot/status/260472997926825984"
"22/10/2012 1:01:59","","260153990749241345","","Van sendo horas de cerrar o Caralibro por hoxe, que o meu índice de tolerancia a gilipolleces está baixo mínimos... #moitoredrum","twitter.com/Rocigaot/status/260153990749241345"
"21/10/2012 3:45:04","","259832645826015232","","Dice el Gobierno que la fuga de cerebros no es negativa. Que sus propios cerebros se fugaron hace años, y tan felices http://www.publico.es/espana/444186/el-gobierno-avala-la-teoria-de-wert-la-fuga-de-cerebros-no-es-negativa …","twitter.com/Rocigaot/status/259832645826015232"
"20/10/2012 0:00:33","1","259413756055019520","1","@JuanGomezJurado lo veo y le añado la sensibilidad de Salvador Sostres, el talento artístico de Pitingo y el ego de Rafa Mora #ElPeorHombre","twitter.com/Rocigaot/status/259413756055019520"
"19/10/2012 15:29:36","","259285168123166721","","@xoancastro síntoo moito, equivoqueime, non voltará a pasar...","twitter.com/Rocigaot/status/259285168123166721"
"19/10/2012 15:29:07","","259285049772482561","","@A_Losada nin te axuda a ter un tipazo de modelo. Vale, isto igual si, que fuxindo dos antidisturbios quemas calorías...","twitter.com/Rocigaot/status/259285049772482561"
"19/10/2012 15:09:35","","259280134530539520","","@xoancastro Non mintas, fixéchesme un Ana Rosa ;)","twitter.com/Rocigaot/status/259280134530539520"
"19/10/2012 15:01:55","","259278201447137283","","Que dice Soraya que una huelga general no ayuda a crear empleo. Para eso es mucho más eficaz facilitar el despido, como ya hemos visto #Cmin","twitter.com/Rocigaot/status/259278201447137283"
"19/10/2012 12:57:27","","259246882314940416","","Vaya, Rajoy compara la economía del estado con la de 1familia para decir que no se puede gastar lo que no tiene. Esto nadie se lo esperaba","twitter.com/Rocigaot/status/259246882314940416"
"19/10/2012 11:36:46","","259226573843079168","","Aviso al gremio de pescaderos de que mañana no envuelvan el pescado con la portada de La Razón de hoy. Para evitar intoxicaciones. #caca","twitter.com/Rocigaot/status/259226573843079168"
"19/10/2012 0:43:30","","259062176273272833","","@SoniaDapena No es buena idea dar calabazas a alguien al pie de un acantilado, no sea que se lo tome a mal y te empuje...","twitter.com/Rocigaot/status/259062176273272833"
"19/10/2012 0:16:04","","259055272360804352","1","Pedriño ha elegido a dos pretendientes que se llevan mal entre ellos porque aprendió de la experiencia del del año pasado. #juevestróspido","twitter.com/Rocigaot/status/259055272360804352"
"19/10/2012 0:08:04","","259053259560480768","2","¡Que los mellizos se han quedado con la loca! O quieren trío con ella y la oveja de peluche o a mí esto no me cuadra... #juevestróspido","twitter.com/Rocigaot/status/259053259560480768"
"19/10/2012 0:06:51","","259052951723704320","","Pues 'documental de apareamiento' me parece un eslogan cojonudo para #juevestróspido. A ver si Isidoro ha expulsado a la nueva Peggy Olsen","twitter.com/Rocigaot/status/259052951723704320"
"18/10/2012 23:47:32","2","259048091750117376","5","En medio de los tweets de #juevestróspido ves la portada de La Razón, y de repente, los del reality no te parecen tan cabestros #relatividad","twitter.com/Rocigaot/status/259048091750117376"
"18/10/2012 23:29:24","","259043528053760000","","La china ya ha compartido su sabiduría zen con mamá Lannister, y es el momento de partir en pos de nuevos pijos...  #juevestróspido","twitter.com/Rocigaot/status/259043528053760000"
"18/10/2012 23:24:52","","259042388067094529","","@iescolar y hoy está bastante flojo...","twitter.com/Rocigaot/status/259042388067094529"
"18/10/2012 23:23:27","1","259042029563170816","","@alvaro_velasco Improbable también, pero cosas más raras se han visto. Yo una vez creí avistar a Belén Esteban en Telecinco...","twitter.com/Rocigaot/status/259042029563170816"
"18/10/2012 23:19:34","","259041054081294336","","@alvaro_velasco ¡qué me dices! ¿Qué será lo próximo? ¿'Sexo en Nueva York' en el Canal Cosmopolitan?","twitter.com/Rocigaot/status/259041054081294336"
"18/10/2012 23:17:48","","259040610252623872","","Hombre, tragafuegos, si lo que no quieres es que se rían de ti, ir a que tu madre te busque novia a #juevestróspido igual no es el camino...","twitter.com/Rocigaot/status/259040610252623872"
"18/10/2012 22:55:27","","259034985598681088","","Hablando de Emmanuelle y del porno gay en San Andrés de Teixido. El típico plan con la suegra. #juevestróspido","twitter.com/Rocigaot/status/259034985598681088"
"18/10/2012 22:38:19","","259030670859448320","","'¿Qué tal estoy?'.......(silencio más largo que el de Rajoy al ser preguntado si habrá rescate)....... 'guapísima!' #juevestróspido","twitter.com/Rocigaot/status/259030670859448320"
"18/10/2012 13:14:29","","258888777202814977","","#NombresBancoMalo Bancospedal. Con varios primos o sobrinos suyos de consejeros. Si domicilias tu nómina te regalan mantilla y peineta.","twitter.com/Rocigaot/status/258888777202814977"
"18/10/2012 13:08:54","","258887375839698945","","#NombresBancoMalo Banco Ramoncín.","twitter.com/Rocigaot/status/258887375839698945"
"18/10/2012 13:07:06","","258886919692361729","","#NombresBancoMalo  Banco Rescátame Deluxe . Dirigido por Belén Esteban y alguien de Goldman Sach.","twitter.com/Rocigaot/status/258886919692361729"
"18/10/2012 12:59:36","","258885035053166593","","Gran idea! Así, junto a la estatua de Fabra podrán hacer una de su hija Andrea en su momento 'que se jodan'... http://www.elmundo.es/elmundo/2012/10/18/valencia/1350552721.html#comentarios …","twitter.com/Rocigaot/status/258885035053166593"
"18/10/2012 12:48:35","","258882261808709632","","@judgitanilla aún no lo he leído, que este mes tengo mucho gasto para comprar libros con la pila de lecturas pendientes que tengo!","twitter.com/Rocigaot/status/258882261808709632"
"18/10/2012 12:15:55","","258874038221406208","","A xulgar pola entrevista de Buruaga a Feijóo esta mañá, coido que a COPE reciclou o libro de estilo da Super Pop #feijóoliebers #weloveyou","twitter.com/Rocigaot/status/258874038221406208"
"18/10/2012 9:10:35","","258827399469363200","","En la cope están entrevistando a Feijóo, y el presentador dice que se va a mojar y decir que cree que él debe ser el que gane. #perrodismo","twitter.com/Rocigaot/status/258827399469363200"
"18/10/2012 2:08:25","1","258721158231375872","","Me doy una semana más de insomnio como margen, y si sigo sin dormir mando a la mierda las infusiones relajantes y me atonto a vodkas...","twitter.com/Rocigaot/status/258721158231375872"
"17/10/2012 21:15:12","","258647366305988608","","@iescolar lo hace para poder decir luego que conoce de primerísima mano casos de funcionarios que se escaquean de su jornada laboral...","twitter.com/Rocigaot/status/258647366305988608"
"17/10/2012 21:09:02","","258645814182817794","","@viejomoeb en español, pero terminando todo en i y gesticulando mucho. Busca en youtube a Aznar hablando italiano y sigue el ejemplo...","twitter.com/Rocigaot/status/258645814182817794"
"16/10/2012 20:47:00","","258277884580483073","3","A ver si lo de Nacho Vidal es publicidad viral para una nueva peli suya. Rollo 'mafiosas chinas te hacen cosas muy cochinas', o algo así...","twitter.com/Rocigaot/status/258277884580483073"
"16/10/2012 15:28:52","","258197823080763392","","Para Alfonso Alonso las asociaciones de padres son ETA, y están entrenadas en el lanzamiento de tuppers molotov... http://www.cadenaser.com/sociedad/audios/alfonso-alonso-iba-instituto-huelgas-organizaban-batasuna/csrcsrpor/20121016csrcsrsoc_1/Aes/ …","twitter.com/Rocigaot/status/258197823080763392"
"16/10/2012 11:40:20","","258140308850741248","","¿Si nos rescatan mientras estamos entretenidos haciendo coñas sobre Nacho Vidal podemos decir que el susodicho nos la ha metido doblada?","twitter.com/Rocigaot/status/258140308850741248"
"16/10/2012 0:10:31","","257966710773145600","2","Y tras tantas portadas gloriosas, ¿en ABC aún no han descubierto que alguien mintió en su currículum al poner 'Photoshop, usuario avanzado'?","twitter.com/Rocigaot/status/257966710773145600"
"16/10/2012 0:06:28","1","257965694489088000","","@lauralruiz ya puestos propongo que hagan product placement a lo Médico de Familia, y salga Isabel la Católica desayunando Leche Pascual...","twitter.com/Rocigaot/status/257965694489088000"
"15/10/2012 23:54:57","1","257962794350174208","","Lo que aprende una de historia con #Isabel. Hasta hoy no sabía yo que había tetas de silicona y mechas en el siglo XV...","twitter.com/Rocigaot/status/257962794350174208"
"15/10/2012 12:47:28","","257794817344565248","","@DaniMateoAgain ¿el balconing?","twitter.com/Rocigaot/status/257794817344565248"
"15/10/2012 0:19:46","","257606653153792000","","@CaminoAna e Feijóo advertindo de invasións de merluzas mordedoras, non o esquezas...","twitter.com/Rocigaot/status/257606653153792000"
"14/10/2012 17:11:14","","257498805723860992","","Vaya hombre, por fin estrenan Pretty Woman en la tele y no me entero a tiempo para verla. Por favor, nada de spoilers...","twitter.com/Rocigaot/status/257498805723860992"
"13/10/2012 21:49:46","","257206514635374592","","Haciendo zapping he encontrado un reportaje sobre concursos de belleza infantiles. Carnet de puntos para padres ya, por favor...","twitter.com/Rocigaot/status/257206514635374592"
"13/10/2012 19:00:48","","257163993058254848","","Cervezas y maratón de The newsroom: la versión de 'chocolate y discos de Adele en bucle' para periodistas parados.#maldeEREs","twitter.com/Rocigaot/status/257163993058254848"
"13/10/2012 14:16:33","1","257092457349652480","1","Ya lo dije hace semanas: un programa sobre la familia real tendría más tirón en manos de la MTV. Rollo The Campechan Osbournes...","twitter.com/Rocigaot/status/257092457349652480"
"13/10/2012 12:42:17","","257068737021239296","","@CaminoAna @uxialopez gran cidade, Tulsa, onde se pode fumar no traballo e a xente ve porno de tiburóns...","twitter.com/Rocigaot/status/257068737021239296"
"13/10/2012 1:10:01","","256894523156873219","","@uxialopez si es que, la de geografía que se aprende con Friends! Minsk, Tulsa, Yemen...  :)","twitter.com/Rocigaot/status/256894523156873219"
"12/10/2012 21:37:17","","256840985999446016","","@Ika80Bcn Sí, todo lleva a un capítulo de Friends...","twitter.com/Rocigaot/status/256840985999446016"
"12/10/2012 21:26:01","","256838151434276865","","@Ika80Bcn es como con Yemen, que ahora no puedo oir hablar de ese país sin acordarme de Chandler: 'calle Yemen, número 15, Yemen'...","twitter.com/Rocigaot/status/256838151434276865"
"12/10/2012 21:25:13","","256837948408987648","","Ah, vale, al actualizar los tweets del TT ya he visto a más gente que pensó en Phoebe al leer Minsk. Me siento más comprendida.","twitter.com/Rocigaot/status/256837948408987648"
"12/10/2012 21:22:46","","256837332102164480","","¿Soy la única que al ver Minsk en los TT se acordó del novio científico de Phoebe Buffey que se marchaba allí a trabajar? #meloharémirar","twitter.com/Rocigaot/status/256837332102164480"
"12/10/2012 13:09:57","","256713311482163201","1","#DesfileParados a falta de efectivos en la sección de hijos de políticos, se sustituirán por un muñeco de Nelson señalando y diciendo ja-ja!","twitter.com/Rocigaot/status/256713311482163201"
"12/10/2012 13:07:45","","256712756634476545","","@CaminoAna gratis non, muller, te pagan en visibilidade, logo ti xa vas ao banco e preguntas cómo está esa divisa ao cambio...","twitter.com/Rocigaot/status/256712756634476545"
"12/10/2012 13:06:32","","256712451591118848","2","#DesfileParados Extreman las precauciones al paso de la comitiva de arquitectos, por temor a que Esperanza Aguirre atente contra sus vidas","twitter.com/Rocigaot/status/256712451591118848"
"12/10/2012 12:55:04","1","256709565981261825","2","La legión de periodistas ha pedido ser la que abra el #DesfileParados, para acabar pronto y poder cubrir el resto para el Huffington Post","twitter.com/Rocigaot/status/256709565981261825"
"12/10/2012 12:51:40","","256708709890269184","","Pues ya que se fallaba hoy y viendo los criterios a seguir, podían haberle dado el Nobel de la Paz a la cabra de la legión. #yapuestos","twitter.com/Rocigaot/status/256708709890269184"
"12/10/2012 12:48:17","","256707857494441984","","@Barbijaputa ves? si hubiera ya un Eurovegas podrías emborracharlo y que os casara un reverendo disfrazado de Camilo Sesto...","twitter.com/Rocigaot/status/256707857494441984"
"12/10/2012 12:46:03","","256707297831682048","","#PorraNobeldelaPaz2013  Risto Mejide","twitter.com/Rocigaot/status/256707297831682048"
"12/10/2012 3:06:19","","256561401957597185","","@CaminoAna sí, deso falaba! foi a súa profe? e o rapaz é así de verdad ou esaxera para a tele?","twitter.com/Rocigaot/status/256561401957597185"
"12/10/2012 0:33:48","","256523018354958336","1","Por tus estudios y tu cultura no encajas con mi hijo. Yo a él lo veo más con la que habla con la oveja de trapo. Amor de madre. #trospidismo","twitter.com/Rocigaot/status/256523018354958336"
"12/10/2012 0:28:18","","256521635526483968","","Mira, con suerte al menos uno de los mellizos podrá cumplir la fantasía de hacer un trío: con la loca y su oveja de peluche. #trospidismo","twitter.com/Rocigaot/status/256521635526483968"
"12/10/2012 0:00:03","","256514525619163136","1","Mis hijos se han liado con una zorrupia que hace tríos, así que voy a traer a otra que les seduzca: la loca del peluche #trospidismo","twitter.com/Rocigaot/status/256514525619163136"
"11/10/2012 23:37:47","","256508920586178560","3","Los gemelos le preguntan a la pornoterapeuta si haría un trío y ella dice que esas ofertas hay que valorarlas. #gratisnotrabajo #trospidismo","twitter.com/Rocigaot/status/256508920586178560"
"11/10/2012 23:30:33","","256507100186943488","","Y pensar que pude haberme encontrado con una comitiva tróspida de bares en mi propio barrio... #trospidismo","twitter.com/Rocigaot/status/256507100186943488"
"11/10/2012 23:27:49","","256506415613620225","","Maricomachista, el concepto. #trospidismo","twitter.com/Rocigaot/status/256506415613620225"
"11/10/2012 23:10:55","","256502159468818433","","'Cuando me gusta alguien lo noto aquí' (se toca la tripa). ¿Y no será falta de fibra? #trospidismo","twitter.com/Rocigaot/status/256502159468818433"
"11/10/2012 14:22:11","2","256369102430535680","","Enviar reporte a los cazafantasmas #nuevosbotonesfacebook","twitter.com/Rocigaot/status/256369102430535680"
"11/10/2012 14:15:33","","256367431407259648","","WTF? #nuevosbotonesfacebook","twitter.com/Rocigaot/status/256367431407259648"
"11/10/2012 14:13:12","","256366840027176960","","'No es envidia, caes mal' #nuevosbotonesfacebook","twitter.com/Rocigaot/status/256366840027176960"
"11/10/2012 14:06:44","","256365214252036096","","Activar traductor choni-castellano #nuevosbotonesfacebook","twitter.com/Rocigaot/status/256365214252036096"
"11/10/2012 14:03:40","","256364443246673921","","@DaniMateoAgain Yo llevo un tiempo reivindicando uno de 'vergüenza ajena'...  #nuevosbotonesfacebook","twitter.com/Rocigaot/status/256364443246673921"
"10/10/2012 17:24:53","","256052691636207617","","Me he apuntado al curso de españolización de Wert y para la 1ª clase tengo que aprender a tocar con la flauta dulce 'Paquito el chocolatero'","twitter.com/Rocigaot/status/256052691636207617"
"10/10/2012 14:10:47","","256003844360790016","","#EspañolizarEs quitar todos los emoticonos del Whatsapp menos la flamenca.","twitter.com/Rocigaot/status/256003844360790016"
"9/10/2012 11:18:58","","255598216505065473","","Que al parecer los niños de hoy en día están echados a perder y ya no usan rifles, ni matan ciervos ni na... #gensanta  http://www.utrempresa.com/noticia/25517 ","twitter.com/Rocigaot/status/255598216505065473"
"9/10/2012 0:20:59","","255432632106622976","","O que ten facer filoloxía: analizando o estilo da rima, xa sei quén foi a letrista da canción de campaña do PPdeG https://www.youtube.com/watch?v=dFIvNDolxX8 …","twitter.com/Rocigaot/status/255432632106622976"
"8/10/2012 22:29:26","","255404556463251456","","@CaminoAna máis tranquila me quedo. Mira que se fan un debate en condicións e me perdo ese fenómeno paranormal por facer spinning...","twitter.com/Rocigaot/status/255404556463251456"
"8/10/2012 22:19:33","","255402069400379393","","@CaminoAna acabo de chegar do ximnasio, nin me lembraba de que era hoxe esa cita cumbre da habilidade dialéctica... perdinme algo?","twitter.com/Rocigaot/status/255402069400379393"
"7/10/2012 19:49:11","","255001842369585152","3","@LordoLordor Por favor, ¡que alguien haga una muñeca recortable de Cospe que podamos vestir de pijippie, beata o presidenta según convenga!","twitter.com/Rocigaot/status/255001842369585152"
"5/10/2012 20:54:37","","254293531261292544","","Las leyes son como las mujeres, no tienes que respetar a ninguna de ambas para que este Gobierno te dé un carguito...","twitter.com/Rocigaot/status/254293531261292544"
"5/10/2012 16:35:49","","254228405120299008","","@CaminoAna 11 millóns? eu só gañaba 10! vou reclamar o millón que me falta!","twitter.com/Rocigaot/status/254228405120299008"
"5/10/2012 14:29:05","","254196512047919104","","@gatomono no hay más que ver las mujeres a las que consigue conquistar: Belén Esteban y la Campanario. Chúpate esa, George Clooney...","twitter.com/Rocigaot/status/254196512047919104"
"5/10/2012 13:22:53","","254179850787643392","","Cuando Cebrián dice 'no podemos vivir tan bien' cree que los redactores también ganan 13kilos/año o habla de sí mismo en plural mayestático?","twitter.com/Rocigaot/status/254179850787643392"
"5/10/2012 12:56:31","","254173214501113857","","Redrum, redrum... Cebrián a los trabajadores de El País: 'No podemos seguir viviendo tan bien': http://www.eldiario.es/_346637e  vía @eldiarioes","twitter.com/Rocigaot/status/254173214501113857"
"5/10/2012 0:47:04","","253989643534614528","","@CaminoAna sabio consello, sí señor...","twitter.com/Rocigaot/status/253989643534614528"
"5/10/2012 0:21:50","","253983294545358849","","@CaminoAna eu creo que é unha forma eufemística de decir que quere quedar con ela de chica para todo sen pagarlle...","twitter.com/Rocigaot/status/253983294545358849"
"5/10/2012 0:18:44","","253982511087099904","","@CaminoAna pois espera, que o pijo descartouna pero a nai queda con ela como 'asesora zen' (sic)","twitter.com/Rocigaot/status/253982511087099904"
"5/10/2012 0:15:57","","253981811372335104","","Espera, que Cersei Lannister quiere quedarse a la china como señorita de compañía... #trospidnight","twitter.com/Rocigaot/status/253981811372335104"
"5/10/2012 0:15:02","","253981581016969216","","'China, te veo más como una amiguita, porque no te pareces lo bastante a mamá como para que me atraigas sexualmente'. #trospidnight","twitter.com/Rocigaot/status/253981581016969216"
"5/10/2012 0:13:56","","253981304213864450","","La expulsada de Isidoro dice que su sueño es presentar un call tv. Espera, espera, ¿¿es que acaso no van al reality por amor?? #trospidnight","twitter.com/Rocigaot/status/253981304213864450"
"5/10/2012 0:06:16","","253979373953228800","","'Dicen que para encontrar al príncipe azul hay que besar cien rabos', dice la china presuntamente virgen. #trospidnight","twitter.com/Rocigaot/status/253979373953228800"
"4/10/2012 23:51:01","","253975539780575232","","Claro que si consiguiera una versión de 'Amor de Madre' interpretada por Pignoise les pegaría más, las cosas como son #trospidnight","twitter.com/Rocigaot/status/253975539780575232"
"4/10/2012 23:49:12","","253975079682195456","","Si yo fuera guionista de #trospidnight, ya estaría tardando en sonar 'Amor de madre', de Los Enemigos, en una escena del pijo y su mamá...","twitter.com/Rocigaot/status/253975079682195456"
"4/10/2012 23:37:06","2","253972036576215041","","El pijo explica a su madre cómo besó en la boca a la pretendienta. Y hace amago de recrear la escena, a ver si cuela #trospidnight","twitter.com/Rocigaot/status/253972036576215041"
"4/10/2012 23:06:59","","253964457284354048","","Piscina bollullera. El concepto. #trospidnight","twitter.com/Rocigaot/status/253964457284354048"
"2/10/2012 0:59:27","","252905594929938432","","@CaminoAna sorte! eu aquí sigo, cos ollos como platos...","twitter.com/Rocigaot/status/252905594929938432"
"1/10/2012 22:07:53","","252862420278710273","1","¡El momentazo de @a_lo_gonzo llevando a los niños a intentar comer en la cafetería para diputados madrileños ha sido enooorme! #Elintermedio","twitter.com/Rocigaot/status/252862420278710273"
"1/10/2012 16:36:10","","252778942413561857","","@xoancastro pois visto así igual debería adoptar un gato eu tamén. Polo menos para que me leve o Linkedin, que me da máis pereza...","twitter.com/Rocigaot/status/252778942413561857"
"1/10/2012 16:33:27","","252778254946168832","","@xoancastro mentras non lle crees unha conta personal de Facebook ao gato e fagas coma que actualiza el, todo baixo control...","twitter.com/Rocigaot/status/252778254946168832"