"date","fav","id","rt","text","url"
"1/6/2012 1:51:15","","208344923731263488","","¿Y Soraya para el viaje a Washington se ha llevado también el tupper? ¿Qué dice La Razón al respecto?","twitter.com/Rocigaot/status/208344923731263488"
"1/6/2012 1:39:55","","208342071831052288","","@sil_loh  Happy Birthday!  no sé qué pasa con Facebook que no me deja escribirte en el muro para felicitarte!","twitter.com/Rocigaot/status/208342071831052288"
"1/6/2012 1:38:00","","208341590593384450","","Me va de pena el Facebook en mi ordenador. Deben de hacerlo aposta para que notemos menos el contraste con usar su aplicación de móvil...","twitter.com/Rocigaot/status/208341590593384450"
"31/5/2012 10:05:42","","208106968395685888","","@anachevere @pachangaven @glopezcalero Igualmente! Aquí seguiremos, al pie del cañón! ;) #cemsiebs","twitter.com/Rocigaot/status/208106968395685888"
"30/5/2012 18:32:00","","207871995180888064","","Al final resultará que el rescate de la banca lo va a hacer Spiderman: ya está publicitándose y todo... http://www.eleconomista.es/interstitial/volver/directm12/empresas-finanzas/noticias/4006063/05/12/Bankia-regala-una-toalla-de-Spiderman-si-se-tiene-en-cuenta-300-euros-mas-que-el-mes-anterior.html …","twitter.com/Rocigaot/status/207871995180888064"
"30/5/2012 16:10:24","","207836358927065088","","“Teño a carreira perfecta para xogar ao Trivial, pero non para traballar” - Praza Pública http://praza.com/economia/1064/lteno-a-carreira-perfecta-para-xogar-ao-trivial-pero-non-para-traballarr/ …","twitter.com/Rocigaot/status/207836358927065088"
"30/5/2012 16:01:02","","207834002214756354","","@DavidLombao a menos que esté disecado. Nese caso pode pasarse anos no mesmo sitio :P","twitter.com/Rocigaot/status/207834002214756354"
"30/5/2012 2:30:02","","207629907084312576","","@lara_grana Baja la calificación a KK+?","twitter.com/Rocigaot/status/207629907084312576"
"28/5/2012 14:04:25","","207079880070922240","","Dijo Rajoy que no habrá rescate de la banca. ¿Hacemos una porra a ver cuánto tarda en anunciarse el rescate?","twitter.com/Rocigaot/status/207079880070922240"
"28/5/2012 13:52:56","","207076990623301632","1","Lo único que ganaríamos cobrando el IBI a la Iglesia es dinero para las arcas públicas, así que no vale la pena que se ve que vamos sobraos.","twitter.com/Rocigaot/status/207076990623301632"
"28/5/2012 13:45:08","","207075028418838528","","Dice Rajoy que qué ganaríamos con hacer a la Iglesia pagar el IBI. Pues hombre, Mariano, mira las propiedades que tiene y haz números...","twitter.com/Rocigaot/status/207075028418838528"
"28/5/2012 13:42:32","","207074374103207936","","-Presidente, el PP paga el Génova de sus sedes? +Bueno... esto... Génova creo que sí, pero ya le vale al PSOE atacar a la Iglesia,¿no?","twitter.com/Rocigaot/status/207074374103207936"
"28/5/2012 13:29:31","","207071095642263552","","Rajoy acaba de decir que ha explicado algo 'con meridiana claridad' (sic). Ay, que me da...","twitter.com/Rocigaot/status/207071095642263552"
"28/5/2012 13:20:58","","207068945134522368","","Pues ya me quedo más tranquila ahora que Rajoy ha explicado con claridad los planes de su Gobierno. #no.","twitter.com/Rocigaot/status/207068945134522368"
"28/5/2012 13:10:40","","207066352287105024","","Entonces la rueda de prensa era para contar lo de siempre? porque ya está Rajoy con la metáfora de 'El Estado es como una familia'...","twitter.com/Rocigaot/status/207066352287105024"
"28/5/2012 1:13:00","","206885747129716736","","Con la que hay montada en la calle no sé yo si me dejarán dormir mucho, pero voy a probar suerte, que ya se me cierran los ojos. #twitteroff","twitter.com/Rocigaot/status/206885747129716736"
"27/5/2012 23:58:58","","206867114265546752","","@Vero_vai @CaminoAna @NoelaReyMendez @IagoFB @manuel_varfar @miguelrofer @RaquelMG_ Guapooos!","twitter.com/Rocigaot/status/206867114265546752"
"27/5/2012 22:38:42","","206846916665942016","","@beblas exámenes, tú lo has dicho, llevo uno y me faltan otros dos! :)","twitter.com/Rocigaot/status/206846916665942016"
"27/5/2012 22:04:53","","206838407295537152","","@beblas sí, si yo no voy a salir a celebrarlo que mañana toca biblio, pero aunque no soy muy futbolera me alegra que asciendan :)","twitter.com/Rocigaot/status/206838407295537152"
"27/5/2012 21:53:49","","206835620767735809","","Pues hala, el Depor vuelve a primera! Mañana por la mañana,'Resaca' va a ser tendencia en esta ciudad... :D","twitter.com/Rocigaot/status/206835620767735809"
"27/5/2012 19:56:32","","206806107132407808","","Desde Montealto estoy oyendo los gritos de la gente en Riazor...Yo, como hincha de conveniencias, igual me uno a la fiesta cuando ganen xD","twitter.com/Rocigaot/status/206806107132407808"
"27/5/2012 18:12:37","","206779955017809920","","Las hormigoneras blanquiazules acaban de pasar por delante de mi casa, ¡a ver si hoy sí que sí!  #Depor","twitter.com/Rocigaot/status/206779955017809920"
"27/5/2012 13:16:46","","206705499943616512","","@oscarfuente Hola! Soy una de las alumnas de #cemsiebs, te seguiré por aquí también para no perderme nada! :)","twitter.com/Rocigaot/status/206705499943616512"
"27/5/2012 1:33:43","","206528571840282625","2","Cuando Lola Flores pidió 1peseta a cada español para arreglar sus chanchullos nos reímos, pero Bankia pidió aún más y bien que ha colado...","twitter.com/Rocigaot/status/206528571840282625"
"27/5/2012 0:07:57","","206506989424095232","","Qué grande el de Lordi dando los puntos por Finlandia! #eurotróspido","twitter.com/Rocigaot/status/206506989424095232"
"26/5/2012 23:34:31","","206498576757571586","","@DavidLombao se ao final se fai #Eurogaiás, que presente Gayoso...","twitter.com/Rocigaot/status/206498576757571586"
"26/5/2012 23:07:50","","206491860561166337","1","Las actuaciones eurovisivas se dividen en: a) Boybands gayers b)Jamelgas luciendo carne c)Baladas sosas c)Bizarrismo variado #eurotróspido","twitter.com/Rocigaot/status/206491860561166337"
"26/5/2012 23:01:50","","206490350087450625","","Ultrafan de ese paso de baile de 'nos movemos de lado como el doctor Zoiberg' de la coreografía de Moldavia... #Eurotróspido","twitter.com/Rocigaot/status/206490350087450625"
"26/5/2012 23:00:53","","206490109053374464","","@SoniaDapena yo tengo la tele de fondo, y cuando en twitter se ríen mucho de alguna actuación me levanto del ordenador y voy a cotillear :D","twitter.com/Rocigaot/status/206490109053374464"
"26/5/2012 22:53:14","","206488185759477760","","@SoniaDapena también te digo que frikadas de ésas son las que me hacen soportar Eurovisión. Las actuaciones 'en serio' son un coñazo...","twitter.com/Rocigaot/status/206488185759477760"
"26/5/2012 22:46:25","","206486468942761984","1","#Eurotróspido Los irlandeses han ido engañados: les han dicho que es un concurso de cosplay del salón del manga de Azerbayán...","twitter.com/Rocigaot/status/206486468942761984"
"26/5/2012 22:30:43","","206482518671765504","","#eurotróspido Pastora Soler, con un vestido cuyo escote hace parecer que tiene una teta el doble de grande que la otra...","twitter.com/Rocigaot/status/206482518671765504"
"26/5/2012 21:25:43","","206466159598501888","","Gensanta, el moño rasta de la de Albania... a que ahora no os llama tanto la atención el peinado pelocho de Rosa de España? #Eurotróspido","twitter.com/Rocigaot/status/206466159598501888"
"25/5/2012 20:34:12","","206090810322714624","","Corrijo: Debían DE  llegar, que 'deber + infinitivo' indica obligación. Con lo del límite de caracteres acabaré escribiendo como Marhuenda.","twitter.com/Rocigaot/status/206090810322714624"
"25/5/2012 20:32:16","","206090323905101824","","Menos mal que el marido de Cospedal ha encontrado un puestecillo en Iberdrola: debían llegar justitos a fin de mes desde que renunció a REE.","twitter.com/Rocigaot/status/206090323905101824"
"25/5/2012 14:52:09","","206004730332332032","","@NoelaReyMendez ¿Está Puerto del Sonido? :P","twitter.com/Rocigaot/status/206004730332332032"
"25/5/2012 14:05:01","","205992868664455169","","Y el #periodistapijo finalmente también pregunta por Gibraltar.. #CMin","twitter.com/Rocigaot/status/205992868664455169"
"25/5/2012 13:44:32","","205987713143418882","","Igual es parte de la celebración del día del #OrgulloFriki , porque bizarros son un rato... http://sociedad.elpais.com/sociedad/2012/05/24/actualidad/1337887882_303210.html …","twitter.com/Rocigaot/status/205987713143418882"
"25/5/2012 13:34:58","","205985303574491136","","@SoniaDapena si, en pasta no sé, pero en buen gusto han ahorrado una barbaridad!Seguro que en el Chino Antonio tenían algo más discreto! :D","twitter.com/Rocigaot/status/205985303574491136"
"25/5/2012 13:26:33","","205983188105969664","","@CaminoAna É tal! Qué tal teu examen de onte, por certo?caeuche a manganilla?","twitter.com/Rocigaot/status/205983188105969664"
"25/5/2012 13:20:53","","205981760524259328","","@SoniaDapena yo creo que esta vez es la buena. En cuanto vean el chandal de este año, verán lo en serio que se toman aquí las olimpiadas xD","twitter.com/Rocigaot/status/205981760524259328"
"25/5/2012 13:19:40","","205981454780481536","","@CaminoAna ¿socializando no parque?","twitter.com/Rocigaot/status/205981454780481536"
"25/5/2012 11:32:39","","205954522374352896","","@LordoLordor @meneame_popular ¿Y con solo eso hizo comida para cinco comensales? Estos chefs famosos cada vez sirven raciones más pequeñas.","twitter.com/Rocigaot/status/205954522374352896"
"24/5/2012 16:25:05","","205665727057887232","","@AlbaPio o Desaparecido en combarro..;) #pobosGalegosFamosos","twitter.com/Rocigaot/status/205665727057887232"
"24/5/2012 13:09:44","","205616566707027968","","@Ika80Bcn siempre puedes volver y estudiar otra carrera, aunque tal y como se están poniendo los precios igual hay que vender un riñón! :P","twitter.com/Rocigaot/status/205616566707027968"
"24/5/2012 10:46:16","","205580461458731008","","@Ika80Bcn hoy tuve lite norteamericana y me quedan lengua extranjera (italiano) e historia de los Estados Juntitos xD","twitter.com/Rocigaot/status/205580461458731008"
"24/5/2012 10:11:26","","205571694688079872","","@Ika80Bcn sí,me quedan solo dos más, este cuatrimestre es más flojito que el primero!(cosa de Bolonia y sus convalidaciones :P )","twitter.com/Rocigaot/status/205571694688079872"
"24/5/2012 10:04:06","","205569851610238977","","Primer examen del cuatrimestre finiquitao! Y esperemos que aprobado! :P","twitter.com/Rocigaot/status/205569851610238977"
"23/5/2012 1:17:43","","205074993455960065","","http://Escolar.net  » Qué quiere decir no tener recursos http://www.escolar.net/MT/archives/2012/05/que-quiere-decir-no-tener-recursos.html … vía @iescolar","twitter.com/Rocigaot/status/205074993455960065"
"23/5/2012 0:44:36","","205066660045000704","","Y si en vez de silbar el himno en la final de la Copa del Rey cantan lo de 'Franco, Franco, que tiene el culo blanco', ¿se suspende también?","twitter.com/Rocigaot/status/205066660045000704"
"22/5/2012 15:22:26","","204925188234674177","","Se ve que perder clase hoy por la huelga daña más a nuestra educación que no poder permitirnos seguir estudiando el curso que viene...","twitter.com/Rocigaot/status/204925188234674177"
"20/5/2012 22:20:36","","204305647574056960","","Aunque la entrevista de Mayor Zaragoza promete, del @salvadostv  de hoy me quedo con el tendero griego del 'toma Rajoy!'. #Alfilodelrescate","twitter.com/Rocigaot/status/204305647574056960"
"20/5/2012 16:42:06","","204220460987203585","","@lara_grana sí, curiosamente, sí que son los mismos que ponían lo de 'facebook te va a cobrar si no pegas esto en el muro de 800 amigos' :P","twitter.com/Rocigaot/status/204220460987203585"
"20/5/2012 16:38:12","","204219477292879872","","Que digo yo que a partir de la 52º solicitud para juegos de Facebook que ignoras, la gente debería pillar la indirecta y dejar de insistir.","twitter.com/Rocigaot/status/204219477292879872"
"20/5/2012 15:42:40","","204205502803099649","","@CaminoAna no meu caso, café, ir a andar un rato para baixar a comida, e lite norteamericana. Planazo tamén...","twitter.com/Rocigaot/status/204205502803099649"
"20/5/2012 13:15:51","","204168554784894976","","Tiene su gracia ver a La Razón condenar ahora los ataques de los mercados. Acabarán citando 'la doctrina del shock' para defender a Rajoy...","twitter.com/Rocigaot/status/204168554784894976"
"19/5/2012 21:51:05","","203935829859635201","","@CaminoAna a min Xuxa pilloume xa maior para ser fan súa. E si, quedou mellor así, o que podería sair desa parella...","twitter.com/Rocigaot/status/203935829859635201"
"19/5/2012 20:11:46","","203910835519750144","","@CaminoAna @EFEnoticias Qué me dis! non descartemos que La Razón dedique portada a iso, sempre será mellor que contar o do déficit de Madrid","twitter.com/Rocigaot/status/203910835519750144"
"19/5/2012 14:36:43","","203826519590703106","","@SoniaDapena qué grande!! aunque el licor tiene buena pinta, así que si algún ex me lo regala me lo bebo tan feliz pese a la dedicatoria! :)","twitter.com/Rocigaot/status/203826519590703106"
"19/5/2012 12:22:45","","203792805536079872","1","Lo bueno de la #NuevaCiudadanía a gusto del PP es que si en el examen te cae algo que no sabes responder te permiten huir por el garaje.","twitter.com/Rocigaot/status/203792805536079872"
"19/5/2012 12:04:08","","203788120087478272","1","Vistos los cambios de Wert en Ciudadanía, se ve que combatir la homofobia es adoctrinar pero decir que hay nacionalismos buenos y malos no.","twitter.com/Rocigaot/status/203788120087478272"
"18/5/2012 13:57:57","","203454375748837376","","@Guerraeterna el periodista pijo iniciando un 'porque es una chica excelente' para animar a Soraya en la rueda de prensa. #yapuestos","twitter.com/Rocigaot/status/203454375748837376"
"17/5/2012 16:54:57","","203136527964962816","","@teleoperador mi favorita es la foto con el teléfono de su avatar. Por esa foto pensaba que era una parodia cuando me salía en sugerencias.","twitter.com/Rocigaot/status/203136527964962816"
"17/5/2012 16:31:13","","203130556525981696","","@teleoperador @PabloAlvarezPP @SoyDelBierzo Una cosa está clara: ninguna de las 35 matrículas de honor fue en Lengua...","twitter.com/Rocigaot/status/203130556525981696"
"16/5/2012 19:23:17","","202811472756211712","","@puchoboedo uf,del parking a la uned cargada con libros y diccionarios da perecita...aunque al final poco más cerca lo dejé!","twitter.com/Rocigaot/status/202811472756211712"
"16/5/2012 18:46:10","","202802130891980800","","Ni me había enterado de que hoy jugaba el Depor, pero buscando aparcamiento cerca de la uned -y del estadio-me ha quedado claro...","twitter.com/Rocigaot/status/202802130891980800"
"15/5/2012 10:11:51","","202310310688849920","","@ccifuentes dice a @anapastor_tve que el 15M se ha radicalizado 'en su opinión'. ¿Las cargas policiales las ordena por opiniones personales?","twitter.com/Rocigaot/status/202310310688849920"
"12/5/2012 17:37:35","","201335319117828100","","Recién llegada a A Palloza para la manifestación de A Coruña #12M","twitter.com/Rocigaot/status/201335319117828100"
"12/5/2012 2:04:12","","201100426442051585","","@lauralruiz Ok, pues después, entonces! :)","twitter.com/Rocigaot/status/201100426442051585"
"11/5/2012 22:30:16","","201046588049727488","","Marhuenda replica a una twittera con un 'usted a fregar'. Al menos no dijo 'a fregad', que como el infinitivo y el imperativo los lía...","twitter.com/Rocigaot/status/201046588049727488"
"11/5/2012 20:48:39","","201021017022414849","","#Volvemos12M. En A Coruña, mañana a las 17.30 en A Palloza. Id todos guapos, por si somos portada de algún periódico de la caverna! :P","twitter.com/Rocigaot/status/201021017022414849"
"11/5/2012 16:14:47","","200952096420413441","","Me perdí el #Cmin. ¿Realmente Guindos ha dicho que no encuentran ninguna responsabilidad de los banqueros en la crisis?¿Y sin descojonarse?","twitter.com/Rocigaot/status/200952096420413441"
"11/5/2012 12:41:45","","200898484793122816","","Los que defienden en mi fb la portada de La Razón apoyan tanto a Marhuenda que hasta copian su ortografía. Las tildes, para los rojos.....","twitter.com/Rocigaot/status/200898484793122816"
"11/5/2012 10:48:06","","200869880101212161","","@lauralruiz hoy por la tarde no puedo,si vas mañana a la mani podemos tomar un café antes,a ver si nos sacan en la razón xD","twitter.com/Rocigaot/status/200869880101212161"
"11/5/2012 10:07:24","","200859639447953408","","Y tras 40 minutos de espera y un conato de revuelta yonki en el inem,consigo sellar. Empezamos bien el día.","twitter.com/Rocigaot/status/200859639447953408"
"11/5/2012 9:52:49","","200855969985601538","","Pues si para sellar el paro tienes que ir por narices de 9 a 11,no es plan de que de9.15 a 9.55 no llamen a nadie para sellar...","twitter.com/Rocigaot/status/200855969985601538"
"11/5/2012 2:13:54","","200740479577493506","","A todo esto, alguno de los estudiantes ejemplares de La Razón podía  enseñar a Marhuenda a distinguir infinitivo de imperativo, ¿no?","twitter.com/Rocigaot/status/200740479577493506"
"11/5/2012 1:29:28","","200729298695503872","","Estudiantes del CEU, candidatos a premios que da La Razón... podían haber sacado en portada a algún sobrino de Marhuenda, si ya puestos...","twitter.com/Rocigaot/status/200729298695503872"
"11/5/2012 1:05:00","","200723141889241089","","@XoseMorais La vida tiene esas ironías... según el enlace también da uno a la trayectoria ejemplar.. :P","twitter.com/Rocigaot/status/200723141889241089"
"11/5/2012 0:59:22","","200721720812908544","","@XoseMorais Googleando veo que uno es del CEU, y dos optan a un premio Ussía a estudiante del año que da La Razón..  http://www.larazon.es/premiosussia# ","twitter.com/Rocigaot/status/200721720812908544"
"11/5/2012 0:50:16","","200719433986093057","","Rectifico: dos chavales de la portada de 'los buenos estudiantes' figuran como candidatos a un premio que da La Razón. Qué imparcialidad...","twitter.com/Rocigaot/status/200719433986093057"
"11/5/2012 0:29:25","","200714185875783680","","Los terremotos se miden en grados de la escala Ritcher. La vergüenza ajena debería medirse en grados de la escala La Razón...","twitter.com/Rocigaot/status/200714185875783680"
"10/5/2012 22:46:51","","200688372941987841","","Cotilleando en facebook fotos de unos ex amigos. Los años no es que hayan pasado por ellos, es que los han atropellado  #arderéenelinfierno","twitter.com/Rocigaot/status/200688372941987841"
"10/5/2012 11:09:34","","200512896604717056","","Ver el TT de #menosmalqueesviernes y pensar que no sé ni en qué día vivo y que se me ha pasado  sellar el paro...Gensanta, qué susto!","twitter.com/Rocigaot/status/200512896604717056"
"10/5/2012 1:27:44","","200366475297562624","","Voy a ver 1capítulo de Mad Men antes de acostarme para olvidar lo de La Sinrazón. Mejor dormir teniendo en mente a Draper que a Marhuenda...","twitter.com/Rocigaot/status/200366475297562624"
"10/5/2012 1:10:24","","200362109144547328","","Marhuenda haciendo el  número de 'esta yegua no es mi vieja yegua gris' de Los Simpson. Si luego puede presumir de ser TT, lo veo posible...","twitter.com/Rocigaot/status/200362109144547328"
"10/5/2012 0:57:29","","200358859120984064","","La Razón, ese panfleto que un día hace listas negras de estudiantes que protestan y al siguiente va de mártir de la libertad de expresión.","twitter.com/Rocigaot/status/200358859120984064"
"9/5/2012 2:01:09","","200012496667557889","","Joder, mirar la foto, el chaval lleva un pañuelo palestino. ¿Es que hay que decir algo más?  #PortadasLaRazón #imperativosMarhuendastyle","twitter.com/Rocigaot/status/200012496667557889"
"9/5/2012 1:38:18","","200006745584713728","1","Usan el programa de simulación virtual 'Angry Birds' como entrenamiento para aprender a lanzar cócteles molotov  #PortadasLaRazón","twitter.com/Rocigaot/status/200006745584713728"
"9/5/2012 1:32:39","","200005322360893441","1","La austeridad reina en Moncloa: Viri se compra el gel de ducha del Deliplus. #PortadasLaRazón","twitter.com/Rocigaot/status/200005322360893441"
"9/5/2012 1:31:06","","200004932361912322","","Los vínculos filoterroristas de las protestas de estudiantes. Líder universitario es fan en Facebook de Negu Gorriak. #PortadasLaRazón","twitter.com/Rocigaot/status/200004932361912322"
"9/5/2012 1:26:28","","200003766165053440","","Rajoy, el presidente más austero: le quita lo negro al plátano, pero se come el resto. #PortadasLaRazón","twitter.com/Rocigaot/status/200003766165053440"
"9/5/2012 1:24:46","","200003337838538754","1","Líder estudiantil se sacó el carnet de conducir a la quinta. #PortadasLaRazón","twitter.com/Rocigaot/status/200003337838538754"
"9/5/2012 1:23:49","","200003098868072448","","España contra los sindicatos. Pepita López: 'Un día le pedí un cigarro a Toxo, y me dijo que no fumaba, cabrón mentiroso'. #PortadasLaRazón","twitter.com/Rocigaot/status/200003098868072448"
"9/5/2012 1:20:24","","200002240902205441","","Estudiantes con beca comen en el McDonalds en vez de llevarse un tupper de casa. (Antetítulo: pidieron patatas 'Deluxe')  #PortadasLaRazón","twitter.com/Rocigaot/status/200002240902205441"
"9/5/2012 0:38:45","","199991756597641217","","@CaminoAna certo, o tontopolla de Pete estaría no despacho de Marhuenda suxerindo o de 'fan de Amaiur'..","twitter.com/Rocigaot/status/199991756597641217"
"9/5/2012 0:32:40","","199990227207585794","","@CaminoAna muller, Draper ten demasiada clase para un enxendro así, por máis publicidade que dea.. nin Pete Campbell caería tan baixo!","twitter.com/Rocigaot/status/199990227207585794"
"9/5/2012 0:25:14","","199988358284447744","","Yo a estas alturas, si trabajara en La Razón (y no tuviera opción de irme) firmaría mis reportajes como Alan Smithee.. http://es.wikipedia.org/wiki/Alan_Smithee …","twitter.com/Rocigaot/status/199988358284447744"
"9/5/2012 0:13:08","","199985310128541697","3","La portada de La Razón es demasiado vergonzosa, hasta para ser de La Razón.. http://www.larazon.es/uploads/portada/fichero/10000/Portadasegunda.pdf …","twitter.com/Rocigaot/status/199985310128541697"
"8/5/2012 23:41:04","","199977241541742593","","@DePunteirolo @EduardoHGaleano Eu comprei onte o seu novo libro, e vaime durar ben pouco! :)","twitter.com/Rocigaot/status/199977241541742593"
"8/5/2012 23:27:35","","199973848639221760","2","Reixa se estrena al frente de la SGAE diciendo que hay demasiada banda ancha. ¿Eligen presidente con un concurso de soltar burradas?","twitter.com/Rocigaot/status/199973848639221760"
"7/5/2012 14:55:27","","199482577420156932","","Rato, hombre, no dimitas: yo lo hice una vez, y pierdes el derecho a paro y a indemniz... ¿Se puede saber por qué te ríes?","twitter.com/Rocigaot/status/199482577420156932"
"6/5/2012 22:45:16","","199238423368835074","","@SoniaDapena no sé yo, ya estoy leyendo coñas por twitter de que igual esta misma noche Carla se va a comprar tabaco xD","twitter.com/Rocigaot/status/199238423368835074"
"6/5/2012 22:30:55","","199234813465604096","","Muy grande el Salvados de hoy. ¡Sigo diciendo que quiero ir a Islandia! #delcreditoaldescredito.","twitter.com/Rocigaot/status/199234813465604096"
"6/5/2012 21:34:31","","199220619907301376","","Y ahora toca ver @salvadostv , que van a Islandia! #delcreditoaldescredito","twitter.com/Rocigaot/status/199220619907301376"
"6/5/2012 21:30:57","","199219721848102912","1","Sarkozy, mira el lado bueno. Ya puedes aparcar los zapatos con alzas...","twitter.com/Rocigaot/status/199219721848102912"
"6/5/2012 18:14:50","","199170368601206784","","#frasesdemadre (al teléfono) '¿Estás bien? ¡Que es que dicen en la radio que hubo un accidente de tráfico cerca de tu barrio!'","twitter.com/Rocigaot/status/199170368601206784"
"6/5/2012 18:10:31","","199169281471168512","","#frasesdemadre '¡Si es que no sé que haréis fuera de casa hasta esas horas de la noche!'","twitter.com/Rocigaot/status/199169281471168512"
"6/5/2012 18:03:44","","199167573928058880","1","#frasesdemadre (a tus 15) '¿Y si tus amigas se tiran de un puente, tú también?'/ (a tus 30) 'Es que todas mis amigas tienen nietos menos yo'","twitter.com/Rocigaot/status/199167573928058880"
"5/5/2012 17:05:42","","198790580715786240","","@lara_grana se lleva tuppers de Zarzuela cuando sale a avistar ovnis?","twitter.com/Rocigaot/status/198790580715786240"
"5/5/2012 1:32:55","","198555837122363393","","@jdelacueva cierto! no quiero quitarle méritos :D","twitter.com/Rocigaot/status/198555837122363393"
"5/5/2012 1:12:47","","198550770751250434","2","@jdelacueva yo gracias a La Razón he recordado que tengo que devolverle un tupper a mi madre. Esto sí es periodismo con utilidad social...","twitter.com/Rocigaot/status/198550770751250434"
"5/5/2012 1:11:13","","198550377002565632","","@MoralDolores @rotogesto se conoce que no... aunque la coña de Rajoy pronunciando 'tuppersex' daría para mucho... :D","twitter.com/Rocigaot/status/198550377002565632"
"5/5/2012 1:08:21","","198549657255804929","","Anda que, si al Rey se le hubiera ocurrido decir que se llevó un tupper de croquetas a Botswana, el mal rato que se habría ahorrado...","twitter.com/Rocigaot/status/198549657255804929"
"5/5/2012 1:07:08","1","198549350828347392","2","Y después del #tupperdeRajoy, mañana igual La Razón nos dice que Soraya ahorra en peluquerías peinándose en casa con la Baticao...","twitter.com/Rocigaot/status/198549350828347392"
"5/5/2012 1:04:31","","198548691169185792","2","Entonces, si nos llevamos la comida rollo #tupperdeRajoy y no vamos en helicóptero, ¿aún podemos ir de puente sin ser vagos improductivos?","twitter.com/Rocigaot/status/198548691169185792"
"5/5/2012 0:56:38","","198546706789433346","3","Aparte del exclusivón del #tupperdeRajoy, ¿comenta La Razón si en el radiocasette del coche iban poniendo cintas del Fary?","twitter.com/Rocigaot/status/198546706789433346"
"5/5/2012 0:37:37","","198541920652361729","","Según La Razón, Rajoy se llevó el tupper, sí, pero hizo  puente. ¿No se supone que los puentes eran el vicio de los curritos improductivos?","twitter.com/Rocigaot/status/198541920652361729"
"5/5/2012 0:33:27","","198540872441278465","","Rajoy se va de puente con el tupper. Y en las asambleas del PP, el catering será de mortadela Hacendado y Pitusa Cola... #eltupperdeRajoy","twitter.com/Rocigaot/status/198540872441278465"
"4/5/2012 21:42:17","","198497796721090561","","El COE aún está a tiempo de pedir a Inditex restos de serie del Lefties para los deportistas: iban a ir menos cutres... http://elpais.com/elpais/2012/05/04/gente/1336150017_218972.html …","twitter.com/Rocigaot/status/198497796721090561"
"4/5/2012 14:44:55","","198392762167590913","","Preguntas tipo  'Deñora ministra, que malos malísimos son los de la oposición, ¿verdad?'. Periodismo incisivo... #gensanta #Cmin","twitter.com/Rocigaot/status/198392762167590913"
"4/5/2012 14:31:56","","198389498046980096","2","Soraya, por favor, bromitas de 'nosotros también sufrimos recortes' a costa de libretas o volumen del micro, no. Graciasdenada. #Cmin","twitter.com/Rocigaot/status/198389498046980096"
"4/5/2012 14:07:11","","198383268566020096","","'Simplificamos el régimen de calificaciones de los espacios protegidos'.  Miedito me da la 'simplificación'... #Cmin","twitter.com/Rocigaot/status/198383268566020096"
"4/5/2012 13:20:55","","198371625270390785","","@Ika80Bcn yo cada vez me planteo más el inglés como pasaporte para huir al extranjero que como forma de encontrar trabajo aquí...","twitter.com/Rocigaot/status/198371625270390785"
"4/5/2012 13:12:13","","198369436170846210","","He firmado la petición Actuable para que Pedro Piqueras presente las ruedas de prensa del #ConsejodeMinistros #FatalFriday #apocalipsis","twitter.com/Rocigaot/status/198369436170846210"
"4/5/2012 12:49:38","","198363753346121728","","@Ika80Bcn ya, cuando leí lo del trabajo en medios de comunicación me dio la risa...  la risa por no llorar, claro...","twitter.com/Rocigaot/status/198363753346121728"
"4/5/2012 12:43:51","","198362297155063808","","@Ika80Bcn a mí me molaría lo de las editoriales. Aunque tal como va todo, me veo en la calle con 1cartel de 'enseño inglés por comida' :P","twitter.com/Rocigaot/status/198362297155063808"
"4/5/2012 12:39:20","","198361159252983810","","@Ika80Bcn sentada estoy! :)","twitter.com/Rocigaot/status/198361159252983810"
"4/5/2012 12:32:17","","198359387272785922","","@Ika80Bcn ¿y para qué sirve? que visto como está el periodismo, me alegraría saber que alguna de mis carreras me dará pa comer algún día! :D","twitter.com/Rocigaot/status/198359387272785922"
"4/5/2012 1:19:02","","198189957641289728","1","El juego de beber del #FatalFriday: chupito de tequila cada vez que hablen de 'racionalizar' algo. 2 de golpe cada vez que se ría Montoro.","twitter.com/Rocigaot/status/198189957641289728"
"2/5/2012 15:05:19","","197673120474206210","1","Pues yo mañana tengo una comida tras la manifestación por el periodismo. Voy avisando por si La Razón también nos quiere hacer una portada.","twitter.com/Rocigaot/status/197673120474206210"
"2/5/2012 14:35:18","","197665567036026880","","@fluzo @eljueves ¿cinco años juntos? ¿y no han engordado nada? poco realismo tiene esa pareja :P","twitter.com/Rocigaot/status/197665567036026880"
"2/5/2012 1:23:01","","197466181484023809","","Exactamente, ¿qué país americano tendría que 'expoliarnos' algo para que aquí se haga boicot dejando de poner reaggetón? #aversicuela","twitter.com/Rocigaot/status/197466181484023809"
"2/5/2012 0:58:30","","197460012887576576","","@lauralruiz @Guerraeterna excelente camuflaje, sí señor... ¡ni Mortadelo y sus disfraces!","twitter.com/Rocigaot/status/197460012887576576"
"1/5/2012 20:00:01","","197384899429269504","","Belén Esteban, Wert, Urdangarín, Ramoncín.. ¿alguno tiene raíces argentinas o bolivianas?Es por sugerir unas nacionalizaciones #aversicuela","twitter.com/Rocigaot/status/197384899429269504"