"date","fav","id","rt","text","url"
"1/2/2013 0:16:10","1","297121122422493184","","Mañana me compro @revistamongolia ,con su portadón y su desmentido. Y no, no me pagan por publicidad(pero si quieren hacerlo, que manden DM)","twitter.com/Rocigaot/status/297121122422493184"
"1/2/2013 0:07:02","","297118822492684288","","@charcolapava  más clase que 'Vitorio y Chumino ' o con clase que la 'Marca España'?Porque en el 2º caso tampoco está muy alto el listón...","twitter.com/Rocigaot/status/297118822492684288"
"31/1/2013 22:38:32","1","297096551287906304","","@NJMagazine en un bar al que solía ir  había una máquina expendedora de tangas.Por si ibas con braga a lo Bridget Jones y ligabas, digo yo.","twitter.com/Rocigaot/status/297096551287906304"
"31/1/2013 21:18:50","","297076494994403329","","Llegué tarde a la sese del PP, ya no hay manifestantes. Eso sí, mucha,mucha policía, que diría Sabina...","twitter.com/Rocigaot/status/297076494994403329"
"31/1/2013 20:47:58","","297068728644927488","","La #MarcaEspaña es un poco como la marca 'Vitorio y Chumino' del mercadillo...","twitter.com/Rocigaot/status/297068728644927488"
"31/1/2013 20:37:26","","297066076641038336","","@uxialopez non sei que che diga, igual chegaba máis lonxe escoitando a Cospe e aprendendo do seu estilo que estudiando. Pero non me consta.","twitter.com/Rocigaot/status/297066076641038336"
"31/1/2013 15:27:00","","296987955384426496","","Ahora es cuando Rajoy recupera la metáfora de la familia y dice que Bárcenas es el abuelo que le daba a los nietos mil pesetas de estrangis","twitter.com/Rocigaot/status/296987955384426496"
"31/1/2013 15:12:40","","296984345669943296","","Y el PP no le dijo a García Escudero cuando pidió ese préstamo que no debemos gastar lo que no tenemos?","twitter.com/Rocigaot/status/296984345669943296"
"31/1/2013 15:09:10","","296983467013574656","","Un aplauso a la de mi último RT. Porfa.","twitter.com/Rocigaot/status/296983467013574656"
"31/1/2013 14:56:43","","296980334363426816","","Me he perdido a Cospedal porque estaba en clase,y temía haberme perdido alguna dimisión. De verdad,parezco nueva...","twitter.com/Rocigaot/status/296980334363426816"
"31/1/2013 11:32:44","","296928998976536576","1","La corrupción no era compatible con el PP, pero se ve que consiguieron encontrar un adaptador #lospapelesdebárcenas","twitter.com/Rocigaot/status/296928998976536576"
"31/1/2013 11:23:56","","296926785688465408","","@luzhilda en estos momentos creo que Puri Medeiros a mi lado es Amelie...","twitter.com/Rocigaot/status/296926785688465408"
"31/1/2013 10:31:13","","296913517305552896","","Ahora empiezan a dimitir los del PP que recibieron sobres y acaba de presidente el #35matrículas... #lospapelesdebárcenas","twitter.com/Rocigaot/status/296913517305552896"
"31/1/2013 2:17:20","","296789228359131137","","@CaminoAna medo me da...","twitter.com/Rocigaot/status/296789228359131137"
"31/1/2013 2:14:28","","296788507442167808","","@CaminoAna certo, eu estou desconectando todavía, pero intentarei durmir, que falta fai!","twitter.com/Rocigaot/status/296788507442167808"
"31/1/2013 2:12:09","","296787921896345600","","@CaminoAna que ahora que o penso, mira quen foi falar, que ou twitteas sonámbula ou estás coma min!","twitter.com/Rocigaot/status/296787921896345600"
"31/1/2013 2:11:25","","296787738429100032","","@CaminoAna seino, seino, pero non me da o sono nin á de tres...","twitter.com/Rocigaot/status/296787738429100032"
"31/1/2013 2:09:20","","296787211913924608","","Afiliarte al PP pero no teñirte de rubia con mechas #antisistemita","twitter.com/Rocigaot/status/296787211913924608"
"31/1/2013 2:08:01","","296786883126648832","","Cantar una canción de Boikot en La Voz y que Melendi te quiera en su equipo #antisistemita","twitter.com/Rocigaot/status/296786883126648832"
"31/1/2013 2:05:33","","296786263183347713","","Convencer a Fátima Báñez para cambiar el Bubble Shooter por el Apalabrados #antisistemita","twitter.com/Rocigaot/status/296786263183347713"
"31/1/2013 2:03:01","","296785626341208064","","Organizarle una manifa a tus sims #antisistemita","twitter.com/Rocigaot/status/296785626341208064"
"31/1/2013 2:01:44","","296785301135818752","","Ir a los actos públicos de Rajoy y mirarle mal #antisistemita","twitter.com/Rocigaot/status/296785301135818752"
"31/1/2013 1:47:08","","296781626246066176","","@FacuDiazT lanzar cócteles Cosmopolitan a los cajeros automáticos #antisistemita","twitter.com/Rocigaot/status/296781626246066176"
"31/1/2013 1:36:23","1","296778923121975297","","@vigalondo Antisistemita. Mola, es muy 'Ned Flanders encontrándose una acampada del 15-M'.","twitter.com/Rocigaot/status/296778923121975297"
"31/1/2013 0:07:44","1","296756612159373312","2","Dice Gabilondo que el Rey tiene que elegir entre su reinado y la monarquía. Si es así,¡aguanta, Juancar! ¡Encadénate al trono si hace falta!","twitter.com/Rocigaot/status/296756612159373312"
"31/1/2013 0:04:17","","296755745356132352","","@nebulina ¿dan opción de 'no me consta'?","twitter.com/Rocigaot/status/296755745356132352"
"30/1/2013 23:54:42","","296753331353837568","","Cuando estás de exámenes llega un momento que cualquier cosa te apetece más que seguir estudiando. Yo me acabo de tragar Grease #nodigomás","twitter.com/Rocigaot/status/296753331353837568"
"30/1/2013 22:20:40","","296729669280075776","","El #35 matrículas en @El_Intermedio ! Con su video del descampao! Otro día tienen que sacar a la Acapulca, sí o sí!","twitter.com/Rocigaot/status/296729669280075776"
"30/1/2013 14:15:25","","296607552580505600","","http://www.revistamongolia.com/la-portada-que-mongolia-nunca-debio-publicar-a-la-venta-este-viernes-1/ … mongolia da explicaciones por su portada. Enooorme!","twitter.com/Rocigaot/status/296607552580505600"
"30/1/2013 1:08:30","","296409518823321600","1","El FB me propone agregar a una muchacha que sale en topless en la foto de perfil porque tenemos un amigo común:uno de mis ex-jefes #olakease","twitter.com/Rocigaot/status/296409518823321600"
"30/1/2013 0:02:43","","296392962395484162","","@NJMagazine ¿va por el segundo libro de una trilogía supuestamente erótica y aún va por la segunda mamada?","twitter.com/Rocigaot/status/296392962395484162"
"29/1/2013 23:50:19","","296389841640386561","","Tengo tan pocos followers que no me paga por twittear a su favor ni el de las lanchas de la verbena... #pariatwittera","twitter.com/Rocigaot/status/296389841640386561"
"29/1/2013 23:48:40","","296389426634973184","","Vale, o de estar vendo #casamos é parte culpa de @hematocritico e parte culpa dos exámenes. O que sexa menos seguir con Cruse e Chomsky...","twitter.com/Rocigaot/status/296389426634973184"
"29/1/2013 23:47:27","1","296389118768840704","","@hematocritico no los subestimes, confía en los responsables del casting...","twitter.com/Rocigaot/status/296389118768840704"
"29/1/2013 23:40:11","2","296387292766040064","2","Levo meses dando largas a unha amiga para non ver o seu video de boda e estou tragándome #casamos por culpa de @hematocritico #doblemoral","twitter.com/Rocigaot/status/296387292766040064"
"29/1/2013 22:36:48","","296371340296982528","","@nebulina pero si concretáis que cobraron 750 euros habrá alguna prueba o similar, ¿no?","twitter.com/Rocigaot/status/296371340296982528"
"29/1/2013 22:31:32","","296370015521882112","","@nebulina ¿pero al final hay pruebas de que cobraron?","twitter.com/Rocigaot/status/296370015521882112"
"29/1/2013 22:26:49","1","296368829666316288","","Pues yo si llevara comunicación de alguna empresa u organización pagaría a Willy Toledo y Lucía Etxebarría para que NO hablaran bien de ella","twitter.com/Rocigaot/status/296368829666316288"
"29/1/2013 21:04:38","","296348146949316608","","¿Algún filólogo inglés que quiera escribir mañana un examen de Semantics de gratis?Si con los periodistas cuela, a ver si en esto también...","twitter.com/Rocigaot/status/296348146949316608"
"29/1/2013 0:24:45","","296036120695824385","","Cuando veo anuncios de e-darling imagino a las parejas que salen de ahí como el matrimonio protestante de 'El sentido de la vida' #quépasión","twitter.com/Rocigaot/status/296036120695824385"
"28/1/2013 15:13:51","","295897480439160832","","@a_lo_gonzo es que los viajes para diputados son el chocolate del loro,hombre. Que el loro debe de estar ya diabético perdido...","twitter.com/Rocigaot/status/295897480439160832"
"27/1/2013 0:17:56","","295309626734440448","","@CaminoAna non demos ideas, non vaia ser...","twitter.com/Rocigaot/status/295309626734440448"
"26/1/2013 22:41:58","","295285478540865536","","@CaminoAna , uns minutos musicais... https://www.youtube.com/watch?v=VrC2WhP61Fc …","twitter.com/Rocigaot/status/295285478540865536"
"26/1/2013 16:15:05","","295188115910438913","1","Tengo que ver unas webconferencias de semántica,y me apetece tanto como ver a Rajoy en picardías cantando zou bisou bisou #exámenes #matadme","twitter.com/Rocigaot/status/295188115910438913"
"25/1/2013 1:56:56","","294609764732788736","","El País, ese medio que hace ERE y echa a 129 personas pero conserva a la corresponsal que no puede hablar con nadie ni contrastar nada.","twitter.com/Rocigaot/status/294609764732788736"
"25/1/2013 1:19:22","","294600312226979840","","'¡Yo soy Amy Martin, y mi mujer también!' (Carlos Mulas, apócrifo)","twitter.com/Rocigaot/status/294600312226979840"
"25/1/2013 0:46:20","","294591997484883968","","Google Ads me ha plantado un anuncio recomendándome abrir mi empresa offshore en Dubai en lugar de en Panamá. Gracias, Google, lo pensaré.","twitter.com/Rocigaot/status/294591997484883968"
"24/1/2013 12:09:38","1","294401568265105408","","@cristina_pardo yo creo que se inventó a Amy para seguir en contacto con él y reconquistarlo. Con esto Nora Ephron te hacía un taquillazo.","twitter.com/Rocigaot/status/294401568265105408"
"24/1/2013 12:05:46","","294400594683248640","","La ex de Mulas dice que ella era Amy Martin y que él no lo sabía. No cuela, pero aún da para peli de Jennifer Aniston http://www.eldiario.es/politica/esposa-Mulas-Amy-Martin_0_93790711.html …","twitter.com/Rocigaot/status/294400594683248640"
"24/1/2013 11:19:25","","294388931263332353","","@nebulina anda, no había caído! tengo que retomar el italiano, que lo di el año un poquito pero al cazzo no llegué!","twitter.com/Rocigaot/status/294388931263332353"
"24/1/2013 11:16:56","1","294388304223277056","2","Hola, @el_pais ,tengo la foto que prueba que Sor María fingió su muerte y huyó a USA con otras monjas.Hablemos de pastapic.twitter.com/IscEN4Cl","twitter.com/Rocigaot/status/294388304223277056"
"24/1/2013 11:08:54","","294386285890637824","","@nebulina igual es que ha registrado el nombre para cobrar derechos si hacen la parodia porno de su historia. La cosa es poner el cazo...","twitter.com/Rocigaot/status/294386285890637824"
"24/1/2013 11:07:01","","294385811921719298","","Hoy es el patrón de los periodistas. Felicidades, compis de gremio! acordémonos de llevar sugus para repartir en nuestras oficinas del INEM","twitter.com/Rocigaot/status/294385811921719298"
"24/1/2013 0:57:06","","294232320590876672","","Coincidencia cargada de significado: me han rayado la puerta del coche en el 18 aniversario del asesinato de Ordóñezhttps://twitter.com/isanseba/status/294193843224604672 …Coincidencia cargada de significado El Parlament d Cataluña aprueba su declaración secesionista a los 18 años justos del asesinato d Ordoñez","twitter.com/Rocigaot/status/294232320590876672"
"23/1/2013 22:48:50","","294200041684475904","","Tengo a una en FB que le hizo perfil a su gato y 'hablan' en sus respectivos muros. Me río yo del twitter del shakirito,y de la Amy Martin.","twitter.com/Rocigaot/status/294200041684475904"
"23/1/2013 20:41:44","","294168055611809792","","Amy Martin ganaba esa pasta porque estaba contratada por el mismo convenio que Carrie Bradshaw, el de columnistas imaginarias.","twitter.com/Rocigaot/status/294168055611809792"
"23/1/2013 16:13:28","","294100544363065345","","Igual Fundación Ideas tuvo que inventarse a Amy Martin porque ningún columnista quería currar por 50.000euros:mola más cobrar en visibilidad","twitter.com/Rocigaot/status/294100544363065345"
"22/1/2013 21:29:15","","293817627640492033","","Messi y Punset con el pan, la que va a boxeo a buscar novio...pues lo de dejar a los creativos trabajar borrachos,en Mad Men sí funcionaba!","twitter.com/Rocigaot/status/293817627640492033"
"22/1/2013 13:49:08","","293701834449752064","","@Rinze menos mal que en Madrid no permitirían montar algo así, que son del bando de la honrada Espe... oh, wait!","twitter.com/Rocigaot/status/293701834449752064"
"22/1/2013 12:51:14","","293687263156637699","","@nebulina sí que eran avanzadas! en nuestros baños solo entrábamos nosotras y la monja de turno a intentar pillarnos fumando!","twitter.com/Rocigaot/status/293687263156637699"
"22/1/2013 12:25:36","","293680811419525120","","@nebulina qué suerte! Nosotras eso ni lo olimos. Allí te buscabas tú misma la educación sexual comprando el Nuevo Vale, con eso lo digo todo","twitter.com/Rocigaot/status/293680811419525120"
"22/1/2013 12:13:46","","293677833321058304","","@nebulina a mí me pilló la última promoción femenina, y me daba ciencias una monja de 70años que omitía el tema del aparato reproductor.Tela","twitter.com/Rocigaot/status/293677833321058304"
"22/1/2013 12:10:47","","293677082402246656","","@nebulina no, Franciscanas. Clase de todo niñas, muy Cuéntame...","twitter.com/Rocigaot/status/293677082402246656"
"22/1/2013 12:08:49","","293676587717623808","","@nebulina la leche, ni me acordaba de que existían! Yo llegué a conocer Gesto, la Super igual ya me pilló mayor y atea perdida...","twitter.com/Rocigaot/status/293676587717623808"
"22/1/2013 11:57:49","","293673818537467905","1","Estos son los que luego se quejan de que ahora la gente compra menos, ¿no? Lumbreritas... http://www.eldiario.es/economia/La-patronal-almacenes-eliminar-evolucion_0_92741035.html …","twitter.com/Rocigaot/status/293673818537467905"
"22/1/2013 10:56:00","","293658263566823425","","En la SER han 'analizado' la investidura de Obama... con Boris hablando del pelo de Michelle y del pelo de los negros en general #gensanta","twitter.com/Rocigaot/status/293658263566823425"
"22/1/2013 0:28:24","","293500322943467520","2","A todo esto, ¿os imagináis qué risa si ahora la Kirchner nacionaliza el latifundio argentino de Bárcenas?","twitter.com/Rocigaot/status/293500322943467520"
"22/1/2013 0:24:44","","293499397596139520","","La he visto por aquí, y he tenido que mirar el twitter de Marhuenda para cercionarme de que no era un fake #fliPPaciónpic.twitter.com/PuITn0l5","twitter.com/Rocigaot/status/293499397596139520"
"21/1/2013 21:26:30","","293454545319763970","1","Si algún día se sospecha que estoy evadiendo impuestos, robando pasta o cualquier chanchullo,¿puedo auditarme a mí misma a ver si es verdad?","twitter.com/Rocigaot/status/293454545319763970"
"21/1/2013 21:14:44","","293451585349099520","","#BarcenasTV Atrapa un millón (más 21)","twitter.com/Rocigaot/status/293451585349099520"
"21/1/2013 21:07:59","","293449886580498432","","#BarcenasTV Con las manos en la masa","twitter.com/Rocigaot/status/293449886580498432"
"21/1/2013 15:09:37","","293359701322780672","","El comodín de ETA no lo habían usado ya? #cospedal #Soberadilealgo","twitter.com/Rocigaot/status/293359701322780672"
"21/1/2013 10:59:54","","293296856757309440","","Bárcenas ligando con un 'moza, tengo tierras'... http://www.eldiario.es/politica/Gobierno-Aznar-argentina-Barcenas-Sanchis_0_92390949.html …","twitter.com/Rocigaot/status/293296856757309440"
"20/1/2013 23:38:51","","293125462845169664","","@CaminoAna iso si, conseguida a copia, o seguinte será convencer aos de renovacións de que é unha foto actual, cos 41tacos que terei!","twitter.com/Rocigaot/status/293125462845169664"
"20/1/2013 23:35:48","","293124698575872000","","@CaminoAna @uxialopez tócame renovalo en 2020, con sorte levándoa mañá me terán as copias feitas pra entonces...","twitter.com/Rocigaot/status/293124698575872000"
"20/1/2013 23:32:31","","293123871824044033","","@CaminoAna @uxialopez pois eu no meu DNI actual salgo ben, para o poco fotoxénica que son. Como mo rouben e o teña que renovar dame un mal!","twitter.com/Rocigaot/status/293123871824044033"
"20/1/2013 0:21:25","","292773789987643392","","'Ah, pero, ¿el dinero de los sobres no lo dejaba el ratoncito Pérez?' #algooíperonolovi #algoviperocreíquelodeclaraban #ARVBarcenasgate","twitter.com/Rocigaot/status/292773789987643392"
"20/1/2013 0:16:44","1","292772610796826624","3","Acabo de ver el anuncio de Pan Bimbo con Punset y Messi. Esa idea se la planteas a Don Draper y te rompe una botella de ginebra en la cabeza","twitter.com/Rocigaot/status/292772610796826624"
"20/1/2013 0:12:30","1","292771546211160065","","@NJMagazine Antonia dell'Ate. Aquel temazo de 'He comprrraado un hombrre en el merrcaaaadooo...!'","twitter.com/Rocigaot/status/292771546211160065"
"19/1/2013 23:49:15","6","292765696167919616","19","Ver #ARVBarcenasgate en pijama mientras comes chocolate y piensas '¿cuándo llegará esa persona que me quiera como Marhuenda a Rajoy?'","twitter.com/Rocigaot/status/292765696167919616"
"19/1/2013 23:44:41","","292764545213145088","","@NJMagazine igual fue cosa de Sor María...","twitter.com/Rocigaot/status/292764545213145088"
"19/1/2013 23:28:07","","292760375760400384","","El PP mucho manifestarse por la familia tradicional, y luego tienen matrimonios tan poco unidos que ni saben el uno del Jaguar del otro...","twitter.com/Rocigaot/status/292760375760400384"
"19/1/2013 23:22:09","","292758873322975232","","Según el criterio de Marhuenda, si el sastre de Camps fuera el mismo de Desigual ni le habrían juzgado #siesfeonoesdelito #ARVBarcenasgate","twitter.com/Rocigaot/status/292758873322975232"
"19/1/2013 23:19:26","","292758188820942848","","Para Marhuenda es normal que Ana Mato no sospechara al ver al marido con un Jaguar,porque era un Jaguar feo. #seráeso #ARVBarcenasgate","twitter.com/Rocigaot/status/292758188820942848"
"19/1/2013 20:10:41","","292710689099874304","","@CaminoAna pois si, quedamos sen a mellor parte...","twitter.com/Rocigaot/status/292710689099874304"
"19/1/2013 19:52:25","","292706091287080960","","@CaminoAna qué inxenuidade! Chomsky é para os filólogos coma Bárcenas para o PP, nunca deixa de estar con nós...","twitter.com/Rocigaot/status/292706091287080960"
"19/1/2013 13:17:11","","292606631370432512","","@sil_loh qué bonito! aquí solo tenemos viento infernal y lluvia para aburrir...","twitter.com/Rocigaot/status/292606631370432512"
"19/1/2013 13:12:25","","292605430125973504","","@CaminoAna 'Desarrolla en un mínimo de 100 palabras las principales características de las lenguas criollas y pidgin' 'Sí,  hombre!'","twitter.com/Rocigaot/status/292605430125973504"
"19/1/2013 13:10:25","","292604927962931200","","#pelisconsobre Algunos sobres llenos","twitter.com/Rocigaot/status/292604927962931200"
"19/1/2013 13:09:37","1","292604726489530368","","Colega, ¿dónde está mi sobre? #pelisconsobre","twitter.com/Rocigaot/status/292604726489530368"
"19/1/2013 13:02:17","","292602878525337601","","Oes, @CaminoAna , xa temos outra posible resposta para as preguntas dos formularios do Inem: 'Sí, hombre!'","twitter.com/Rocigaot/status/292602878525337601"
"19/1/2013 3:46:41","","292463057974747138","","@xoancastro Actrices que es pa cagarse... Estoy escuchando a Cospedal en ritos satánicos con más retraso que ninguén?— http://thatcan.be/my/next/tweet ","twitter.com/Rocigaot/status/292463057974747138"
"18/1/2013 15:48:26","","292282306956234752","","'Ahora que lo decís,algún sobre sí vi. Pero yo pensaba que eran aficionados a  intercambiar papeles de cartas perfumados'.  #nolodescartemos","twitter.com/Rocigaot/status/292282306956234752"
"18/1/2013 15:23:33","","292276042817740800","5","Yo no puedo hablar sobre el partido. Yo no tengo nada que ver, yo llegué al Gobierno a través del club de fans de Beyoncé. #Cmin","twitter.com/Rocigaot/status/292276042817740800"
"18/1/2013 15:08:26","","292272239536123904","","@Milhaud @teleoperador la distancia Mali-España es como el aforo de la plaza de Colón, muy elástica...","twitter.com/Rocigaot/status/292272239536123904"
"18/1/2013 15:07:02","","292271886866460673","2","Para pagar la operación militar en Mali podíais tirar de la pasta de Suiza, ¿no? Que aquí a muchos ya no nos queda suelto. #Cmin","twitter.com/Rocigaot/status/292271886866460673"
"18/1/2013 14:42:02","","292265594340917248","","@xoancastro @Hominidio hei de dicir que o do gulag para os sogros é unha opción a considerar...","twitter.com/Rocigaot/status/292265594340917248"
"18/1/2013 14:01:46","","292255459778383873","","@xoancastro @Hominidio Carromero no le recordaba como chico Pantene. http://thatcan.be/my/next/tweet ","twitter.com/Rocigaot/status/292255459778383873"
"18/1/2013 13:03:35","1","292240817328893954","1","-Alfredo,han pillado a Rajoy matando gatitos en ritos satánicos con Sheldon Adelson.Te vendría de lujo hablar con la prensa

-Uf,qué va,paso","twitter.com/Rocigaot/status/292240817328893954"
"18/1/2013 12:24:41","1","292231029559795712","","Dice Cospedal que según Rajoy este va a ser el año del tránsito. Igual se refiere al intestinal, porque esto es pa cagarse...","twitter.com/Rocigaot/status/292231029559795712"
"18/1/2013 12:19:54","","292229825324806145","","Estoy escuchando a Cospedal en @24h_tve : vergüenza ajena de grado 7 en la escala Ramoncín...","twitter.com/Rocigaot/status/292229825324806145"
"18/1/2013 12:07:56","","292226814414319616","1","#ElFísicoAtraePero el tesorero con 22 millones en la banca suíza enamora","twitter.com/Rocigaot/status/292226814414319616"
"18/1/2013 12:05:41","","292226246102900736","","@CaminoAna igual é porque da pra facer coñas: 'La Soraya está triste, ¿qué tendrá la Soraya?'","twitter.com/Rocigaot/status/292226246102900736"
"18/1/2013 12:00:22","","292224912154824706","","@revistamongolia y siempre saludaba a los vecinos...","twitter.com/Rocigaot/status/292224912154824706"
"18/1/2013 11:51:08","","292222587063398400","","@antonlosada '¡a mí nadie tiene qué decirme qué sobre debo o no debo coger!'","twitter.com/Rocigaot/status/292222587063398400"
"18/1/2013 11:39:36","","292219683896168448","","- Cospe, cari, ¿me estás poniendo los cuernos con ese maromo en pelotas que tienes amarrado a la cama con esposas de peluche?
-No me consta","twitter.com/Rocigaot/status/292219683896168448"
"18/1/2013 11:18:11","","292214295939395584","","@Hominidio Mariló Montero, para que poida elaborar unha nova teoría sobre se os zombies se comen as almas da xente á que lle comen o cerebro","twitter.com/Rocigaot/status/292214295939395584"
"18/1/2013 3:03:06","1","292089702033530881","","Es curioso cuánto me sale El País en http://yes.thatcan.be/my/next/tweet/  . Perlas como'El País,dueño del moño de Charlie Sheen'o'El País es Audrey Hepburn'","twitter.com/Rocigaot/status/292089702033530881"
"18/1/2013 2:50:18","","292086482561290240","","Kevin Costner? Pues vaya... yo la exposición de Semántica. Esto sí que se volvió demasiado comercial... — http://thatcan.be/my/next/tweet ","twitter.com/Rocigaot/status/292086482561290240"
"18/1/2013 2:47:55","","292085880510894080","","@Hominidio @xoancastro e tanto! xúrovos que acaba de saírme, en medio de frases sen sentido, '50 sombras de Cebrián'.","twitter.com/Rocigaot/status/292085880510894080"
"18/1/2013 2:34:23","","292082475969167360","","Aparte de ese escote al personaje hasta Darth Vader dice que ya he visto. El País. El País. El País. — http://thatcan.be/my/next/tweet ","twitter.com/Rocigaot/status/292082475969167360"
"18/1/2013 2:24:11","","292079909373874176","","Carromero no seamos quejicas. — http://thatcan.be/my/next/tweet  (Lo más coherente que me ha salido hasta ahora con el generador éste...)","twitter.com/Rocigaot/status/292079909373874176"
"18/1/2013 2:23:05","","292079632558202880","","@xoancastro @Hominidio a min non me sae un enteiro coherente. Pero teño un que remata con:'Yo he visto. El País. El País. El horror.'","twitter.com/Rocigaot/status/292079632558202880"
"18/1/2013 1:48:38","","292070961296068610","","@mipazos @CaminoAna @xoancastro é coma a pantalla dos oculistas pra as revisións.O de Bárcenas é a ringleira de letras enanas que ninguén ve","twitter.com/Rocigaot/status/292070961296068610"
"18/1/2013 1:35:42","1","292067708017733633","","@Vero_vai hombre, dice que tiene influencia de ellos,no de sus letras.Igual se inspiró en Cortázar ayudando a alguien a aparcar:Dale, dale..","twitter.com/Rocigaot/status/292067708017733633"
"18/1/2013 1:22:48","","292064462305898497","1","@Vero_vai Lo veo, lo veo: me gusta cuando callas, mamasita, porque estás como ausente. Un, dos, dale!","twitter.com/Rocigaot/status/292064462305898497"
"18/1/2013 0:22:42","","292049337347891202","","@Yoriento yo me afilio también, que lo he ido dejando y mientras los millones en bolsas de basura, tirados por casa... #asíNo","twitter.com/Rocigaot/status/292049337347891202"
"18/1/2013 0:20:07","","292048687054589952","","Perder trabajo y casa #lepuedepasaracualquiera pero algunos previsores fueron haciéndose colchoncito en Suiza y nosotros nada,a lo loco...","twitter.com/Rocigaot/status/292048687054589952"
"17/1/2013 21:07:35","","292000233292967937","1","Conseguir trabajo con sueldo de 50.000euros,sin estudios y cumpliendo condena #lepuedepasaracualquiera .A cualquiera con el carnet apropiado","twitter.com/Rocigaot/status/292000233292967937"
"17/1/2013 20:59:43","","291998254114152448","","Que le encuentren unos milloncejos en Suiza al tesorero de tu partido #lepuedepasaracualquiera , hay que tener con qué desviar la atención.","twitter.com/Rocigaot/status/291998254114152448"
"16/1/2013 15:44:26","","291556520934666240","","@nebulina puaffff.... entre asco y miedito, sí...","twitter.com/Rocigaot/status/291556520934666240"
"16/1/2013 15:39:32","","291555290778857473","","@nebulina ¿devolverla a dónde? ¿la compró en Ikea? ¿O es caníbal y se la comió, y habla de vomitarla?","twitter.com/Rocigaot/status/291555290778857473"
"16/1/2013 13:41:40","1","291525628094730241","1","@LordoLordor a ver, pobre,a veces compramos compulsivamente y luego lo olvidamos. Así encontré yo en casa 1camiseta de Primark sin estrenar","twitter.com/Rocigaot/status/291525628094730241"
"16/1/2013 13:15:13","","291518970954125313","","Recordadme que revise mi carpeta de documentos, que igual un día compré el piso en que vivo y no me acuerdo #avecespasa http://politica.elpais.com/politica/2013/01/16/actualidad/1358336836_486509.html …","twitter.com/Rocigaot/status/291518970954125313"
"16/1/2013 12:52:06","","291513154746343425","","@CaminoAna eu debería ir a patas tamén, pero con este tempo... e o coche tan a man...","twitter.com/Rocigaot/status/291513154746343425"
"16/1/2013 12:15:43","","291503998391967746","","@CaminoAna eu pola mañá tamén pasei, irei pola tarde, se estás desmotorizada te recollo, se queres!","twitter.com/Rocigaot/status/291503998391967746"
"15/1/2013 22:37:51","1","291298172389707777","","Infojobs me ha enviado un mail preguntándome qué tal me ha ido 2012. Encima recochineo. #señorllévamepronto","twitter.com/Rocigaot/status/291298172389707777"
"15/1/2013 21:33:38","","291282015423172609","","@nebulina 10 euros por decir que si tienes buena actitud te saldrá todo bien?vamos, por la versión extendida de un power point de reenvío...","twitter.com/Rocigaot/status/291282015423172609"
"15/1/2013 13:55:50","","291166803579772928","","Ahora que Güemes ha renunciado a Unilabs, que la cazatalentos Espe le fiche para algo que pueda hacer por mérito propio, como chico Pantene.","twitter.com/Rocigaot/status/291166803579772928"
"15/1/2013 13:25:26","","291159153936846848","","@October__Lee creo que esto es una plaga a lo The Walking Dead, si te muerde un cani te conviertes en uno de ellos...","twitter.com/Rocigaot/status/291159153936846848"
"15/1/2013 12:00:21","","291137741805219840","","@nebulina @nortecastilla igual la señora tiene el típico marido que acapara el edredón, y tiene que venir el ladrón a arroparla.Qué cosas.","twitter.com/Rocigaot/status/291137741805219840"
"15/1/2013 11:58:36","","291137301126467584","1","@Hominidio é que comer ñus é mais san, que sabes que levan uns hábitos de vida máis saludables que a xente do audiovisual...","twitter.com/Rocigaot/status/291137301126467584"
"15/1/2013 11:51:29","","291135509844066304","1","@Hominidio coido que os ñus o que fan é intentar fuxir dos pesados dos realizadores de documentais. Sen moito éxito, pobres.","twitter.com/Rocigaot/status/291135509844066304"
"15/1/2013 10:56:22","2","291121641646325761","2","Tener un cargo político es como concursar en Gran Hermano: no hay que aguantar hasta el final, el negocio de verdad lo haces cuando sales.","twitter.com/Rocigaot/status/291121641646325761"
"14/1/2013 22:19:07","","290931072819142656","","Di que sí, respetar el código de circulación es de rojos... http://www.publico.es/448900/el-gobierno-indulta-a-un-conductor-kamikaze-condenado-a-13-anos-de-carcel …","twitter.com/Rocigaot/status/290931072819142656"
"14/1/2013 14:11:49","","290808439008002048","","@CaminoAna si, téñoo xa no coche, non hai fallo!","twitter.com/Rocigaot/status/290808439008002048"
"14/1/2013 14:03:15","","290806281403527168","","@CaminoAna seguro que lle puxeron o suero da amnesia selectiva e lémbrase de Espe entre as brumas da súa memoria...","twitter.com/Rocigaot/status/290806281403527168"
"14/1/2013 13:35:08","","290799206862553088","","Que al parecer Jodie Foster en su discurso de anoche estaba saliendo del armario. Ajá. https://www.youtube.com/watch?v=9Tys7TlEHFc …","twitter.com/Rocigaot/status/290799206862553088"
"14/1/2013 13:06:49","","290792080970772480","","Siempre que un político se va a una empresa privada de 'consejero' me pregunto sobre qué van a aconsejar, exactamente http://www.abc.es/local-madrid/20130114/abci-aguirre-deja-puesto-funcionaria-201301141237.html#.UPPzPLNLv_d.twitter …","twitter.com/Rocigaot/status/290792080970772480"
"14/1/2013 3:13:27","","290642754155995136","","Chistes sobre Clinton e sexo oral en pleno 2013! Isto é un #vivaantes en toda regla!","twitter.com/Rocigaot/status/290642754155995136"
"14/1/2013 3:08:44","","290641570057830401","","En serio, Jennifer Lawrence, por qué ese escote de copas cónicas? qué tienen de malo las tetas con forma de tetas? #GlobosdeOro","twitter.com/Rocigaot/status/290641570057830401"
"14/1/2013 3:06:10","","290640924709634048","","Y qué mayor está Clinton!Yo le recordaba como en sus tiempos de la Lewinsky. Claro que eso era cuando la Kidman tenía movilidad facial...","twitter.com/Rocigaot/status/290640924709634048"
"14/1/2013 3:00:46","","290639562642964480","","La leche, que han llevado a Bill Clinton! Aquí para los Goya que lleven a ZP o a Josemari...  #buenomejorno #GlobosdeOro","twitter.com/Rocigaot/status/290639562642964480"
"14/1/2013 2:58:18","","290638941919522816","","Kevin Costner? Pues vaya... yo aquí iba con Benedict Cumberbatch a muerte! #GlobosdeOro","twitter.com/Rocigaot/status/290638941919522816"
"14/1/2013 2:53:13","","290637665190170624","","Adele da las gracias, guarda su globo de oro en el moño y vuelve a su asiento #GlobosdeOro","twitter.com/Rocigaot/status/290637665190170624"
"14/1/2013 2:47:07","","290636129760337920","","@lauralruiz vale, ya la he visto. El horror. Y lo peor es que se habrá mirado al espejo antes de salir y habrá dicho 'sí, así voy estupenda'","twitter.com/Rocigaot/status/290636129760337920"
"14/1/2013 2:45:58","","290635840135245826","","Vale, ya he visto a J-Lo, que me la perdí en la alfombra roja. Choni es poco. A su lado cualquiera de Gandía Shore es Audrey Hepburn...","twitter.com/Rocigaot/status/290635840135245826"
"14/1/2013 2:36:54","","290633558203195394","","Y otro para Homeland! mejor serie dramática. Se veía venir...","twitter.com/Rocigaot/status/290633558203195394"
"14/1/2013 2:34:07","","290632858253553664","","Premio para Damian Lewis, el primero de la noche para Homeland!","twitter.com/Rocigaot/status/290632858253553664"
"14/1/2013 2:31:35","","290632218471182339","","El streaming de la NBC me va con más retraso que el de Canal +, pero me quedo con aquel.Los comentaristas de la plus no me convencen nada.","twitter.com/Rocigaot/status/290632218471182339"
"14/1/2013 1:47:48","","290621199908761600","","@lauralruiz ais, me la perdí, que fui un momento a la cocina! Cotillearé por ahí a ver si la veo!","twitter.com/Rocigaot/status/290621199908761600"
"14/1/2013 1:35:10","1","290618023860137985","","@msabaris está a una digievolución de convertirse en Camilo Sesto... miedito...","twitter.com/Rocigaot/status/290618023860137985"
"14/1/2013 1:31:04","","290616990601732096","","Colarte de gratis a la gala escondida dentro del moño de Adele. Para el año que viene me lo planteo.","twitter.com/Rocigaot/status/290616990601732096"
"14/1/2013 1:28:56","","290616452317331456","","Nicole Kidman! ¿Os acordáis de cuando podía mover los músculos faciales?","twitter.com/Rocigaot/status/290616452317331456"
"14/1/2013 1:26:40","","290615883519389696","","@lauralruiz juas, lo mismo estaba pensando! el vestido es choni con ganas!","twitter.com/Rocigaot/status/290615883519389696"
"14/1/2013 1:20:58","","290614446265602048","","Ahí está Don Draper! Por qué nos lo ponéis en pequeñito para enseñarnos a la cansina de Zoey por vigésimosexta vez??","twitter.com/Rocigaot/status/290614446265602048"
"14/1/2013 1:17:14","","290613508897386497","","A Amanda Seyfried la tienen que ayudar a bajar la escalera porque el vestido no le da ni para doblar la pierna. Cuánto glamur.","twitter.com/Rocigaot/status/290613508897386497"
"14/1/2013 1:14:05","","290612714672373760","","@lauralruiz pues tampoco la vi mal, no iba espectacular (y eso que es muy probable que suba a recoger premio),pero tras ver otros horrores..","twitter.com/Rocigaot/status/290612714672373760"
"14/1/2013 1:10:13","","290611742797598721","","Qué le pasa en el escote al vestido de Jennifer Lawrence? Es raruno, raruno, parece que le estirasen las tetas hacia adelante!","twitter.com/Rocigaot/status/290611742797598721"
"14/1/2013 1:05:36","","290610579738087424","","De hecho, creo que el vestido de Lucy Liu lo hicieron con una tela que Alberto Chicote había rechazado para sus chaquetas por hortera,,,","twitter.com/Rocigaot/status/290610579738087424"
"14/1/2013 1:04:51","","290610390767923200","","Pues veo muy mona a Olivia Munn. Claro que después de lo de Lucy Liu, hasta Chicote parece el summum de la elegancia...","twitter.com/Rocigaot/status/290610390767923200"
"14/1/2013 1:02:49","","290609880010747904","","Lucy Liu perdió una apuesta, y la han hecho ir a la gala con un vestido hecho con un mantel... #GoldenGlobes #gensanta","twitter.com/Rocigaot/status/290609880010747904"
"14/1/2013 1:00:54","","290609397695123457","","@CaminoAna @lauralruiz entre eso e o chupito por cada vestido color nude, imos acabar cirróticas perdidas...","twitter.com/Rocigaot/status/290609397695123457"
"14/1/2013 0:43:12","","290604942786453505","","Emily Mortimer acaba de quitar el belén de su casa, y ha aprovechado el papel de plata del río para hacerse el modelito. #alfombraroja","twitter.com/Rocigaot/status/290604942786453505"
"14/1/2013 0:38:05","","290603657194516480","","@lauralruiz pues a alguna más que un favor le hacen una putada...","twitter.com/Rocigaot/status/290603657194516480"
"14/1/2013 0:32:42","","290602301482213376","","Actrices que se gastan una pasta en vestidos de alta costura y acaban pareciendo la Soraya en la boda de su prima Jenny. Fan #alfombraroja","twitter.com/Rocigaot/status/290602301482213376"
"14/1/2013 0:24:41","","290600284537896960","","Otro vestido nude! Chupito! #globosdeoro #alfombraroja","twitter.com/Rocigaot/status/290600284537896960"
"14/1/2013 0:19:11","","290598901680050176","","Y ahí está Claire Dans! Qué maja ella! Y me gusta el vestido, al menos no es nude! #globosdeoro","twitter.com/Rocigaot/status/290598901680050176"
"14/1/2013 0:17:51","","290598564437032961","","Vemos la alfombra roja tomando un chupito por cada vestido 'nude' y antes de empezar la gala necesitamos la B-12 #alfombraroja #globosdeoro","twitter.com/Rocigaot/status/290598564437032961"
"14/1/2013 0:14:32","","290597729716015104","","Anda,en yankilandia tienen bebidas alcohólicas light llamadas 'skinny lady'. Porque a ellos sí se les permite la tripa cervecera, deduzco.","twitter.com/Rocigaot/status/290597729716015104"
"14/1/2013 0:00:09","","290594108135849984","","Empiezan los Globos de Oro! Porque por supuesto, la alfombra roja cuenta. Me encanta el despelleje de los estilismos... #modomarujaON","twitter.com/Rocigaot/status/290594108135849984"
"13/1/2013 23:09:38","","290581397368881152","","@mysterymoor la leche, me acuerdo de ese artículo de la Ragazza! Qué trauma, yo que ya tenía complejo de piernas en aquella época!","twitter.com/Rocigaot/status/290581397368881152"
"13/1/2013 22:09:03","1","290566152906743808","","@IagoFB aparte de que tampoco me tienen pinta de cambiar mucho que digamos, decoración aparte...","twitter.com/Rocigaot/status/290566152906743808"
"13/1/2013 21:46:23","","290560448418418689","2","Hola,quiero salvar mi restaurante y digo en la tele que pienso pasarme las normas de Sanidad por el forro. #estrategiabrillante #chicoteroad","twitter.com/Rocigaot/status/290560448418418689"
"13/1/2013 21:42:29","","290559466317967360","","El dueño del restaurante es una especie de cruce entre Fernando Trueba y el señor Cuesta de aquí no hay quien viva, ¿no? #chicoteroad","twitter.com/Rocigaot/status/290559466317967360"
"13/1/2013 19:13:55","","290522077658750976","","@CaminoAna eu non podo odiar aos rusos en xeral, un pobo que inventou o vodka ten que ser bo. Pero os formalistas que ardan no inferno...","twitter.com/Rocigaot/status/290522077658750976"
"13/1/2013 18:20:50","","290508717936480256","","@lauralruiz ay, pues ya cotillearé luego, que el despelleje de los estilismos suele ser de lo mejor!","twitter.com/Rocigaot/status/290508717936480256"
"13/1/2013 15:52:29","","290471384902164482","","@lauralruiz creo que sobre medianoche empiezan con la alfombra roja, pero no tengo claro dónde lo emiten, intentaré seguirla online!","twitter.com/Rocigaot/status/290471384902164482"
"13/1/2013 15:47:16","","290470071984324608","","@lauralruiz no sé porque estoy en la parra y ni me acordaba de que eran hoy, a ver si me entero de la hora y de dónde pueden verse!","twitter.com/Rocigaot/status/290470071984324608"
"13/1/2013 15:44:34","","290469392389636096","","Que hoy son los Globos de Oro! Y no podré hacer lo de 1chupito cada vez que digan 'antesala de los Oscar' porque en casa solo tengo2botellas","twitter.com/Rocigaot/status/290469392389636096"
"13/1/2013 15:21:31","","290463592820654080","","Muérome! @CaminoAna ,tienes que leer esto! Blogueamos en directo: nuestra lectura de 50 Sombras de Grey http://normajeanmagazine.com/2012/12/blogueamos-en-directo-nuestra-lectura-de-50-sombras-de-grey/ … vía @NJmagazine","twitter.com/Rocigaot/status/290463592820654080"
"13/1/2013 12:59:59","","290427971800551424","","Tengo a uno en el Facebook diciendo que El País es un altavoz de propaganda castrista. Sí, El País. El de Cebrián, sí.","twitter.com/Rocigaot/status/290427971800551424"
"13/1/2013 11:56:27","","290411986389442560","","Juan Manuel de Prada tiene toda la pinta de picar con la broma de 'te prestamos Internet'.  https://www.youtube.com/watch?v=w5cw9KMVf2E …","twitter.com/Rocigaot/status/290411986389442560"
"12/1/2013 21:49:29","","290198838856282112","","@Ch4_13 ok, pues si eso me acerco, que me da que mi fuerza de voluntad no está ni se la espera!","twitter.com/Rocigaot/status/290198838856282112"
"12/1/2013 21:45:44","","290197894760374272","","Debería estar estudiando. Pero si suspendo pienso alegar que me lo había estudiado todo pero me pusieron un suero y lo olvidé #Espestyle","twitter.com/Rocigaot/status/290197894760374272"
"12/1/2013 21:44:11","","290197504690102273","1","@nebulina yo conocí a una que se los depilaba chamuscando los pelillos con el hornillo de la cocina de butano, en plan pollo desplumao...","twitter.com/Rocigaot/status/290197504690102273"
"12/1/2013 19:36:38","","290165404704325632","1","@LordoLordor al césar lo que es del césar, el pelazo lo tiene. :P","twitter.com/Rocigaot/status/290165404704325632"
"12/1/2013 19:35:11","","290165041762803712","","@CaminoAna ou o cerebro transplantado da mala da novela morta no corpo de Drake. Ou do irmán. Igual Espe o sabe...","twitter.com/Rocigaot/status/290165041762803712"
"12/1/2013 19:10:16","","290158772570173440","","A Carromero le puso el suero borrador de memoria el doctor Drake Ramoray.","twitter.com/Rocigaot/status/290158772570173440"
"12/1/2013 18:49:05","1","290153440800280576","","@Galahan sospecho que hay un republicano infiltrado como responsable de comunicación de la Casa Real:todo esto tiene que responder a un plan","twitter.com/Rocigaot/status/290153440800280576"
"12/1/2013 18:39:15","","290150965837979648","","'Por una travesura infantil le inyectaron a una persona de mi equipo un suero que le hizo dar a un enlace que no debía' #excusasPPmix","twitter.com/Rocigaot/status/290150965837979648"
"12/1/2013 18:37:55","","290150630440448002","","Carromero no recuerda nada porque 'le inyectaron un suero en Cuba', según Espe. Las excusas del PP se superan cada día. http://www.abc.es/videos-espana/20130109/aguirre-sobre-carromero-pusieron-2083779790001.html …","twitter.com/Rocigaot/status/290150630440448002"
"12/1/2013 13:00:21","","290065679154020352","","Libros que pasan meses en la pila de lecturas pendientes sin decir ni mu, y empiezan a gritarte '¡léeme!¡léeme!' cuando estás de exámenes...","twitter.com/Rocigaot/status/290065679154020352"
"12/1/2013 12:49:16","1","290062888570327040","1","#Hayquesermuymalo si hasta Darth Vader dice que te estás pasando... http://www.youtube.com/watch?v=cc56b2aozTE&feature=youtube_gdata_player …","twitter.com/Rocigaot/status/290062888570327040"
"12/1/2013 12:39:46","","290060498739789825","","@nebulina en mi caso es Sociolingüística para descansar de Semántica. Esto sí son juergas y no lo de Charlie Sheen...","twitter.com/Rocigaot/status/290060498739789825"
"11/1/2013 19:16:19","","289797906872012802","","@Guerraeterna pues sí que hay mártires de la democracia por las carreteras rusas!","twitter.com/Rocigaot/status/289797906872012802"
"11/1/2013 11:12:43","1","289676203139403777","","@tobcnwithlove pues eso, es la clásica pelea de chonis por el amor de su Jonathan. De su Mariano, en este caso...","twitter.com/Rocigaot/status/289676203139403777"
"10/1/2013 21:14:51","","289465349219442689","","¿Sería de muy mala persona animar a uno de mi Facebook a compartir su sabiduría en Twitter sólo para que pueda descubrirlo @masaenfurecida?","twitter.com/Rocigaot/status/289465349219442689"
"10/1/2013 20:40:03","","289456590837399555","","Creo que en el hilo musical de espera de atención al cliente de Yoigo ya he oído más canciones de las que te deja oir Spotify Free al mes...","twitter.com/Rocigaot/status/289456590837399555"
"9/1/2013 21:38:33","","289108925842857984","","Los de Partido X dicen en FB que se pondrán el nombre que más vote la gente. Yo he votado 'satanases del infierno'. https://www.facebook.com/questions/422350154500816/ …","twitter.com/Rocigaot/status/289108925842857984"
"8/1/2013 22:06:08","","288753479537790976","","@mondomedico @nebulina @medicblasto ni siquiera se me había pasado por la cabeza que alguien pudiera confundirlos,,,","twitter.com/Rocigaot/status/288753479537790976"
"8/1/2013 22:01:18","","288752261759385600","","@mondomedico @nebulina era la foto de avatar de twitter de él, no sé si la conserva aún que no le sigo!","twitter.com/Rocigaot/status/288752261759385600"
"8/1/2013 22:00:08","","288751966631374849","","@nebulina @mondomedico yo ni conocía al personaje hasta lo de los votos por riqueza,que alguien comentó lo de la toalla y cotilleé el percal","twitter.com/Rocigaot/status/288751966631374849"
"8/1/2013 21:56:36","","288751077938065409","","@mondomedico @nebulina @medicblasto yo a veces para seguir los Trending Topics tróspidos, lo confieso...","twitter.com/Rocigaot/status/288751077938065409"
"8/1/2013 21:55:15","","288750738480447489","","@mondomedico @nebulina creo que pretende ser un turbante o algo así hipster cool, pero es como una toalla para el pelo del Mercadona...","twitter.com/Rocigaot/status/288750738480447489"
"8/1/2013 21:52:38","","288750078854840320","","@mondomedico @nebulina @medicblasto teniendo twitter, los programas de marujeo de la tele saben a na...","twitter.com/Rocigaot/status/288750078854840320"
"8/1/2013 21:51:39","","288749834666663937","","@nebulina @mondomedico uy, sí, el de la toalla en la cabeza! para tapar la cicatriz de la lobotomía, presumo...","twitter.com/Rocigaot/status/288749834666663937"
"8/1/2013 21:47:47","","288748858413023232","","@nebulina @mondomedico si yo hasta la proponía para dar las campanadas de nochevieja twitteras con el 35matrículas, que son tal para cual...","twitter.com/Rocigaot/status/288748858413023232"
"8/1/2013 21:45:52","","288748379054436353","","@mondomedico @nebulina yo la conocí cuando lo de la teoría de los votos, que fue de traca, si le hicieron un hastag paródico y todo...","twitter.com/Rocigaot/status/288748379054436353"
"8/1/2013 21:41:47","","288747349650579457","","@mondomedico @nebulina la misma de 'el voto de los empresarios tendría que valer más' y de 'no me lavo la cabeza que el champú es malo?","twitter.com/Rocigaot/status/288747349650579457"
"7/1/2013 22:46:18","","288401196291616768","","Lo de volver a hacer películas mudas se está haciendo mainstream, en breve algún director modernillo nos hará ir al cine a oir radionovelas.","twitter.com/Rocigaot/status/288401196291616768"
"7/1/2013 19:25:50","","288350750634024960","","Una talla de ropa de Inditex es como el aforo de la Plaza de Colón: de un caso a otro es increíble cómo puede variar lo que cabe dentro.","twitter.com/Rocigaot/status/288350750634024960"
"7/1/2013 12:59:50","","288253608854691841","","En la próxima manifa, si cargan los antidisturbios, soltémosles a las señoras que van de primeras a las rebajas del Corte Inglés. Fight!","twitter.com/Rocigaot/status/288253608854691841"
"7/1/2013 0:20:47","","288062589458608129","","Descargando mis lecturas de Lite Inglesa de este cuatrimestre. Estudiando Filología, un ebook se amortiza bien pronto...","twitter.com/Rocigaot/status/288062589458608129"
"6/1/2013 23:38:06","1","288051846818443264","","Vistas las últimas modas editoriales, creo que me forraría escribiendo una novela erótica con zombies de por medio... #bestsellerfijo","twitter.com/Rocigaot/status/288051846818443264"
"6/1/2013 13:40:01","","287901333137285121","","@lauralruiz el pobre, le hemos arruinado con la piratería y le toca volver a casa de su madre, como un chaval en paro más #prayforpijandro","twitter.com/Rocigaot/status/287901333137285121"
"6/1/2013 13:25:08","","287897588663975936","","@lauralruiz pero Pijandro Sanz no se había mudado a Miami? Aunque ya con Melendi y Carromero bastante os llega...","twitter.com/Rocigaot/status/287897588663975936"
"5/1/2013 23:24:55","","287686140578902018","","@Genko pues a mí siempre me cayó bien Gaspar. Al principio también Baltasar, pero se volvió demasiado comercial...","twitter.com/Rocigaot/status/287686140578902018"
"5/1/2013 19:34:07","1","287628057538351104","","@dodavazquez si, fue lo que más me llamó la atención. Lo imagino en el programa de Chicote: 'De dónde sacáis esta carne tan rancia?'","twitter.com/Rocigaot/status/287628057538351104"
"5/1/2013 19:22:35","","287625154702495745","","Señores del Marineda City, ¿eso de poner la exposición de Bodies en la planta de los restaurantes lo han pensado ustedes bien?","twitter.com/Rocigaot/status/287625154702495745"
"4/1/2013 23:21:19","","287322847884492803","","Dice Punset que como ya no nos queman por brujas como en la Edad Media tan mal no estamos, que no seamos quejicas. #huevoscomopelotasdeNivea","twitter.com/Rocigaot/status/287322847884492803"
"4/1/2013 23:20:29","","287322637477220354","","@nebulina mucho mejor elección, dónde va a parar. Y mucho más verosímil!","twitter.com/Rocigaot/status/287322637477220354"
"4/1/2013 23:15:49","","287321463105667072","","@nebulina todavía sigue, con el 'Especial transición'... Concha Velasco diciendo que el Rey nos salvó a todos, y perlas así...","twitter.com/Rocigaot/status/287321463105667072"
"4/1/2013 23:12:47","","287320697649381377","","@nebulina si no la tienes a mano, pon el especial 'fellatio al Rey' de la 1, que el efecto es el mismo...","twitter.com/Rocigaot/status/287320697649381377"
"4/1/2013 23:10:46","","287320189652045827","1","Concha Velasco hablando de cómo nos salvó el Rey el 23-F. Análisis histórico de calidá. #chúpateesaBBC #lanochedelrey","twitter.com/Rocigaot/status/287320189652045827"
"4/1/2013 22:50:33","","287315105190907904","","Normal que presuma tanto la generación de la Transición. Tiene meritazo estar ahí justo cuando al fin palmó el dictador para pillar tajada.","twitter.com/Rocigaot/status/287315105190907904"
"4/1/2013 22:45:08","","287313741559779328","","@perradesatan ¿el seguro médico de los padres no les cubre las revisiones del oculista?","twitter.com/Rocigaot/status/287313741559779328"
"4/1/2013 22:25:55","","287308904138940416","2","Una entrevista de la SuperPop a Mario Casas es como la de Ana Pastor a Ahmadineyad comparado con esto... #sutrospidad #periodismoincisivo","twitter.com/Rocigaot/status/287308904138940416"
"4/1/2013 22:20:27","","287307530923810816","1","A todo esto, creo que el cuello de #sutrospidad, el melón de Carromero y el tupé de Imanol juntos se verían de lo más proporcionado.","twitter.com/Rocigaot/status/287307530923810816"
"4/1/2013 22:18:05","","287306934888067072","","Vale, me rindo, cambio de cadena, que a estos dos les falta solo hacer piececitos. #sutrospidad","twitter.com/Rocigaot/status/287306934888067072"
"4/1/2013 22:12:43","","287305584032763904","","'Somos apasionaos', 'hemos ganao'... La campechanía es comerse la letra d en adjetivos y participios... #sutrospidad","twitter.com/Rocigaot/status/287305584032763904"
"4/1/2013 22:08:43","","287304577873752065","","Vale, he caído y he puesto la tele. Y sospecho que Urdangarín escondió la pasta que mangó en la papada de su suegro. #sutrospidad","twitter.com/Rocigaot/status/287304577873752065"
"4/1/2013 22:06:22","","287303984367165440","","Creo que paso de ver la entrevista a Juancar y la sigo aquí vía #sutrospidad. Si en algún momento pasa de peloteo a periodismo, avisadme.","twitter.com/Rocigaot/status/287303984367165440"
"3/1/2013 22:09:29","1","286942379548753920","1","@LordoLordor ¿manifestarme? ni de coña. Seguro que Arturo Fernández se hace cargo, con lo poco amigo de manifas que es él...","twitter.com/Rocigaot/status/286942379548753920"
"3/1/2013 21:36:40","3","286934123178770432","1","Twitter necesita botón de MT(mongoretweet) para dejar siempre claro si retwitteamos por adhesión o en plan 'no os perdáis a este lumbrera'","twitter.com/Rocigaot/status/286934123178770432"
"3/1/2013 21:32:54","","286933173584146433","1","@luzhilda o pillar un taxi. Así se acostumbran para cuando el Metro sea privado y elimine su línea por no considerarla rentable...","twitter.com/Rocigaot/status/286933173584146433"
"3/1/2013 21:14:08","","286928451741552640","","Entonces, ¿hacer una huelga de Metro el día de la cabalgata es robar la Navidad a los niños pero recluir a Baltasar en un CIE no?","twitter.com/Rocigaot/status/286928451741552640"
"3/1/2013 20:02:22","","286910392712708096","","Y no recuerdo a qué twittero le vi antes el link al aula de sexualidad del ABC, pero cuando me acuerde le van 2 velas negras por el trauma","twitter.com/Rocigaot/status/286910392712708096"
"3/1/2013 20:00:59","","286910044556128256","","Melendi es coach de voz y ABC tiene un 'aula de sexualidad'. No veo descabellado que Carromero acabe dirigiendo la DGT. http://www.abc.es/especiales/aula-de-sexualidad/que-es-la-planificacion-familiar-natural/ …","twitter.com/Rocigaot/status/286910044556128256"
"3/1/2013 16:29:40","1","286856862429741056","1","Y si el SAMUR es un servicio municipal y el operador no estaba formado, ¿no habría que pedir cuentas también al Ayuntamiento de Madrid?","twitter.com/Rocigaot/status/286856862429741056"
"3/1/2013 16:02:16","1","286849968986263552","8","@nebulina Eso es como lo de las modernas que se ponen de farlopa hasta las cejas y luego se espantan porque tomes leche de vaca y no de soja","twitter.com/Rocigaot/status/286849968986263552"
"3/1/2013 15:20:56","","286839567083008000","","@RubenGaldon pero acuérdate de sacarte el carnet del PP antes, que como te saltes ese paso igual se te cae el pelo...","twitter.com/Rocigaot/status/286839567083008000"
"3/1/2013 15:05:00","","286835557647134720","","Está visto que o de ser alcalde en Santiago é máis efímero que o de ser Man do Rei en King's Landing...","twitter.com/Rocigaot/status/286835557647134720"
"3/1/2013 14:26:01","","286825744691240960","","#EnelPeloDeImanol  hay una colonia de pioneros que partieron de las cejas de Gallardón para explorar nuevos territorios","twitter.com/Rocigaot/status/286825744691240960"
"3/1/2013 14:18:06","","286823753105690624","1","@CristianMas86 parejita de canis veinteañeros con sus niños, sin duda. Lote completo.","twitter.com/Rocigaot/status/286823753105690624"
"3/1/2013 1:35:40","","286631880298733569","","@Guerraeterna dicen que llevan un año preparándolo, y no han encontrado un nombre mejor que Partido X? Inspira mucha confianza, sí.","twitter.com/Rocigaot/status/286631880298733569"
"3/1/2013 1:32:38","","286631116008472577","","@kurioso claro, hombre, si es que igual no hay suficientes arquitectos buscando trabajo como para cubrir la gran demanda del sector...","twitter.com/Rocigaot/status/286631116008472577"
"3/1/2013 1:18:50","","286627644571791360","","@CaminoAna é que xa lles vale aos Reis traer os regalos o día antes de volver ao cole,despois de ter aos críos2semanas dando a murga en casa","twitter.com/Rocigaot/status/286627644571791360"
"3/1/2013 1:13:59","","286626425732214786","","@CaminoAna ok, falamos cando cadres axenda con Otto!","twitter.com/Rocigaot/status/286626425732214786"
"3/1/2013 1:12:28","","286626044377702400","","@CaminoAna espera, que o 7 aínda está pechada a UNED, ou empezamos o 8 ou o 7 ímos a outra biblio...","twitter.com/Rocigaot/status/286626044377702400"
"3/1/2013 1:10:57","","286625663069323265","1","@CaminoAna si, que polo menos a min, falta me fai. Ía estudiar estes días, pero apetecíame menos que ir aos karts con Carromero...","twitter.com/Rocigaot/status/286625663069323265"
"3/1/2013 1:09:24","","286625269014466562","","@CaminoAna A próxima xa será de 'los rojos se comen a los niños'. Moi vintage todo...","twitter.com/Rocigaot/status/286625269014466562"
"3/1/2013 0:36:42","","286617041392267265","","@fanetin ¿asesor en seguridad vial?","twitter.com/Rocigaot/status/286617041392267265"
"3/1/2013 0:24:55","","286614076224831489","","Carmen Lomana fue la experta en historia rusa que asesoró a los guionistas de  Anastasia y les contó lo del murciélago hablador de Rasputín","twitter.com/Rocigaot/status/286614076224831489"
"3/1/2013 0:17:52","","286612302105546752","","Lenin se exilió en México huyendo de Stalin y se hizo mariachi. Daba gusto oírle tocar 'Adelita' con la balalaika #CarmenLomanaFacts","twitter.com/Rocigaot/status/286612302105546752"
"2/1/2013 17:43:02","1","286512940755070976","1","@amaliorodriguez Ir al gimnasio, sacarte la fototuenti sentado en el banco de las pesas. Levantarte y volverte al bar.","twitter.com/Rocigaot/status/286512940755070976"
"2/1/2013 17:40:48","1","286512378529579008","1","@amaliorodriguez Ir al gimnasio a comerse un bocata de bacon con queso delante de la clase de spinning.","twitter.com/Rocigaot/status/286512378529579008"
"2/1/2013 15:07:11","","286473718178394114","","@CaminoAna pois non é por presumir pero quedoume ben bo, xa me pediron a receta. Feliz ano! (con retraso que onte non estaba pra nada)","twitter.com/Rocigaot/status/286473718178394114"