"date","fav","id","rt","text","url"
"31/5/2013 22:19:04","2","340563096739389443","","@ponteaprueba Si se os muere un familiar a vosotros, también metéis publicidad de vuestros sorteos en la esquela, ¿no?","twitter.com/Rocigaot/status/340563096739389443"
"31/5/2013 21:42:29","1","340553889143197697","1","@Tawil @doctorojete El que le troca las pastillas a Sigfrid es el mismo que le echa a MAR la droja en el colac... en el cubata de Larios.","twitter.com/Rocigaot/status/340553889143197697"
"30/5/2013 23:15:40","","340214952574980097","","Cuando un empresario dice a Chicote que el personal 'va cobrando', quiere decir que el último sueldo se lo pagó en pesetas. #chicostra","twitter.com/Rocigaot/status/340214952574980097"
"30/5/2013 23:12:40","","340214199273783296","","@NoelBurgundy quien dice 'lo metieron en el sótano', dice 'lo trocearon para los bocatas de picadillo'. #chicostra","twitter.com/Rocigaot/status/340214199273783296"
"30/5/2013 23:02:34","","340211658796445696","","Tienen cucarachas en el jamón porque han hecho caso a la recomendación de la FAO de comer insectos. Hay que estar a la última. #chicostra","twitter.com/Rocigaot/status/340211658796445696"
"30/5/2013 22:40:24","1","340206080099508224","","Tiven exames na EOI esta tarde e perdinme esta marabilla. Como non me avisades? #titchestein  http://praza.com/audio/413/feijoo-anuncia-con-dificultades-a-medalla-castelao-para-carlos-nunez-e-the-chieftains/ …","twitter.com/Rocigaot/status/340206080099508224"
"30/5/2013 14:14:05","","340078658200928256","","Al pobre Iñaki se le ve el cartón. Estaréis contentos, mirad lo que habéis conseguido con tanto juez y tanta gaita! http://www.lavozdegalicia.es/noticia/espana/2013/05/30/urdangarin-sufre-problemas-capilares-debido-estres/00031369904227235422488.htm …","twitter.com/Rocigaot/status/340078658200928256"
"30/5/2013 13:48:18","","340072172431216640","","@callaquenoveo hasta podemos hacernos fotos poniendo cara de gato de Shrek con cartelito de 'sé que no me contratarás porque no soy linda'","twitter.com/Rocigaot/status/340072172431216640"
"30/5/2013 13:09:59","","340062529642434560","1","@MargaretCastor ya sólo falta que los explosivos los vendiera Noós y que Urdangui mandara fotomontajes de coña por mail a los etarras.","twitter.com/Rocigaot/status/340062529642434560"
"30/5/2013 13:07:08","","340061812282257408","1","@Rinze @kurioso les ahorras un trabajador, te pagas a ti mismo y les bajas las listas del paro. Pero es por tu bien, para que no te oxides.","twitter.com/Rocigaot/status/340061812282257408"
"30/5/2013 12:31:22","","340052808395014144","","@callaquenoveo guay! subiré fotos de 'sé que no darás a me gusta porque no soy de raza' hasta que me contraten para que deje de dar por saco","twitter.com/Rocigaot/status/340052808395014144"
"30/5/2013 12:15:37","1","340048846065377280","","@Tawil @OzoPerozo penso que mandan a algún becario a por material a Las Barranquillas.","twitter.com/Rocigaot/status/340048846065377280"
"30/5/2013 12:12:51","3","340048149223731200","31","El feto les importa una mierda. Lo suyo es dejar clarito que la vida de la mujer no vale nada.   http://sociedad.elpais.com/sociedad/2013/05/30/actualidad/1369894974_531835.html …","twitter.com/Rocigaot/status/340048149223731200"
"30/5/2013 11:47:11","2","340041691992043520","2","@OzoPerozo yo iría al plató de Sálvame voceando la mercancía. Como lo de 'afiladoooor!', pero con farlopa.","twitter.com/Rocigaot/status/340041691992043520"
"29/5/2013 16:38:56","","339752724029648896","","@Marmota_Maligna en un minipiso con paredes de pladur de los de aquí quería verles yo...","twitter.com/Rocigaot/status/339752724029648896"
"29/5/2013 16:27:39","1","339749885094031360","","@Marmota_Maligna el de 'mi chalet de 100m2 es inhabitable porque no tiene despacho,vestidor ni cuarto de juegos?'","twitter.com/Rocigaot/status/339749885094031360"
"29/5/2013 16:03:41","","339743851814211585","","@mvizaguirre después de lo de aznar, se veía venir:estamos recuperando lo mejorcito de los 90 #gensanta","twitter.com/Rocigaot/status/339743851814211585"
"29/5/2013 15:19:10","","339732651063775234","2","La Comunidad de Madrid echó a trabajadores para que podáis matar el rato sustituyéndolos gratis,y os enfadáis. Desde luego,cómo sois...","twitter.com/Rocigaot/status/339732651063775234"
"28/5/2013 12:38:36","","339329856133283842","1","Al final, los fans del libremercado ven bien las subvenciones si la causa lo merece... #hemosvenidoaemborracharnos  http://www.elconfidencial.com/espana/2013/05/28/la-mesa-del-congreso-subvenciona-el-gintonic-a-senorias-e-invitados-solo-costara-345-euros--121824/ …","twitter.com/Rocigaot/status/339329856133283842"
"27/5/2013 23:50:05","","339136452283740160","","¿Esta es la mejor foto que tenía ABC para portada? ¡Podían haber pedido que miraran todos a cámara y dijeran patata! http://pinterest.com/pin/208784132697799748/ …","twitter.com/Rocigaot/status/339136452283740160"
"29/5/2013 16:32:31","","339751109289717761","","@mvizaguirre pero sempre rescatamos o peor de cada década, en breve voltarán a Macarena e o programa de Su media naranja...","twitter.com/Rocigaot/status/339751109289717761"
"27/5/2013 22:21:05","1","339114052691300352","2","@NewIlluminatus @MargaretCastor y cepo y grilletes para los de 'mi problema es que soy demasiado bueno'.","twitter.com/Rocigaot/status/339114052691300352"
"27/5/2013 21:45:52","","339105191645282304","","Lo mejor de MAR es que en su bio se define como 'consultor de comunicación'. Será que si le consultas te comunica dónde ponen peor garrafón.","twitter.com/Rocigaot/status/339105191645282304"
"27/5/2013 21:35:35","1","339102601431875584","","@kirovast Yo es que ya he cenado. Pero usaré esa imagen mental como mantra para no flaquear en la operación bikini.","twitter.com/Rocigaot/status/339102601431875584"
"27/5/2013 21:33:51","","339102168516788226","","@kirovast la tendrá morcillona y no conseguirá rematar. Por eso insiste con el tema, para animarse a sí mismo. (Preciosa imagen mental)","twitter.com/Rocigaot/status/339102168516788226"
"27/5/2013 21:31:26","1","339101557629018112","1","@kirovast y más considerando que twittea con 1mano. Porque con la perra que tiene con las lesbianas desnudas,está claro que se está pajeando","twitter.com/Rocigaot/status/339101557629018112"
"27/5/2013 21:29:11","","339100992039698432","","En serio, colegas de MAR que estéis con el en la whiskería,quitadle el móvil de una vez, que ya se ha puesto en ridículo lo suficiente.","twitter.com/Rocigaot/status/339100992039698432"
"27/5/2013 21:24:45","","339099875323035648","1","Se ve que MAR está muy concienciado con lo de la clase de religión: a él en el cole le explicaron lo de 'tomad y bebed', y aún no ha parado","twitter.com/Rocigaot/status/339099875323035648"
"27/5/2013 21:07:25","","339095515461480449","","No es que Miguel Ángel Rodríguez esté twitteando borracho, es que todos los que le leemos somos sudamericanos.  https://twitter.com/marodriguezb/status/339093239544025089 …","twitter.com/Rocigaot/status/339095515461480449"
"27/5/2013 21:00:51","1","339093863035699203","","@NewIlluminatus @nebulina 'Pues espero no liarme y amputarle la pierna sana:como soy una chica...' Ya me figuro que no se puede,pero molaría","twitter.com/Rocigaot/status/339093863035699203"
"27/5/2013 1:56:14","","338805811239329792","","Con la música a todo trapo,quise decir. Al final el cabestro ha apagado y se ha ido. Ojalá algún vecino desvelado baje a rayarle el coche","twitter.com/Rocigaot/status/338805811239329792"
"27/5/2013 1:40:58","","338801968665477120","","Si le tiro una maceta al capó al gilipollas aparcado enfrente con la calle a todo trapo me pueden multar?","twitter.com/Rocigaot/status/338801968665477120"
"27/5/2013 0:59:22","","338791497589735424","","Eso de fingir que una casa está embrujada para echar a los inquilinos no salía ya en capítulos de Scooby Doo? #CuartoMilenio","twitter.com/Rocigaot/status/338791497589735424"
"27/5/2013 0:47:25","","338788489892073472","","A empanada galega é cátara porque usa pescado e masa de pan, din en #cuartomilenio. E o telepizza tamén, claro.","twitter.com/Rocigaot/status/338788489892073472"
"27/5/2013 0:26:49","","338783307032588289","","Creo que he visto en el anuncio de las natillas a la vieja de la curva del primer reportaje de  #CuartoMilenio","twitter.com/Rocigaot/status/338783307032588289"
"27/5/2013 0:00:11","2","338776604983586818","","@Sasisoto en realidad a Iker no le crece el pelo: se le va desplazando, despejando frente y moviéndose hacia atrás.","twitter.com/Rocigaot/status/338776604983586818"
"26/5/2013 23:35:16","","338770336604639232","","Al loro con el mulato, que es tan chapas que no deja meter baza a un argentino. Eso no está al alcance de cualquiera. #corina3","twitter.com/Rocigaot/status/338770336604639232"
"26/5/2013 23:22:31","1","338767126041075715","6","Sospecho que la hermana lleva años aguantando que Corina le encasquete al amigo plasta del novio de turno, y ahora se está vengando #corina3","twitter.com/Rocigaot/status/338767126041075715"
"26/5/2013 23:10:38","1","338764137201029120","1","De 0 a community manager de la policía, ¿cuánta vergüenza da el nerd canijo que rapea? #corina3","twitter.com/Rocigaot/status/338764137201029120"
"26/5/2013 22:28:12","1","338753456707878913","","@luzsmellado @maxpradera yo he oído a alguna choni llamar a su novio 'mi chorra'. Un horror, pero oye, al menos saben usar la metonimia...","twitter.com/Rocigaot/status/338753456707878913"
"26/5/2013 22:23:31","","338752278230093824","","@superpitagricas ni idea, pero algún ex concursante olvidado de popstars, OT o similares TIENE que haber acabado de poli munisipal.","twitter.com/Rocigaot/status/338752278230093824"
"26/5/2013 22:20:16","","338751458960871426","","@superpitagricas Pooooliiiis, todo por un sueño! /Pooooliiis, vamos a hostiar! Mola! (y me inquieta recordar la sintonía de popstars,eso sí)","twitter.com/Rocigaot/status/338751458960871426"
"26/5/2013 22:09:10","","338748666661707778","","Al friki ferrolano le mola la canción de 'suichilomáin'. #corina3","twitter.com/Rocigaot/status/338748666661707778"
"26/5/2013 22:01:03","","338746625923112961","","@policia si es que cómo somos de tontitas, ¿eh? Y claro, con la bobada del bolso os distraemos de vuestra rutina de apalear manifestantes","twitter.com/Rocigaot/status/338746625923112961"
"26/5/2013 18:47:27","","338697901960228864","","@SenoritaPuri o viceversa!","twitter.com/Rocigaot/status/338697901960228864"
"26/5/2013 14:54:52","","338639373035765760","","Si tendré pocas ganas de estudiar que sigo aquí a pesar de lo cansinos que estáis con la Fórmula 1...","twitter.com/Rocigaot/status/338639373035765760"
"25/5/2013 23:52:48","","338412361260093442","","Tras la primera semana de exámenes, me he concedido día libre de estudiar y autorregalo... http://via.me/-cdm1yis ","twitter.com/Rocigaot/status/338412361260093442"
"25/5/2013 23:44:02","3","338410152283738113","5","@XoseMorais Lo de Aznar es el bigote de Schrödinger: está y no está a la vez.","twitter.com/Rocigaot/status/338410152283738113"
"25/5/2013 12:34:02","","338241542143750145","","Si le vuelven a hostiar en una pelea de borrachos en el Tony's, igual también lo aplaude toda la democracia.https://twitter.com/hermanntertsch/status/338207695171641344 …ERC se querellará contra el Estado por el fusilamiento de Companys. De las pocas ejecuciones de Franco que habría aplaudido toda democracia.","twitter.com/Rocigaot/status/338241542143750145"
"24/5/2013 10:48:33","","337852609991938049","","@CaminoAna e emprendedora!","twitter.com/Rocigaot/status/337852609991938049"
"24/5/2013 10:32:49","","337848649457479680","","Una ONG dice que hoy vayamos todos con una prenda al revés para cambiar las cosas. Lo fácil que era,oye,y algunos pringaos yendo a manifas.","twitter.com/Rocigaot/status/337848649457479680"
"24/5/2013 10:23:30","","337846305692983297","","Nuevo asesinato machista.El autor había recurrido con éxito 1orden de alejamiento,supongo que para Toni Cantó era víctima de falsa denuncia.","twitter.com/Rocigaot/status/337846305692983297"
"23/5/2013 23:02:30","","337674923411644417","","Pues viendo cómo va la cocina, echas un polvo en las habitaciones del 'hotel' y te vas con 3 venéreas y el ébola de propina #chicotexxx","twitter.com/Rocigaot/status/337674923411644417"
"23/5/2013 22:58:24","","337673893068283904","","Chicote acaba de descubrir que hay quien acaba trabajando de camarero porque no tiene trabajo de lo suyo. #paradlasrotativas #chicotexxx","twitter.com/Rocigaot/status/337673893068283904"
"23/5/2013 22:52:10","","337672325510070272","","@Hominidio @xoancastro pos creo que sí, acabo de buscar porco teixo e sáenme fotos do mesmo, pero nunca vin un en persona (bueno, en bicho)","twitter.com/Rocigaot/status/337672325510070272"
"23/5/2013 22:27:17","","337666063552638976","","@xoancastro juas! non conseguin abrilo até agora, que antes estaba co móbil e colapsou!","twitter.com/Rocigaot/status/337666063552638976"
"23/5/2013 22:14:19","","337662801294278656","","Anda, que con minucias coma o de Blesa e o de Paz Andrade e compañía pasóuseme por alto comentar este notición! http://www.religionenlibertad.com/articulo.asp?idarticulo=29326 …","twitter.com/Rocigaot/status/337662801294278656"
"23/5/2013 22:12:15","","337662279510290432","","O da imputación do noso gran amigo Alfonso é un viral lanzado polos guionistas de #oproxecto para promocionar o libro de @alberto_ramos","twitter.com/Rocigaot/status/337662279510290432"
"23/5/2013 22:06:59","","337660955485954048","","@Ch4_13 yo quiero un crossover en el que el chino vasco conozca a Toya, la de Quién Quiere Casarse con mi Hijo!","twitter.com/Rocigaot/status/337660955485954048"
"23/5/2013 21:59:10","","337658987023577088","","@Ch4_13 ya te digo! y la pena es que ya echaron al vampiro amo de casa fan de OBK!","twitter.com/Rocigaot/status/337658987023577088"
"23/5/2013 16:20:53","","337573852928425985","","@joseprecedo igual es un pelo transplantado que les impulsa a hacer el mal. Como cuando a Homer le ponían el pelo de Snake.","twitter.com/Rocigaot/status/337573852928425985"
"23/5/2013 15:03:07","","337554285011300352","","@Klarilis podía ser incluso mejor y poner 'cruz de navajas' para apuñalamientos,y así con todo...","twitter.com/Rocigaot/status/337554285011300352"
"23/5/2013 14:58:27","","337553111168192514","","El PP no hizo esos pagos a Blesa. Es que estaban organizando la contabilidad, y de repente entró un mapache...","twitter.com/Rocigaot/status/337553111168192514"
"23/5/2013 1:10:02","","337344632373538817","","Espérate, que igual a Amnistía Internacional los detienen también... http://www.20minutos.es/noticia/1821834/0/amnistia-internacional/policias-manifestaciones-antidisturbios/desalojo-forzoso-desahucios/ …","twitter.com/Rocigaot/status/337344632373538817"
"21/5/2013 23:05:05","1","336950797424275456","","@Marmota_Maligna yo el 20N escapé por milímetros de que una me cagara encima justo al salir de votar. Tenía pinta de represalia política...","twitter.com/Rocigaot/status/336950797424275456"
"21/5/2013 22:19:31","","336939331375751168","","@alberto_ramos si, pero estaba en letargo: agora seica despertaron á bestia...","twitter.com/Rocigaot/status/336939331375751168"
"21/5/2013 22:16:22","","336938539696652289","","Gensanta, que igual volve Aznar. E eu que xa estaba consternada co da volta de Duncan Dhu...","twitter.com/Rocigaot/status/336938539696652289"
"21/5/2013 21:07:18","","336921159935340545","","@Klarilis y a lo mejor tampoco hace falta que uséis apelativos cariñosos, rollo 'mi peluchín' o 'cari', cuando habléis en el muro del FB","twitter.com/Rocigaot/status/336921159935340545"
"21/5/2013 21:04:24","","336920428935254016","","@xoancastro pero sen bigote. Creo. Espera que me mire no espello que agora que estou de encierro bibliotecario levo tempo sen ir á pelu.","twitter.com/Rocigaot/status/336920428935254016"
"21/5/2013 20:51:27","1","336917170216914944","1","Si no tuviera examen mañana y temiera matar neuronas,vería lo de Aznar con 1botella de vodka, y 1chupito por cada 'cuando yo era presidente'","twitter.com/Rocigaot/status/336917170216914944"
"21/5/2013 15:24:32","1","336834899464036352","","@Klarilis me puedes pasar los apuntes del tema 'Churruscamiento de enemigos con dragón'? Es para una cosa.","twitter.com/Rocigaot/status/336834899464036352"
"21/5/2013 15:17:31","","336833130675728384","","@SuNotissima si se lo planteas te dirán que 'hombre por dios, no me compares' y se quedarán tan anchos, ya verás...","twitter.com/Rocigaot/status/336833130675728384"
"21/5/2013 11:19:45","","336773298341953537","","@joseprecedo y más desconcertante aún es que a mucha gente le cuele. Igual que con Rosa Díez.","twitter.com/Rocigaot/status/336773298341953537"
"21/5/2013 1:20:32","","336622499636858882","","@SenoritaPuri igual sí que la ofició el cura de Churra,y como es un hombre nocturno hacían falta 32.000 euros en bombillas para compensar","twitter.com/Rocigaot/status/336622499636858882"
"21/5/2013 1:12:25","","336620456566198273","","@Tawil pasoulle algo á cabra, que é o que me ten nun sinvivir?","twitter.com/Rocigaot/status/336620456566198273"
"21/5/2013 1:09:23","","336619690728247296","","Sí, es la 3ª vez que lo enlazo,pero ya que La Razón lleva a portada las faltas de ortografía ajenas en twitter...https://twitter.com/pacomarhuenda/status/200580814487044097 …Siento dar un disgusto a los que vivís instalados en el odio y os gusta aplaudir a los proetarras de amaiur:  ya se poner las tildes","twitter.com/Rocigaot/status/336619690728247296"
"21/5/2013 1:02:25","","336617940663275520","1","@AntonioMaestre deben de pensar que ya nos olvidamos de aquel glorioso tweet de Marhuenda de 'ya se usar las tildes'...","twitter.com/Rocigaot/status/336617940663275520"
"21/5/2013 0:22:32","","336607902917865473","1","La Gurtel ya podía haberle hecho este regalo a la infanta Elena, para hacer el chiste de 'ya no podéis decir que tenga pocas luces'...","twitter.com/Rocigaot/status/336607902917865473"
"21/5/2013 0:10:47","","336604946239729665","","@nebulina no nos caerá esa breva, aunque molaría. A este paso habrá manifas pidiedo el reagrupamiento de presos de la boda Agag-Aznar...","twitter.com/Rocigaot/status/336604946239729665"
"21/5/2013 0:06:55","","336603973748412416","","@nebulina le pueden dar la custodia a los abuelos. Todo sea que la yaya Ana no se los olvide en un spa.","twitter.com/Rocigaot/status/336603973748412416"
"20/5/2013 23:47:40","1","336599126408048641","","Al final, de la boda de Ana Aznar, van a acabar imputados hasta los niños de las arras.","twitter.com/Rocigaot/status/336599126408048641"
"20/5/2013 21:27:42","","336563904169791488","","@FacuDiazT @marodriguezb no se lo tengas en cuenta. Alguna gente cuando bebe se pone muy susceptible.","twitter.com/Rocigaot/status/336563904169791488"
"20/5/2013 1:44:45","","336266204505309185","","O veterinario relata a súa experiencia paranormal, e aproveita para deixar caer que o seu coche é un BMW. A cousa é fardar #navedejuanpalomo","twitter.com/Rocigaot/status/336266204505309185"
"20/5/2013 1:38:17","","336264579153817601","","@Hominidio pero explicouche cómo se distingue o sexo das moscas? Que agora vou quedar coa dúbida!","twitter.com/Rocigaot/status/336264579153817601"
"20/5/2013 1:34:22","","336263590497619969","","@Hominidio é o bo que teñen os biólogos, o doado que é telos entretenidos. Distráense cunha mosca, literalmente.","twitter.com/Rocigaot/status/336263590497619969"
"20/5/2013 1:30:45","","336262680501436416","","Os naturalistas pasan a tarde vendo cómo pelean dous alacranes.E logo dicides que os de letras estudiamos cousas absurdas. #navedeJuanPalomo","twitter.com/Rocigaot/status/336262680501436416"
"20/5/2013 1:21:47","","336260424586645504","","A cousa é: As arañas estas son das que a FAO di que se poden comer?Arias Cañete xa as probou? #NavedeJuanPalomo","twitter.com/Rocigaot/status/336260424586645504"
"20/5/2013 1:20:19","","336260058121916417","","A próxima vez que me entre un bicho en casa, lembrádeme que antes de matala mentras grito 'qué asco!', saque unha foto pra #NavedeJuanPalomo","twitter.com/Rocigaot/status/336260058121916417"
"20/5/2013 1:17:19","1","336259299498135552","2","Hoxe, na #NavedeJuanPalomo, nova exclusiva escalofriante. As arañas, vistas de cerca e ampliadas, son feas de collóns. Quen o ía dicir.","twitter.com/Rocigaot/status/336259299498135552"
"20/5/2013 0:51:35","","336252825053040641","2","El anuncio del pest reject tenía que ir justo después del reportaje de bichos, para pillarnos en modo insectófobo. Qué poca visión comercial","twitter.com/Rocigaot/status/336252825053040641"
"20/5/2013 0:49:27","","336252289012625409","","@puchoboedo me pasó antes, que estaba distraída y de golpe los bichos. Que por otro lado, son feos, pero paranormales no son!","twitter.com/Rocigaot/status/336252289012625409"
"20/5/2013 0:46:29","","336251543328284672","","@puchoboedo yo estoy esperando que empiece a aparecerse el fantasma de Videla. Tal cual murió, desnudo en la ducha y octogenario. Temazo.","twitter.com/Rocigaot/status/336251543328284672"
"20/5/2013 0:44:37","1","336251071397785600","","Paco está en un teatro pidiendo que alguien se manifieste. Ahora va y aparece Willy Toledo. #CuartoMilenio","twitter.com/Rocigaot/status/336251071397785600"
"20/5/2013 0:39:39","","336249824062087169","","Paco, ya puedes encontrar un fantasma sin cabeza en cero coma o yo me piro a dormir, que mañana madrugo #CuartoMilenio","twitter.com/Rocigaot/status/336249824062087169"
"20/5/2013 0:10:21","","336242449863282689","1","'Otra vuelta de tuerca, que decía el famoso literato al que no voy a nombrar porque no tengo puta idea de quién es' #cuartomilenio","twitter.com/Rocigaot/status/336242449863282689"
"20/5/2013 0:02:18","","336240423737651200","","@perradesatan lo llevo pensando desde que lo vi. Un llavero, o un colgante de esos con ventosa para el parabrisas del coche. #cuartomilenio","twitter.com/Rocigaot/status/336240423737651200"
"20/5/2013 0:01:05","","336240115368202241","","@Marmota_Maligna Ya te digo! Lo de Calatrava ya es inexplicable para los contemporáneos, no digamos para la gente del futuro!","twitter.com/Rocigaot/status/336240115368202241"
"19/5/2013 23:57:21","","336239175508566017","","@Marmota_Maligna  podemos dejar cosas también para rayar al Friker del futuro. El Ecce Homo,el mejillón mascota de la Vuelta Ciclista...","twitter.com/Rocigaot/status/336239175508566017"
"19/5/2013 23:55:07","","336238614851776512","","¿Sabéis que tengo un profe que habla como Santi Camacho? Un Santi Camacho hablando inglés. La prueba de listening definitiva. #CuartoMilenio","twitter.com/Rocigaot/status/336238614851776512"
"19/5/2013 23:51:38","","336237740159037441","","Acabo de ver un anuncio donde Martina Klein le planta delante un batido dietético a una chica gordita.A los de Nestlé se les ha ido del todo","twitter.com/Rocigaot/status/336237740159037441"
"19/5/2013 23:27:40","","336231707059564545","1","Al final, a lo tonto, mientras hace como que es la confesora, la hermana se acabará calzando a unos cuantos, ya veréis  #corina2","twitter.com/Rocigaot/status/336231707059564545"
"19/5/2013 22:59:51","1","336224705377873921","","Confundir la ikurriña con la bandera china pero hacerle tests de cultura general a tus pretendientes. Con un par. #corina2","twitter.com/Rocigaot/status/336224705377873921"
"19/5/2013 22:56:40","","336223906723667968","","Luján está anunciando el gel íntimo Chilly! Ha puesto más cara de circunstancias diciendo el slogan que tratando con los freaks del programa","twitter.com/Rocigaot/status/336223906723667968"
"19/5/2013 21:03:58","","336195544789680128","","Di a ministra que non pecha ningunha estación. Só que os que sodes de aldea teredes que aprender a subir en marcha.  http://www.publico.es/455648/pastor-no-se-cerraran-estaciones-pero-el-tren-no-parara-en-ellas …","twitter.com/Rocigaot/status/336195544789680128"
"19/5/2013 16:26:05","1","336125612710301697","","@NewIlluminatus @callaquenoveo me encanta el contador de calorías. Ya se sabe,hasta que no pescas marido no puedes permitirte estar gorda.","twitter.com/Rocigaot/status/336125612710301697"
"19/5/2013 15:46:04","","336115541725048834","1","@xoancastro Eurofans, reintegratas e viceversa. Da para un programón.","twitter.com/Rocigaot/status/336115541725048834"
"19/5/2013 15:38:26","1","336113622365392896","","@dodavazquez Gracias! no soy yo muy de celebrar el santo,pero que el ateísmo no me impida que caiga algún regalo!","twitter.com/Rocigaot/status/336113622365392896"
"19/5/2013 15:02:01","1","336104456095674369","","Y menos mal que existe twitter, que desde que no tenemos a Carmina lavándose los pies con cerveza en Gente nunca sabía cuándo caía mi santo","twitter.com/Rocigaot/status/336104456095674369"
"19/5/2013 15:00:49","","336104152746835970","","Igual que a FAES ser neoliberal no le impide aceptar subvenciones, ser atea no me impide aceptar los regalos de santo que queráis hacerme.","twitter.com/Rocigaot/status/336104152746835970"
"19/5/2013 13:03:19","","336074585453776896","","@ComandanteVimes ya estamos con los de '!etras'.Dice ahora Wert que sólo nos pone tasazo a nosotros y muchos de ciencias firmaban.","twitter.com/Rocigaot/status/336074585453776896"
"19/5/2013 0:27:38","3","335884408856911874","3","España ha perdido porque son muchas culturas diferentes y en muchas de esas culturas no gustan las cantantes que desafinan. #trospidvisión","twitter.com/Rocigaot/status/335884408856911874"
"19/5/2013 0:15:05","","335881251019972609","","No me explico que un país tan dado al bebercio como Irlanda no dé un triste punto al 'Alcohol is free' de los griegos. #trospidvisión","twitter.com/Rocigaot/status/335881251019972609"
"19/5/2013 0:11:14","","335880283201093632","","La alemana se ha marcado un Adriana Ugarte al dar las votaciones! #trospidvisión","twitter.com/Rocigaot/status/335880283201093632"
"18/5/2013 23:57:09","","335876739932778496","","Italia da dos puntos a España en desagravio por tantos años mandando discos de Eros Ramazotti y ligones de playa brasas #trospidvisión","twitter.com/Rocigaot/status/335876739932778496"
"18/5/2013 23:38:29","","335872040823291908","","@xoancastro e se non ganan, podemos facer un 'Galicia qué hermosa eres' coma os que se facían de Murcia, con mesma ubicación e resultado","twitter.com/Rocigaot/status/335872040823291908"
"18/5/2013 23:36:13","","335871470372790273","","@mipazos Ultrafan dos dous!","twitter.com/Rocigaot/status/335871470372790273"
"18/5/2013 23:35:29","","335871287752806401","","@Ch4_13 sabia elección! lo malo es como ganen y tengan que gastar pasta en montar la gala en 2014! TVE fue más previsora en eso!","twitter.com/Rocigaot/status/335871287752806401"
"18/5/2013 22:44:33","","335858470484066304","1","@Ch4_13 El rumano era una especie de Tino Casal-vampírico-castrati. Inenarrable.","twitter.com/Rocigaot/status/335858470484066304"
"18/5/2013 22:44:04","","335858348547264513","","Como Merkel esté viendo #trospidvisión y haya oído a los griegos decir que 'Alcohol is free', los echa del euro por pasar de la austeridad","twitter.com/Rocigaot/status/335858348547264513"
"18/5/2013 22:41:40","","335857744642990081","","Grecia le está haciendo la competencia muuuuy seriamente a Rumanía como mi favorita de #trospidvisión.","twitter.com/Rocigaot/status/335857744642990081"
"18/5/2013 22:21:50","","335852752766902274","1","Cantante de Suecia, devuélvele a Homer su pistola de maquillar. Primer aviso. #trospidvisión","twitter.com/Rocigaot/status/335852752766902274"
"18/5/2013 22:13:56","1","335850761814700032","1","Siguiendo mi tradición de ir siempre con el más friki, creo que este año voy con Rumanía. No puede haber algo más tróspido.  #trospidvisión","twitter.com/Rocigaot/status/335850761814700032"
"18/5/2013 21:47:51","","335844201440874496","","Al de Malta le han grapado la boca en posición sonrisa antes de salir, como a Lisa Simpson cuando bailaba claqué. #trospidvisión","twitter.com/Rocigaot/status/335844201440874496"
"18/5/2013 21:36:46","","335841410383228928","","Me encanta el paso de baile de 'me estoy aguantando el pis' que han hecho hace un momento las bailarinas de Bélgica #trospidvisión","twitter.com/Rocigaot/status/335841410383228928"
"18/5/2013 21:35:11","","335841013862125568","","Cualquier sábado noche a las tres de la mañana pasan por mi calle grupos de adolescentes borrachas cantando, y afinan más #trospidvisión","twitter.com/Rocigaot/status/335841013862125568"
"18/5/2013 21:29:07","","335839483629015042","","A la finlandesa le falta la polla diadema y la banda de miss para mimetizarse en cualquier despedida de soltera en el Orzán. #trospidvisión","twitter.com/Rocigaot/status/335839483629015042"
"18/5/2013 2:44:36","","335556490406555649","","@ComandanteVimes 'Si pide a sus colegas o al portero del bar que la libren de ti no es que no le intereses:quiere verte luchar por ella'","twitter.com/Rocigaot/status/335556490406555649"
"18/5/2013 2:33:11","","335553617052438529","","@ComandanteVimes me encanta lo de 'insiste aunque digan que tienen novio, a veces mienten'. Sí,a veces mentimos,¡para que nos dejen en paz!","twitter.com/Rocigaot/status/335553617052438529"
"18/5/2013 2:25:54","1","335551785945149441","","@MrInsustancial iba a compadecer al guardaespaldas, pero oye, los demás no ganamos pasta cuando soportamos a un amigo con borrachera plasta","twitter.com/Rocigaot/status/335551785945149441"
"18/5/2013 2:23:24","","335551155235069952","","@ComandanteVimes ¿cuantos treintañeros vírgenes calculas que habrá leyendo esas perlas de Hombres Superiores que merecen mujeres superiores?","twitter.com/Rocigaot/status/335551155235069952"
"18/5/2013 2:17:57","","335549784242929664","","@ComandanteVimes gensanta, qué cosa más penosa! y yo que pensaba que los consejos para ligar de la Cosmopolitan eran lo puto peor!","twitter.com/Rocigaot/status/335549784242929664"
"18/5/2013 2:12:12","1","335548335849078784","","@MrInsustancial yo creo que está bebiendo solo. Un colega ya le habría quitado el móvil hace rato para que dejara de hacer el ridículo...","twitter.com/Rocigaot/status/335548335849078784"
"17/5/2013 23:59:51","","335515029938008065","","Cuestionarios de satisfacción con asignaturas que te preguntan con qué frecuencia asistías a las tutorías que no había. Aplauso, por favor.","twitter.com/Rocigaot/status/335515029938008065"
"17/5/2013 22:06:21","","335486466497081345","","Si la SuperPop siguiera en los kioskos, Laparra habría visto ahí el conjuro y se ahorraba la pasta y la bronca...  http://www.antena3.com/noticias/sociedad/cuatro-personas-asaltan-vivienda-pitonisa-fallar-prediccion_2013051700251.html …","twitter.com/Rocigaot/status/335486466497081345"
"17/5/2013 19:33:45","","335448065714569217","","MAR no tiene amigos que le confisquen el móvil cuando bebe?yo con mis amigas ya lo hacía antes de twitter,en borracheras post-ruptura...","twitter.com/Rocigaot/status/335448065714569217"
"17/5/2013 18:15:06","","335428272924012544","","Eu encerrada na biblio un festivo e Miguel Ángel Rodríguez twitteando pedo a tal hora. A vida non é xusta.","twitter.com/Rocigaot/status/335428272924012544"
"16/5/2013 23:41:26","","335148009006460928","","@CristianMas86 claro que eso en el audiovisual y el periodismo entra dentro de lo esperable, tampoco van a ser menos los futuros chefs!","twitter.com/Rocigaot/status/335148009006460928"
"16/5/2013 23:38:53","","335147364752953344","2","Chicote llega a un acuerdo para que manden a estudiantes de cocina a hacer prácticas con un jefe borracho. ¡Suertudos!  #pescastilla","twitter.com/Rocigaot/status/335147364752953344"
"16/5/2013 23:26:26","","335144233298173952","","@xoancastro neste caso eu sería parttidaria da perpetua revisable. Ou sen revisar, mesmo...","twitter.com/Rocigaot/status/335144233298173952"
"16/5/2013 23:23:17","","335143442332135424","","@xoancastro Hala, esaxerado! En Soto del Real non están actuando os de Siempre Así!","twitter.com/Rocigaot/status/335143442332135424"
"16/5/2013 23:11:40","","335140516838666240","","Me he ido de viaje a Brasil, y los empleados cobran cuando pueden que pa eso son mis amigos. Cristóbal, 'empresario' y 'amigo'. #pescastilla","twitter.com/Rocigaot/status/335140516838666240"
"16/5/2013 9:59:39","1","334941199041458176","","mamás:si os da tiempo a estar de charla en la puerta del cole,tenéis tiempo también para aparcar el puto coche sin cortar el tráfico. Besis.","twitter.com/Rocigaot/status/334941199041458176"
"16/5/2013 2:03:31","","334821378098339842","","@CaminoAna sorprenderate que alguén poida odiar unha asignatura tan bonita, pero si, debo confesar!","twitter.com/Rocigaot/status/334821378098339842"
"16/5/2013 0:33:32","","334798729594949632","","@Ika80Bcn genial! mañana me pongo con ellos, que por hoy ya le llega! ;) Graciñas!","twitter.com/Rocigaot/status/334798729594949632"
"16/5/2013 0:06:22","","334791895198883840","","@Ika80Bcn sí, hablé demasiado pronto, aún se están descargando archivos! ya te diré cómo va la cosa, que la semana que viene empiezo exams!","twitter.com/Rocigaot/status/334791895198883840"
"15/5/2013 23:59:32","","334790175966240768","","@Ika80Bcn hala, ya me he bajado los apuntes! Gracias mil, a ver si me aclaro algo más, que voy a soñar con los arbolitos de las narices!","twitter.com/Rocigaot/status/334790175966240768"
"15/5/2013 23:54:49","","334788990123245569","","@Ika80Bcn Tienes DM! Yo por suerte en el examen sólo tengo que traducir, no leer, o iba a ser de chiste, que yo también me voy al actual! xD","twitter.com/Rocigaot/status/334788990123245569"
"15/5/2013 23:46:07","","334786799291486208","","@Ika80Bcn Sí, tengo! Y el Old English cuando le pillas el truco mola, es como las traducciones de latín! (sí, extraño concepto de 'molar')","twitter.com/Rocigaot/status/334786799291486208"
"15/5/2013 23:15:55","","334779199564963840","","@Ika80Bcn y yo, que aunque siempre fui más de lite me estaba reconciliando con la parte de lingüística...¡prefiero el Old English!","twitter.com/Rocigaot/status/334779199564963840"
"15/5/2013 23:07:20","","334777039414501376","","¿Os conté lo mucho, mucho que odio Syntax y la x-bar theory de los cojones? #filólogaenfurecida #señorllévamepronto","twitter.com/Rocigaot/status/334777039414501376"
"15/5/2013 14:48:38","","334651538221977600","","En A3 están poniendo el capítulo en el que Lisa Simpson de mayor es presidenta.¡Sí, el del discurso de subida de impuestos que copió Soraya!","twitter.com/Rocigaot/status/334651538221977600"
"14/5/2013 22:17:31","","334402112966500352","","@carlosecue @luzsmellado claro, es que la gente decente ni a 30grados se destapa.Yo mañana mismo voy a comprar unos pololos, que no se diga.","twitter.com/Rocigaot/status/334402112966500352"
"14/5/2013 21:46:14","","334394242627674112","","Cualquier día de estos, temazo de actualidad en TeleSomoano: '¿Tu marido te pega más de lo normal?'","twitter.com/Rocigaot/status/334394242627674112"
"14/5/2013 21:39:16","","334392486766182400","","Tras esa amenaza para la moralidad que es la minifalda, mañana Somoano igual descubre el rock, esa nueva música endemoniada. #backtothe50s","twitter.com/Rocigaot/status/334392486766182400"
"13/5/2013 22:10:18","","334037907885158401","","A juzgar por lo rápido que pierdo followers desde que estoy de exámenes, diría que no os fascinan mis tweets cagándome en el Old English.","twitter.com/Rocigaot/status/334037907885158401"
"13/5/2013 0:26:23","","333709769821003778","","E todo porque, digan o que digan os tertulianos de Friker, todavía non teño unha réplica cyborg que madrugue por min e vaia selar o paro...","twitter.com/Rocigaot/status/333709769821003778"
"13/5/2013 0:24:31","","333709298968440833","","Creo que vou deixar a Friker a medias, que mañá toca estudiar e ir á xunta de accionistas da empresa de 6millóns de socios na que estou...","twitter.com/Rocigaot/status/333709298968440833"
"13/5/2013 0:09:21","","333705482206339073","","Menos paranoia, que en el 2000 íbamos a tener sirvientes cyborg y como mucho si tienes pasta tienes la Roomba y la termomix. #CuartoMilenio","twitter.com/Rocigaot/status/333705482206339073"
"12/5/2013 23:56:56","","333702356552278016","","En Cuarto Milenio dicen que si llevas audífono o marcapasos ya eres un poco cyborg. Pues tengo varias amigas androides, ¡qué cosas!","twitter.com/Rocigaot/status/333702356552278016"
"12/5/2013 23:47:34","","333699999659606016","","Menudo fucker debe de estar hecho el de Cuarto Milenio que dice que no consigue distinguir a la cyborg de la chica real...","twitter.com/Rocigaot/status/333699999659606016"
"12/5/2013 23:40:33","","333698232792252417","","A Santi Camacho le escribe 'robótica' o 'paranormal' el mismo guionista cabrón que hace a Rajoy decir mil veces 'inshidias' en sus discursos","twitter.com/Rocigaot/status/333698232792252417"
"12/5/2013 23:27:05","","333694846395092994","","Ya que lo han echado de lo de la Corina tróspida, podían meter en Cuarto Milenio al vampiro fan de OBK que te hace las tareas del hogar.","twitter.com/Rocigaot/status/333694846395092994"
"11/5/2013 22:36:26","","333319709455958017","","@RubenGaldon Desde los tiempos de Teté Delgado no teníamos un famosillo con un apellido que se prestara tanto al chiste malo...","twitter.com/Rocigaot/status/333319709455958017"
"11/5/2013 22:32:35","","333318740789825536","","Claro que igual le quitan el carnet a tantos del PP porque les pasa como a Alfonso Rojo:se beben 500 euros y creen que llevan sólo dos cañas","twitter.com/Rocigaot/status/333318740789825536"
"11/5/2013 22:31:08","","333318378502639618","2","¿En serio ha dicho Alfonso Rojo que lo que vale la matrícula de la universidad son 4 cañas? Alfonso, si te cobran eso, el del bar te tima...","twitter.com/Rocigaot/status/333318378502639618"
"11/5/2013 12:28:23","","333166689292259328","","@callaquenoveo yo me he comprado en etsy un cinturón de castidad super 'cute' con estampado de cupcakes. Lo voy a petar en Imstagram.","twitter.com/Rocigaot/status/333166689292259328"
"10/5/2013 12:08:47","","332799369961164800","","@Irreductible porque no me quiero dedicar a asaltar casas, que si no lo de los programas de Divinity me daba una idea cojonuda...","twitter.com/Rocigaot/status/332799369961164800"
"10/5/2013 11:47:33","","332794025620946946","","45minutos para encontrar el móvil en mi habitación. Pero oye, aparecieron unas botas que había estado buscando sin éxito hace 3meses!","twitter.com/Rocigaot/status/332794025620946946"
"10/5/2013 0:17:47","","332620440285638656","","En serio, para qué importades horteradas iankis coma as damas de honor e lanzar o ramo?coas horteradas autóctonas vodiles chéganos! #casamos","twitter.com/Rocigaot/status/332620440285638656"
"10/5/2013 0:13:45","","332619426526547969","","Cambiei a tempo a #casamos , vodatróspida pata negra: o noivo de blanco, a noiva cantando, ambos cos amigos facendo coreografía no banquete","twitter.com/Rocigaot/status/332619426526547969"
"9/5/2013 23:39:35","","332610828228497408","","Me llamaréis clásica, pero a mí lo del sushi con boquerones, como que no. #Chi_kho_te","twitter.com/Rocigaot/status/332610828228497408"
"9/5/2013 23:36:33","","332610064101801984","","Y no van a ir Baldo y la novia petarda a trollear en la reinauguración? Productores de #Chi_kho_te, teníais que haberles mandado invitación!","twitter.com/Rocigaot/status/332610064101801984"
"9/5/2013 23:29:25","","332608267182284801","","Ah, pero el restaurante es japonés y los cocineros son chinos? Me he incorporado tarde, qué pasa! #Chi_Kho_Te","twitter.com/Rocigaot/status/332608267182284801"
"9/5/2013 23:27:08","","332607692893995008","4","Si el Baldo y la novia van en serio que se esterilicen, por dior. Que de la mezcla de esas dos joyas puede salir el anticristo. #Chi_Kho_Te","twitter.com/Rocigaot/status/332607692893995008"
"9/5/2013 22:00:39","","332585929904631808","","@eva_rodri lo había visto y no sabía si era verdad o un fake. Normal que sea con 'cero visiblidad', tengo cada mensaje freak ahí...","twitter.com/Rocigaot/status/332585929904631808"
"9/5/2013 21:57:53","","332585233234919426","","Está bien ver que hay gente que aún tiene claras las prioridades...https://twitter.com/jorgepelli/status/332447798962307072 …El PSOE los quiere quitar, pero gracias a un Gobierno del PP podremos seguir disfrutando del verano #enelchiringuito","twitter.com/Rocigaot/status/332585233234919426"
"9/5/2013 21:39:20","","332580566438387712","","En serio,gente que manda privados a desconocidas para decirles lo que deben creer: ¿No tenéis amigos propios a los que dar el coñazo?","twitter.com/Rocigaot/status/332580566438387712"
"9/5/2013 21:34:47","","332579421867364352","","Entre otros hay un mensaje de uno que me llama 'señorita' y dice que puede pasarme documentación para quitarme mi aversión a la Iglesia #WTF","twitter.com/Rocigaot/status/332579421867364352"
"9/5/2013 21:33:13","","332579026759725056","","Acabo de descubrir, por un tweet de @eva_rodri ,la carpeta de 'otros' de los mensajes de Facebook. ¿Quién es esa gente y por qué me escribe?","twitter.com/Rocigaot/status/332579026759725056"
"9/5/2013 17:55:18","","332524183722549249","","Eh,vecino, si oyes voces extrañas,no he montado una invocación satánica en casa: son audios de poemas en Old English que me entran en examen","twitter.com/Rocigaot/status/332524183722549249"
"9/5/2013 15:48:00","","332492150921101312","","A ver, confesad,¿quién ha conseguido colar a un infiltrado para llevarle imagen y comunicación a Rajoy?¿IU,15-M...? http://www.publico.es/455003/rajoy-se-moderniza-en-su-nueva-foto-de-facebook-empuna-un-lapicero …","twitter.com/Rocigaot/status/332492150921101312"
"9/5/2013 1:30:08","","332276262292815872","","@CaminoAna tamén hai que decir que tiñamos que velo vir cando encomendaron á Virxe o de arreglar o paro....","twitter.com/Rocigaot/status/332276262292815872"
"9/5/2013 1:26:28","","332275339524976640","","@CaminoAna A Deus rogando e co mazo dando. Ou directamente, pasar de rogar e dar co mazo. A eles, ben forte, na cabeza.","twitter.com/Rocigaot/status/332275339524976640"
"9/5/2013 0:51:23","","332266508233359361","","Así que por esta lumbreriña hai hoxe tantas coñas de cefalópodos? o que me perdo por estar a voltas co Old English!https://twitter.com/BeatrizEscu/status/331899479756271617 …Los proabortistas votan defender los embriones de cefalopodos y mamíferos porque sufren. Por qué no defienden el embrión de un ser humano?","twitter.com/Rocigaot/status/332266508233359361"
"8/5/2013 22:57:18","","332237798499291137","","Pues ya he visto dos nuevas tiendas de yogur helado en el paseo marítimo. Claro, hay que sacar rentabilidad del eterno verano coruñés...","twitter.com/Rocigaot/status/332237798499291137"
"8/5/2013 20:53:00","","332206515773652992","","Quiensea que tiene el libro de Syntax de la bibliouned de Coruña, por si me lee: te tocaba devolverlo el pasado viernes. #graciasdenada.","twitter.com/Rocigaot/status/332206515773652992"
"7/5/2013 14:38:24","1","331749859759640577","","Que soltar gilipolleces sobre ETA te pase más factura siendo concursante de un reality que siendo ministro tiene su guasa, no me digáis...","twitter.com/Rocigaot/status/331749859759640577"
"7/5/2013 14:14:32","","331743853788934144","1","Disney ya está preparando la peli de la princesa a la que los jueces malos quieren imputar pero al final se salva con la ayuda de los amigos","twitter.com/Rocigaot/status/331743853788934144"
"7/5/2013 14:00:15","","331740258406387712","","Según el ministro de Interior, los abortos también son ETA pero un poquito sólo.  http://www.huffingtonpost.es/2013/05/07/jorge-fernandez-diaz-el-a_n_3228424.html?ncid=edlinkusaolp00000003 …","twitter.com/Rocigaot/status/331740258406387712"
"7/5/2013 11:26:53","","331701659585638400","","@pmarsupia Qué grande el tío!","twitter.com/Rocigaot/status/331701659585638400"
"6/5/2013 22:17:35","","331503026395291648","","@Barbijaputa te has perdido también al entrevistado callejero que apoya a Rajoy y vende kleenex en el metro?","twitter.com/Rocigaot/status/331503026395291648"
"6/5/2013 22:13:14","","331501933711982592","","@Hominidio igual coincidiu que xusto pararon ao tío que ten a conta e aproveitou pra autopromocionarse!","twitter.com/Rocigaot/status/331501933711982592"
"6/5/2013 22:05:19","","331499940209631233","","@Hominidio estamos todos a poñer o mesmo, ao final  @Obrero_Liberal vai ser TT. Ou vaille reventar a pestaña de mencións, polo menos!","twitter.com/Rocigaot/status/331499940209631233"
"6/5/2013 21:17:52","","331488000041164801","","@NJMagazine me acuerdo de las de clase 'tatúandose' el TT con la aguja del compás.Oye, si les quedó cicatriz pueden decir que son twitteras!","twitter.com/Rocigaot/status/331488000041164801"
"6/5/2013 12:08:16","","331349688982835200","","@alberto_ramos @xoancastro @CaminoAna entón non serías ti o de Cuarto Milenio, pero non descartes sair en Callejeros!","twitter.com/Rocigaot/status/331349688982835200"
"6/5/2013 1:46:45","","331193279167201281","","@xoancastro @CaminoAna @alberto_ramos pero as psicofonías son só de voz! Sempre podemos consultar ao gabinete de expertos de Friker...","twitter.com/Rocigaot/status/331193279167201281"
"6/5/2013 1:35:05","","331190340356829185","","@xoancastro @CaminoAna @alberto_ramos tamén é certo. Coma cando Feijóo envió accidentalmente a súa proxección astral ao barco de Dorado.","twitter.com/Rocigaot/status/331190340356829185"
"6/5/2013 1:30:59","","331189310038634498","","@CaminoAna @xoancastro @alberto_ramos igual o convenceron pra facer de extra despois de que o emborracharan as monxas.E agora non se lembra","twitter.com/Rocigaot/status/331189310038634498"
"6/5/2013 1:26:05","","331188077869535232","","@CaminoAna @xoancastro @alberto_ramos sería el?a ver si nos dixo que foi a Granada e en verdade está facendo de extra pra Friker!","twitter.com/Rocigaot/status/331188077869535232"
"6/5/2013 1:25:03","","331187817088696320","","@CaminoAna @xoancastro creería tal, eu dunha facultade de xornalismo podo crer calqueira cousa...","twitter.com/Rocigaot/status/331187817088696320"
"6/5/2013 0:43:04","","331177250194087936","","@xoancastro @CaminoAna eu non estudiei en Santiago, pero en calqueira fac. de xornalismo ves cousas que dan máis repeluco que o de Friker...","twitter.com/Rocigaot/status/331177250194087936"
"6/5/2013 0:37:39","","331175886827188224","","Igual o que este fulano considera un ser 'grisáceo' era simplemente alguén que non ía ao solarium. #tanorexia #cuartomilenio #navedejoki","twitter.com/Rocigaot/status/331175886827188224"
"6/5/2013 0:25:06","","331172728763723776","","@Marmota_Maligna creo que sí, pero tampoco tengo un bote a mano para comprobarlo...Pero dice Arias Cañete que él se lo come igual :D","twitter.com/Rocigaot/status/331172728763723776"
"6/5/2013 0:19:54","","331171423169171457","","@MdRobespierre creo que prefiro o polonio...","twitter.com/Rocigaot/status/331171423169171457"
"6/5/2013 0:16:41","","331170611504218112","","Vale, esquecede o ricino. Eu o que quero é un spray de polonio. Así podo levalo no bolso, que nunca se sabe cando pode ser útil. #navedejoki","twitter.com/Rocigaot/status/331170611504218112"
"6/5/2013 0:14:12","","331169985466621954","","@nebulina sí, esos que dicen sin mirar siquiera 'alvariiito, para un poco...' mientras su enano lo tira todo,lo rompe todo y molesta a todos","twitter.com/Rocigaot/status/331169985466621954"
"6/5/2013 0:11:03","","331169192747335680","","E o ricino onde se pode mercar? non é pra min, o pregunta un amigo... #navedejoki","twitter.com/Rocigaot/status/331169192747335680"
"6/5/2013 0:09:00","","331168680182427648","","@nebulina Uf, a mí casi me apedrean en su día por decir que no vería mal lo de las zonas 'sin niños' en los aviones o restaurantes...","twitter.com/Rocigaot/status/331168680182427648"
"5/5/2013 21:19:06","","331125922856042497","","@JuanGomezJurado y de esta cita bíblica nació la premisa para 'Supernanny' y 'Hermano Mayor'...","twitter.com/Rocigaot/status/331125922856042497"
"5/5/2013 13:07:59","","331002326997430272","","@xoancastro que di?vin que publicou nova encíclica, pero apetéceme tanto lela coma ir aos karts con Miguel Ángel Rodríguez e Carromero...","twitter.com/Rocigaot/status/331002326997430272"
"5/5/2013 2:20:13","","330839311803097089","","@xoancastro @CaminoAna eu se iso pasa practicarei un suicidio homeopático e quitareime de enmedio sen dudalo...","twitter.com/Rocigaot/status/330839311803097089"
"5/5/2013 2:00:25","1","330834329926246402","","@CaminoAna @dodavazquez eso de las tetas en interviu no me lo creo. Será algún fake del twitter....","twitter.com/Rocigaot/status/330834329926246402"
"5/5/2013 1:55:23","","330833062550188032","","@CaminoAna co da portada, xa non me asusto de na! Co do libro, moitos recordos xuntos, si! Co da outra mascando chicle íame mal!","twitter.com/Rocigaot/status/330833062550188032"
"5/5/2013 1:50:49","","330831914707587074","","@CaminoAna A de Marhuendis? Acabo de buscala agora, gensanta. Xa me acabei o libro, por certo! :)","twitter.com/Rocigaot/status/330831914707587074"
"5/5/2013 1:46:01","","330830704135008259","","@CaminoAna @dodavazquez Non sei se coñecedes esta marabilla. Quero pensar que algúns van así porque perderon 1aposta http://www.hel-looks.com/20130418_02/ ","twitter.com/Rocigaot/status/330830704135008259"
"5/5/2013 1:40:47","1","330829387157082113","","@dodavazquez @CaminoAna eu dende que descubrín a pasta que valen esas botas de auga verdes estilo veterinario de vacas...","twitter.com/Rocigaot/status/330829387157082113"
"5/5/2013 1:37:15","","330828500175056897","","@Xiscally @laguiri a mí antes los de la 90C (sin push up) me solían servir, y ahora que sacaron copa D he pasado a necesitar la 90D...","twitter.com/Rocigaot/status/330828500175056897"
"4/5/2013 21:45:52","","330770270606467072","","@laguiri supuestamente Women's Secret también tiene algunos hasta la D, aunque me da la impresión de que la D actual es la C de antes...","twitter.com/Rocigaot/status/330770270606467072"
"3/5/2013 20:37:07","","330390582495174656","1","Dicen en mi fb que de la crisis se saldría liberalizando horarios comerciales. Claro,el problema es que no nos llegan las horas para comprar","twitter.com/Rocigaot/status/330390582495174656"
"3/5/2013 16:05:55","","330322331144699905","","@sil_loh eso se da por supuesto :D","twitter.com/Rocigaot/status/330322331144699905"
"3/5/2013 14:50:22","","330303316661788672","1","Si no hay una autoescuela que dé cursos de recuperación de puntos frente a Génova 13 queda claro que en España falta espíritu emprendedor","twitter.com/Rocigaot/status/330303316661788672"
"3/5/2013 14:47:35","","330302617186082819","1","He firmado la petición Actuable para que Miguel Ángel Rodríguez y el resto del PP hagan un lipdub con 'No me hagas soplar', de Platero y tú","twitter.com/Rocigaot/status/330302617186082819"
"3/5/2013 14:40:10","","330300750917955586","","Recordando alguna intervención suya de tertuliano cuando lo del dr Montes,tampoco me pilla por sorpresa #vivaelvino  http://www.eldiario.es/politica/Detenido-Aznar-Miguel-Angel-Rodriguez_0_128437374.html …","twitter.com/Rocigaot/status/330300750917955586"
"3/5/2013 11:01:27","","330245707904712704","","@ThEBoOpS cualquiera, consulto ambos a diario!","twitter.com/Rocigaot/status/330245707904712704"
"3/5/2013 1:52:04","","330107454652305408","","Me voy a dormir, que van siendo horas. Si entro en la próxima remesa de 'cosas que son ETA', me lo notifiquen por email. #Graciasdeantebrazo","twitter.com/Rocigaot/status/330107454652305408"
"3/5/2013 1:47:04","","330106195060854787","","@xoancastro Se invitas a Irene Villa a Galicola conta coma amenaza terrorista e te empapelan tamén?","twitter.com/Rocigaot/status/330106195060854787"
"3/5/2013 1:35:44","","330103343030616065","1","De hecho, me sé chistes de ETA y chistes del 11-S. Ergo, soy a la vez ETA y Al-Qaeda. Ya está, la conexión que buscaba Pedro Jota.","twitter.com/Rocigaot/status/330103343030616065"
"3/5/2013 1:34:02","1","330102915974955008","","Pues si hacer una coña sobre ETA es ser ETA,con el repertorio que recuerdo de mis años de cole me pueden poner al frente del comando Bizkaia","twitter.com/Rocigaot/status/330102915974955008"
"3/5/2013 0:55:59","","330093339573641218","","Es más,alguna vez he creído que alguien soltaba una cafrada de coña,he soltado otra similar, y el1ºha creído que yo también hablaba en serio","twitter.com/Rocigaot/status/330093339573641218"
"3/5/2013 0:48:35","1","330091478728720384","","@CaminoAna pijama de ositos, batamanta rosa e o vodka a morro. O pack completo.","twitter.com/Rocigaot/status/330091478728720384"
"3/5/2013 0:46:48","","330091028252082179","","A veces temo que personas que me caen bien porque me parto con sus ironías realmente hablen en serio y sean monguers pata negra.","twitter.com/Rocigaot/status/330091028252082179"
"3/5/2013 0:03:54","","330080230595231744","","@lorenadfdz @CasamosTVG ela Laura e él Juan non sei qué!","twitter.com/Rocigaot/status/330080230595231744"
"3/5/2013 0:02:23","","330079848531898369","","Claro que se teu ex fai voda tróspida con porcos vivos e vals de los pajaritos, o seu é celebrar que o marrón foi pra túa sucesora #casamos","twitter.com/Rocigaot/status/330079848531898369"
"2/5/2013 23:59:50","","330079206375575552","","Por qué en #casamos poñen sempre Someone like you? Non é unha canción de voda, é 1canción de 'casa meu ex e estou bebendo vodka en pijama'","twitter.com/Rocigaot/status/330079206375575552"
"2/5/2013 23:23:20","1","330070024314290178","2","Agora si están cunha voda tróspida en condicións. Con amigos que poñen carteis na estrada e queren soltar porcos vivos no banquete. #casamos","twitter.com/Rocigaot/status/330070024314290178"
"2/5/2013 14:52:18","","329941417264828416","","@Hominidio de feito, montarei unha festa da tortilla como tapadeira do meu laboratorio. E pra atraer conselleiros, iso facilitará o golpe.","twitter.com/Rocigaot/status/329941417264828416"
"2/5/2013 14:48:17","","329940406433378305","1","@Hominidio  voume aprovisionar de patatas de Coristanco e Galicola e dar un golpe de estado. Serei a 'amada lidereresa', con permiso de Espe","twitter.com/Rocigaot/status/329940406433378305"
"1/5/2013 23:58:42","","329716535868399616","","Ya lo he dicho más veces: muy bonito lo de 'los amigos son la familia que uno elige', pero acabas teniendo una de cuñaos postizos, que buf..","twitter.com/Rocigaot/status/329716535868399616"
"1/5/2013 19:14:05","","329644907516010496","","@mondomedico @beblas pues yo en pijama no he ido nunca a comprar. Aunque sí con leggins y la parte de arriba del pijama tapada con el abrigo","twitter.com/Rocigaot/status/329644907516010496"
"1/5/2013 19:05:00","","329642623331622913","","@beblas sal en pijama pero con gafas de sol enormes, bisutería y una cazadora mona, y si te miran raro di que es tendencia en Londres xD","twitter.com/Rocigaot/status/329642623331622913"
"1/5/2013 18:45:04","","329637605987737600","","@ComandanteVimes ¿Génova 13?","twitter.com/Rocigaot/status/329637605987737600"
"1/5/2013 18:32:23","1","329634413400973314","","Pues estoy pasando una tarde de lo más entretenida con las conjugaciones verbales del Old English  #no #matadme","twitter.com/Rocigaot/status/329634413400973314"
"1/5/2013 17:30:01","","329618717824655362","1","@maderadebloj  follar con tu pareja es sometimiento, follar con quien cuadre cuando tu jefe disponga dejarte un rato, liberación. Ole ahí.","twitter.com/Rocigaot/status/329618717824655362"
"1/5/2013 14:02:57","","329566609247178754","","De vuelta a casa tras la manifestación. Ahora creo que voy a amputarme los pies, que se me congelaron por el camino...","twitter.com/Rocigaot/status/329566609247178754"