"date","fav","id","rt","text","url"
"30/11/2013 20:45:23","","406871600915423232","","Hoy he visto un cartel anunciando un concierto de Cómplices. Se nos está yendo de las manos esto de retroceder en el tiempo...","twitter.com/Rocigaot/status/406871600915423232"
"30/11/2013 20:44:18","1","406871328373755904","1","@ComandanteVimes Ya sabéis, niñas, si os encontráis a un señor que os ofrece abortos gratis no os fiéis, sólo os da el 1º para engancharos..","twitter.com/Rocigaot/status/406871328373755904"
"30/11/2013 20:42:09","","406870786352222208","","@ComandanteVimes lo peor es que he tenido jefecillos (no empresarios, asalariados con cargo) que nos decían que 'sintiéramos los colores'...","twitter.com/Rocigaot/status/406870786352222208"
"30/11/2013 13:57:53","","406769049893220352","","@XoseMorais ah, coño, que la tal Marta Boira es la misma que había escrito sobre las ojeras de Ada Colau! http://www.larazon.es/detalle_normal/noticias/2044885/ojeras-que-entristecen-la-mirada#.UpngosTdctH …","twitter.com/Rocigaot/status/406769049893220352"
"30/11/2013 13:23:10","3","406760311627063296","3","@Arredro creo que lo aparcan en zona de bares un sábado noche y se le forma una cola de despistados pensando que es un puesto móvil de kebab","twitter.com/Rocigaot/status/406760311627063296"
"29/11/2013 21:35:00","","406521701044731904","","@joseprecedo por supuesto: a ver si pueden meterlo en previsiones y mandar a alguien a grabarlo en vivo...","twitter.com/Rocigaot/status/406521701044731904"
"29/11/2013 19:40:33","","406492896615866368","","Google + me sugiere añadir a mis círculos a Esperanza Aguirre, Real Madrid y Cadena Dial. Nos espiarán y tal, pero conmigo lo hacen de pena.","twitter.com/Rocigaot/status/406492896615866368"
"29/11/2013 18:57:34","","406482079795269633","","'Yo ya reprimía ciudadanos antes de que fuera mainstream!' http://www.tv3.cat/videos/4788212/Denuncia-al-PP …","twitter.com/Rocigaot/status/406482079795269633"
"29/11/2013 16:23:57","1","406443420228386816","","@repollo_ @PotiPotiInLove a mí tampoco. A menos que cuente el '¿Alguna de vosotras quiere rollo con alguno de nosotros?'","twitter.com/Rocigaot/status/406443420228386816"
"29/11/2013 16:22:01","","406442934842585089","2","¿Y si pedimos al Gobierno ejemplos textuales de #OfenderaEspaña y les denunciamos por decirlos? A lo 'ha dicho Jehová' de La Vida de Brian.","twitter.com/Rocigaot/status/406442934842585089"
"29/11/2013 15:03:04","1","406423064826490880","1","Fernández Díaz descojonándose mientras dice que sólo le puede echar Rajoy. Hacedme un crowdfunding que le quiero decir cuatro cosas #Cmin","twitter.com/Rocigaot/status/406423064826490880"
"29/11/2013 14:58:18","2","406421868040568834","1","@ipatolorente la kale borroka me tiene currando de falsa autónoma. Me pago yo la seguridad social y el material para los cócteles molotov","twitter.com/Rocigaot/status/406421868040568834"
"29/11/2013 14:57:00","1","406421540180221952","","Si me toca el Gordo, llevaré el décimo al juzgado, empezaré a cagarme en España y que me avisen para que pare cuando se me acabe el crédito.","twitter.com/Rocigaot/status/406421540180221952"
"29/11/2013 14:52:52","","406420496951943169","3","Si digo lo que pienso de sus risitas durante el #Cmin no me da la pasta para las multas ni aunque Bill Gates me nombre única heredera.","twitter.com/Rocigaot/status/406420496951943169"
"29/11/2013 14:43:40","1","406418184955109376","","¿La costumbre de los ministros de decir 'explicao' o 'analizao', puede considerarse ofensa al idioma español?¿ Será denunciable? #Cmin","twitter.com/Rocigaot/status/406418184955109376"
"29/11/2013 12:19:24","1","406381878883524608","","@LatveriasDoom @ComandanteVimes lo hizo un mago.","twitter.com/Rocigaot/status/406381878883524608"
"28/11/2013 23:30:13","","406188304795594753","","@Towsend en mis tiempos solían invitar a los que iban mal a cambiar de cole tras 3ºdeBUP. Por no joder la media de aprobados de Selectividad","twitter.com/Rocigaot/status/406188304795594753"
"28/11/2013 22:26:40","","406172313952862208","","@ikerarmentia @Guerraeterna que sea Toni Cantó, que sea Toni Cantó!","twitter.com/Rocigaot/status/406172313952862208"
"28/11/2013 12:25:44","","406021081846132736","","@Genko no sé por qué nos extrañan las portada de ABC con los que no son de su palo,si con su gente hacen estas perlas...","twitter.com/Rocigaot/status/406021081846132736"
"28/11/2013 12:21:05","","406019913879273472","","@Genko @PeriodiFAILS Hostia!! Me acaba de salir el café por la nariz!","twitter.com/Rocigaot/status/406019913879273472"
"27/11/2013 21:50:22","2","405800792348577792","1","@amaliorodriguez igual compró al por mayor para toda su vida por ahorrar, como recomendaba Sheldon Cooper con los tampax... :P","twitter.com/Rocigaot/status/405800792348577792"
"27/11/2013 19:52:14","","405771059518926848","","'Dios permitió que me operaran de la vesícula. Dos semanas después me agarró una enfermedad neuropsiquiátrica'. Dios tiene esos detallazos.","twitter.com/Rocigaot/status/405771059518926848"
"27/11/2013 19:50:33","","405770635764174848","","Estoy leyendo los 'Testimonios' de los del test de adicto sexual de ayer y son de traca también. http://www.libresencristo.org/testimonios ","twitter.com/Rocigaot/status/405770635764174848"
"27/11/2013 16:48:11","","405724743409479680","","@SalidaPorLaIzq @LETOKASE ya estáis los rojos intentando quitarle méritos a los que han sabido triunfar! :P","twitter.com/Rocigaot/status/405724743409479680"
"27/11/2013 16:29:14","","405719975639252992","","@SalidaPorLaIzq @LETOKASE  pero y lo que se esforzaron en mangar y sacar de España toda esa pasta, ¿eh? #culturadelesfuerzo","twitter.com/Rocigaot/status/405719975639252992"
"27/11/2013 16:20:19","","405717731044884480","","@delocoprimo madre mía, qué vintage!","twitter.com/Rocigaot/status/405717731044884480"
"27/11/2013 13:08:54","","405669560155533312","","@delocoprimo protagonizado por él/ella o algo que encontró en el Youtube?","twitter.com/Rocigaot/status/405669560155533312"
"27/11/2013 13:05:20","1","405668660133392385","","@noipoipoi @LatveriasDoom si algo agradezco yo a la vida es que no existiera Twitter ni Youtube a mis 18 años...","twitter.com/Rocigaot/status/405668660133392385"
"27/11/2013 12:54:43","","405665990983163905","","La posibilidad de desmarcar el 'mostrar en Noticias' de según qué contactos del Facebook da mucha más paz espiritual que el yoga.","twitter.com/Rocigaot/status/405665990983163905"
"27/11/2013 0:55:29","","405484989606678529","","Está bien saber qué piensan los que no piensan como tú, pero yo YA. Así que voy a empezar a hacer block a los bonicos del to que retwitteáis","twitter.com/Rocigaot/status/405484989606678529"
"27/11/2013 0:34:40","","405479749213892608","","@Tawil Sen faltar tampouco! :P","twitter.com/Rocigaot/status/405479749213892608"
"27/11/2013 0:33:34","","405479472792473601","","Y acabo de darme cuenta de que me confundí de Kim Jong hace dos tweets. Estoy muy tonta.","twitter.com/Rocigaot/status/405479472792473601"
"27/11/2013 0:14:53","1","405474772907073537","","Nos aclaran que lo de @norcoreano fue en la parte de humor 'a propósito' del programa,no en la de humor involuntariohttps://twitter.com/Javier24Jimenez/status/405474010848174081 …@FacuDiazT @norcoreano pero si era la sección de humor! Todos los días hay una parte de humor a propósito, no tergiverse.","twitter.com/Rocigaot/status/405474772907073537"
"27/11/2013 0:09:31","","405473422383140866","","Decidme que no es verdad que Intereconomía está poniendo tweets de @norcoreano como si de verdad fueran de King Jong il.","twitter.com/Rocigaot/status/405473422383140866"
"26/11/2013 22:52:47","1","405454111992053761","","Y ahora que ya conseguí que en el test de Libres en cristo me salga que soy una depravada estoy por ponerme con los test de la Super Pop","twitter.com/Rocigaot/status/405454111992053761"
"26/11/2013 22:43:22","","405451740830375937","","@mvizaguirre @Tawil é unha desgraza coma outra calqueira, pode pasar nas mellores familias...","twitter.com/Rocigaot/status/405451740830375937"
"26/11/2013 22:41:14","","405451203720396800","","@mvizaguirre @Tawil eu coñecín a unha cuxo mito erótico era Zaplana. Verídico.","twitter.com/Rocigaot/status/405451203720396800"
"26/11/2013 22:38:28","1","405450506555752449","1","@Tawil según por qué persoa do meu mesmo sexo. Se me empezase a atraer Ana Botella, non sei eu se sabería explicarmo...","twitter.com/Rocigaot/status/405450506555752449"
"26/11/2013 22:35:43","","405449814629818368","","@ilse0001 @ComandanteVimes @Mendiola_vk si con eso me sale el test en rojo, sí!","twitter.com/Rocigaot/status/405449814629818368"
"26/11/2013 22:31:24","1","405448727185195009","","@Mendiola_vk @ComandanteVimes Contará como actividad sexual de tipo ilegal si las porno las compras en top manta o las bajas del Mega?","twitter.com/Rocigaot/status/405448727185195009"
"26/11/2013 22:28:39","","405448035066339330","","@ilse0001 @ComandanteVimes @Mendiola_vk lo he repetido y me ha salido rojo! Ajuntadme otra vez!","twitter.com/Rocigaot/status/405448035066339330"
"26/11/2013 22:24:42","","405447043683856384","","@ComandanteVimes @Mendiola_vk es que lo voy a rehacer, que me ha salido verde, qué bochorno!","twitter.com/Rocigaot/status/405447043683856384"
"26/11/2013 22:22:03","","405446374658822145","","@Mendiola_vk @ComandanteVimes lo de ocultar a tus seres queridos tu actividad sexual incluye no contarle a tu madre que tienes un vibrador?","twitter.com/Rocigaot/status/405446374658822145"
"26/11/2013 21:34:24","2","405434382984286209","","Igual que hay captchas, vendría bien una pequeña prueba de comprensión lectora para registrarte y comentar noticias en prensa online.","twitter.com/Rocigaot/status/405434382984286209"
"26/11/2013 20:01:14","2","405410939261833217","1","@Tawil que vote nas europeas, que xeste fetos... María San Gil non deixa de pedirme cousas, qué agobio!","twitter.com/Rocigaot/status/405410939261833217"
"26/11/2013 18:27:39","","405387387078856704","","@CaminoAna igual a confunden con La Regenta, que sí é de Pablo Alborán. Fortunata e Jacinta é de Antonio Orozco, moita xente se lía... :P","twitter.com/Rocigaot/status/405387387078856704"
"26/11/2013 17:27:45","","405372314310553600","","@ilse0001 @soydelbierzo @ApostataTa @ComandanteVimes mala hostia combinada con vergüencita ajena...","twitter.com/Rocigaot/status/405372314310553600"
"26/11/2013 12:08:54","","405292069825957888","","@madeiradeuz @Tawil e naturalmente, incluirá un seminario de motivación para o emprendemento...","twitter.com/Rocigaot/status/405292069825957888"
"26/11/2013 0:50:57","2","405121461016211456","1","@Tawil @madeiradeuz Eu estou agardando a que saquen a doble titulación de Demonología+Coaching","twitter.com/Rocigaot/status/405121461016211456"
"25/11/2013 23:09:59","","405096048990773249","","@medicblasto luego dirá que lloran por los escraches, como los hijos de González Pons, y NO","twitter.com/Rocigaot/status/405096048990773249"
"25/11/2013 15:01:50","","404973203858006016","","-Mujeres, evitad la violencia de género
-Ok,alertemos sobre los modelos de relación tóxica que los medios...
-TAMPOCO SAQUÉIS PUNTA A TODO","twitter.com/Rocigaot/status/404973203858006016"
"25/11/2013 13:54:25","","404956236145111041","2","Si en la cárcel donde ingrese juegan al Gordo de Navidad y le dejan escoger número a Fabra, yo quiero jugar el mismo. http://www.publico.es/484712/cuatro-anos-de-carcel-para-carlos-fabra-por-delitos-contra-la-hacienda-publica …","twitter.com/Rocigaot/status/404956236145111041"
"25/11/2013 12:49:23","","404939870646185984","","@Marmota_Maligna acabo de verlo, sí. WTF??","twitter.com/Rocigaot/status/404939870646185984"
"25/11/2013 12:45:51","","404938982716235776","","@Marmota_Maligna Son las 12:45 ya, ¿aún no ha soltado ninguna perla? ¿O alguien que le aprecia le quitó el smartphone?","twitter.com/Rocigaot/status/404938982716235776"
"25/11/2013 12:20:46","","404932672205488128","","@mcalpena @missultrasonica yo no veo mal invitar, otra cosa ya es si luego critican que regalaron poca pasta, que algún caso he visto...","twitter.com/Rocigaot/status/404932672205488128"
"25/11/2013 2:49:51","","404788995315347456","","@Hominidio @xoancastro pois por examplo, podías recoñecer que dixeches unha burrada por opinar dun tema do que non entendes.","twitter.com/Rocigaot/status/404788995315347456"
"25/11/2013 2:40:45","","404786704017391617","","@Hominidio @xoancastro ah,non denunciar é 'deixarse pegar? Dirías o mesmo en caso de acoso escolar?O acoso laboral é tamén porque te deixas?","twitter.com/Rocigaot/status/404786704017391617"
"25/11/2013 2:32:25","","404784607490359296","","@Hominidio @xoancastro dixeches que te expresaras mal pero que non hai que 'negar a realidade', co cal o remataches máis que arreglalo...","twitter.com/Rocigaot/status/404784607490359296"
"25/11/2013 2:25:20","","404782822453280768","","@Hominidio @xoancastro cantos significados pode ter 'hai mulleres que se deixan pegar'?","twitter.com/Rocigaot/status/404782822453280768"
"25/11/2013 2:16:31","","404780605449060352","","@Hominidio @xoancastro problema de educación está claro que hai: que siga vixente a idea de 'ay, hija, iba a aguantar yo' ten tela...","twitter.com/Rocigaot/status/404780605449060352"
"25/11/2013 2:05:34","","404777851078967296","","@Hominidio @xoancastro e segundo ti elixen parella pensando 'quédome con este que me vai pegar'? E sobre esa base xulgas o problema?","twitter.com/Rocigaot/status/404777851078967296"
"25/11/2013 1:57:12","","404775742858215424","","@Hominidio @xoancastro a 'realidade', segundo ti, é que se estás cun maltratador é porque queres?","twitter.com/Rocigaot/status/404775742858215424"
"25/11/2013 1:41:53","","404771890536804352","","@Hominidio pois imaxina o que anima a denunciar un maltrato que te vaia atender o 'policía medio' que está falando de 'evitar' agresións","twitter.com/Rocigaot/status/404771890536804352"
"25/11/2013 1:40:12","","404771467025334272","","@Hominidio non é sacar punta, é que canta. Se te poden violar ou maltratar, 'evítao'. Aos amenazados por ETA non lles falaban de evitar nada","twitter.com/Rocigaot/status/404771467025334272"
"25/11/2013 1:37:40","","404770829751169024","","@Hominidio unha cousa é dicir 'denuncia', e outra 'evítao'. Leva outras connotacións moi diferentes.","twitter.com/Rocigaot/status/404770829751169024"
"25/11/2013 1:30:41","","404769071280836608","","@Hominidio dende fora todos pensan 'eu á primeira hostia me largaba', pero as palizas veñen tras moito tempo de aislar e minar a autoestima","twitter.com/Rocigaot/status/404769071280836608"
"25/11/2013 1:25:43","","404767821105602560","","@Hominidio iso é unha burrada. Parece que moitos pensades que a xente métese en relacións así sabendo que as van maltratar","twitter.com/Rocigaot/status/404767821105602560"
"25/11/2013 1:21:08","16","404766668695425024","28","Dice la @policia que si un novio nos quiere hostiar, mejor lo evitemos. Gracias por explicarlo, que hay mucha desinformada dejándose matar.","twitter.com/Rocigaot/status/404766668695425024"
"25/11/2013 0:15:58","2","404750266219503616","1","Lo de 'los niños no mienten' no os lo creéis ni vosotros. Anda que no me he inventado yo bolas para librarme de una bronca... #CuartoMilenio","twitter.com/Rocigaot/status/404750266219503616"
"24/11/2013 22:40:42","","404726292597067776","","El CM de la @policia es de los de 'consejos vendo', que él muchas luces no parece tener tampoco...https://twitter.com/policia/status/404710050490376192 …Te cruzas tu ciudad en bici, de noche, te evitas aparcar, tráfico, sano... ¡Mola! Además, ¡es muy hipster! Pero ve con luces, que se te vea!","twitter.com/Rocigaot/status/404726292597067776"
"24/11/2013 22:30:52","1","404723820293922816","","@Marmota_Maligna tiene el twitter con candadito, supongo que por no gestionar el aluvión de felicitaciones por sus currados reportajes...","twitter.com/Rocigaot/status/404723820293922816"
"24/11/2013 22:28:18","1","404723173511278594","","@Marmota_Maligna y es la misma que había hecho el repor aquel de los kilos que le sobraban a Leire Pajín. Periodismo especializao, y tal.","twitter.com/Rocigaot/status/404723173511278594"
"24/11/2013 22:15:23","","404719921214410752","","Porque Marta Pescador existe, ¿no? ¿O es un nombre a lo Alan Smithee que usan los de El Mundo para las cosas que les da vergüenza firmar?","twitter.com/Rocigaot/status/404719921214410752"
"24/11/2013 21:58:42","","404715724179914752","","De la autora de 'Leire Pajín está gorda' llega 'Pilar Rubio dejará de estar buena por el embarazo'. Demencial. 
http://www.elmundo.es/loc/2013/11/16/52866cbf61fd3d26558b457a.html …","twitter.com/Rocigaot/status/404715724179914752"
"24/11/2013 19:18:49","","404675489647718400","","Pues parece ser que a mi vecino de abajo le gusta mucho el techno y muy poco escuchar la música con auriculares. #REDRUM","twitter.com/Rocigaot/status/404675489647718400"
"24/11/2013 16:17:57","","404629972733534208","","@PixelRobot @Adroi_Bogui @hermanntertsch si bebes, no invoques a Cthulhu. Que igual lo dices mal y en vez de Cthulhu aparece Espe...","twitter.com/Rocigaot/status/404629972733534208"
"23/11/2013 16:32:58","1","404271364095234048","","@Srta_Angus @ElPerroDeToni ¿si adoptas uno te lo hacen esterilizar, para asegurarse de que no lo cruces?","twitter.com/Rocigaot/status/404271364095234048"
"23/11/2013 14:54:02","","404246464223653888","","@xoancastro igual é vexetariana e conta os animais aos que se zamparon nas comilonas...nese caso igual quedouse corta.","twitter.com/Rocigaot/status/404246464223653888"
"23/11/2013 14:49:40","","404245367601897472","","@xoancastro si, probablemente o esaxerou por facer a coña. Aínda que igual se contas mortos das batallas ou das vodas dothrakis...","twitter.com/Rocigaot/status/404245367601897472"
"23/11/2013 14:19:16","","404237714595135489","","@xoancastro o que non te cres? non me sae a qué tweet estás respondendo!","twitter.com/Rocigaot/status/404237714595135489"
"22/11/2013 20:06:31","","403962715581857792","","@Tawil non houbera outra xa?Sóname ter feito xa o chiste de Feijóo en plan Tío Sam nun cartel de 'I want you to fuck for your country'","twitter.com/Rocigaot/status/403962715581857792"
"21/11/2013 19:27:31","","403590512675803136","","@PotiPotiInLove es que nos empeñamos en etiquetar como negativo lo de dormir en un cajero y no. Con la de gente que debes de conocer ahí!","twitter.com/Rocigaot/status/403590512675803136"
"21/11/2013 19:18:01","","403588124841762816","","@PotiPotiInLove me encanta el 'nada es bueno o malo, tu pensamiento lo etiqueta así'. Lo recordaré si un día me desahucian o tengo cáncer...","twitter.com/Rocigaot/status/403588124841762816"
"21/11/2013 14:30:21","","403515731406376960","1","Dos palabras tengo para ti, Mariano: método empírico. http://www.eldiario.es/desalambre/Mariano-Rajoy-cuchillas-producir-personas_0_199130192.html …","twitter.com/Rocigaot/status/403515731406376960"
"20/11/2013 20:47:48","","403248329611440128","","@Tawil @ComandanteVimes este juego haría casi tanto por crear empleo en el sector de las destilerías como Massiel y MAR juntos.","twitter.com/Rocigaot/status/403248329611440128"
"20/11/2013 20:44:53","1","403247597218824192","","@PotiPotiInLove @ComandanteVimes llevo cinco minutos jugando y los de Stolichnaya ya se plantean salir a Bolsa...","twitter.com/Rocigaot/status/403247597218824192"
"20/11/2013 20:39:02","4","403246125550821376","4","@ComandanteVimes Juego de beber del #SíALALSC: vas abriendo bios y por cada 'LET' o 'ESPAÑOL', chupito. 2 por 'políticamente incorrecto'.","twitter.com/Rocigaot/status/403246125550821376"
"20/11/2013 20:37:01","","403245617524125697","","@Tawil @mejillonsuicida @eleptric Un tumblr recopilando los memes de palabras entre los deditos de De Prada. ¡YA también!","twitter.com/Rocigaot/status/403245617524125697"
"20/11/2013 16:09:08","","403178202610143232","","@ilse0001 sí, dejémoslo ahí que esa imagen mental ya llega para traumatizarme...","twitter.com/Rocigaot/status/403178202610143232"
"20/11/2013 16:06:54","","403177641089323009","","@ilse0001 Joder, gracias, ahora me estoy imaginando a Roncero lamiendo el balón de oro, rollo Miley Cirus con el martillo... :P","twitter.com/Rocigaot/status/403177641089323009"
"20/11/2013 15:01:17","","403161127334322176","","@PotiPotiInLove avast ha escuchado mis súplicas de un antivirus que proteja al usuario de la vergüenza ajena...","twitter.com/Rocigaot/status/403161127334322176"
"20/11/2013 14:56:51","","403160010961612800","","@PotiPotiInLove ah, vale, ya he visto que a ti también te sale!","twitter.com/Rocigaot/status/403160010961612800"
"20/11/2013 14:56:05","","403159819172839425","","@PotiPotiInLove cuidado con el video que a algunos nos está avisando el antivirus de un troyano. Aparte de la vergüenza ajena que da, claro","twitter.com/Rocigaot/status/403159819172839425"
"20/11/2013 14:50:36","","403158436788977664","","@Albertoenserie es una decisión difícil. Si escoger agujas de calceta o de bordado, quiero decir.","twitter.com/Rocigaot/status/403158436788977664"
"20/11/2013 14:45:18","1","403157101750394880","","@Gafasaos @FacuDiazT me ha pasado a mí también! creo que son un cebo, se prestan a que nos riamos para que el PP nos cuele un troyano!","twitter.com/Rocigaot/status/403157101750394880"
"20/11/2013 14:29:34","","403153146035204096","","Un video antiaborto que aproveche el tirón Breaking Bad para convencernos de tener el crío y dejar que una monja lo venda: 'Better call Sor'","twitter.com/Rocigaot/status/403153146035204096"
"20/11/2013 14:19:15","","403150549706485760","","¿Soy la única a la que Avast le avisa de un troyano bloqueado al intentar ver el video ese de 'somos chupis' de NNGG?","twitter.com/Rocigaot/status/403150549706485760"
"20/11/2013 14:03:12","","403146508150644736","","@aberron @kurioso a mí al verlo me sale un aviso de 'troyano bloqueado' de Avast. Como si el video en sí no fuera suficientemente chungo...","twitter.com/Rocigaot/status/403146508150644736"
"20/11/2013 1:14:13","","402952988638986240","","@GokoArkham @ComandanteVimes Entonces, ya que lanzaban tartas reales... ¿las pelis de Chaplin o el Gordo y el Flaco eran snuff movies?","twitter.com/Rocigaot/status/402952988638986240"
"20/11/2013 0:22:47","","402940043997618176","","@Tawil ese téñoo repe!","twitter.com/Rocigaot/status/402940043997618176"
"19/11/2013 21:58:40","","402903774454235136","","Y sí, lo de 'clima de opinión' suena raruno, pero una hace lo que puede con el límite de caracteres. :P","twitter.com/Rocigaot/status/402903774454235136"
"19/11/2013 21:53:10","","402902392758218753","","Pero igual es un video proaborto con psicología inversa. Ese 'los fetos abortados podrían ser políticos', con el clima de opinión actual...","twitter.com/Rocigaot/status/402902392758218753"
"19/11/2013 21:51:08","","402901879794855936","","El argumento de que tenemos que llevar a término los embarazos porque María San Gil es muy feliz siendo madre me enamora el alma también.","twitter.com/Rocigaot/status/402901879794855936"
"19/11/2013 21:37:08","2","402898359221882880","2","@ComandanteVimes Brillante casting. Si Arturo Fernández o Tamara Falcó me dicen que geste un feto, ¿¿quién soy yo para negarme??","twitter.com/Rocigaot/status/402898359221882880"
"19/11/2013 21:33:04","","402897331936182272","","No he podido ver entero lo de Famosos contra el aborto: aún albergo la esperanza de que sea un Celebrities y al final salga Joaquín Reyes.","twitter.com/Rocigaot/status/402897331936182272"
"19/11/2013 18:37:27","","402853139734228992","","@CristianMas86 la falsa cita de Churchill, quería decir, que me lo comí :)","twitter.com/Rocigaot/status/402853139734228992"
"19/11/2013 18:37:07","","402853055529373697","","@CristianMas86 no, pero es antiabortista. Le faltó la cita de Churchill y el 'políticamente incorrecto' para hacer pleno.","twitter.com/Rocigaot/status/402853055529373697"
"19/11/2013 18:31:45","","402851702992150528","","Os sorprenderá, pero acabo de ver un tweet apoyando la ley de 'seguridad ciudadana' y el autor tiene de avatar una bandera española con toro","twitter.com/Rocigaot/status/402851702992150528"
"19/11/2013 18:13:50","1","402847197114269696","1","@ElHombreMalo cómo van a prohibir ver? ni que esto fuera una dictadura, hombre! sólo te sacarán los ojos si miras a un poli #exageraossois","twitter.com/Rocigaot/status/402847197114269696"
"19/11/2013 15:55:41","","402812426879377409","","En serio,ya tardan en convertir el Gaiás o algún Calatrava en cárcel privada para manifestantes. Que somos muy parodia chunga de Springfield","twitter.com/Rocigaot/status/402812426879377409"
"19/11/2013 15:28:10","","402805503643762689","","Me estoy acordando de cuando en Springfield encargaban un edificio a Gehry que acababa reconvertido en cárcel privada. No sé por qué será.","twitter.com/Rocigaot/status/402805503643762689"
"19/11/2013 15:12:30","","402801562080124928","","A este paso, menos la Infanta y un par de personas más que no saben lo que hacen los pobres, todos vamos a ser culpables de un delito u otro","twitter.com/Rocigaot/status/402801562080124928"
"18/11/2013 20:24:09","","402517601919578112","","Si es duro como para dañar la cara de un político del PP,no sé por qué aún no fabrican chalecos antibalas de aleación de merengue #TartazoAN","twitter.com/Rocigaot/status/402517601919578112"
"18/11/2013 19:32:37","","402504631625859072","","@RubenGaldon no, si no me refiero a que no llegaré lejos por dudar sino por reconocer que dudo. Mirando a Marhuenda llegaba más lejos!","twitter.com/Rocigaot/status/402504631625859072"
"18/11/2013 19:18:59","","402501204057415680","","@RubenGaldon también tienes razón, así no voy a llegar lejos! :P","twitter.com/Rocigaot/status/402501204057415680"
"18/11/2013 19:17:21","","402500791975428096","","@RubenGaldon confieso que me aseguré en la RAE porque lo veo tantas veces mal conjugado que pensé que me estaba colando yo...","twitter.com/Rocigaot/status/402500791975428096"
"18/11/2013 16:48:05","","402463228271136768","1","Redada a la salida de IKEA. Se han incautado de 2 mangas pasteleras, 1 molde de silicona y 6 cortapastas en forma de animalitos #TartazoAN","twitter.com/Rocigaot/status/402463228271136768"
"18/11/2013 16:33:30","","402459558292905984","","Buscando en la Deep Web he encontrado el video que proyecta ETA a sus comandos para enseñarles técnicas terroristas http://www.youtube.com/watch?v=kW4Q6gjBTDI …","twitter.com/Rocigaot/status/402459558292905984"
"18/11/2013 15:53:36","","402449516676124673","","@medicblasto la pijadita esta del fondant un poco ETA sí que es, ¡eh!","twitter.com/Rocigaot/status/402449516676124673"
"18/11/2013 14:07:17","","402422759562551296","","@SrMachacasaurio en el del móvil tampoco me sale el santoral! me cago en dios! :(","twitter.com/Rocigaot/status/402422759562551296"
"18/11/2013 13:45:49","","402417358154653696","3","@LordoLordor esta burbuja del cupcake y el fondant es la tapadera para  células durmientes de ETA. Le voy a vender la historia a Pedro Jota.","twitter.com/Rocigaot/status/402417358154653696"
"18/11/2013 13:43:03","","402416660306337792","","@Adroi_Bogui conozco a un chaval que las hacía de joven. Y debería planteármelo, que tengo chungoagenda para petarlo una temporada...","twitter.com/Rocigaot/status/402416660306337792"
"18/11/2013 13:35:26","","402414746999070723","","@Adroi_Bogui estoy entre eso o instaurar entre mis amigos la costumbre de hacer 'cenas de los idiotas' y tirar de cantera twittera...","twitter.com/Rocigaot/status/402414746999070723"
"18/11/2013 13:30:11","","402413425571028992","","Voy a empezar a bloquear sistemáticamente a los seres de los que hacéis mongoRT, que mi fe en la humanidad ya está demasiado por los suelos","twitter.com/Rocigaot/status/402413425571028992"
"18/11/2013 13:20:41","1","402411034184396800","2","Es que a quién se le ocurre tirarle tartas a Yolanda Barcina, pudiendo tirarle un cubo de chapapote, que no sería culpa de nadie...","twitter.com/Rocigaot/status/402411034184396800"
"18/11/2013 13:13:14","4","402409160790122496","9","@ComandanteVimes 
-En castigo por abrirte de piernas debes gestar y parir contra tu voluntad
-Vete a la mierda
-¡¡NO ME ESTÁS RESPETANDO!!","twitter.com/Rocigaot/status/402409160790122496"
"17/11/2013 19:40:18","3","402144177401888769","1","Queridos irlandeses, como cabras estáis. Os lo digo desde el cariño...pic.twitter.com/jiQqxkUu9C","twitter.com/Rocigaot/status/402144177401888769"
"17/11/2013 19:15:08","","402137843994066944","","@laguiri @undivaga @sovcolor pero es un final que vi pocas veces:al final se les suele premiar con una mamá que les releve de la dura carga","twitter.com/Rocigaot/status/402137843994066944"
"17/11/2013 18:53:48","","402132477314994176","","@laguiri @undivaga @sovcolor pero al final de la peli tendrá que casarse con la chica que los niños hayan elegido como 'mamá suplente'.","twitter.com/Rocigaot/status/402132477314994176"
"17/11/2013 17:25:23","2","402110224854548480","","@PotiPotiInLove @Tawil os los intercambiáis para el listado monguer y #avatarLET como cromos, ¿no?: 'sipa, sipa, sipa... ¡nopa!'","twitter.com/Rocigaot/status/402110224854548480"
"17/11/2013 17:16:44","","402108051714367489","","@xoancastro @VIVAANTES eu estou por facer un Change deses pra que volvan os de Muchachada. Quedaron demasiados Celebrities por facer...","twitter.com/Rocigaot/status/402108051714367489"
"17/11/2013 16:51:21","","402101659888656384","","@VIVAANTES o típico, malcrías aos rapaces dicíndolles que son fillos de Deus e logo e van por ahí mandando venéreas. #chamadeásupernanny","twitter.com/Rocigaot/status/402101659888656384"
"17/11/2013 16:24:29","","402094900381876224","","Con 4gatos que había en la manifa antiabortista la @policia no vio que llevaban sprays? porque en otras manifas sí paran y cachean...","twitter.com/Rocigaot/status/402094900381876224"
"17/11/2013 16:10:55","","402091487724175362","","Las víctimas del tifón en Filipinas recibirán rosarios. Pues ya me quedo más tranquila. http://noticias.lainformacion.com/politica/ayuda-internacional/ong-catolica-envia-3-000-rosarios-a-las-zonas-afectadas-por-el-tifon-haiyan_gPgSNLoBIxyNzGLXkTaGl5/ …","twitter.com/Rocigaot/status/402091487724175362"
"17/11/2013 15:19:49","","402078626201337856","","@Cascarelo @VIVAANTES ao final o de que te vexan feo ou sex symbol é cuestión de saber venderse!","twitter.com/Rocigaot/status/402078626201337856"
"17/11/2013 15:10:20","","402076239717859329","","@Cascarelo @VIVAANTES  ser 'o guapo' dos Calatrava é como ser 'a boa' das cantantes chamadas Tamara...¡Así tamén eu!","twitter.com/Rocigaot/status/402076239717859329"
"17/11/2013 13:29:03","","402050752471769088","","Reaparece Roldán y desaparece Camps. ¿A ver si van a ser la misma persona, rollo Clark/Superman?","twitter.com/Rocigaot/status/402050752471769088"
"16/11/2013 22:39:06","","401826787325251584","","Se me ha jodido el plan de sábado noche y confío en twitter para divertirme. Qué se cuece?Alguna perla de Toni Cantó? MAR twitteando pedo?","twitter.com/Rocigaot/status/401826787325251584"
"16/11/2013 22:36:58","","401826252849307648","","@CaminoAna non sei se pillala xa mesmo na tenda online, non sexa que me vaia quedar sen ela, que logo non mo perdoaría...","twitter.com/Rocigaot/status/401826252849307648"
"16/11/2013 15:23:36","4","401717192523128832","1","@fanetin eh, que igual el taxista era de los servicios secretos cubanos y nosotros aquí, haciendo sangre! :P","twitter.com/Rocigaot/status/401717192523128832"
"16/11/2013 15:00:13","","401711307478425600","","@echeoqhai E deixounos cantaores con tronío como Cayo Máximo Pescadillo...","twitter.com/Rocigaot/status/401711307478425600"
"16/11/2013 13:39:27","","401690982590054400","","Anda, pues ya le podemos gritar a los tortillaconcebollistas VETE A EGIPTO en las broncas twitteras...https://twitter.com/ApostataTa/status/401689629469839360 …The ancient Egyptians worshipped onions, believing its spherical shape and concentric rings symbolized eternal life.","twitter.com/Rocigaot/status/401690982590054400"
"15/11/2013 21:36:55","","401448752717627392","","Que dice el señor arzobispo que si no os empeñárais en divorciaros no les obligaríais a mataros, y tal. http://www.elmundo.es/andalucia/2013/11/15/52865deb0ab74012508b457a.html …","twitter.com/Rocigaot/status/401448752717627392"
"15/11/2013 15:36:23","1","401358018207440896","","@nebulina @denantes o mi favorita, 'los celos sólo son señal de que se ama'. Amar es pensar que se iría con cualquiera si no vigilas,y  tal.","twitter.com/Rocigaot/status/401358018207440896"
"15/11/2013 15:13:04","","401352150296432641","","@Adroi_Bogui @ilse0001 @PotiPotiInLove se cobra en visibilidad, como en el periodismo! :D","twitter.com/Rocigaot/status/401352150296432641"
"15/11/2013 15:04:26","","401349981451214848","","@ilse0001 @medicblasto @hazteoir @derechoavivir no, no, ocho y el de la foto, asoma una coronilla más o menos tras la nariz de Soraya!","twitter.com/Rocigaot/status/401349981451214848"
"15/11/2013 0:19:08","","401127186368692225","","@kurioso ya decía yo... aunque es una pena, mola mucho más que todos los vecinos de asiento que me han tocado en mi vida.","twitter.com/Rocigaot/status/401127186368692225"
"15/11/2013 0:15:13","","401126201348993025","","@kurioso @ViraliZzer lo vi antes y di por hecho que era un fake. ¿De verdad viajan en asiento?¡ Pues aún molaba llevar uno al lado!","twitter.com/Rocigaot/status/401126201348993025"
"14/11/2013 14:01:45","","400971818913120256","","@Guerraeterna hay que estar loco para arriesgarse a ir a la cárcel tirando una tarta. Si les hubieran pringado con fuel se libraban fijo...","twitter.com/Rocigaot/status/400971818913120256"
"14/11/2013 13:31:33","1","400964215021633536","","@Cascarelo ¡o do acento galego vs escocés é o argumento definitivo!","twitter.com/Rocigaot/status/400964215021633536"
"13/11/2013 15:36:47","1","400633345668694016","","Que dice el tribunal que lo del Prestige fue un castigo divino y que para otra vez sacrifiquemos una cabra antes para aplacar a los dioses","twitter.com/Rocigaot/status/400633345668694016"
"13/11/2013 14:47:27","","400620930902138880","","@PotiPotiInLove hombre, lo de los tazos tiene su punto también, aunque no sacas tajada económica...","twitter.com/Rocigaot/status/400620930902138880"
"13/11/2013 14:19:08","1","400613802749591552","2","@PotiPotiInLove igual hay negocio organizando luchas clandestinas de monguers con apuestas, como las de gallos... #emprendimiento","twitter.com/Rocigaot/status/400613802749591552"
"13/11/2013 14:14:32","","400612647374049280","","@elgranmaldito joder! cuando la vi pensé que me recordaba a alguien y no caía en quién era!","twitter.com/Rocigaot/status/400612647374049280"
"13/11/2013 14:13:35","","400612406893617152","","@zaldibiko para el de loterías que estrenaron ayer. Después de eso en el de freixenet me espero como mínimo a Falete de burbuja.","twitter.com/Rocigaot/status/400612406893617152"
"13/11/2013 12:31:53","","400586813137379328","","En serio,si la razón que te dan para seguir en un trabajo o una relación es que 'si lo deseas de verdad, resistes', te van a putear muuuucho","twitter.com/Rocigaot/status/400586813137379328"
"13/11/2013 12:27:30","1","400585710689738752","1","El 'esta profesión tienes que llevarla en la sangre' es la misma milonga de 'si tu amor es de verdad podrá con todo',pero en versión laboral","twitter.com/Rocigaot/status/400585710689738752"
"12/11/2013 23:29:40","","400389963474157568","3","Estoy leyendo por aquí nosequé de Bustamante y Niña Pastori cantando Always on my mind. Decidme por favor que es una coña del twitter.","twitter.com/Rocigaot/status/400389963474157568"
"12/11/2013 23:09:33","","400384899468627968","","@xoancastro pois si, lisca pronto que como soltes un 'arsa, quillo' xa es irrecuperable!","twitter.com/Rocigaot/status/400384899468627968"
"12/11/2013 22:49:05","","400379749911908352","","@xoancastro @Hominidio @chimpinho non é mal plan. Podes acabar con úlcera nas retinas de ver esas horteradas a diario, pero pasta farías...","twitter.com/Rocigaot/status/400379749911908352"
"12/11/2013 22:01:01","","400367654432546816","","@callaquenoveo pues igual a Chabelita le pasó lo mismo, tiene algún gen guapo recesivo por ahí oculto y el crío nos da la sorpresa, mujer...","twitter.com/Rocigaot/status/400367654432546816"
"12/11/2013 21:51:11","","400365179268902912","","@callaquenoveo ni me acordaba de que existía hasta lo del embarazo. Pero la genética es una tómbola, mira Paquirrín y sus hermanos...","twitter.com/Rocigaot/status/400365179268902912"
"12/11/2013 21:42:12","","400362915774996480","","@callaquenoveo ¿pero Chabelita no era adoptada? ¿o me estoy armando ya el taco con los hijos del famoseo?","twitter.com/Rocigaot/status/400362915774996480"
"12/11/2013 20:40:36","1","400347416794132481","3","Ahora que Sergio Ramos va a ser papá es buen momento para mi proyecto de ropa de bebé hecha de plástico de burbujas, para padres manazas.","twitter.com/Rocigaot/status/400347416794132481"
"12/11/2013 20:28:30","","400344370466914304","","@xoancastro ah, pero aparte de Michael Jackson houbo outro colgado que mercou ese espanto? a xente non sabe qué facer cos cartos...","twitter.com/Rocigaot/status/400344370466914304"
"12/11/2013 20:23:58","","400343230417350656","","@xoancastro Gensanta! http://www.youtube.com/watch?v=66qBaUpoctc …","twitter.com/Rocigaot/status/400343230417350656"
"12/11/2013 14:17:44","","400251064076603392","","Wert no sabe cómo se enteraron en Bruselas de que les culpó de lo de las Erasmus.¡ Si se aseguró de interceptar a las palomas mensajeras!","twitter.com/Rocigaot/status/400251064076603392"
"12/11/2013 12:01:18","","400216729244037120","","@MariCalpi yo si alguien me señala a la luna, por sabio que parezca, le miro la otra mano por si me está distrayendo para robarme la cartera","twitter.com/Rocigaot/status/400216729244037120"
"12/11/2013 11:37:40","1","400210782647894016","1","@Tawil Paulo hoxe en día sería un videoblogger deses, coma o 35matrículas ou Salvador Raya. 'Ola corintios,no video de hoxe vou falar de...'","twitter.com/Rocigaot/status/400210782647894016"
"12/11/2013 11:28:21","","400208437859979264","","@Tawil a coña é que Paulo só empezou a oir a Deus tras pegarse unha hostia ao caer dun cabalo. Hoxe máis que ao santoral iría ao neurólogo.","twitter.com/Rocigaot/status/400208437859979264"
"11/11/2013 21:43:18","1","400000806012739584","","@Cascarelo @VIVAANTES non sei se son máis fan de Froilán ou de DJ Julien Leik...","twitter.com/Rocigaot/status/400000806012739584"
"11/11/2013 20:48:35","","399987034485321728","","@carlosmeixidefl @Tawil eu agora teño ao neno dun veciño aprendendo a tocar a puñetera flauta e estou por pedir garrote vil...","twitter.com/Rocigaot/status/399987034485321728"
"11/11/2013 20:46:10","","399986426290253824","","@medicblasto A mi papá que vas, feminazi!","twitter.com/Rocigaot/status/399986426290253824"
"11/11/2013 15:47:18","","399911215800930305","","@Cascarelo @DavidLombao podemos propoñelo pra promocionar as próximas xornadas que fagan de xuventudes do Papa...","twitter.com/Rocigaot/status/399911215800930305"
"11/11/2013 15:44:17","","399910458418675712","","@DavidLombao @Cascarelo anda que non molaría!","twitter.com/Rocigaot/status/399910458418675712"
"11/11/2013 15:39:01","3","399909131668041728","","@Cascarelo ogallá o papa Francisco lambendo martelos e columpiándose nunha bola de demolición.","twitter.com/Rocigaot/status/399909131668041728"
"11/11/2013 3:17:08","","399722428848295936","","@ComandanteVimes , si un día muero de vergüenza ajena será culpa de los monguers que retwitteas. Ya te llegará la denuncia.","twitter.com/Rocigaot/status/399722428848295936"
"11/11/2013 2:12:17","","399706111177003008","","Confieso que me sorprende no haber encontrado aún a ningún ex compi de clase (o peor aún, a algún amor platónico adolescente) en #avatarLET","twitter.com/Rocigaot/status/399706111177003008"
"11/11/2013 1:39:48","","399697935840972800","","@Marmota_Maligna hay que distinguir bien, que luego le regalas a tu amigo vegano un libro encuadernado en piel humana y es un papelón...","twitter.com/Rocigaot/status/399697935840972800"
"11/11/2013 1:34:13","","399696531759968257","","@Marmota_Maligna sí, pero no es edición vegana...","twitter.com/Rocigaot/status/399696531759968257"
"11/11/2013 0:55:01","","399686667168018432","","@PotiPotiInLove yo quería adoptar uno, pero dice mi madre que no, que luego me aburro y le toca a ella sacarlo a cagar y darle de comer...","twitter.com/Rocigaot/status/399686667168018432"
"11/11/2013 0:08:50","","399675041664610304","","@PotiPotiInLove 'Fue el Gran Wyoming, en la biblioteca, con el candelabro'. #Cluedo.","twitter.com/Rocigaot/status/399675041664610304"
"10/11/2013 21:17:57","","399632036836556800","","Me ha llegado un DM de spam. Lo he marcado como leído sin dar al enlace y no debería pasar nada,pero si os llegan DM raros míos ya sabéis...","twitter.com/Rocigaot/status/399632036836556800"
"10/11/2013 18:56:35","","399596462650044416","","@Marmota_Maligna podrían, pero ya sabes cómo está el percal: los becarios salen tan baratitos que...","twitter.com/Rocigaot/status/399596462650044416"
"10/11/2013 18:54:08","1","399595845428846592","","@Marmota_Maligna yo creo que usan al becario como vaquilla para que los visitantes investiguen cómo es hacer de banderillero...","twitter.com/Rocigaot/status/399595845428846592"
"10/11/2013 18:05:07","","399583512463818753","","@AngryJuez ¡yo quiero que dejen celebrar bodas a registradores de la propiedad para que me case Rajoy vestido de Elvis!","twitter.com/Rocigaot/status/399583512463818753"
"10/11/2013 15:10:21","","399539530086100992","","@fingolf @Hispamail 'El último exorcismo, esta vez sí, de verdad de la buena'","twitter.com/Rocigaot/status/399539530086100992"
"10/11/2013 13:46:36","","399518450764115970","","@JoellePerdida yo voy a llamar al Arzobispado y decir que estoy indignada, que ya llevo medio libro leído y ni un triste polvo con esposas","twitter.com/Rocigaot/status/399518450764115970"
"10/11/2013 13:38:33","1","399516427377340416","1","Llamar al Arzobispado de Granada y preguntar si su libro sobre sumisas tiene más o menos escenas guarras que 50 sombras de Grey.","twitter.com/Rocigaot/status/399516427377340416"
"10/11/2013 13:34:49","","399515486393626624","","@echeoqhai nothing like a relaxing octopus to the party in the campo da feira...","twitter.com/Rocigaot/status/399515486393626624"
"10/11/2013 0:25:58","","399316968441778176","","@LaReciclante @doctormapache yo alguna vez he estado a punto de agregar a gente al facebook así, que es peor... :P","twitter.com/Rocigaot/status/399316968441778176"
"9/11/2013 13:16:14","","399148422663389184","","@bestilheiro María, o meu colega quere rollo contigo, pero é moi cortado, e...","twitter.com/Rocigaot/status/399148422663389184"
"9/11/2013 13:01:16","1","399144656232914945","","@MargaretCastor picante. Pero es porque también le echo pulpo, y claro, le pega más.","twitter.com/Rocigaot/status/399144656232914945"
"9/11/2013 12:54:06","","399142852615077888","","@PotiPotiInLove igual es un colega de los novios que se ordenó por Internet, como en las series americanas!","twitter.com/Rocigaot/status/399142852615077888"
"9/11/2013 12:48:21","","399141406712668161","","@PotiPotiInLove @ComandanteVimes eso sí: la última a la que fui era en 1ermita rural,no había 3G (ni bar). Qué largo se hizo aquello...","twitter.com/Rocigaot/status/399141406712668161"
"9/11/2013 12:40:51","","399139518491541504","","@PotiPotiInLove @ComandanteVimes ¿cómo te liaron para entrar? ¡durante la misa espera uno en el bar, insensato!","twitter.com/Rocigaot/status/399139518491541504"
"8/11/2013 22:51:57","1","398930919727177728","1","@LordoLordor La primera sede de la OTAN estaba en Stonehenge.","twitter.com/Rocigaot/status/398930919727177728"
"8/11/2013 16:37:12","1","398836608843010048","1","@ComandanteVimes igual con eso no controlan bastante. Yo sumaría también la oreja anillada y el chip identificativo, por si acaso #gensanta","twitter.com/Rocigaot/status/398836608843010048"
"8/11/2013 15:53:04","","398825505484308480","","@PotiPotiInLove @ilse0001 VETE A FUENTES DEL EBRO, TOTALITARIO CEBOLLISTA!  http://www.fuentesdeebro.es/secciones/desarrollo-y-promocion/cebollafuentesdeebro/ …","twitter.com/Rocigaot/status/398825505484308480"
"8/11/2013 15:50:31","","398824860337459201","","@ilse0001 @PotiPotiInLove por una de esas dos causas estallará la I Guerra Mundial de Twitter, clarísimo lo tengo...","twitter.com/Rocigaot/status/398824860337459201"
"8/11/2013 15:47:18","","398824051906326529","","@PotiPotiInLove lo siento, soy sincebollista. Que si la lleva me la como igual, pero necesaria no la veo.","twitter.com/Rocigaot/status/398824051906326529"
"8/11/2013 15:34:44","1","398820888738418690","1","@PotiPotiInLove yo soy pro murakami,pero es un tema que da para guerras twitteras a lo tortillaconcebollistas vs tortillasincebollistas...","twitter.com/Rocigaot/status/398820888738418690"
"8/11/2013 15:20:15","","398817244542537728","","@ilse0001 oye, igual Selma es la hermana secreta de Pe: todo lo que engordaba le iba al cuello, así que se lo extirparon et voilà!","twitter.com/Rocigaot/status/398817244542537728"
"8/11/2013 15:00:26","","398812259603849216","","@ilse0001 ese me salió a mí hace un par de semanas! los debe de hacer en los ratos muertos el que hace las portadas de ABC...","twitter.com/Rocigaot/status/398812259603849216"
"8/11/2013 11:53:43","","398765267456495616","","@laguiri ¿lo pillaría algún despistado que conocía los dibujos animados de La Pequeña Lulú y pensó que sería mejor el libro? :D","twitter.com/Rocigaot/status/398765267456495616"
"8/11/2013 11:23:06","","398757565187633153","","Si yo fuera Felipe usaría lo de los mails de Urdangarín para venderme como campechano: 'Plebe, yo también tengo un cuñao, como vosotros'.","twitter.com/Rocigaot/status/398757565187633153"
"8/11/2013 11:06:35","","398753408951132160","","@nebulina @ilse0001 pues sí,qué espabilado, ya solo faltaba que te dijera 'la bolsa o la vida'...(aunque vaya susto,aunque no se llevara na)","twitter.com/Rocigaot/status/398753408951132160"
"7/11/2013 23:23:45","1","398576534081904640","","Creo que la única gran desventaja de vivir sola es no poder delegar el exterminio o expulsión de los bichos que se te cuelan en casa. #aggg","twitter.com/Rocigaot/status/398576534081904640"
"7/11/2013 21:26:37","","398547055699701760","","@laguiri qué me vas a contar, soy una peligrosa soltera y ya algún amigo ennoviado me negó  tres veces al alba. Y ya no tenemos 15 años...","twitter.com/Rocigaot/status/398547055699701760"
"7/11/2013 21:08:54","","398542598463176704","","@laguiri recuerdo un grupo de FB muy creepy tipo 'ese es mi novio,puta, no te acerques', que cotilleé porque se unió una conocida. Telita.","twitter.com/Rocigaot/status/398542598463176704"
"7/11/2013 20:43:04","","398536097484922880","","@adiplotti @NewIlluminatus será una familia del Opus, que suelen ser numerosas...","twitter.com/Rocigaot/status/398536097484922880"
"7/11/2013 20:12:00","","398528276374638592","","Biólogos de mi TL,¿los ciempiés y escolopendras suelen ir solos o en grupo?Si acabo de liquidar uno en casa, ¿miro si venía acompañado?","twitter.com/Rocigaot/status/398528276374638592"
"7/11/2013 16:31:03","","398472672532647936","","@PotiPotiInLove Y LOS ERE QUÉ??","twitter.com/Rocigaot/status/398472672532647936"
"7/11/2013 16:30:13","","398472463069085696","","@PotiPotiInLove la foto con el león de peluche es inmensa. It's my ambition to play with soft toys on a global stage.","twitter.com/Rocigaot/status/398472463069085696"
"7/11/2013 15:33:44","","398458248774160384","","@PotiPotiInLove muchos hablamos en sueños, otros andan en sueños,igual ella firma en sueños. Es un tipo de sonambulismo como otro cualquiera","twitter.com/Rocigaot/status/398458248774160384"
"7/11/2013 14:47:31","","398446621039411200","","@Klarilis por favor,que alguien haga un fotomontaje de anuncio de 'La vida es chula' con esa foto...","twitter.com/Rocigaot/status/398446621039411200"
"7/11/2013 13:02:23","","398420161591406593","","@xoancastro estou por mandarlle a Broly Banderas unha solicitude de amizade no facebook...","twitter.com/Rocigaot/status/398420161591406593"
"7/11/2013 12:58:49","","398419263708348416","","@xoancastro seH NarKo ReShULóN!","twitter.com/Rocigaot/status/398419263708348416"
"7/11/2013 12:56:36","","398418704909615104","","@MariCalpi y te dicen 'búscate algo más ético'. Desde que estoy en paro sólo me han llamado para telemarketing o puerta fría, y ejem...","twitter.com/Rocigaot/status/398418704909615104"
"7/11/2013 11:58:47","","398404158291574784","","@MariCalpi a mí desde que me dijo que los periodistas nos vendíamos al sistema uno que gestiona subcontratas para una gran empresa...","twitter.com/Rocigaot/status/398404158291574784"
"7/11/2013 1:25:55","","398244889462206464","","@LETOKASE al dejar mi ex piso la casera me devolvió los 350euros de fianza. Con eso y mi marca personal montaré mi imperio multinacional.","twitter.com/Rocigaot/status/398244889462206464"
"7/11/2013 0:57:58","","398237856658780160","","@LETOKASE yo mañana voy a la sucursal del BBVA de mi barrio a pedir financiación para montar un Inditex pero en cooperativa.","twitter.com/Rocigaot/status/398237856658780160"
"7/11/2013 0:01:25","","398223624521269249","","@opinguino no, si ya pillé que era a propósito, lo decía por el folleto!","twitter.com/Rocigaot/status/398223624521269249"
"6/11/2013 23:32:48","","398216423249436672","","@opinguino la ortografía a la mierda también...","twitter.com/Rocigaot/status/398216423249436672"
"6/11/2013 21:57:52","","398192532321886208","","Será cousa miña,pero xuraría que iso de non criticar públicamente á túa empresa até que te bota non é exclusivo de RTVV. Nin do xornalismo","twitter.com/Rocigaot/status/398192532321886208"
"6/11/2013 15:01:46","1","398087816569040896","1","@AntonioMaestre @Adroi_Bogui pues no miente: no cerrará coles y hospitales por RTVV, lo hará para darle negocio a amiguetes de los privados.","twitter.com/Rocigaot/status/398087816569040896"
"6/11/2013 13:40:37","","398067395073298432","1","Coronado, eso no es para premiar a 'Periodistas', es para pedirles indemnización por daños y perjuicios...https://twitter.com/_josecoronado_/status/398023044230168576 …No os digo a quien debéis votar en #Guerradeseries pero si aumentaron las matrículas de periodismo sería por algo... http://elpais.com/elpais/2013/11/05/eps/1383656633_224208.html …","twitter.com/Rocigaot/status/398067395073298432"
"5/11/2013 23:53:48","","397859320164917249","","@CaminoAna confeso que aínda non vin o anuncio. Dime que polo menos levan a bolsa de plástico na cabeza pra salvar o pelo da choiva.","twitter.com/Rocigaot/status/397859320164917249"
"5/11/2013 23:40:42","","397856022682820608","","@CaminoAna muller, igual os creativos publicitarios do Gadis viven cos pais e cando ligan teñen que quedar na rúa aínda que chova...","twitter.com/Rocigaot/status/397856022682820608"
"5/11/2013 19:22:53","","397791142021853184","2","Precioso el mensaje que envía Fabra con lo de RTVV: no recurráis a la justicia ante un ERE injusto o lo pagarán todos los compañeros.","twitter.com/Rocigaot/status/397791142021853184"
"5/11/2013 19:17:23","","397789757314310144","1","Pues ahora me enfado, no respiro, cierro la tele y mando a todo el mundo al paro. 
http://ccaa.elpais.com/ccaa/2013/11/05/valencia/1383648718_498928.html …","twitter.com/Rocigaot/status/397789757314310144"
"5/11/2013 11:43:11","2","397675455924281345","2","Wert pide 'sacrificios'. Oye, igual se ofrece voluntario para lo de ir arrojando ministros a un volcán para aplacar al dios de la crisis...","twitter.com/Rocigaot/status/397675455924281345"
"4/11/2013 21:27:26","1","397460096705253376","","La lista de periodistas influyentes en la que MAR es 3ª la hizo él,¿no? Como los premios a la organización que se autoconcedía Monica Geller","twitter.com/Rocigaot/status/397460096705253376"
"4/11/2013 21:24:00","","397459234020802560","","Para la próxima legislatura,que vuelva ZP. Seguiremos fatal, pero volveremos a ser sus víctimas inocentes en vez de ser todos vagos y/o ETA.","twitter.com/Rocigaot/status/397459234020802560"
"4/11/2013 16:25:07","","397384017181306880","","@Arredro ninguna si es estudiante. Pero si cuenta como parado, YA TARDA en emigrar a donde sea. Espíritu aventurero, y tal.","twitter.com/Rocigaot/status/397384017181306880"
"4/11/2013 13:30:10","","397339990260084736","1","@chselles @ana_dponce ahora haced el fotomontaje del final de la peli,cuando Rosa quiere el tablón para ella solita ...","twitter.com/Rocigaot/status/397339990260084736"
"3/11/2013 11:48:03","3","396951904510431232","4","@AntonioMaestre los supermercados de mi barrio ya tienen todos turrón y polvorones, ¡maldito mercadona chavista! :P","twitter.com/Rocigaot/status/396951904510431232"
"2/11/2013 19:45:26","","396709654459191297","","@xoancastro non me ten pinta de ter twitter. Pero mira, igual así paraba, xa que o feito de que ignore todo o que me manda non abonda...","twitter.com/Rocigaot/status/396709654459191297"
"2/11/2013 19:34:27","1","396706887292317696","","Mi prima la pesada no deja de mandarme invitaciones a juegos mierder del Facebook. Pero oye, al menos ya no me manda fotos de fetos al mail.","twitter.com/Rocigaot/status/396706887292317696"
"2/11/2013 16:21:54","","396658430749851648","","Sí, cambié un tweet porque no recordaba ya a Prince Harry, the Brittish Froilán.","twitter.com/Rocigaot/status/396658430749851648"
"2/11/2013 16:20:43","2","396658134799761408","3","Si Froilán llegara a rey, España podría entrar en guerra con Inglaterra porque Prince Harry 'le ha mirao mal' en un after.","twitter.com/Rocigaot/status/396658134799761408"
"2/11/2013 16:04:23","1","396654025694658561","1","Si Froilán llegara a rey, el mensaje de nochebuena saldría en la MTV. Como parte del reality Zarzuela Shore.","twitter.com/Rocigaot/status/396654025694658561"
"2/11/2013 15:54:31","1","396651542243061760","","Si Froilán llegara a rey, en las monedas saldría su autoefigie ante el espejo de un baño de la Zarzuela.","twitter.com/Rocigaot/status/396651542243061760"
"2/11/2013 15:20:17","2","396642925452328960","","Si Froilán llegara a rey, podríamos tener la primera boda real en la que los novios llegaran a la Almudena en un coche amarillo tuneado.","twitter.com/Rocigaot/status/396642925452328960"
"2/11/2013 15:09:42","","396640263545704449","","@PotiPotiInLove Te voy a anarrosear vilmente el concepto de monguer-friendly, aviso!","twitter.com/Rocigaot/status/396640263545704449"
"2/11/2013 12:15:47","1","396596494670647296","","@Cascarelo Se á morte de Juancar hai guerra sucesoria, Froilán contará co escuadrón dos twitteros pra apoiar as súas pretensións ao trono","twitter.com/Rocigaot/status/396596494670647296"