"date","fav","id","rt","text","url"
"26/2/2013 17:46:47","","306445213713448960","","@CaminoAna e ao PP que o defendan Braulio e os Garriguitas. A ver se son igual de chulitos cun tío ao que os da Gürtel chaman 'O Cabrón'...","twitter.com/Rocigaot/status/306445213713448960"
"26/2/2013 17:10:25","1","306436062392233985","","@manuelansede @JuandePortillo Y pensaba que no había frase más pija que 'mi momento preferido del día es cuando veo cómo visten a mis hijas'","twitter.com/Rocigaot/status/306436062392233985"
"26/2/2013 17:02:45","","306434132064497664","","@luzsmellado está siguiendo todo el culebrón mientras se ríe maléficamente y acaricia a un gato persa. Ya aparecerá, ya...","twitter.com/Rocigaot/status/306434132064497664"
"26/2/2013 14:11:48","1","306391114150203392","","En Castilla La Mancha ya no te van a desahuciar, te van a ayudar a mudarte a debajo de un puente.http://politica.elpais.com/politica/2013/02/26/actualidad/1361879180_398796.html …","twitter.com/Rocigaot/status/306391114150203392"
"26/2/2013 13:48:40","","306385289960628224","","Derribando el bulo de ‘los Cantó’  http://sociedad.elpais.com/sociedad/2013/02/25/actualidad/1361829987_135140.html … vía @el_pais","twitter.com/Rocigaot/status/306385289960628224"
"25/2/2013 21:33:55","","306139989383737344","","@MoralDolores pues sí, nos reímos demasiado pronto...","twitter.com/Rocigaot/status/306139989383737344"
"25/2/2013 16:12:17","","306059047747088384","","@Aquiestamos18 si se demuestra que mintieron, YA se condena. Las denuncias falsas y el perjurio son delito, si mal no recuerdo","twitter.com/Rocigaot/status/306059047747088384"
"25/2/2013 16:06:16","","306057529903951874","",".@Aquiestamos18 ¿muchas lo usan mintiendo? ¿qué estadísticas manejas?","twitter.com/Rocigaot/status/306057529903951874"
"25/2/2013 16:03:05","","306056730335379457","",". @Aquiestamos18 sí, escoger pareja calibrando si intentará matarte si un día le dejas es una postura privilegiadísima. Suertudas que somos","twitter.com/Rocigaot/status/306056730335379457"
"25/2/2013 15:56:53","","306055172176637953","","Si Toni Cantó sigue en UPyD después de la animalada de hoy, entenderemos que el partido comparte su postura ante la violencia de género","twitter.com/Rocigaot/status/306055172176637953"
"25/2/2013 13:56:11","","306024796989304832","","A ver, Toni Cantó: las collejas que te daba Amparo Baró no eran violencia doméstica. Aunque si has quedado así por su culpa, pide paguita...","twitter.com/Rocigaot/status/306024796989304832"
"25/2/2013 1:25:40","","305835919733309440","","Famosos botoxeados: pensaréis que estáis ideales sin una arruga, pero eso de que no se os mueva un músculo facial cuando habláis da repeluco","twitter.com/Rocigaot/status/305835919733309440"
"25/2/2013 0:57:22","","305828798430060545","","Con los años me voy haciendo cada vez más hortera: me encanta el bolsoperro de la cría que están entrevistando en la alfombra roja!","twitter.com/Rocigaot/status/305828798430060545"
"25/2/2013 0:48:06","","305826467932164097","","Qué majo Gael García Bernal! Pero quítate las gafas de sol, hombrepordios...","twitter.com/Rocigaot/status/305826467932164097"
"25/2/2013 0:42:10","","305824976374730753","","@perradesatan y yo que tardé dos temporadas en enterarme de que era el padre de Malcolm...","twitter.com/Rocigaot/status/305824976374730753"
"25/2/2013 0:35:55","","305823401900134400","","Ya sé que ya no está en emisión Muchachada Nui, pero por favor, por favor, que vuelvan para hacer un Celebrities de Corinna!","twitter.com/Rocigaot/status/305823401900134400"
"24/2/2013 23:53:33","","305812739580887041","","Sí, Corinna, te atacan por rubia. Las morenas intercambiamos mails de negocios con presuntos corruptos y tan felices http://www.elmundo.es/elmundo/2013/02/24/espana/1361730571.html …","twitter.com/Rocigaot/status/305812739580887041"
"24/2/2013 23:20:48","","305804497458962434","","@CaminoAna acabo de velo e quedeime igual. Na reunión onde se aprobou esa idea para o anuncio debía de nevar farlopa...","twitter.com/Rocigaot/status/305804497458962434"
"24/2/2013 23:19:57","1","305804285378166784","2","Lo que más me fascina de Salvados son los jardines en los que se meten los políticos entrevistados por no pillar la ironía..   #5aniversario","twitter.com/Rocigaot/status/305804285378166784"
"24/2/2013 22:50:43","","305796928489259009","","@Carolinaabellan yo hace 13 años, me acuerdo porque aún estaba de prácticas de verano... ¡Tengo que releerlo un día de estos también!","twitter.com/Rocigaot/status/305796928489259009"
"24/2/2013 22:41:29","","305794601640394752","","@Carolinaabellan Yo lo leía en el bus cuando curraba en otra ciudad. Mala idea, iba descojonándome sola y creo que me tomaban por loca...","twitter.com/Rocigaot/status/305794601640394752"
"24/2/2013 22:38:49","","305793931453530115","","David Trueba lo ha clavado, aquí triunfa el 'tiro al plato':lanzar a alguien a lo más alto para dispararle cuando está arriba. #5aniversario","twitter.com/Rocigaot/status/305793931453530115"
"24/2/2013 22:17:17","","305788513448775681","","También espero que estén viendo #soyinmigrante los representantes de la patronal que dicen que no nos vamos a Laponia por vagos...","twitter.com/Rocigaot/status/305788513448775681"
"24/2/2013 22:14:06","1","305787712559005697","10","#soyinmigrante La iluminada de 'los jóvenes emigran por espíritu aventurero' estará viendo lo bien que lo pasan en Oslo, ¿no?","twitter.com/Rocigaot/status/305787712559005697"
"24/2/2013 21:21:25","","305774455345528832","","@nebulina Es follar habitualmente con una persona en concreto sin ser pareja. Traducido al Facebook, 'estar en una relación complicada'.","twitter.com/Rocigaot/status/305774455345528832"
"24/2/2013 16:03:47","1","305694519016431616","","@CaminoAna @xoancastro home, se TVE fai un biopic de Isabel a Católica onde a querida de Fernando leva silicona, Rosalía pode ter mechas...","twitter.com/Rocigaot/status/305694519016431616"
"24/2/2013 2:21:56","","305487694195212288","","Cambiar tu situación sentimental del Facebook a 'tiene una amistad entrañable'.","twitter.com/Rocigaot/status/305487694195212288"
"24/2/2013 2:08:16","","305484255692197890","","Corinna le buscaba a Iñaki 'trabajo digno' porque,al oir que curraba en América para Telefónica,creyó que estaba en un call center del 1004","twitter.com/Rocigaot/status/305484255692197890"
"24/2/2013 1:13:40","","305470512337932288","","De saber que los Tédax se dedicaban a requisar petardos, los habría llamado en Carnaval, que estaban los chavales de mi calle dando por saco","twitter.com/Rocigaot/status/305470512337932288"
"24/2/2013 1:03:12","","305467880177299459","","@Hominidio camisolas de forza vou necesitar se sigo lendo perlas da Cifuentes...","twitter.com/Rocigaot/status/305467880177299459"
"24/2/2013 1:00:23","","305467170014515200","","Llamar a los TEDAX para que te desactiven la lata de cerveza que se ha agitado demasiado antes de abrirse.","twitter.com/Rocigaot/status/305467170014515200"
"23/2/2013 18:20:55","","305366643377324032","","@lauralruiz Aquí en Coruña fue ya por la mañana, así que ahora estoy de vuelta en casa intentando que se me descongelen los pies...","twitter.com/Rocigaot/status/305366643377324032"
"23/2/2013 11:31:59","","305263728767664128","","#Yovoy23F Por si alguien quiere ir y no sabe la hora y lugar de la convocatoria de su ciudad: http://mareaciudadana.blogspot.com.es/p/mumble.html ","twitter.com/Rocigaot/status/305263728767664128"
"23/2/2013 11:15:15","1","305259518420471808","3","@hematocritico 'Señoras que' + 'la indirecta que quieres lanzar a alguien' #plantillasdetwit #confiesoquelaheusado","twitter.com/Rocigaot/status/305259518420471808"
"23/2/2013 10:57:05","","305254949430898688","","Me acaba de saltar el radio despertador en la SER y están en pleno festival magufo...","twitter.com/Rocigaot/status/305254949430898688"
"22/2/2013 15:48:47","","304965966478073858","","@Credendo_Vides1 escribir lo que quieres en tan pocos caracteres sin comerte letras es todo un reto, ya verás!","twitter.com/Rocigaot/status/304965966478073858"
"22/2/2013 15:13:10","1","304957004550635521","1","@eche_o_que_hai poderemos fardar en plan moderno dicindo 'eu xa era precario antes de que se volvera tan mainstream'.","twitter.com/Rocigaot/status/304957004550635521"
"22/2/2013 14:52:32","","304951812522405889","1","Reconozco la voz del #periodistapijo sin mirar a la tele siquiera. Esto me inquieta. #Cmin","twitter.com/Rocigaot/status/304951812522405889"
"22/2/2013 14:50:17","","304951246207459330","1","Acaban de enfocar a una periodista descojonada con lo de los alijos que llevan años incautados. Sí, he pensado lo mismo que tú. #Cmin","twitter.com/Rocigaot/status/304951246207459330"
"22/2/2013 14:47:15","","304950484505088000","","'Mentira,que te he visto yo por el polígano'. Soraya feat. Extremoduro. #Cmin","twitter.com/Rocigaot/status/304950484505088000"
"22/2/2013 13:25:30","1","304929910915481600","","Alguien debería crear una aplicación para twitter y/o facebook que responda automáticamente a mongoreplies con esto: http://www.youtube.com/watch?v=EEgpPb0DGxM …","twitter.com/Rocigaot/status/304929910915481600"
"21/2/2013 19:25:55","","304658225029062656","","Entonces,además de que si soy roja tengo que vivir de lo que cultive y tejer mi propia ropa,si soy antisionista tengo que ser antisemita?","twitter.com/Rocigaot/status/304658225029062656"
"21/2/2013 9:28:04","","304507769514491904","","Igual nadie en el PP nombra a Bárcenas porque están jugando al Tabú.¿Lo ha pensado alguien?","twitter.com/Rocigaot/status/304507769514491904"
"21/2/2013 0:25:56","","304371337772797953","","Hashtags trolleables,gráficos con faltas de ortografía... El community manager del PP debe de ser un quintacolumnista del 15-M, como poco...","twitter.com/Rocigaot/status/304371337772797953"
"20/2/2013 23:14:43","","304353414253535232","","@luzsmellado a ver si se los han regalado los de Método 3 y llevan micros dentro... yo ya me espero cualquier cosa!","twitter.com/Rocigaot/status/304353414253535232"
"20/2/2013 22:24:18","","304340728937590786","","@javierM igual por eso no quiere saber nada de partidos abertzales. Cualquiera se aprende esos nombres vascos!","twitter.com/Rocigaot/status/304340728937590786"
"20/2/2013 21:46:00","","304331088069791746","","Maribel Verdú es la nueva mala de España, o eso parece http://wp.me/p255zD-ga  vía @wordpressdotcom","twitter.com/Rocigaot/status/304331088069791746"
"20/2/2013 21:42:49","1","304330287372959744","1","@UPyDAlcala @hectorjuanatey no, esto no es periodismo. Esto es un tweet. Lo de la diferencia entre 'cerca' y 'lejos' ya se lo dejo a Coco.","twitter.com/Rocigaot/status/304330287372959744"
"20/2/2013 21:28:37","","304326715302346752","","Pasé de seguir con el debate porque estaba dopada a frenadol. ¿Entonces lo del 'Toma democracia!' de Rajoy es real?no es una coña twittera?","twitter.com/Rocigaot/status/304326715302346752"
"20/2/2013 14:59:16","","304228730878971905","","@mejillonsuicida @aliciamurilloru ¡por favor, una 2ª parte con un fulano en un andamio gritándoles que les quiere hacer un traje de babas!","twitter.com/Rocigaot/status/304228730878971905"
"20/2/2013 14:01:07","","304214097782784000","","@CaminoAna sí, pero hai xente que ve os partos nas series da tele, que a veces aos críos lles falta saír polo seu propio pé, e claro...","twitter.com/Rocigaot/status/304214097782784000"
"20/2/2013 13:34:51","","304207485785485313","","Vaale, igual nos quedamos sin Miss España, pero la gala de 'Mister huevos como balones de pilates' del Congreso está a tope #DEN2013","twitter.com/Rocigaot/status/304207485785485313"
"20/2/2013 13:33:19","","304207102283505664","","En serio Rajoy dice que la improvisación y los bandazos no figuran en su programa? o me ha subido la fiebre otra vez y deliro? #DEN2013","twitter.com/Rocigaot/status/304207102283505664"
"20/2/2013 13:20:26","","304203860170383360","","Otra regla del #juegodebeber del #DEN2013: Cada 'inshidias' cuenta por un cubata.","twitter.com/Rocigaot/status/304203860170383360"
"20/2/2013 13:19:38","","304203658399203328","","@aykrmela un día pondrá desde todas las cuentas del PP que 'Somos Anonymous. Somos legión' y lo entenderemos todo..","twitter.com/Rocigaot/status/304203658399203328"
"20/2/2013 13:15:53","","304202712994693120","","Si currase de guionista en Futurama, haría un capítulo donde Fry y Bender viajan a España y ya casi se ha aprobado la Ley de Transparencia","twitter.com/Rocigaot/status/304202712994693120"
"20/2/2013 13:01:09","1","304199006387593216","4","El juego de beber del #DEN2013 : chupito cada vez que Rajoy se coma la d en un participio.","twitter.com/Rocigaot/status/304199006387593216"
"20/2/2013 12:54:26","","304197317077110784","","'Paraos', 'mercaos', 'integraos'. Mariano, que estás en un acto oficial, y estás leyendo el discurso. ¿Tanto esfuerzo es pronunciar la d?","twitter.com/Rocigaot/status/304197317077110784"
"20/2/2013 12:50:48","","304196402458804226","1","Yuju. Más modalidades de contrato temporal y en prácticas. Que ya se vio con Bárcenas y Sepúlveda que aún cuesta mucho despedir. #DEN2013","twitter.com/Rocigaot/status/304196402458804226"
"20/2/2013 12:39:54","","304193658473824257","","@CaminoAna encantadora, a túa veciña... pensei que ía dicir que pensaba que Otto era teu!","twitter.com/Rocigaot/status/304193658473824257"
"20/2/2013 12:35:21","1","304192512376045569","","He contado la vez que ayudé con fonética a la novia de un colega y dijo que recordaba el fonema /ʃ / asociándolo a Rajoy? #chistedefilólogos","twitter.com/Rocigaot/status/304192512376045569"
"20/2/2013 12:28:04","","304190680912261120","","Rajoy y sus metáforas: ahora el cuerpo humano. Falta la de la economía familiar, y robarle a Jesulín la de'eto eh, como un toro,¿no?' #DEN13","twitter.com/Rocigaot/status/304190680912261120"
"20/2/2013 12:25:05","","304189930651910145","","Sigo griposa y estoy viendo a Mariano en el debate sobre el estado de la nación. #matadmeya","twitter.com/Rocigaot/status/304189930651910145"
"20/2/2013 12:18:30","","304188274786856960","","Rajoy repite su 'no he podido cumplir mis promesas porque tenía que cumplir mi deber'. Cumplir lo que prometiste para ganar no es tu deber?","twitter.com/Rocigaot/status/304188274786856960"
"20/2/2013 12:05:22","","304184968811249664","","Una de #lasmedidasdeRajoy tendría que ser una charlita con su community manager: no hace más que poner chistes a huevo con los hashtags...","twitter.com/Rocigaot/status/304184968811249664"
"20/2/2013 10:57:00","","304167764514455554","","La federación de balonmano dice que tiene todo el respeto a Urdangarín, pero lo que perjudica su imagen es una coña de Eva Hache...","twitter.com/Rocigaot/status/304167764514455554"
"20/2/2013 0:53:24","","304015862766137344","","Los actores españoles son los culpables de que a La Razón se le cuele una bandera republicana en portada, ¿no?","twitter.com/Rocigaot/status/304015862766137344"
"20/2/2013 0:51:53","","304015479020855296","","Le voy a robar a @carnecrudaradio el concepto de 'Premios Abundio' a la tontuna. Podrían hacerse a diario que nunca quedaría uno desierto.","twitter.com/Rocigaot/status/304015479020855296"
"20/2/2013 0:21:41","","304007878916837376","","@CaminoAna é grandérrima!","twitter.com/Rocigaot/status/304007878916837376"
"20/2/2013 0:17:57","","304006940571344897","","@CaminoAna non lembro qué twittero fixo unha vez unha selección de retweets co tema 'Abla español k eso q ablas no se hentiende'. Apoteósica","twitter.com/Rocigaot/status/304006940571344897"
"19/2/2013 23:50:21","","303999995441475584","","@CaminoAna estiven por enlazalo, pero está en galego, non van ler os dialectos das zonas bárbaras que amenazan romper España, muller...","twitter.com/Rocigaot/status/303999995441475584"
"19/2/2013 23:45:57","","303998888937926656","","@CaminoAna pois no caralibro quedei a un tris de que me chamaran separatista radical proetarra, non che digo máis...","twitter.com/Rocigaot/status/303998888937926656"
"19/2/2013 23:43:27","","303998256835346432","","@CaminoAna @xoancastro pois aínda acabamos varios do Dépor defendendo ao Celta. Ao final lle darán ao facha o Príncipe Asturias da Concordia","twitter.com/Rocigaot/status/303998256835346432"
"19/2/2013 23:36:53","","303996604527042560","","@xoancastro @CaminoAna eu non descarto unha portada de La Razón vinculando ao Celta con Bardem ou Candela Peña...","twitter.com/Rocigaot/status/303996604527042560"
"19/2/2013 23:33:26","","303995736989790208","","@CaminoAna @xoancastro cala, que herexe xa me sinto, que tiven que defender ao Celta no caralibro. Ao que me obriga a prensa de ultracentro!","twitter.com/Rocigaot/status/303995736989790208"
"19/2/2013 23:22:57","","303993100030840833","","@xoancastro @CaminoAna xa só me falta facerme do Celta e ser unha proetarra que veta aos pobres entrenadores españois de bien...","twitter.com/Rocigaot/status/303993100030840833"
"19/2/2013 23:05:29","","303988703796281345","","@CaminoAna ese é o nivel, sí. E os zares de Rusia eran majísimos e Rasputín tiña un morcego que falaba, que o vin en Anastasia.","twitter.com/Rocigaot/status/303988703796281345"
"19/2/2013 23:04:22","","303988421892919296","","@CaminoAna @xoancastro eu estudiei Audiovisual pero traballaba de xornalista. Conto como culpable do déficit, como pringada ou ambas?","twitter.com/Rocigaot/status/303988421892919296"
"19/2/2013 22:14:44","","303975934191611904","","@RafaelCalvoG tú también lo estudias? A ver cómo se me da, si ya en nuestro alfabeto mi letra es bastante ilegible, no sé yo con esto!","twitter.com/Rocigaot/status/303975934191611904"
"19/2/2013 21:50:39","","303969872466042880","","González Pons desvincula a Al Quaeda del 11M porque no sale en Zero Dark Thirty. Pues si nos ponemos con esas le puedo rebatir con Homeland.","twitter.com/Rocigaot/status/303969872466042880"
"19/2/2013 21:27:39","","303964081973518336","1","@RafaelCalvoG qué va, aún estamos empezando con el katakana, con el kanji creo que no nos metemos hasta 2º!","twitter.com/Rocigaot/status/303964081973518336"
"19/2/2013 21:16:03","","303961164776341505","","@RafaelCalvoG na, era el dopaje, intenté aprovechar la euforia para hacer los deberes de japonés y me volvió a dar el bajón :(","twitter.com/Rocigaot/status/303961164776341505"
"19/2/2013 20:48:37","","303954259559448576","","@Natxolopez Hay algunos actores españoles importantes (no diré nombres) que se hurgan la nariz y luego pegan los mocos bajo el asiento.","twitter.com/Rocigaot/status/303954259559448576"
"19/2/2013 20:06:19","","303943613090516994","","Llevo todo el día a frenadoles hecha un guiñapo, y ahora me encuentro genial. No sé si me he curado o si ya voy dopada nivel Tour de Francia","twitter.com/Rocigaot/status/303943613090516994"
"19/2/2013 18:23:27","","303917728320856064","","Lo de los actores que no tributan aquí lo sabe Montoro porque se acogieron a la amnistía que él aprobó?o coincidieron con Bárcenas en Suiza?","twitter.com/Rocigaot/status/303917728320856064"
"19/2/2013 18:13:55","","303915327471886336","","La comentarista 6 está tan enfadada con el Celta que no comprará 'la leche que lo patrocina y le da nombre' #gensanta http://www.publico.es/deportes/450901/salva-ballesta-el-celta-no-me-ha-fichado-por-sentirme-muy-espanol?rlabs=1 …","twitter.com/Rocigaot/status/303915327471886336"
"19/2/2013 17:04:55","","303897964366163968","","El 'Squared Balls Award' de hoy va para ... http://sociedad.elpais.com/sociedad/2013/02/19/actualidad/1361287429_384398.html …","twitter.com/Rocigaot/status/303897964366163968"
"19/2/2013 13:50:09","","303848948534226944","","@luzhilda del de chutarse o del de hamburguesas de pseudoternera?","twitter.com/Rocigaot/status/303848948534226944"
"19/2/2013 13:36:11","1","303845435670405120","1","@amaralva interesante punto de vista. Pensaría o mesmo se poño a forza do meu pe contra os seus collóns? #casohipotético","twitter.com/Rocigaot/status/303845435670405120"
"19/2/2013 13:16:25","","303840461464948737","","Tengo que dejar de leer comentarios a las noticias en internet cuando estoy griposa, que tanto fachamonger me sube la fiebre...","twitter.com/Rocigaot/status/303840461464948737"
"19/2/2013 10:53:58","2","303804612144668672","","Catarrazo, abandona este cuerpo. El poder de paracetamol te obliga.  #exorcismo","twitter.com/Rocigaot/status/303804612144668672"
"19/2/2013 0:44:45","","303651295758282754","","En la próxima portada de La Razón, 'Maribel Verdú preside el Celta en la sombra y veta a Salva Ballesta'. #yapuestos","twitter.com/Rocigaot/status/303651295758282754"
"19/2/2013 0:16:48","","303644264871636992","","Cada vez que La Gaceta publica algo contra Rajoy me imagino a Esperanza riéndose a lo Espeonza mientras acaricia a un gato.","twitter.com/Rocigaot/status/303644264871636992"
"18/2/2013 22:34:53","1","303618615511498752","","Carguémonos las subvenciones al cine! Los trabajadores del audiovisual pueden pasar sin comer hasta que se estrene la peli en que trabajan.","twitter.com/Rocigaot/status/303618615511498752"
"18/2/2013 16:13:50","","303522722825244672","1","Eh, Ana Rosa, que se ha quemado una mujer a lo bonzo y no sé cuantos suicidios van. Menos mal que podemos tomar tapas en las terrazas,eh?","twitter.com/Rocigaot/status/303522722825244672"
"18/2/2013 16:10:30","","303521882290925568","","Piden voluntarios para hacer turnos en la calle Feijóo. Tras la mentira de la primera paralización del desahucio, cualquiera confía...","twitter.com/Rocigaot/status/303521882290925568"
"18/2/2013 15:45:07","","303515494789574658","","Estamos seguros de que ahora sí se ha parado el desahaucio?a ver si es otra 'confusión' y vuelven cuando nos marchemos...","twitter.com/Rocigaot/status/303515494789574658"
"18/2/2013 14:58:32","1","303503773064630272","6","Por 'una confusión' se comunicó el aplazamiento del desahucio para volver cuando se habían ido los manifestantes. Ya. http://www.lavozdegalicia.es/noticia/coruna/2013/02/18/proceden-desahucio-anciana-coruna-pago-mes-alquiler/00031361175447072772545.htm …","twitter.com/Rocigaot/status/303503773064630272"
"18/2/2013 14:22:19","","303494656556154880","","Ahora es cuando la prensa pro-monárquica ensalza la campechanía de Felipe que,como cualquier español,tiene un cuñao que manda mails de tetas","twitter.com/Rocigaot/status/303494656556154880"
"18/2/2013 14:20:31","","303494202157854720","","Definamos términos. Con una amiga charlas y te vas de cañas. Si te la tiras es tu amante, y si colaboráis en chanchullos, es tu cómplice.","twitter.com/Rocigaot/status/303494202157854720"
"18/2/2013 13:27:07","","303480765612716033","1","'In de attachment', 'the summit will began', 'I am studding your proposal'... Iñaki, ¿la pasta no te dio para un curso de inglés?","twitter.com/Rocigaot/status/303480765612716033"
"18/2/2013 13:08:14","","303476014015737856","","Empiezo a pensar que soy la única pringada a la que Urdangarín no llamó nunca para proponerle algún negociete...","twitter.com/Rocigaot/status/303476014015737856"
"18/2/2013 1:18:09","","303297316843057154","","@luzhilda yo llevo un pijama del H&M, soy hypocrate? O hay que ser actriz?","twitter.com/Rocigaot/status/303297316843057154"
"18/2/2013 0:32:40","2","303285869324955648","","@msabaris @dodavazquez creo que todas hemos pensado lo mismo. Imaginad llegar a la peluquería y encontrarte a la peluquera con esa pinta...","twitter.com/Rocigaot/status/303285869324955648"
"18/2/2013 0:26:14","","303284248666836992","","Vaya, hombre, parece que ha habido un avistamiento de Wert mientras yo me estaba peleando con el ordenador! #PremiosGoya","twitter.com/Rocigaot/status/303284248666836992"
"18/2/2013 0:23:36","","303283588890247168","","Qué grandes los chanantes! Y la pulla de Areces a la vocalización de los actores! #PremiosGoya","twitter.com/Rocigaot/status/303283588890247168"
"17/2/2013 23:53:36","","303276038140620800","","@BobPopVeTV Tadeo Jones es adaptado, pero Blancanieves es original. O igual en las nominaciones también liaron los sobres...","twitter.com/Rocigaot/status/303276038140620800"
"17/2/2013 23:49:26","","303274989631721472","2","¿Wert sigue en la sala?¿O ha escapado aprovechando la confusión de sobres y por eso ya nunca le enfocan? #PremiosGoya","twitter.com/Rocigaot/status/303274989631721472"
"17/2/2013 23:39:49","","303272568624922624","","@BobPopVeTV ¿órdenes a los realizadores? una pena, en 2011 de lo mejor de la gala había sido ver a Sinde juntando los dedos a lo Mr Burns..","twitter.com/Rocigaot/status/303272568624922624"
"17/2/2013 23:21:44","","303268016987189249","1","Por un momento, cuando han dicho 'nos hemos equivocado', he pensado '¿a que al final se lo dan a Juan Magán?' #PremiosGoya #trospidez","twitter.com/Rocigaot/status/303268016987189249"
"17/2/2013 23:20:34","","303267724317048833","","Ay, que la han cagado con los sobres! Haberos marcado un Marisa Tomei, hombre, que ya teníais a los falsos premiados de camino! #PremiosGoya","twitter.com/Rocigaot/status/303267724317048833"
"17/2/2013 23:18:03","1","303267091237199873","1","Yo desafino menos en los karaokes de lo que han desafinado en ese número. Y yo sólo canto en un karaoke cuando estoy tajada. #PremiosGoya","twitter.com/Rocigaot/status/303267091237199873"
"17/2/2013 23:15:44","","303266505989165056","","El discurso de Concha Velasco vale, pero el numerito musical da muuucha vergüencita ajena.  #PremiosGoya","twitter.com/Rocigaot/status/303266505989165056"
"17/2/2013 22:53:04","","303260801941270528","","Carlos Areces me seguiría haciendo gracia hasta contando el chiste del perro Mistetas...","twitter.com/Rocigaot/status/303260801941270528"
"17/2/2013 22:47:51","","303259490831171584","","La libertad que hay que dar al pueblo es la cultura, pero la Ley Sinde es demasiado tímida. Ajá. Ajá. #PremiosGoya","twitter.com/Rocigaot/status/303259490831171584"
"17/2/2013 22:05:10","","303248748480438272","","La excusa de Kim Faura para no darte de baja en Telefónica ni a la de tres es de tomar a la gente por gilipollas. #elclienteperfecto","twitter.com/Rocigaot/status/303248748480438272"
"17/2/2013 22:00:30","","303247574838702080","","Según el de Telefónica, si llamamos a atención al ciente es porque estamos muy solos. #huevoscomobalonesdepilates #elclienteperfecto","twitter.com/Rocigaot/status/303247574838702080"
"17/2/2013 20:16:17","","303221345662152705","","Pues yo me abrí twitter por los Goya. Hace dos años, para seguir las protestas contra la Ley Sinde de Anonymous en la gala...","twitter.com/Rocigaot/status/303221345662152705"
"17/2/2013 13:41:25","","303121976644468737","","Qué majo mi catarro, que se ha esperado a que acabe exámenes para hacer acto de presencia.","twitter.com/Rocigaot/status/303121976644468737"
"16/2/2013 23:09:37","","302902580013584385","1","Siguiendo la moda de novelas zombies, propongo 'Regeneración democrática Z': Fraga volviendo de entre los muertos a rejuvenecer la política.","twitter.com/Rocigaot/status/302902580013584385"
"16/2/2013 23:06:40","","302901838729060352","","@RaKe__L @Bea_Tou @beblas @bylauMK @Rapibea @Ika80Bcn @raquelng1980 podríamos mirar, sí! ya has vuelto de Inglaterra?O estás de vacas?","twitter.com/Rocigaot/status/302901838729060352"
"16/2/2013 22:50:38","3","302897804265791489","5","@JotDownSpain Faltó decir que al menos nosotros no tuvimos que oir a Juancar decir a Corinna que quiere ser su támpax. Nos quejamos de vicio","twitter.com/Rocigaot/status/302897804265791489"
"16/2/2013 22:13:51","","302888548233793537","","@Carolinaabellan @revistamongolia este Marhuenda nos ha salido muy picaflor... ¡yo pensaba que sólo tenía ojos para Mariano!","twitter.com/Rocigaot/status/302888548233793537"
"16/2/2013 20:46:22","","302866528540434433","","Si el PSOE se cambia de nombre, que se ponga Princesa Consuela.","twitter.com/Rocigaot/status/302866528540434433"
"16/2/2013 19:22:53","1","302845522409050113","","@08181 @Tonicanto1 o puede escribir PODE, que la P creo que también quedó disponible...","twitter.com/Rocigaot/status/302845522409050113"
"16/2/2013 16:07:20","","302796311219011584","","Los que rebatís mis críticas al PP con un 'pues el PSOE': me hacéis el mismo efecto que si critico a Bisbal y me decís 'pues Bustamante...'","twitter.com/Rocigaot/status/302796311219011584"
"16/2/2013 12:42:48","","302744836849688576","","@hematocritico si un día me desahucian y tengo que okupar,en vez de un piso okupo un local del Dolce Vita.Pueden tardar años en descubrirme.","twitter.com/Rocigaot/status/302744836849688576"
"16/2/2013 12:41:20","2","302744469726429185","","@Genko @placebodelbo la Fundación del partido que lucha contra las subvenciones y recibe subvenciones a la vez... ¡esto es un no parar!","twitter.com/Rocigaot/status/302744469726429185"
"16/2/2013 11:59:59","1","302734059854000128","1","@MargaretCastor yo con unas bolsas de confetti y otra de riskettos iba a disfrazarme de ella en Carnavales, no digo más...","twitter.com/Rocigaot/status/302734059854000128"
"16/2/2013 11:53:41","1","302732474948141056","4","Tras 'la ministra que está casada y divorciada a la vez', llega 'el tesorero que está despedido y contratado a la vez'. El PP de Schrödinger","twitter.com/Rocigaot/status/302732474948141056"
"15/2/2013 23:58:43","","302552548554973185","","Ahora andamos todos haciendo coñas sobre interrumpir a Rajoy con canciones cuando hable en el Congreso. Como si hablara... #quéchispatenemos","twitter.com/Rocigaot/status/302552548554973185"
"15/2/2013 23:53:00","","302551110550437888","1","Interrumpir a Rajoy en el Congreso cantando 'SOBREviviré'.","twitter.com/Rocigaot/status/302551110550437888"
"15/2/2013 22:51:59","","302535755216076800","","@sil_loh yo sin exámenes también tengo empanamientos, pero en exámenes se acentúa: y cuando trabajaba y estudiaba era aún peor!","twitter.com/Rocigaot/status/302535755216076800"
"15/2/2013 22:26:52","","302529434995552256","","Intentando pagar la peluquería con el carnet de la UNED en vez de con la tarjeta he clausurado el emparramiento por exámenes de febrero2013","twitter.com/Rocigaot/status/302529434995552256"
"15/2/2013 22:20:34","","302527848898502656","","En estado vegetativo post-exámenes. Mañana ya vuelvo a poner la neurona en 'on'.","twitter.com/Rocigaot/status/302527848898502656"
"15/2/2013 11:29:17","","302363948676694016","","Último examen, allá vamos! #acampadauned","twitter.com/Rocigaot/status/302363948676694016"
"15/2/2013 0:51:37","","302203473376714752","","@CaminoAna @uxialopez parecía que non chegaba nunca o final. E si, a semana que ven haberá que tomar un algo de fin de exames!","twitter.com/Rocigaot/status/302203473376714752"
"14/2/2013 23:17:54","","302179889958772737","","@estefaldina @MargaretCastor tienes tickets de restaurante? o puedes usar la cabina de teletransportación para comer en tu casa?","twitter.com/Rocigaot/status/302179889958772737"
"14/2/2013 23:10:00","1","302177903230201856","","@estefaldina @MargaretCastor ¿hacen contrato o te tienes que poner de autónoma?","twitter.com/Rocigaot/status/302177903230201856"
"14/2/2013 23:07:38","","302177306040995840","","Sabe @hematocritico que en Divinity están echando un reality de novias USA escogiendo vestido? una va con su padre con sombrero de cowboy!","twitter.com/Rocigaot/status/302177306040995840"
"14/2/2013 22:55:07","","302174154143182848","","Tendrían que haber cambiado para hoy el Consejo de Ministros de esta semana, para que el #periodistapijo pasara San Valentín con Soraya...","twitter.com/Rocigaot/status/302174154143182848"
"14/2/2013 22:49:16","","302172683666341888","","@CaminoAna sigo sen verlle a gracia a esta festa: non é festivo nin é unha excusa pra beber, ¿qué sentido ten?","twitter.com/Rocigaot/status/302172683666341888"
"14/2/2013 22:27:21","","302167168961900544","","@CaminoAna e porque non tes Facebook, ou a tal hora xa estarías morta da pena. Ou da risa. Ou ambas...","twitter.com/Rocigaot/status/302167168961900544"
"13/2/2013 15:52:47","","301705484182880256","","Parece ser que Rajoy quiere #quelaenseñeRubalcaba. Gracias, community manager del PP, por ponernos los chistes tan a huevo...","twitter.com/Rocigaot/status/301705484182880256"
"12/2/2013 22:48:58","1","301447833226207232","","@aykrmela no sé yo, fijo que las usan para poner 'te hecho de menos', 'vamos ha ver' y similares...","twitter.com/Rocigaot/status/301447833226207232"
"12/2/2013 21:38:46","","301430165194551296","","Por cierto, ¿sabemos si Amparo Baró solía darle en la cabeza a otros miembros del Congreso y/o del Gobierno? Eso explicaría tantas cosas...","twitter.com/Rocigaot/status/301430165194551296"
"12/2/2013 21:16:27","2","301424551563251713","6","Si yo fuera Amparo Baró, la angustia de pensar 'a ver si se quedó tonto por las collejas que le metí' no me la quitaba nadie... #ToniCantó","twitter.com/Rocigaot/status/301424551563251713"
"12/2/2013 20:48:09","","301417429425336320","","@Guerraeterna quita, quita, que capaces son de inventar el cuervo embolado...","twitter.com/Rocigaot/status/301417429425336320"
"12/2/2013 11:01:21","","301269752813326338","","Pujalte dijo que la ley hipotecaria no se toca o en el futuro habrá menos acceso al crédito. Ya, sería una pena que evitáramos otra burbuja.","twitter.com/Rocigaot/status/301269752813326338"
"12/2/2013 10:55:46","","301268347813765120","","La mano negra dentro del PP que filtró lo de Bárcenas,¿es la misma que propuso que 'sobre la ILP, con los medios mejor que hable Pujalte'?","twitter.com/Rocigaot/status/301268347813765120"
"12/2/2013 10:29:37","","301261769815519232","","Martínez Pujalte argumentando como político no, pero en Sálvame Deluxe lo bordaría... #dejanmeenpazdejanmevivir","twitter.com/Rocigaot/status/301261769815519232"
"12/2/2013 0:40:06","","301113411750723584","1","Voy a llamar a las monjas de mi ex colegio. Creo que la Gaceta les robó un poster de la capilla para una portada... http://www.intereconomia.com/noticias-gaceta/sociedad/iglesia-manos-espiritu-santo-20130211 …","twitter.com/Rocigaot/status/301113411750723584"
"11/2/2013 22:42:15","","301083754691174400","","Tengo exámenes y 2 libros que leer, así que no puedo distraerme con chorr...anda, en twitter están comentando Gran Hermano! #modoexámenes","twitter.com/Rocigaot/status/301083754691174400"
"11/2/2013 21:14:07","1","301061576356671488","","También a Ratzinger ya le vale: con lo que le había costado a los de las JMJ aprenderse la coreografía de 'Benedicto, equis uve palito'...","twitter.com/Rocigaot/status/301061576356671488"
"11/2/2013 16:35:45","","300991523410038784","","@NoelaReyMendez pues un problema de protocolo que les ahorra...","twitter.com/Rocigaot/status/300991523410038784"
"11/2/2013 15:33:28","","300975848234835968","","Si salís esta noche por lo del carnaval, estáis a tiempo de haceros el disfraz de Papa con tarjeta del Inem.","twitter.com/Rocigaot/status/300975848234835968"
"11/2/2013 15:10:58","1","300970185232351233","1","En antena3 explican que la diferencia en esta elección de papa es que no habrá entierro del anterior. Si no lo dicen no se me ocurre, oye...","twitter.com/Rocigaot/status/300970185232351233"
"11/2/2013 14:16:43","","300956531447431168","","Sepúlveda despedido del PP. Mira,justo a tiempo para optar a nuevo Papa... #fumatadeconfetti","twitter.com/Rocigaot/status/300956531447431168"
"11/2/2013 12:46:13","1","300933759132372994","","@Vero_vai a ver si la peofecía del Papa negro se refería a eso...","twitter.com/Rocigaot/status/300933759132372994"
"11/2/2013 12:41:54","","300932669175373824","","Cómo va lo de la vacante de Papa?te hacen contrato en el Vaticano o tienes que darte de alta como autónomo?","twitter.com/Rocigaot/status/300932669175373824"
"10/2/2013 21:23:54","","300701646860713986","","Lo mejor es que Wert es capaz de salir del Buesa Arena diciendo que no le pitaron como abucheo, que le silbaban en plan piropo de andamio...","twitter.com/Rocigaot/status/300701646860713986"
"10/2/2013 21:15:08","1","300699441411792896","","@DePunteirolo @dodavazquez @jlcudeiro moi grandes! eu quería ir de Ana Mato e non houbo maneira. Podo disfrazarme mañá pra ir ao Inem!","twitter.com/Rocigaot/status/300699441411792896"
"10/2/2013 18:57:45","","300664870548959232","","@CaminoAna e o examen do mércores o teño ás 9... vou pedir que fagan poucas preguntas e faciliñas por se durmo mal, como Mariano...","twitter.com/Rocigaot/status/300664870548959232"
"10/2/2013 18:38:59","","300660147238367232","","@CaminoAna eu levo media hora atascada na misma páxina de 'A room of one's own'. Leo un párrafo, miro o fb, leo outro, preparo un té...","twitter.com/Rocigaot/status/300660147238367232"
"10/2/2013 16:39:09","1","300629987592122369","","@arezno y sospecho que Alfonso Rojo no es nada rojo...","twitter.com/Rocigaot/status/300629987592122369"
"10/2/2013 16:33:33","1","300628578998038528","","@arezno Lo de 'un dos tres, al escondite inglés'. Otra trola. En Inglaterra juegan al escondite escondiéndose, como en todas partes.","twitter.com/Rocigaot/status/300628578998038528"
"10/2/2013 12:54:52","","300573544323100674","","@Guerraeterna porque fue en Inglaterra y no en España en plena burbuja inmobiliaria, o acaba el pobre en el contenedor de obra...","twitter.com/Rocigaot/status/300573544323100674"
"9/2/2013 15:44:06","","300253746070433792","","A ver, que igual el pobre Mariano se ha liado con las declaraciones porque si no entiende su propia letra, sus números tampoco. #cómosois","twitter.com/Rocigaot/status/300253746070433792"
"9/2/2013 12:55:50","","300211402906431489","","Recordadme por favor que deje de hacer planes con gente tan fiable como un condón de ganchillo.","twitter.com/Rocigaot/status/300211402906431489"
"8/2/2013 22:29:51","","299993470263754752","","@Ika80Bcn Do you miss him? xD","twitter.com/Rocigaot/status/299993470263754752"
"8/2/2013 22:21:03","","299991256925343744","","Creo que si ahora me dieran a elegir el trabajo que me diera la gana sería seleccionar las canciones para #lasextacolumna.","twitter.com/Rocigaot/status/299991256925343744"
"8/2/2013 22:10:40","","299988641822937088","","Ya que todo apunta a que me quedo sin salir en Carnavales, estoy por ir a mi examen de gramática del miércoles disfrazada de Chomsky.","twitter.com/Rocigaot/status/299988641822937088"
"8/2/2013 21:34:58","","299979659494445058","1","Queridos profes de mis asignaturas de la próxima semana: las preguntas cortas y facilitas, por si la noche antes duermo poco #Marianostyle","twitter.com/Rocigaot/status/299979659494445058"
"8/2/2013 21:32:43","1","299979093267599361","","@alvaro_velasco no sé qué decirte, el slogan de 'En lo más íntimo quiero chilly' no se queda muy atrás...","twitter.com/Rocigaot/status/299979093267599361"
"8/2/2013 21:24:28","","299977015929499648","","#EnfermedadesTuiteras Síndrome del gemelo malvado:terribles insultos o derroche de amor hacia 1cuenta parodia creyendo que es el original","twitter.com/Rocigaot/status/299977015929499648"
"8/2/2013 21:21:36","","299976293980717056","","#EnfermedadesTuiteras Síndrome VeteaCuba. Síntomas: avatar de bandera de España, FAVs a Intereconomía, obsesión con @Barbijaputa o @iescolar","twitter.com/Rocigaot/status/299976293980717056"
"8/2/2013 21:05:13","","299972169729990656","","#EnfermedadesTuiteras Visibilitis:sufrida por periodistas que comparten compulsivamente links de la web para la que escriben por visibilidad","twitter.com/Rocigaot/status/299972169729990656"
"8/2/2013 18:09:22","","299927918136655872","","A partir de ahora, cuando alguien me dé plantón con la excusa de 'es que estoy muy cansado/a', diré que se ha marcado un Rajoy.","twitter.com/Rocigaot/status/299927918136655872"
"8/2/2013 12:23:22","","299840843907465216","","En el Eurovegas de Alcorcón podrás ir borracho a que te case un tío vestido de Camilo Sesto. #marcaEspaña","twitter.com/Rocigaot/status/299840843907465216"
"8/2/2013 11:00:24","","299819966109196288","","Como disfraz para Carnavales, el Equipo B me parece una idea tremenda. Yo ya dije el otro día que me pido a Ana Mato http://www.youtube.com/watch?v=WRkv6g_7avA …","twitter.com/Rocigaot/status/299819966109196288"
"8/2/2013 10:01:15","1","299805078297145344","3","Que igual a Rosell también había que darle paguita para quedar en casa sin putearnos. Aunque igual la gasta en sobres para alguien...","twitter.com/Rocigaot/status/299805078297145344"
"8/2/2013 9:58:45","1","299804448325246976","","La patronal ha pedido ya recuperar el convenio colectivo de plantaciones de algodón de los estados confederados? #yapuestos","twitter.com/Rocigaot/status/299804448325246976"
"7/2/2013 21:34:59","","299617276401954816","","Siiiii, ha vuelto Espe! @EspeonzaAguirre , quiero decir!","twitter.com/Rocigaot/status/299617276401954816"
"7/2/2013 18:18:49","","299567905677402113","","Minipandi que va a la biblioteca a cuchichear y reirse toda la tarde:en la planta baja tenéis algo llamado cafetería. #denada","twitter.com/Rocigaot/status/299567905677402113"
"6/2/2013 22:35:44","","299270175700701186","","Y si me disfrazo de Ana Mato en Carnaval? Maquillaje 3 tonos más oscuro+bolso 'Luis Putón' del top manta+bolsa de confeti... voilà!","twitter.com/Rocigaot/status/299270175700701186"
"6/2/2013 22:08:01","1","299263201101635585","3","Esperanza Aguirre se ha ofrecido a regenerar la democracia. Igual mañana se ofrece Belén Esteban a corregir el diccionario de la RAE.","twitter.com/Rocigaot/status/299263201101635585"
"6/2/2013 1:44:23","","298955263816392705","","Pois quedou unha boa noite pra matar tontos... #redrum","twitter.com/Rocigaot/status/298955263816392705"
"6/2/2013 0:38:37","","298938712774041602","","@mipazos @CaminoAna ' trama de corrupción que emocionou a Spielberg': véxoo, si...","twitter.com/Rocigaot/status/298938712774041602"
"6/2/2013 0:30:28","","298936660165550080","","@CaminoAna tranquila, que seguro que se está preparando algunha actuación contundente contra todo isto: unha batucada, un flashmob...","twitter.com/Rocigaot/status/298936660165550080"
"5/2/2013 23:50:03","","298926490467315713","","@CaminoAna sabia decisión... ademáis, igual os suicidios aquí dispáranse (máis), así que minipunto para o equipo de Finlandia...","twitter.com/Rocigaot/status/298926490467315713"
"5/2/2013 23:47:16","","298925787883651073","","@CaminoAna aproveita pra recordarlle que usou as túas cuchariñas nun café de redacción, a ver se che da un posto de asesora...","twitter.com/Rocigaot/status/298925787883651073"
"5/2/2013 23:39:04","","298923724311257088","","Tanto ensaiar as fotos para posar facendo 'son batman!' co velo? #casamos","twitter.com/Rocigaot/status/298923724311257088"
"5/2/2013 23:34:25","","298922555174170624","","@Marmota_Maligna Igual se estaban tomando un descanso, como Ross y Rachel...","twitter.com/Rocigaot/status/298922555174170624"
"5/2/2013 23:25:50","","298920394092601344","","@Vero_vai cando estou de exames sempre me engancho a algo tróspido xD","twitter.com/Rocigaot/status/298920394092601344"
"5/2/2013 23:23:41","2","298919852771524608","2","Eu non digo nada, pero sabendo que a noiva é da Coruña e oíndo aos pais e irmán, sospeito que os seus seseos son finxidos #casamos","twitter.com/Rocigaot/status/298919852771524608"
"5/2/2013 23:19:58","1","298918920268685312","","O de ensaiar as fotos da voda faise de verdad? ou só nas vodas tróspidas? #casamos","twitter.com/Rocigaot/status/298918920268685312"
"5/2/2013 21:02:17","","298884270825562113","","@Credendo_Vides1 na, digo en comparación con el caralibro.  Solo tengo un perfil de cada, que si tuviera más fijo que los confundía...","twitter.com/Rocigaot/status/298884270825562113"
"5/2/2013 20:58:02","","298883200896339968","","@Credendo_Vides1 yo este lo tengo en abierto, total, aquí no subo fotos mías ni información confidencial. Aunque alguna cafrada suelto.","twitter.com/Rocigaot/status/298883200896339968"
"5/2/2013 20:53:13","","298881988448886784","","@Credendo_Vides1 oye, has sabido poner la cuenta privatizada y ponerle foto solita, ya es algo! ¿O lo hizo la gata? xD","twitter.com/Rocigaot/status/298881988448886784"
"5/2/2013 20:51:08","","298881464269950977","","@Credendo_Vides1 os voy a dar un cursillo un día de estos.. :D","twitter.com/Rocigaot/status/298881464269950977"
"5/2/2013 20:46:39","","298880334139887617","","@Credendo_Vides1 que nooo, mujer, ahora que te has animado! Los primeros días son confusos porque vas con la idea de Facebook!","twitter.com/Rocigaot/status/298880334139887617"
"5/2/2013 20:38:23","","298878253437964288","","Seré desconfiada, pero a mí que en una oferta para teleoperadora ponga 'imprescindible buena imagen, mandad foto' me da mala espina...","twitter.com/Rocigaot/status/298878253437964288"
"5/2/2013 20:12:37","","298871770352594944","","Con lo que hay que chapar para su oposición,fijo que el juez empatiza y me absuelve si mato a los que están de risitas en la biblio...","twitter.com/Rocigaot/status/298871770352594944"
"5/2/2013 10:34:02","","298726166443991040","","@Arma_pollo corrijo: para las pocas veces que se deja ver, y la de frases gloriosas que nos deja cuando aparece, el tío...","twitter.com/Rocigaot/status/298726166443991040"
"4/2/2013 21:44:27","1","298532492451930113","","Y a todo esto, ¿a qué carrera con empleabilidad se pueden apuntar hoy los chavales? ¿'Tronista' es grado universitario o ciclo de FP?","twitter.com/Rocigaot/status/298532492451930113"
"4/2/2013 21:42:08","","298531911742132225","","Pues según Wert, los de mi quinta habríamos tenido que hacer todos Arquitectura, que era lo que entonces ofrecía empleabilidad, ¿no?","twitter.com/Rocigaot/status/298531911742132225"
"4/2/2013 21:19:56","1","298526321787666432","","@ElExpecial @SenoritaPuri ya les vale! acaso vamos nosotros a Tuenti a molestar escribiendo sin faltas de ortografía ni fallos gramaticales?","twitter.com/Rocigaot/status/298526321787666432"
"4/2/2013 21:14:59","","298525078029737984","","- Cariño, ¿tú me has sido siempre fiel? 

-Sí, #SalvoAlgunaCosa","twitter.com/Rocigaot/status/298525078029737984"
"4/2/2013 21:13:05","","298524598771781632","","Mi profe de japonés se ha negado a aprobarme a cambio de 1bolsa de confetti. Si es que estos inmigrantes no se integran en nuestra cultura..","twitter.com/Rocigaot/status/298524598771781632"
"4/2/2013 17:56:14","","298475061705314304","1","-jura decir la verdad,toda la verdad y nada más que la verdad? +lo juro, #SalvoAlgunaCosa","twitter.com/Rocigaot/status/298475061705314304"
"4/2/2013 17:54:08","","298474532983930881","4","Agente, le prometo que no he bebido nada. #SalvoAlgunaCosa","twitter.com/Rocigaot/status/298474532983930881"
"3/2/2013 22:58:38","","298188772359696385","2","Lo primero son las cañas, di que sí. ¿Para qué aprender a escribir, si puedes pagar a un pobre para que escriba por ti? #AnaRosafacts","twitter.com/Rocigaot/status/298188772359696385"
"3/2/2013 22:47:35","","298185993104797697","","Dice Ana Rosa que no compensa la educación finlandesa por el frío. Ana Rosa, mujer,piensa que el frío tersa la piel como un bótox lowcost...","twitter.com/Rocigaot/status/298185993104797697"
"3/2/2013 18:10:56","","298116370657312768","","¿Los inmigrantes sin derecho a asistencia sanitaria pueden pagarle a Ana Mato sus tratamientos en confetti? #ideas #sanidadsostenible","twitter.com/Rocigaot/status/298116370657312768"
"3/2/2013 12:23:34","1","298028952809787392","","@Marmota_Maligna ya me las estoy imaginando a lo Dragon Ball, en posición de '¡fuuusióoooon!' . Miedito...","twitter.com/Rocigaot/status/298028952809787392"
"3/2/2013 0:26:01","","297848375963963393","","@NJMagazine hay que hacer un hashtag para reclamar su reposición. Qué pena que no existiera twitter cuando lo emitieron, lo habría petao!","twitter.com/Rocigaot/status/297848375963963393"
"3/2/2013 0:13:56","","297845337782104064","","@NJMagazine están reponiendo confianza ciega en alguna cadena?? ese reality estuvo claramente infravalorado en su día! #jonubetía","twitter.com/Rocigaot/status/297845337782104064"
"3/2/2013 0:11:42","1","297844775246249985","","@amaliorodriguez a lo mejor Sepúlveda usó todo ese confeti para cubrir el Jaguar, y por eso Ana Mato no lo vio. Y todos pensando mal de ella","twitter.com/Rocigaot/status/297844775246249985"
"2/2/2013 20:04:31","1","297782569792073728","1","¿Sabemos si la #comparecenciatróspida se ofreció con unos segundos de diferido por si Rajoy enseñaba una teta, rollo Super Bowl?","twitter.com/Rocigaot/status/297782569792073728"
"2/2/2013 19:56:25","","297780529900711936","","#YoCreoenRajoy, y que me suban el IVA a las chuches si miente...","twitter.com/Rocigaot/status/297780529900711936"
"2/2/2013 15:52:57","1","297719258757087232","1","Y si hacemos presidenta a Anna, la asistente virtual de Ikea? También sale sólo en un monitor,pero contesta preguntas #comparecenciatróspida","twitter.com/Rocigaot/status/297719258757087232"
"2/2/2013 15:43:29","1","297716879286489088","","#YoCreoenRajoy , y en la homeopatía, y en que a Belén Esteban se le jodió el tabique nasal por culpa de la diabetes.","twitter.com/Rocigaot/status/297716879286489088"
"2/2/2013 15:39:43","","297715929364721664","1","No, si al final la Pantoja es la única pringada a la que no le creen lo de 'yo no sé nada de la pasta de mi churri ' #todosconlaPanto","twitter.com/Rocigaot/status/297715929364721664"
"2/2/2013 13:18:58","","297680508735868928","","@anai_martin aún menos mal. Podían poneros al hipnosapo en bucle para predisponeros a creer lo que dijera Mariano...","twitter.com/Rocigaot/status/297680508735868928"
"1/2/2013 23:26:40","","297471051410051072","","@CaminoAna seguro que si! ao final a teoría de @AlbaPio da visión de conxunto da os seus froitos!","twitter.com/Rocigaot/status/297471051410051072"
"1/2/2013 23:00:56","","297464578110013440","","@CaminoAna festival do humor! Qué tal o exame, por certo?","twitter.com/Rocigaot/status/297464578110013440"
"1/2/2013 22:21:40","","297454693553164289","","@Jaureguizar @pipiestrada a ver se o dos sobres de Bárcenas é unha cortiña de fume pra tapar o do tráfico de teléfonos de tronistas...","twitter.com/Rocigaot/status/297454693553164289"
"1/2/2013 21:59:50","","297449200793292801","1","Pues si en confetti se fueron 4.000 euros, pensad lo que habría gastado la Gürtel si en vez de fiestas le pagasen a Ana Mato los rayos UVA..","twitter.com/Rocigaot/status/297449200793292801"
"1/2/2013 15:32:28","","297351717874434048","","En el hashtag #soydelPP leo a algunos presumir de no dejarse 'lavar la cabeza' (sic). Y nosotros pensando que el pringue del pelo era gomina","twitter.com/Rocigaot/status/297351717874434048"
"1/2/2013 10:38:59","1","297277861142876160","","@CaminoAna @NoelaReyMendez o malo é que ao final non vemos nin un duro polos dereitos, quedarase a pasta en Australia...","twitter.com/Rocigaot/status/297277861142876160"
"1/2/2013 10:37:10","","297277403007422465","","@CaminoAna si, eso por descontado, xa sabes que pra min a expresión 'demasiado café' non existe...","twitter.com/Rocigaot/status/297277403007422465"
"1/2/2013 10:32:11","","297276147983601664","","@CaminoAna @scarregal qué tal foi?eu tiro pra alá nun rato, que quedeime frita e estou encafeinándome un pouco!","twitter.com/Rocigaot/status/297276147983601664"
"1/2/2013 10:20:08","1","297273115837337600","","@NoelaReyMendez copiones!","twitter.com/Rocigaot/status/297273115837337600"