"date","fav","id","rt","text","url"
"1/4/2013 1:49:31","","318510399576211456","","Ver una foto de '¿espectro o persona?'de #CuartoMilenio y descubrir que el ente en cuestión eres tú. El temor de los poco fotogénicos.","twitter.com/Rocigaot/status/318510399576211456"
"1/4/2013 1:45:36","","318509414942380032","","Vamos,que hai que montar outra expedición á lúa pra que os tomates saian máis fermosos. En termos de rentabilidade, non sei eu.. #MilenioX","twitter.com/Rocigaot/status/318509414942380032"
"1/4/2013 1:42:20","","318508592670056449","","@Hominidio @dj__chaos foi ministro de Traballo e acaba de tertuliano de Cuarto Milenio: o chiste sae só...","twitter.com/Rocigaot/status/318508592670056449"
"1/4/2013 1:38:22","","318507595205861376","","@_Alviga @Sasisoto Clasicazo!","twitter.com/Rocigaot/status/318507595205861376"
"1/4/2013 1:37:02","","318507259275644928","2","'¿Hacha o difunto?' es la versión Friker del '¿Culo o codo?' de Pablo Motos... #CuartoMilenio","twitter.com/Rocigaot/status/318507259275644928"
"1/4/2013 1:36:05","","318507017381765123","","@Hominidio Si, a outra é Corinna. E leva mal o de ser loira, a pobre, que seica todo é máis difícil pra elas...","twitter.com/Rocigaot/status/318507017381765123"
"1/4/2013 1:34:46","","318506689080995841","","'Ese eterno monumento sen función'... Estoume a imaxinar ao Friker do ano dez mil e pico facendo pallas mentais sobre o Gaiás! #MilenioX","twitter.com/Rocigaot/status/318506689080995841"
"1/4/2013 1:32:52","","318506209831432192","","@Hominidio Ou de Corina! A nosa de toda a vida, non a amiga entrañable de Juancar, que agora pode haber confusión...","twitter.com/Rocigaot/status/318506209831432192"
"1/4/2013 1:30:42","","318505665003921408","","En serio, o pelo de Pimentel é coma o do Ken. Igual o leva pintado. #MilenioX","twitter.com/Rocigaot/status/318505665003921408"
"1/4/2013 1:28:41","","318505156738170880","","@Hominidio a ver, calqueira non, o discutín fai un rato:está a rama do pelazo (Güemes, Manglano, etc) e a rama sin (Montoro, de Guindos...)","twitter.com/Rocigaot/status/318505156738170880"
"1/4/2013 1:25:55","","318504460341092352","","@Hominidio non sei eu.. parece de quita e pon, rollo click de Playmobil...","twitter.com/Rocigaot/status/318504460341092352"
"1/4/2013 1:24:22","","318504069654274050","","Ex ministros que acaban en #cuartomilenio. Igual nuns anos explican aquí no misterio do finiquito diferido simulado... #MilenioX","twitter.com/Rocigaot/status/318504069654274050"
"1/4/2013 1:21:57","","318503462050603008","","@Hominidio e leva na cabeza unha rata psicopompa...","twitter.com/Rocigaot/status/318503462050603008"
"1/4/2013 1:05:54","","318499422981992449","","@Marmota_Maligna Si lo dice Iker, va a misa... xD","twitter.com/Rocigaot/status/318499422981992449"
"1/4/2013 1:03:40","","318498860978814978","","@Marmota_Maligna de joderla nada, si lo arrestaron el martes en vez de el jueves, nos tienen que dar dos días más de vacaciones!","twitter.com/Rocigaot/status/318498860978814978"
"1/4/2013 0:58:24","","318497535989800961","","Se un técnico de son pode finxir que Lana del Rey sabe cantar, tamén pode facer una psicofonía que diga mamá ou cante Clavelitos.. #MilenioX","twitter.com/Rocigaot/status/318497535989800961"
"1/4/2013 0:47:39","","318494831435448320","","Pois non dixeron nada do Rei motorista. Co ben que lles viría estes días pra mellorar a imaxe da monarquía... #MilenioX","twitter.com/Rocigaot/status/318494831435448320"
"1/4/2013 0:44:27","","318494026603065346","","@Hominidio Se cando algo falla no coche se te aparece unha pantasma a avisarte, eu non sei pra qué pagamos a ITV...","twitter.com/Rocigaot/status/318494026603065346"
"1/4/2013 0:33:27","","318491256995061760","","Ves? Iso vivindo na Coru non nos pasa. As pantasmas non van polo orzán con tacóns de 10cm dicindo 'pasa de él, tía, es un cabrón'. #MilenioX","twitter.com/Rocigaot/status/318491256995061760"
"1/4/2013 0:31:58","1","318490881755848706","","Os que vivides na aldea e volvedes a pé do campo da feira á casa o día da festa, a de sustos que meteredes a pobres conductores! #MilenioX","twitter.com/Rocigaot/status/318490881755848706"
"1/4/2013 0:23:43","1","318488807081136129","2","Pantasmas que se aparecen para que lembres que tes que revisar os neumáticos. E logo a xente tenlles medo, co riquiños que son! #MilenioX","twitter.com/Rocigaot/status/318488807081136129"
"1/4/2013 0:13:35","","318486256705220608","1","@Hominidio e máis, 40 anos de dictadura e non se dignaron colaborar na loita antifranquista aparecéndose no Pardo en plan polstergeist...","twitter.com/Rocigaot/status/318486256705220608"
"1/4/2013 0:11:27","","318485719301648384","","'Unha muller quieta na carretera con roupas doutro tempo'. Vamos,unha hipster rollo vintage sacándose fotos pra o seu blog fashion #MilenioX","twitter.com/Rocigaot/status/318485719301648384"
"1/4/2013 0:06:21","","318484437820125184","","@Hominidio non sei en Alemania qué demanda hai de pantasmas de curva, alí sempre foron máis de polstergeist...","twitter.com/Rocigaot/status/318484437820125184"
"1/4/2013 0:01:40","","318483256376975361","","@Hominidio teñen turnos para as aparicións pantasmais: racionalización de horarios, e tal...","twitter.com/Rocigaot/status/318483256376975361"
"31/3/2013 23:51:36","","318480726737682432","","'¿Sabían que en España también hay dólmenes?' Hombre, pues sí, se daba en Ciencias Sociales, en 5º de EGB o así. #exclusivón #cuartomilenio","twitter.com/Rocigaot/status/318480726737682432"
"31/3/2013 23:49:54","","318480297387773954","","#CuartoMilenio hablará de leyendas urbanas sobre apariciones misteriosas en carretera. ¿Nos dirán al final si es verdad lo del Rey en moto?","twitter.com/Rocigaot/status/318480297387773954"
"31/3/2013 22:59:07","1","318467515934199808","","@doctorojete @nebulina yo creo que entre la rama pelazo y la rama cortinilla tapacalva surgirán unas tensiones que ríete de Espe y Gallardón","twitter.com/Rocigaot/status/318467515934199808"
"31/3/2013 22:58:00","","318467235456880640","","@mondomedico aaaah, yo es que hacía siglos que no leía nada de este tío y me pierdo en la terminología!","twitter.com/Rocigaot/status/318467235456880640"
"31/3/2013 22:26:59","","318459429865529344","","Lo que más admiro de Kim.Jong-Un es que salga en fotos con un Mac y ni la Verdadera Izquierda ni la caverna le acusen de no ser comunista","twitter.com/Rocigaot/status/318459429865529344"
"31/3/2013 22:22:30","","318458300960231424","","Quedo máis tranquila. Pensaba mudarme alá e o que me disuadía era non poder facerme rastas se un día me daba por ahíhttps://twitter.com/PartidoJucheVK/status/318453231435014144 …Desmontando la campaña de desprestigio de los medios españoles sobre cortes de pelo en Corea del Norte http://depyongyangalahabana.blogspot.com.es/2013/03/desmontando-mentiras-i-cortes-de-pelo.html … #manipulación","twitter.com/Rocigaot/status/318458300960231424"
"31/3/2013 22:16:44","","318456852541214720","1","@doctorojete la derecha española saca un calendario erótico y con las ventas sacan fondos para rescatar Bankia tres veces, sí... #gensanta","twitter.com/Rocigaot/status/318456852541214720"
"31/3/2013 22:11:47","","318455605788545025","","@leonpilgrim @NJMagazine Gensanta! Ahora, espera que lo saque alguna egoblogger con cierta fama, y se venderán como churros...","twitter.com/Rocigaot/status/318455605788545025"
"31/3/2013 22:10:26","","318455263831154689","","@mondomedico ¿Erizas?","twitter.com/Rocigaot/status/318455263831154689"
"31/3/2013 21:45:30","","318448989265596416","","@NJMagazine @leonpilgrim estaba eso, y el bolso que llevaba impresa la foto de tu niño o mascota; luego decimos de las horteradas ochenteras","twitter.com/Rocigaot/status/318448989265596416"
"31/3/2013 21:38:36","","318447254170107905","","@leonpilgrim @NJMagazine yo recuerdo esa moda horrible de los 90 de imprimir cada uno la foto del otro en1camiseta y lucirlas a la vez...","twitter.com/Rocigaot/status/318447254170107905"
"31/3/2013 21:07:40","","318439468229070848","","@xoancastro eu esta véxoa máis pra o Peter Pan de Monte Pío, claramente! Aínda que non creo que sexa tan políglota!","twitter.com/Rocigaot/status/318439468229070848"
"31/3/2013 20:59:19","1","318437366408835073","","Es ver el anuncio de Bankia en plan 'la cagamos, pero perdónanos, porfa', y acordarme de esto... https://www.youtube.com/watch?v=i_X38PufOpo …","twitter.com/Rocigaot/status/318437366408835073"
"31/3/2013 20:36:11","","318431548447784960","","@mondomedico y está a un par de tweets de decir que las feministas quieren quemar toda la literatura universal, si no lo ha dicho ya...","twitter.com/Rocigaot/status/318431548447784960"
"31/3/2013 20:33:52","","318430963757625346","","@mondomedico que por lo de la novela a la que le quitaron un premio por ir contra valores de igualdad se ha puesto en plan 'todas feminazis'","twitter.com/Rocigaot/status/318430963757625346"
"31/3/2013 20:17:49","1","318426923040665602","1","El feminismo serio es el que le parezca bien a Reverte, las protestas admisibles las que le parezcan bien al Gobierno y así con todo...","twitter.com/Rocigaot/status/318426923040665602"
"31/3/2013 16:45:40","","318373536072880128","1","@xoancastro @CaminoAna escoita a historia da miña vida/cómo Fraga cambioume a movida/sen comelo e bebelo cheguei a ser/presi da Xunta co PP!","twitter.com/Rocigaot/status/318373536072880128"
"31/3/2013 16:23:12","","318367880989245441","","@CaminoAna @xoancastro era unha dúbida razonable, pero recoñeceuno el mesmo na web do PP. Porque non se lle ocorreu esa excusa, supoño...","twitter.com/Rocigaot/status/318367880989245441"
"31/3/2013 16:05:09","","318363337299750912","","@Hominidio @xoancastro non vai por ti, home, pero hai xente de mal corazón poñéndoo podre. A xente non está contenta con nada...","twitter.com/Rocigaot/status/318363337299750912"
"31/3/2013 15:58:54","","318361766990053378","","@Hominidio @xoancastro conste que vexo fatal atacar a Feijóo, pra unha vez que apoia a un dos nosos sectores máis enxebres... #criticóns","twitter.com/Rocigaot/status/318361766990053378"
"31/3/2013 15:39:36","","318356909524672513","","@xoancastro e a súa camisa fashion tamén está máis que quemada xa, estou quedando sen recursos!","twitter.com/Rocigaot/status/318356909524672513"
"31/3/2013 15:38:48","","318356708529422337","","@RubenGaldon y lo que molaría que acabarámos teniendo a un narco de primera dama?","twitter.com/Rocigaot/status/318356708529422337"
"31/3/2013 15:34:08","","318355531217633280","","@xoancastro vaia, ho! marqueime un Ana Rosa, entón! teño que madrugar máis (ou acostarme aínda máis tarde) ou quedo sen chistes que facer!","twitter.com/Rocigaot/status/318355531217633280"
"31/3/2013 15:33:16","","318355316645429248","","@RubenGaldon ahora entiendo por qué en Salamanca había gente que asumía que como soy gallega tenía coca para pasarles... #ponunnarcoentuvida","twitter.com/Rocigaot/status/318355316645429248"
"31/3/2013 15:28:54","","318354215774867457","","@RubenGaldon menos mal que avisan! justo me he encontrado una y pensaba lamerle el culo, a ver qué tal! #porlospelos","twitter.com/Rocigaot/status/318354215774867457"
"31/3/2013 15:25:30","","318353359247654913","","@Milhaud y las de cole de monjas teníamos que cantar cada mayo 'tengo en casa a mi mamá pero mis mamás son dos'. Toma diversidad familiar...","twitter.com/Rocigaot/status/318353359247654913"
"31/3/2013 15:18:31","1","318351603021250560","","A tal hora, o chiste de 'Alberto, paga a coca, primeiro aviso', estará feito xa, ¿non?","twitter.com/Rocigaot/status/318351603021250560"
"31/3/2013 15:09:24","","318349306874707968","","@Guerraeterna entonces estaban 'en una relación', y ahora Pedro J ha pasado a 'es complicado'. Siempre ha sido una relación tormentosa...","twitter.com/Rocigaot/status/318349306874707968"
"31/3/2013 1:47:40","","318162646589382656","","@Hominidio por aquí anda:  http://actualidade.ppdegalicia.com/prensa/prensappdeg/entry/comunicado_de_alberto_n%C3%BA%C3%B1ez_feij%C3%B3o …","twitter.com/Rocigaot/status/318162646589382656"
"31/3/2013 1:42:38","","318161377934061568","","Feijóo excúsase con que cando as fotos co narco tiña 34 anos. Eu teño 33, quédame só un aniño pra facer esas cousas da xuventude, entón...","twitter.com/Rocigaot/status/318161377934061568"
"30/3/2013 20:39:33","","318085104301899777","","@CaminoAna xa che digo, cando o publicou estiven tentada incluso de empezar a seguir a Marhuenda, non digo máis...","twitter.com/Rocigaot/status/318085104301899777"
"30/3/2013 20:37:06","","318084487298809857","","@CaminoAna escoitei tal! eu xa me rira cando publicou, fai case un ano, pero o retwittearon agora e non me pude resistir a facer RT tamén...","twitter.com/Rocigaot/status/318084487298809857"
"30/3/2013 20:34:31","1","318083839408885760","","@CaminoAna este tan grandioso:https://twitter.com/pacomarhuenda/status/200580814487044097 …Siento dar un disgusto a los que vivís instalados en el odio y os gusta aplaudir a los proetarras de amaiur:  ya se poner las tildes","twitter.com/Rocigaot/status/318083839408885760"
"30/3/2013 20:31:52","","318083171851849728","","Sí, sé que el tweet de Marhuenda es viejísimo. Pero es que no me canso de leerlo, hoygan","twitter.com/Rocigaot/status/318083171851849728"
"30/3/2013 13:55:12","","317983347387273216","","@nebulina algunos trabajan en organización de congresos y cosas así. Otros ayudaron a su prima con la boda y van de guays.","twitter.com/Rocigaot/status/317983347387273216"
"30/3/2013 13:42:31","","317980153764524033","","@sil_loh yo es que lo veo enseñándole su colección de comics y sus mapas militares a Luján Argüelles mientras pide una novia que esté buena","twitter.com/Rocigaot/status/317980153764524033"
"30/3/2013 4:12:31","","317836711977701377","","No me digáis que Kim Jong-un no daba totalmente el perfil para personaje de reality tipo Quién quiere casarse con mi hijo o Hijos de Papá...","twitter.com/Rocigaot/status/317836711977701377"
"30/3/2013 2:20:51","","317808608941326337","","@aberron ¿qué le sale al 2º por la derecha justo sobre el cinturón? Porque como tripa tiene forma rara...","twitter.com/Rocigaot/status/317808608941326337"
"30/3/2013 1:17:12","","317792589921271808","","@nebulina encima tú en Medicina, ¿no? que como mutemos todos y nos salgan órganos de más venga a reestudiarlo todo... #putadón","twitter.com/Rocigaot/status/317792589921271808"
"29/3/2013 20:34:40","1","317721488297971712","","Pues yo esta peli semanasantera iría a verla de cabeza... ¡cómo gana la historia con el toque Tarantino! http://www.youtube.com/watch?v=m2pK60VlnJ8 …","twitter.com/Rocigaot/status/317721488297971712"
"29/3/2013 20:01:31","","317713144552235009","","@CaminoAna moho? a min estanme saíndo membranas interdixitais e branquias, directamente...","twitter.com/Rocigaot/status/317713144552235009"
"29/3/2013 18:25:46","","317689049848610816","","@dodavazquez @scarregal @sihomesi 3? yo no tuve ninguna. En deontología estudiábamos sólo el código deontológico de la COPE, eso sí...","twitter.com/Rocigaot/status/317689049848610816"
"29/3/2013 18:18:01","","317687098847154176","","@scarregal @dodavazquez @sihomesi yo no tuve ninguna asignatura obligatoria de religión ni similares, y era la Pontificia...","twitter.com/Rocigaot/status/317687098847154176"
"29/3/2013 16:57:10","1","317666752848863234","","@scarregal @sihomesi @dodavazquez é obligatoria, pódese ver no plan de estudios na súa web. http://www.uchceu.es/estudios/grado/periodismo.aspx?op=plan&elem=3 …","twitter.com/Rocigaot/status/317666752848863234"
"29/3/2013 16:19:20","","317657232357597185","","@ffoottooss Qué herejía más ofensiva! Cruzampos y Heinekens? Con la de cervezas mejores que hay??","twitter.com/Rocigaot/status/317657232357597185"
"29/3/2013 16:00:12","","317652415837007875","1","@08181 @FacuDiazT Mmm... ¿alguna vez se ha visto a Facu y a Kim Jong-un juntos en el mismo sitio? Chívaselo a Toni Cantó, a ver qué twittea!","twitter.com/Rocigaot/status/317652415837007875"
"29/3/2013 0:18:02","","317415312691707904","","@Albertoenserie es muy rollo 'perdóname, cari, te juro que esta vez sí que he cambiado'...","twitter.com/Rocigaot/status/317415312691707904"
"28/3/2013 20:35:17","","317359256418537473","","Decirle a tu profe que 'hay mil maneras de contar' para que te quite el suspenso del examen de mates. #Montorostyle","twitter.com/Rocigaot/status/317359256418537473"
"28/3/2013 17:39:08","","317314927264165890","","@nebulina @perradesatan Dios les puteaba,y ellos se dejaban para ser sus favoritos:rollo amigo nerd del popular en pelis de instituto USA","twitter.com/Rocigaot/status/317314927264165890"
"28/3/2013 16:05:53","1","317291457520222208","","@Genko podrían haberse disputado la calle con una justa medieval: cada cofradía va corriendo con su imagen, y quien tire la de la otra, gana","twitter.com/Rocigaot/status/317291457520222208"
"28/3/2013 14:39:22","","317269687417315328","","@ESPcatolicos ¿por eso hay tanto católico que cree a Güemes y a Percival Manglano? Acabáramos, todo encaja!","twitter.com/Rocigaot/status/317269687417315328"
"28/3/2013 14:33:07","","317268112678461440","","@Hominidio teñen microclima!","twitter.com/Rocigaot/status/317268112678461440"
"28/3/2013 14:27:48","","317266773722398721","","Creo que la cazatalentos que ficha a las voces femeninas del panorama modernillo es la monja que elegía a las del coro de mi cole...","twitter.com/Rocigaot/status/317266773722398721"
"28/3/2013 14:19:49","","317264768606019586","","@Hominidio totalmente: eu a veces vou a fronteira con Castela e salto dun lado ao outro: hop! agora choiva e frío, hop! agora sol tropical","twitter.com/Rocigaot/status/317264768606019586"
"28/3/2013 14:12:01","","317262804082098176","","@Hominidio A meteo da EiTB é ETA, claramente. Coido que xa hai máis xente en ETA que nas listas do INEM...","twitter.com/Rocigaot/status/317262804082098176"
"28/3/2013 14:01:09","","317260069400104962","","Bueno, pues calculo que estamos a dos números de que Jotdown incluya entre sus columnistas a Mauricio Colmenero. #hembracidad #semosmodernos","twitter.com/Rocigaot/status/317260069400104962"
"27/3/2013 23:42:00","","317043857130934272","","La cena de los idiotas en TCM!","twitter.com/Rocigaot/status/317043857130934272"
"27/3/2013 22:39:47","","317028200733622272","","En la Sexta están poniendo esa peli de Burton donde salen Johnny Depp y Helena Bonhan Carter vestidos de mamarrachos. ¡Sí, esa misma!","twitter.com/Rocigaot/status/317028200733622272"
"27/3/2013 22:24:51","","317024441303441408","","@Gato_directo ¿si mis vecinos heteros hablan euskera y toman pepsi con fetos me puedo quedar con su niño?¿madre soltera hetero es sucedáneo?","twitter.com/Rocigaot/status/317024441303441408"
"27/3/2013 22:15:15","1","317022024600010752","","@PepeWebosRepes Es para que nos consolemos los precarios que no iremos de vacaciones.'Sí, me quedo en casa,pero no tendré que comer muertos'","twitter.com/Rocigaot/status/317022024600010752"
"27/3/2013 19:59:23","","316987835439796225","","Carromero aún está a tiempo de que lo fichen de asesor ministerial. Si Fátima Báñez decide cambiar el Bubble Shooter por el Grand Theft Auto","twitter.com/Rocigaot/status/316987835439796225"
"27/3/2013 18:49:29","","316970242591031297","","@Credendo_Vides1 tal cual!","twitter.com/Rocigaot/status/316970242591031297"
"27/3/2013 18:46:03","","316969376416952320","","@Credendo_Vides1 Toni Cantó diría que me rompí las gafas pegando a un hombre y luego le puse una denuncia falsa, o algo así...","twitter.com/Rocigaot/status/316969376416952320"
"27/3/2013 18:31:02","","316965598942883841","","@Credendo_Vides1 jajaja, yo prefiero culpar al cristal pegado con celo, que tiene fácil (aunque caro) arreglo...","twitter.com/Rocigaot/status/316965598942883841"
"27/3/2013 18:23:32","","316963710025494528","","Yo me reí de uno por ir de culto pero colocar tildes que no eran y la tilde resultó ser una mancha de mi monitor: Vamos, hice un tonicantó.","twitter.com/Rocigaot/status/316963710025494528"
"27/3/2013 17:39:24","1","316952605437874177","","@RafaelCalvoG claro, hombre, si es que eran viejísimas ya, pa qué quieres barcos vikingos habiendo yates y lanchas motoras!","twitter.com/Rocigaot/status/316952605437874177"
"27/3/2013 17:21:24","","316948075069444097","","Si hubiera sido aquí en plena burbuja, iba al contenedor de obra. Batalla por los restos de Ricardo III  http://cultura.elpais.com/cultura/2013/03/27/actualidad/1364399582_995710.html … vía @el_pais","twitter.com/Rocigaot/status/316948075069444097"
"27/3/2013 16:58:29","1","316942307486228480","1","Oye, @Catalinaragon , ¿y por qué tú puedes twittear y otras ex mujeres de Enrique VIII no tienen esa facilidad? #tonicantófacts","twitter.com/Rocigaot/status/316942307486228480"
"27/3/2013 16:51:04","","316940572818567168","","Una de dos: o estoy desarrollando dislexia con 33 tacos, o tengo que cambiar de una vez el cristal roto de las gafas que pegué con celo...","twitter.com/Rocigaot/status/316940572818567168"
"27/3/2013 15:44:17","1","316923634792923136","1","A estas alturas, creo que ya puedo usar 'he hecho un tonicantó' como sinónimo de 'me he columpiado y he twitteado una gilipollez'.","twitter.com/Rocigaot/status/316923634792923136"
"27/3/2013 1:01:30","","316701474623209472","","@fanetin @masaenfurecida y estos son los que si twitteas en gallego, vasco o catalán te dicen que 'aprendas a ablar español' (sic).","twitter.com/Rocigaot/status/316701474623209472"
"26/3/2013 21:53:38","","316654195564482562","","Pues no sé, RTVE, estoy intentando descubrir de quién habláis, pero como adivinanza es de las chungas...https://twitter.com/rtve/status/316653285589274624 …Una exposición sobre el vampiro más conocido y sus influencias  llega a Madrid.  Descubre de quién hablamos: http://bit.ly/10bjdMd  #Drácula","twitter.com/Rocigaot/status/316654195564482562"
"26/3/2013 21:50:59","","316653529999765504","1","#RoboAEspaña es TT. Si es que nos están dejando sin derechos y la gente empieza a moviliz...ah, no, que nosequé de un penalty.","twitter.com/Rocigaot/status/316653529999765504"
"26/3/2013 13:30:54","1","316527680071811072","2","El escrache es ilegal, violento y yo no querría sufrirlo, vale, ¿y qué?: http://www.eldiario.es/_6d87314  vía @eldiarioes","twitter.com/Rocigaot/status/316527680071811072"
"26/3/2013 0:33:43","","316332096631234560","","@ana_morgade no es culpa de los guionistas, el libro es tal cual...","twitter.com/Rocigaot/status/316332096631234560"
"26/3/2013 0:18:07","","316328169726685184","1","@kurioso San Pablo, el hombre que oyó a Dios y se convirtió tras caerse de un caballo:entonces le hicieron apóstol, hoy día le harían un TAC","twitter.com/Rocigaot/status/316328169726685184"
"25/3/2013 23:35:44","","316317505725538304","1","Si han hecho este coñazo con el Antiguo Testamento, que hay infanticidios, incestos, etc, cuando lleguen al Nuevo será soporífero #LaBiblia","twitter.com/Rocigaot/status/316317505725538304"
"25/3/2013 23:10:47","","316311224235200513","","Dios es omnisciente, pero tenías que marcar con sangre la puerta para que no matara a tu hijo por un despiste tonto. #LaBiblia","twitter.com/Rocigaot/status/316311224235200513"
"25/3/2013 22:03:16","","316294235747926016","","Después de verlo en @El_Intermedio , tengo claro que me voy a hacer cofrade de  #Luisdelgranpoder . Pedazo de procesión...","twitter.com/Rocigaot/status/316294235747926016"
"25/3/2013 21:31:08","2","316286147926040577","","¿Han vinculado a alguien más con ETA mientras estaba en el súper?","twitter.com/Rocigaot/status/316286147926040577"
"25/3/2013 21:11:00","","316281081659789312","","@dj__chaos @Hominidio @xoancastro @le_Jouks o peor é que polo menos eu aínda estou sobria. Debería probar a facer haikus bébeda cal SueEllen","twitter.com/Rocigaot/status/316281081659789312"
"25/3/2013 19:38:55","","316257905768808449","","@Hominidio @xoancastro certo! lembrarei incluirte nos agradecementos cando publique a miña primeira antoloxía poética!","twitter.com/Rocigaot/status/316257905768808449"
"25/3/2013 19:31:45","","316256105393168384","","Si lo piensas, si ya eran ETA los de Acampada Sol con talleres de reiki, raro que Cifu no haya dicho que lo de los timbres es de la Gestapo","twitter.com/Rocigaot/status/316256105393168384"
"25/3/2013 19:27:27","","316255023220793344","","@xoancastro @Hominidio oes, pois sí, vou reciclarme en poeta de haikus twitteros, que non pode ser peor que facerme Community Manager!","twitter.com/Rocigaot/status/316255023220793344"
"25/3/2013 19:06:55","","316249855209115648","","@xoancastro @Hominidio coido que só con haikus que mencionen a Báñez ou Soraya podo editar unha antoloxía...","twitter.com/Rocigaot/status/316249855209115648"
"25/3/2013 19:01:42","","316248540638744577","","@xoancastro @Hominidio vaia, ho! En fin, había que intentalo a ver se colaba,a Arianna funciónalle!","twitter.com/Rocigaot/status/316248540638744577"
"25/3/2013 18:57:25","","316247462715211778","","@xoancastro @Hominidio oes, pois mola, non me coñecía eu este talento poético!","twitter.com/Rocigaot/status/316247462715211778"
"25/3/2013 18:53:43","","316246531365806081","","@xoancastro @Hominidio o módico precio podemos pagalo en visiblos?","twitter.com/Rocigaot/status/316246531365806081"
"25/3/2013 18:51:19","","316245929495773184","","@xoancastro @Hominidio non hai ningunha aplicación coma a de 'this can be your next tweet' que faga haikus cos teus tweets pasados?","twitter.com/Rocigaot/status/316245929495773184"
"25/3/2013 13:13:13","","316160842041270272","","Hay algún medidor para ver cuántos ETApuntos tenemos? Sumando por haber ido a manifas de 15M, de Nunca Máis, por ser profe de la pública...","twitter.com/Rocigaot/status/316160842041270272"
"25/3/2013 12:17:07","","316146725280706563","","@DavidLombao seica inculcar aos nenos as normas ortográficas é adoctrinamento da esquerda tamén...","twitter.com/Rocigaot/status/316146725280706563"
"25/3/2013 12:05:53","","316143896663040000","3","Si creemos a la caverna, ETA ha entrenado ya a grupos chavistas, al 15-M, a la PAH... con tanto cursillo, ¿seguro que es ETA y no CEAC?","twitter.com/Rocigaot/status/316143896663040000"
"25/3/2013 2:36:41","","316000655066165250","","Menos mal que ninguno de los jefes yonkis que he tenido descubrió las sales de baño;dejarme comer ya sería mucha explotación  #cuartomilenio","twitter.com/Rocigaot/status/316000655066165250"
"25/3/2013 2:28:32","","315998601543315456","","@RafaelCalvoG me he enganchado recientemente. ¿Cómo puede ser que haya gente a quien le dé miedo? Yo me desorino!","twitter.com/Rocigaot/status/315998601543315456"
"25/3/2013 2:18:12","","315996003029352448","","En #cuartomilenio dicen que aquí no está penado comerse a alguien, sólo les condenan por homicidio.Puedes comerte a alguien y que sobreviva?","twitter.com/Rocigaot/status/315996003029352448"
"25/3/2013 1:27:21","","315983204106510336","","En lo de apariciones fantasmales en carretera podemos salir mis amigos y yo hace 2años saliendo de una boda #cuartomilenio  #ravedelmisterio","twitter.com/Rocigaot/status/315983204106510336"
"25/3/2013 1:20:57","","315981592982077440","","¿Leyendas urbanas de apariciones en la carretera? O van a hablar de la muerta de la curva o del Rey en su moto #ravedelmisterio","twitter.com/Rocigaot/status/315981592982077440"
"25/3/2013 1:11:29","","315979212081217536","1","Lo del punto caliente confirma mi teoría de que interrumpieron a alguna pareja que se había metido ahí a follar bajo techo #ravedelmisterio","twitter.com/Rocigaot/status/315979212081217536"
"25/3/2013 1:05:33","","315977720054022144","","Churri, nos quedamos sin follar que han entrado unos frikis con cámaras. Disimula, sígueles el rollo y hazte el fantasma  #ravedelmisterio","twitter.com/Rocigaot/status/315977720054022144"
"25/3/2013 0:57:57","","315975806830645248","","Eu atopo ao barbas de noite nun edificio abandoado e tamén penso que vin unha aparición de ultratumba, as cousas como son #ravedelmisterio","twitter.com/Rocigaot/status/315975806830645248"
"25/3/2013 0:41:22","1","315971633066151936","","A ver, Iker, que los seres que encontráis en ese tugurio no son 'apariciones fantasmales', son yonkis. #ravedelmisterio #cuartomilenio","twitter.com/Rocigaot/status/315971633066151936"
"25/3/2013 0:33:49","","315969734719987712","","En las FARC tienen uno que se hace invisible. Se ve que estuvo con una beca Erasmus en Howgarths #cuartomilenio #ravedelmisterio","twitter.com/Rocigaot/status/315969734719987712"
"25/3/2013 0:28:12","","315968321558310913","","Calqueira día vexo en Cuarto Milenio ao meu ex veciño, ao que lle falaba Deus pra darlle consellos de inversión bursátil #ravedelmisterio","twitter.com/Rocigaot/status/315968321558310913"
"25/3/2013 0:09:40","","315963655969705985","1","Vale, tías que no comen apenas, toman el sol y no hacen nada. Lo que en mi casa se llaman pijas. #ravedelmisterio #cuartomilenio","twitter.com/Rocigaot/status/315963655969705985"
"25/3/2013 0:04:17","","315962302832713728","","Tías que apenas comen y van de místicas. Vamos, intensitas hipster anoréxicas. Tremenda exclusiva. #ravedelmisterio #cuartomilenio","twitter.com/Rocigaot/status/315962302832713728"
"24/3/2013 23:57:59","","315960715519328257","","Non comía nada, só a 'sagrada forma'. Agora a cousa é saber cántas ostias comía ao día, claro  #ravedelmisterio","twitter.com/Rocigaot/status/315960715519328257"
"24/3/2013 23:56:20","","315960299192725504","","@xoancastro vai ser iso, agora nin sei paralizar o corazón da xente cos dedos nin podo saltarme as restriccións de equipaxe de man...","twitter.com/Rocigaot/status/315960299192725504"
"24/3/2013 23:47:33","","315958088987463680","","@xoancastro pero é inxusto,a min nin me deixan subir o líquido das lentillas,os moi cabróns! e di Corinna que as loiras o teñen máis difícil","twitter.com/Rocigaot/status/315958088987463680"
"24/3/2013 23:05:44","","315947567802351618","","@Credendo_Vides1 la verdad es que es mucho más cómoda de transportar, dónde va a parar!","twitter.com/Rocigaot/status/315947567802351618"
"24/3/2013 22:57:55","","315945600787030017","","@Credendo_Vides1 pues no he probado, como la catapulta no la dejan subir supuse que la katana tampoco...","twitter.com/Rocigaot/status/315945600787030017"
"24/3/2013 22:52:31","1","315944242189053952","1","Las veces que he visto Kill Bill, y aún me fijo ahora en que a Beatrix Kiddo le dejan subir la katana al avión como equipaje de mano...","twitter.com/Rocigaot/status/315944242189053952"
"24/3/2013 1:41:47","","315624451414835200","","Por recomendación de @ariasnatalia y @Ch4_13 he empezado con Vikings. Lo bien que me habría ido el curso pasado cuando di Hª de Inglaterra!","twitter.com/Rocigaot/status/315624451414835200"
"22/3/2013 21:08:38","","315193321817509889","","#AcosoSalvajeEs molestar en el telefonillo a políticos o banqueros. Desahuciar a familias enteras es 'crecimiento económico negativo'.","twitter.com/Rocigaot/status/315193321817509889"
"22/3/2013 2:32:57","","314912552276598786","","@joseprecedo @elmundotoday esto puede ser su coartada: tenía trineo porque hacía de Papa Noel, y los sobres eran regalos de Navidad...","twitter.com/Rocigaot/status/314912552276598786"
"22/3/2013 2:22:50","","314910006300532737","","@JuanGomezJurado @Proscojoncio pues yo me la compraba! Cada vez vamos a peor con las mascotas olímpicas, ¡y nos reíamos de Cobi en su día!","twitter.com/Rocigaot/status/314910006300532737"
"22/3/2013 1:42:39","","314899894001344512","1","@alexdelaIglesia @revistamongolia Empiezas con los telefonillos y acabas pidienco 6pizzas en su nombre para hacérselas pagar #portalborroka","twitter.com/Rocigaot/status/314899894001344512"
"22/3/2013 1:16:27","4","314893298173083652","1","@XoseMorais yo de pequeña hice alguna vez lo de timbrar a alguien y salir corriendo. ¿Sabes cuántos años tarda en prescribir el delito?","twitter.com/Rocigaot/status/314893298173083652"
"22/3/2013 1:13:09","5","314892469345071104","3","@XoseMorais oye, no sólo timbran, también dejan papeles. Yo voy a denunciar por acoso salvaje a los de correo comercial del carrefour...","twitter.com/Rocigaot/status/314892469345071104"
"22/3/2013 1:06:29","","314890791640244224","","@CaminoAna @xoancastro e debe de ser a única vez que AR é plaxiada por alguén, e non ao contrario... a de 'cando me desnudo' non a coñecía!","twitter.com/Rocigaot/status/314890791640244224"
"22/3/2013 0:54:25","","314887753416458240","","@CaminoAna tampouco a min, e tal como vai a cousa empezo a sentirme discriminada. Es que somos negros, que diría Ana Rosa?","twitter.com/Rocigaot/status/314887753416458240"
"21/3/2013 23:12:29","","314862102319869955","","@hematocritico qué haces que no comentas Casamos? ahora hay boda gitana!","twitter.com/Rocigaot/status/314862102319869955"
"21/3/2013 22:58:23","","314858553489903616","","E se chamas aos de #Casamos para que sigan a túa voda, pero no momento clave fuxes plantando ao noivo no altar, emiten o programa? #dúbida","twitter.com/Rocigaot/status/314858553489903616"
"21/3/2013 22:48:29","","314856061884571648","","@nebulina por supuesto. O eso me digo a mí misma cada vez que la tomo. Y con el guacamole con nachos, tres cuartos de lo mismo...","twitter.com/Rocigaot/status/314856061884571648"
"21/3/2013 22:34:15","","314852478401265665","","Traxe de noivo tornasolado estilo Berto and the Border Boys: garantía de voda tróspida. #Casamos","twitter.com/Rocigaot/status/314852478401265665"
"21/3/2013 18:55:20","","314797388021788673","1","Hola, amante de mi vecino: Jim Carrey haciendo de malo en un culebrón venezolano de los 90 sobreactuaría menos que tú. Besis.","twitter.com/Rocigaot/status/314797388021788673"
"21/3/2013 17:29:32","","314775794968842240","","@xoancastro xa che digo! mimetízase totalmente co entorno!","twitter.com/Rocigaot/status/314775794968842240"
"21/3/2013 17:11:05","","314771151853322240","","¿Por qué lo llaman Día Internacional de la Poesía cuando en Facebook quieren decir Día Internacional de las frasecitas de carpeta? #gensanta","twitter.com/Rocigaot/status/314771151853322240"
"21/3/2013 17:06:15","","314769934985080832","","@xoancastro certo, fallo meu. Entón só falta a mantilla e a peineta!","twitter.com/Rocigaot/status/314769934985080832"
"21/3/2013 16:16:29","","314757410998845440","","@xoancastro Con Soraya dase un aire, se lle quitas o bigote e o despeinas un pouco...","twitter.com/Rocigaot/status/314757410998845440"
"21/3/2013 16:05:07","","314754551209148416","","@xoancastro admito que non o coñecía e tiven que googlealo. E agora dame medo preguntar quén faría de Soraya o de Cospedal...","twitter.com/Rocigaot/status/314754551209148416"
"21/3/2013 14:44:55","","314734369778585603","","Muy fan de @molinos1282, una vez más... NO TENGO ESPÍRITU OLÍMPICO..NI FALTA QUE ME HACE  http://www.cosasqmepasan.com/2013/03/no-tengo-espiritu-olimpiconi-falta-que.html#.UUsNxjQdoV4.twitter …","twitter.com/Rocigaot/status/314734369778585603"
"21/3/2013 14:33:20","1","314731454980562945","","¿Quién creéis que hará de Bárcenas cuando la HBO descubra esta mina de oro y haga una serie sobre el sobresgate? ¿Y de Mariano?","twitter.com/Rocigaot/status/314731454980562945"
"21/3/2013 14:28:30","","314730236359086080","","Me ha recordado al 'que me secuestro!' de Dani Mateo. '¡Que me recurro a mí mismo!'. La cosa mejora día a día...  http://www.eldiario.es/politica/PP-Gomez-Bermudez-Caso-Barcenas_0_113038984.html …","twitter.com/Rocigaot/status/314730236359086080"
"21/3/2013 14:14:40","","314726753790742528","","@luzhilda muchas veces no es cosa de la redactora,sino veto de los que están por encima. Aunque yo avisaría al entrevistado si no va a salir","twitter.com/Rocigaot/status/314726753790742528"
"21/3/2013 0:23:29","","314517580738084865","","En el próximo trabajo de Sepúlveda, que lo elijan para el comité de empresa, por si los EREs. Qué arte para negociar indemnizaciones!","twitter.com/Rocigaot/status/314517580738084865"
"20/3/2013 21:32:46","1","314474620021506048","","@luzhilda Lo malo es que igual le acaban llamando Nanci, abreviatura de Disonancia. Con eso tienes que contar también...","twitter.com/Rocigaot/status/314474620021506048"
"20/3/2013 17:52:33","","314419197847416832","2","Empresas que ofrecen contratos 'formativos' y exigen un máster y un año de experiencia en el trabajo para el que te van a 'formar'. Fan.","twitter.com/Rocigaot/status/314419197847416832"
"19/3/2013 13:29:11","","313990532546326528","","@aykrmela @Renfe prueba a ir a la estación, a mí 1vez me pasó que según la web no quedaban y en persona sí pude comprarlos (muy lógico todo)","twitter.com/Rocigaot/status/313990532546326528"
"18/3/2013 22:18:22","","313761317058138112","","@CristianMas86 si es que la peineta y la mantilla las luce mucho mejor Cospedal, dónde va a parar...","twitter.com/Rocigaot/status/313761317058138112"
"18/3/2013 22:10:38","","313759371098214400","","@CristianMas86 Se ve que Soraya le ha chivado su truco de peinarse con la batidora...","twitter.com/Rocigaot/status/313759371098214400"
"18/3/2013 21:34:56","2","313750389415628800","","Al menos pondrán cerca Eurovegas y los JJOO y se podrá compaginar ser voluntaria olímpica de día y stripper de noche... #pluriempleo","twitter.com/Rocigaot/status/313750389415628800"
"18/3/2013 21:33:17","","313749975324561409","","@MoralDolores y espero que los del COI no sepan español, que si descubren que en su propia lengua no habla mucho mejor, qué imagen...","twitter.com/Rocigaot/status/313749975324561409"
"18/3/2013 21:25:26","","313747996225458178","","Que alguien le ponga Splash a los del COI y les diga que es la selección española de salto de trampolín,a ver si descartan lo de los JJOO...","twitter.com/Rocigaot/status/313747996225458178"
"18/3/2013 11:18:40","","313595298528251906","1","Ya que hay empresas que piden 'voluntarios' para trabajar gratis, yo voy a pedir voluntarios para pagarme por no hacer nada, y si cuela...","twitter.com/Rocigaot/status/313595298528251906"
"18/3/2013 11:01:17","","313590926838734848","","Empresas de comunicación que buscan redactores freelance y ofrecen ingresos 'proporcionables' (sic) a la carga de trabajo. Fan. #NO","twitter.com/Rocigaot/status/313590926838734848"
"18/3/2013 2:22:08","","313460276936720385","","Iker ha dicho que había niños chamanes? El paraíso de Sánchez Dragó: menores y proveedores de peyote! #cuartomilenio #incribleCarmen","twitter.com/Rocigaot/status/313460276936720385"
"18/3/2013 2:12:04","","313457744533417985","","Está claro que en Miraflores en el s XVII morían por culpa de la bruja: entonces no había tóxicos cancerosos y tartas de caca #cuartomilenio","twitter.com/Rocigaot/status/313457744533417985"
"18/3/2013 1:59:21","","313454544539504640","","@marmota_rad yo vivo en un edificio viejo, y oigo gemidos ahora mismo: vienen del piso de al lado,y dicen 'sí, sí, más!' #misteriopafriker","twitter.com/Rocigaot/status/313454544539504640"
"18/3/2013 1:52:53","","313452915106930688","","@marmota_rad imagínate la de polstergeist que tendremos por ahí rulando tras una década de recalificaciones por la burbuja inmobiliaria...","twitter.com/Rocigaot/status/313452915106930688"
"18/3/2013 1:45:42","","313451107059916801","","4 anos vivindo nun edificio moi vello con varios pisos vacíos, e aínda non inventei nada pra ir de invitada a #cuartomilenio #IncribleCarmen","twitter.com/Rocigaot/status/313451107059916801"
"18/3/2013 1:43:17","1","313450502035755009","4","'Los niños se meten de todo'. Mira, como los guionistas de #cuartomilenio... #IncribleCarmen","twitter.com/Rocigaot/status/313450502035755009"
"18/3/2013 1:37:00","1","313448916957933570","","@08181 y ahora ha quedado claro de que eso es una gran falta de visión comercial...","twitter.com/Rocigaot/status/313448916957933570"
"18/3/2013 1:35:24","1","313448517806997504","","Eso de que tienes una experiencia extracorporal a los 3 años, pero lo recuerdas 10 años después, cuando papá necesita pasta #cuartomilenio","twitter.com/Rocigaot/status/313448517806997504"
"18/3/2013 1:32:38","","313447817857339395","","Yo también estuve en el cielo con 3 años. O igual fue en el tren chuchú de la verbena, que de esa edad tengo lagunas...  #cuartomilenio","twitter.com/Rocigaot/status/313447817857339395"
"18/3/2013 1:17:29","","313444005394382848","","Mañana a las 07:30 tengo que estar en pie, y aquí estoy, viendo a Friker.. #IncribleCarmen #cuartomilenio","twitter.com/Rocigaot/status/313444005394382848"
"18/3/2013 0:42:18","","313435153290625024","1","Espérate que aún van a sacar las tartas de caca del Ikea en #cuartomilenio #IncribleCarmen","twitter.com/Rocigaot/status/313435153290625024"
"18/3/2013 0:32:54","","313432788768526336","","El que que vio a la muerte me recuerda al abuelo Simpson: 'La muerte!' 'Abuelo, ése es el gato' 'La muerte!' 'Esa es Maggie' #cuartomilenio","twitter.com/Rocigaot/status/313432788768526336"
"18/3/2013 0:13:45","1","313427968863125504","","El problema del Everest que hace que palme tanta gente es la altitud. ¡Dios mío, si lo supiera más gente! #cuartomilenio","twitter.com/Rocigaot/status/313427968863125504"
"18/3/2013 0:03:16","","313425330876608512","","Quéé? Que si subes al Everest puedes morir congelado? Oh, misterio misterioso! #cuartomilenio","twitter.com/Rocigaot/status/313425330876608512"
"17/3/2013 21:32:01","","313387267769126912","","@Ika80Bcn sí, aunque yo después de ver a Soraya y Báñez el viernes, con que hablaran un perfecto español ya me daba por contenta...","twitter.com/Rocigaot/status/313387267769126912"
"17/3/2013 21:18:25","","313383845640675331","","@CristianMas86 Defender el no aborto de Justin, quiero decir, no defender el aborto...","twitter.com/Rocigaot/status/313383845640675331"
"17/3/2013 21:17:47","","313383682754883584","","@CristianMas86 Supongo que su idea era defenderlo, porque dice 'gracias a' y no 'por culpa de', pero el argumento no me convence... xD","twitter.com/Rocigaot/status/313383682754883584"
"17/3/2013 21:15:36","1","313383133695324160","3","Dice Wert que el cine español tendría que ser en inglés. El cine catalán, gallego o vasco, en cambio, tendría que ser en español. #fucklogic","twitter.com/Rocigaot/status/313383133695324160"
"17/3/2013 21:10:30","1","313381853073637376","","Hoy, en 'Grandes momentazos que nos da el twitter'...https://twitter.com/IsabelDuran_/status/313354908990599168 …¿Sabes que Justin Bieber está vivo gracias a que a su madre la ayudó a llevar adelante su embarazo una ONG pro-vida?","twitter.com/Rocigaot/status/313381853073637376"
"15/3/2013 20:48:33","","312651553276313600","","@lauralruiz Claro, iban a ponerle una bolsa de AB+ y en vez de eso le pusieron una de JB. Le puede pasar a cualquier médico...","twitter.com/Rocigaot/status/312651553276313600"
"15/3/2013 20:44:02","","312650413625180161","","@lauralruiz y le faltó decir que llevaba colonia y la colonia lleva alcohol, así que todo suma. Y si cuela, cuela...","twitter.com/Rocigaot/status/312650413625180161"
"15/3/2013 15:12:46","1","312567050214182912","","#apriorísticamente puedo hacer un anecdotario de burradas de ministros + largo que el de Figar de opositores a profes.Y ministros hay menos.","twitter.com/Rocigaot/status/312567050214182912"
"15/3/2013 14:58:29","","312563454387056640","","Soraya ha dicho 'apriorísticamente' o he oído yo mal? Y luego son los estudiantes los que van mal en Lengua...  #Cmin","twitter.com/Rocigaot/status/312563454387056640"
"15/3/2013 14:41:50","","312559267045572608","","@CaminoAna tal cual. Ahí tiña tweets narrando grandes momentos, coma cando chegaron os seguratas ou cando me convertín en Antonio...","twitter.com/Rocigaot/status/312559267045572608"
"14/3/2013 23:48:30","","312334452254715905","","A todo isto, baixeime o archivo con todos os meus tweets e estou repasando os da época do ERE do #proxecto. Gensanta, cómo pasa o tempo...","twitter.com/Rocigaot/status/312334452254715905"
"14/3/2013 23:42:14","","312332872159735809","","Barcelona-A Coruña en Alsa: a morte en bolsiñas. Que é a vosa voda, tirade a casa pola ventá e pillade o Talgo polo menos!  #Casamos","twitter.com/Rocigaot/status/312332872159735809"
"14/3/2013 23:29:45","","312329733683703808","","É cousa miña, ou o pai da novia dase un aire de familia co cuñado de Walter White? #Casamos","twitter.com/Rocigaot/status/312329733683703808"
"14/3/2013 15:01:31","1","312201829276590080","","#CONCELLOSDEHOLLYWOOD Leaving As Neves","twitter.com/Rocigaot/status/312201829276590080"
"14/3/2013 14:57:15","","312200755266326528","1","Tui Peaks #CONCELLOSDEHOLLYWOOD","twitter.com/Rocigaot/status/312200755266326528"
"13/3/2013 20:36:40","1","311923785232183296","","Si he aprendido algo de cómo va Twitter, con esto de que el Papa se llame Paco en breve tendrían que ser TT Encarnita Polo y Beyoncé.","twitter.com/Rocigaot/status/311923785232183296"
"13/3/2013 14:54:34","","311837695666176000","","@autonauta Sonaba 'Paquito el Chocolatero'? Se non, non era o de Sutil.","twitter.com/Rocigaot/status/311837695666176000"
"13/3/2013 13:59:31","","311823839392849921","","@nebulina ¿sin ombligo? De eso Iker Jiménez te hace un especial de cuatro horas sobre el Adán del Hospital X...","twitter.com/Rocigaot/status/311823839392849921"
"13/3/2013 0:42:37","","311623293469868033","","@dodavazquez @xebelo ¿cuál fue el de 'ven y celébrarlo con nosotros?' Me suena un montón y no lo recuerdo!","twitter.com/Rocigaot/status/311623293469868033"
"12/3/2013 17:28:03","","311513930835062784","","@BobPopVeTV ¿y pueden hacer 'edredoning'? ¿O 'sotaning'?","twitter.com/Rocigaot/status/311513930835062784"
"12/3/2013 16:21:57","","311497297534017537","","Molaría que los candidatos a Papa hicieran campaña como cualquier político. Ya sabéis, dando mítines, besando niñ... vale, igual no molaría.","twitter.com/Rocigaot/status/311497297534017537"
"12/3/2013 15:36:25","","311485835822395393","","Y he tenido una entrevista de trabajo, pero las condiciones son tan penosas que prefiero mandar el CV a Papa. A aprovechar el latín de COU.","twitter.com/Rocigaot/status/311485835822395393"
"12/3/2013 15:34:40","","311485397484052480","","Estae semana se me han roto las gafas(otra vez) se me ha jodido la luz del baño (otra vez) y casi piso una rata muerta. Y aún es martes...","twitter.com/Rocigaot/status/311485397484052480"
"12/3/2013 0:32:56","","311258470777241600","","Pues para escenificar la unidad del partido, en la foto yo les veo muy 'olvidaqueexistoypegalavuelta'... http://www.larazon.es/portada-impresa ","twitter.com/Rocigaot/status/311258470777241600"
"12/3/2013 0:31:14","","311258042681413632","","Yo el día que tenga hijos dudo si hablarles en chino mandarín o en élfico.Lo que sea más positivo para ellos.    https://twitter.com/Gato_directo/status/311244806141648897 …","twitter.com/Rocigaot/status/311258042681413632"
"12/3/2013 0:09:24","1","311252547581132801","","#LevantarseEnElCónclaveYGritar 'Esta es! La juventud del Papa!' . Todos menores de 80, chavalada sana...","twitter.com/Rocigaot/status/311252547581132801"
"12/3/2013 0:03:42","","311251110318989312","","@ppparla ¿Y si luego nos despiden de Eurovegas también nos negociáis el finiquito en diferido?","twitter.com/Rocigaot/status/311251110318989312"
"11/3/2013 22:02:41","","311220655330836480","","@TaboadaLucia @PepeWebosRepes yo en mi currículum les he puesto 'latín nivel medio-alto', porque fui por letras puras hasta COU...","twitter.com/Rocigaot/status/311220655330836480"
"11/3/2013 21:57:11","","311219272133271552","","Si el Vaticano estuviera en España, el nuevo Papa tendría que hacerse autónomo, y le echarían si no llegara a un mínimo de conversos al mes.","twitter.com/Rocigaot/status/311219272133271552"
"11/3/2013 2:06:38","","310919660847652864","","@dj__chaos @xoancastro a teoría das demáis do piso era que de tanto cheirar a pino o seu mozo ía ao monte e se empalmaba.Rollo can de Paulov","twitter.com/Rocigaot/status/310919660847652864"
"11/3/2013 1:57:44","","310917423463272449","","@xoancastro menos mal que non lle deu por ahí, porque o de invocar á Pantoja pegáballe que nin pintado!","twitter.com/Rocigaot/status/310917423463272449"
"11/3/2013 1:47:46","2","310914914153799680","1","@xoancastro eu compartín piso cunha tía que lavaba as bragas con Ajax Pino. Igual tería sido mellor o polstergeist...","twitter.com/Rocigaot/status/310914914153799680"
"11/3/2013 1:46:52","","310914684993826817","","El mundo 'extraño' de la colombofilia. Vale que no es muy común, pero Iker, que lo digas tú... #yahablódeputalatacones #CuartoMilenio","twitter.com/Rocigaot/status/310914684993826817"
"11/3/2013 1:44:06","","310913992560349185","","'Es alguien que trabaja en televisión...' Vamos, es un currante nuestro improvisando un numerito porque nos cayó algo de escaleta.","twitter.com/Rocigaot/status/310913992560349185"
"11/3/2013 1:41:21","","310913296918253568","","@xoancastro pero tiña que ser un minipiso destes de agora: os poltersgeist teñen que correr en círculos polo salón...","twitter.com/Rocigaot/status/310913296918253568"
"11/3/2013 1:32:33","","310911082510307328","","¿El de la casa embrujada pensó en suicidarse por el miedo y resulta que vivía de alquiler? ¿Mudarse no se le ocurrió? #CuartoMilenio","twitter.com/Rocigaot/status/310911082510307328"
"11/3/2013 1:21:04","","310908194815868928","","@elgatomirararo ya sabemos a quién se va a encomendar ahora Fátima Báñez si la Virgen del Rocío sigue pasando...","twitter.com/Rocigaot/status/310908194815868928"
"11/3/2013 1:06:59","","310904651086184448","","El próximo gran misterio... Es invierno y mucha gente está con gripe. Ojo cuidao. #CuartoMilenio","twitter.com/Rocigaot/status/310904651086184448"
"11/3/2013 1:03:54","","310903872904364033","","Mañán baixo á praia, busco un escarapote e saco unha foto para Cuarto Milenio, a ver se tamén mo sacan coma criatura misteriosa...","twitter.com/Rocigaot/status/310903872904364033"
"11/3/2013 0:55:57","","310901871911002113","","Me parece genial que haya camisetas de Cuarto Milenio, para distinguir a un monguer de un vistazo sin cotillear su twitter o su Facebook","twitter.com/Rocigaot/status/310901871911002113"
"11/3/2013 0:52:55","1","310901109784997889","","Entonces, ¿si tienes 20 años cuentas tus viajes alucinógenos en Callejeros y si tienes 70 los cuentas en Cuarto Milenio, o cómo va esto?","twitter.com/Rocigaot/status/310901109784997889"
"11/3/2013 0:36:27","","310896964734685185","2","Los que estáis con Cuarto Milenio, ¿seguro que Sánchez Dragó ha dicho 'un animal de PODER? ¿Con 'p'? Que a ese tío le van cosas muy raras...","twitter.com/Rocigaot/status/310896964734685185"
"10/3/2013 22:46:04","","310869188141006848","","@paleofreak Casi lo consiguen. Pero uno había trabajado una vez de extra en una peli de Bardem y al descubrirlo claro, otra escisión...","twitter.com/Rocigaot/status/310869188141006848"
"10/3/2013 20:28:36","","310834591911010305","","@VIVAANTES @magago non sei qué che diga, teño que facer unha eu  e igual vai o morto cos pes por fora e a tapa pechada con cinta aislante","twitter.com/Rocigaot/status/310834591911010305"
"10/3/2013 20:17:18","","310831750114844672","1","@magago @VIVAANTES ferretería-carpintería-tanatorio?con iso podes montar unha funeraria tipo Ikea: se montas ti o ataúde te sae máis barato","twitter.com/Rocigaot/status/310831750114844672"
"10/3/2013 20:10:43","","310830090193862657","","@uxialopez de momento creo que sí, pero espérate a que tengan otra ocurrencia...","twitter.com/Rocigaot/status/310830090193862657"
"10/3/2013 19:36:59","","310821603556593665","","Si de verdad es porque puede ser un apellido,tampoco puedes llamarte Martín, por ejemplo?(avisad a Ex-Martiño Rivas!) http://www.publico.es/451882/el-gobierno-prohibe-llamarse-lenin-porque-invita-a-confusion …","twitter.com/Rocigaot/status/310821603556593665"
"10/3/2013 19:31:19","","310820175245094912","","En el nuevo de @quique_gonzalez acabo de oir: 'se fue dejando un rastro de confetti'. ¡No me digáis que le ha dedicado 1 canción a Ana Mato!","twitter.com/Rocigaot/status/310820175245094912"
"10/3/2013 19:24:59","","310818580709113857","","@Credendo_Vides1 ya, pero ahora que te han dado la idea, puedes hacerlo con tu próxima ensaladilla! :D","twitter.com/Rocigaot/status/310818580709113857"
"10/3/2013 17:26:41","","310788810692784128","","@msabaris @dodavazquez @CaminoAna @DePunteirolo @omar_bello86 veña, todos a facer presión! :D","twitter.com/Rocigaot/status/310788810692784128"
"10/3/2013 2:40:57","","310565907648880640","","@Credendo_Vides1 , este tweet fijo que a ti te mola!https://twitter.com/SrParabellum/status/290221551062769665 …Imagino a Mendel cogiendo los guisantes verdes y amarillos con sus manitas. Y haciendo como si follaran. Susurrando cochinadas.","twitter.com/Rocigaot/status/310565907648880640"
"10/3/2013 1:49:46","","310553026710618113","","Yo también estoy ya mejor, apenas me duele la garganta y vuelvo a tener voz. Por si el ABC también quiere dedicarme una portadita...","twitter.com/Rocigaot/status/310553026710618113"
"9/3/2013 23:10:54","","310513049654132736","","@RubenGaldon #prayforToni","twitter.com/Rocigaot/status/310513049654132736"
"9/3/2013 23:09:41","","310512741049856004","","@RubenGaldon yo me sigo preguntando si fue siempre así de tonto o es culpa de Amparo Baró...tanto golpe en la cabeza no es bueno","twitter.com/Rocigaot/status/310512741049856004"
"9/3/2013 23:08:13","","310512374597709824","","@RubenGaldon y sigue, que está on fire:https://twitter.com/Tonicanto1/status/310508927521538048 …Oye...viendo lo que me harían los comunistas aquí en España si pudieran, me alegro mucho de no vivir en Cuba, Venezuela, Corea del Norte...","twitter.com/Rocigaot/status/310512374597709824"
"9/3/2013 23:06:47","","310512013853990912","","@RubenGaldon yo tampoco le sigo, me entero cuando se descojonan de él por aquí...https://twitter.com/Tonicanto1/status/310504289023954944 …Está hablando Cayo Larampfffzzsssgruññzzzzzzzzzzzzzzzzzzzzzzzzzzzzzzzzzzzzzzzzzzzzzzzzzzzzzzzzzzzzzzzzzzzzzzzzzzzzzzzzzzzzzzzzzzzzzzzzzzzzzz","twitter.com/Rocigaot/status/310512013853990912"
"9/3/2013 23:02:53","","310511032449781761","","Vale, Toni Cantó ha vuelto a hacer el monguer en twitter. Menos mal, llevaba unos días sin ser TT y ya me temía que le pasara algo #no","twitter.com/Rocigaot/status/310511032449781761"
"9/3/2013 22:06:12","1","310496765549879296","1","@NJMagazine yo lo de ver a las amigas pijas que antes me llamaban macarra vestidas de 'Barbie Sala Excalibur' no lo supero...","twitter.com/Rocigaot/status/310496765549879296"
"9/3/2013 21:21:08","","310485424386740224","","@elbaronrojo mejor todavía, decir que no piensas pagar el Whatsapp, que a partir de ahora contactas sólo por SMS. #truestory","twitter.com/Rocigaot/status/310485424386740224"
"9/3/2013 21:19:02","","310484897670262784","","@MoralDolores ¿Hace ya 20 años de Clerks? ¡Acabo de sentirme viejísima!","twitter.com/Rocigaot/status/310484897670262784"
"9/3/2013 19:06:31","","310451547978993664","1","@Guerraeterna mejor: Arafat, Chávez, 11M y Justin Bieber. Si quieres tráfico vía Google, ahí sí que lo petas.","twitter.com/Rocigaot/status/310451547978993664"
"9/3/2013 17:45:30","","310431157965709312","","Y mi premio 'Lumbreritas del twitter' de hoy va para... https://twitter.com/BombaMartita/status/310426242480496640 …","twitter.com/Rocigaot/status/310431157965709312"
"9/3/2013 17:08:39","1","310421884619603968","","Y gracias al crío que lleva media hora berreando a mi lado,he puesto la alarma de mi reloj biológico en snooze otros tres años mínimo...","twitter.com/Rocigaot/status/310421884619603968"
"9/3/2013 12:48:30","","310356417615904768","","40 años de dictador enano cabrón, y hay gente que se sorprende de que yo tenga tan mala leche 'siendo tan pequeñita'. #faltamemoriahistórica","twitter.com/Rocigaot/status/310356417615904768"
"9/3/2013 11:35:03","","310337931028094976","","En serio,molaría:'En su videotutorial de hoy,Cospedal evita decir Bárcenas durante 20minutos y nos enseña a colocarnos mantilla y peineta'","twitter.com/Rocigaot/status/310337931028094976"
"9/3/2013 11:33:33","1","310337552869634048","1","Si el PP van a pillar por costumbre comparecer vía pantalla, en vez de convocar a la prensa que abran un canal de youtube, a lo Elvisa...","twitter.com/Rocigaot/status/310337552869634048"
"9/3/2013 10:45:51","","310325549627211776","","@cristina_pardo otra aparición vía pantalla? Para eso que se abran canal de youtube, que acabamos todos antes...","twitter.com/Rocigaot/status/310325549627211776"
"9/3/2013 1:53:31","","310191584312430592","","Vivo con el miedo de encontrarme a algún ex novio o ex rollo entre los mongoretweets de masa enfurecida...","twitter.com/Rocigaot/status/310191584312430592"
"9/3/2013 0:25:16","","310169377582510081","","@Marmota_Maligna eso ya me hunde en la miseria...","twitter.com/Rocigaot/status/310169377582510081"
"9/3/2013 0:23:03","","310168818746007552","","@Marmota_Maligna yo hasta que di con una de pura casualidad. ¿Mandarán el currículum con fototuenti ante el espejo?","twitter.com/Rocigaot/status/310168818746007552"
"9/3/2013 0:21:07","1","310168332051562496","","@Marmota_Maligna y lo único divertido que tiene es buscar a lumbreritas que tengan de perfil una foto de juerga o en la boda de su prima...","twitter.com/Rocigaot/status/310168332051562496"
"9/3/2013 0:18:52","","310167764126023680","","@Marmota_Maligna a mí me sugirió felicitar a un contacto por su nuevo trabajo,al que yo también optaba. Eso es ensañamiento...","twitter.com/Rocigaot/status/310167764126023680"
"8/3/2013 22:51:19","","310145734311813120","","Planazo de viernes noche. Estoy por ponerle una rodaja de pepino al vaso de ibuprofeno soluble para hacerme la ilusión de que es un gintonic","twitter.com/Rocigaot/status/310145734311813120"
"8/3/2013 22:42:44","","310143573460934657","","@MoralDolores gracias! a ver si salen de una vez las tres que me faltan, que esta vez están esperando al último minuto!","twitter.com/Rocigaot/status/310143573460934657"
"8/3/2013 22:28:07","","310139895186329600","2","Por fin me sale una nota de febrero:notable.Le pediría confeti a Ana Mato para celebrarlo,pero si descubre de que fui periodista igual cobro","twitter.com/Rocigaot/status/310139895186329600"
"8/3/2013 21:27:30","","310124638791417857","","Claro que aquí hemos tenido a Nina dirigiendo una academia para triunfar en la música, siempre hemos sido muy fans del 'consejos vendo'...","twitter.com/Rocigaot/status/310124638791417857"
"8/3/2013 21:26:06","","310124286356619264","","Hola, Venezuela, somos un país donde los guardaespaldas de los ministros agreden a periodistas,y vamos a daros clase de democracia #conunpar","twitter.com/Rocigaot/status/310124286356619264"
"8/3/2013 21:07:18","","310119556091887617","","@callaquenoveo marcarnos un Soon Yi con Brad? como pa no!","twitter.com/Rocigaot/status/310119556091887617"
"8/3/2013 18:29:45","","310079906044325889","","En mi fb uno da gracias a las mujeres 'por sacrificar cada minuto de vuestra vida a los demás'. Se ve que ha pillado la idea. #no","twitter.com/Rocigaot/status/310079906044325889"
"8/3/2013 14:09:23","","310014383231205376","","¿Y habrá mujeres en el PSOE de Ponferrada que acepten ser concejalas gracias a un acosador?Porque yo me iba borrando en cero coma...","twitter.com/Rocigaot/status/310014383231205376"
"8/3/2013 13:04:15","","309997994244194304","","A todo esto, mi ronquera parece que va remitiendo. Ya estoy pasando de voz de Sabina  a voz de Estela Reynolds...","twitter.com/Rocigaot/status/309997994244194304"
"8/3/2013 12:39:25","","309991742474711040","","Yoani usa twitter y tiene una web en varios idiomas sin acceso a Internet, y a mí el móvil ni me entra bien en Facebook con el wifi del bus","twitter.com/Rocigaot/status/309991742474711040"
"8/3/2013 10:21:21","","309956997921533952","","Carta abierta a la ministra Ana Mato http://www.lamarea.com/2013/03/08/carta-abierta-a-la-ministra-ana-mato/ … vía @@lamarea_com","twitter.com/Rocigaot/status/309956997921533952"
"8/3/2013 9:52:59","","309949858284982272","1","¿Y lo de no tener un Día de la Patronal para equilibrar con el 1 de mayo también lo véis discriminatorio y antiigualitario, entonces?","twitter.com/Rocigaot/status/309949858284982272"
"8/3/2013 1:24:27","","309821882356613120","","@kortvex mucho les pides...","twitter.com/Rocigaot/status/309821882356613120"
"8/3/2013 0:11:46","","309803590971715585","","Moito ir de guais co barco e o 'non levo vestido de noiva', pra acabar bailando a Danza Kuduro e demáis clásicos de voda tróspida #Casamos","twitter.com/Rocigaot/status/309803590971715585"
"8/3/2013 0:02:16","","309801197991235584","","@Ika80Bcn sí, no tenemos autopistas ni internet pero tocamos a varios kilos de farlopa anuales per cápita, se ve...","twitter.com/Rocigaot/status/309801197991235584"
"7/3/2013 23:53:27","","309798981150584833","","@Ika80Bcn lo que me recuerda que la vez me preguntaron si tenía farlopa para pasar, porque siendo gallega... se ve que todos somos narcos!","twitter.com/Rocigaot/status/309798981150584833"
"7/3/2013 23:51:35","1","309798509446578176","","O noivo leva unha camisa máis fresca de recambio por se pasa calor no barco. Os invitados que van a traición, que se achicharren.. #Casamos","twitter.com/Rocigaot/status/309798509446578176"
"7/3/2013 23:44:53","","309796825391579138","1","@Ika80Bcn me recuerda a cuando me fui a estudiar a Salamanca y había gente que me preguntaba si en Galicia teníamos Internet,y autopistas...","twitter.com/Rocigaot/status/309796825391579138"
"7/3/2013 23:33:27","","309793946664579072","1","@Ika80Bcn gensanta... ¡ya si eso que te sacara una foto para notificar en facebook que los catalanes existen y que ha visto una!","twitter.com/Rocigaot/status/309793946664579072"
"7/3/2013 23:30:15","","309793140913627136","","@callaquenoveo segun! Pero si se acaban divorciando, me pido que mi custodia se la quede Brad...","twitter.com/Rocigaot/status/309793140913627136"
"7/3/2013 23:26:54","","309792299213287425","","Xente con tacóns e vestidos para unha boda formal, tajadísima e dopada de biodramina a bordo dun barco. Boda darwinista.  #Casamos","twitter.com/Rocigaot/status/309792299213287425"
"7/3/2013 23:23:02","","309791326109573120","","Espérate, que teñen que levar bañador. Teño que ir a unha boda en bañador e encima está a tele, e mato a alguén. #Casamos","twitter.com/Rocigaot/status/309791326109573120"
"7/3/2013 23:21:41","","309790988652642304","1","Buenooo, algo aínda peor que a clásica boda tróspida: a boda 'orixinal' de imos marear a todo cristo #Casamos","twitter.com/Rocigaot/status/309790988652642304"
"7/3/2013 23:11:21","1","309788384308629504","","Cuenta fake twittera de la momia de Chávez en tres, dos... (si es que lo ponen a huevo)","twitter.com/Rocigaot/status/309788384308629504"
"7/3/2013 23:09:58","","309788038232416256","","E chegou o punto de trospidez: regalar animais vivos aos noivos sen preguntar. Polo menos non é unha cabra... #Casamos","twitter.com/Rocigaot/status/309788038232416256"
"7/3/2013 23:05:35","","309786934346133504","","@Credendo_Vides1 conste que yo actualicé ayer ni no me cobraron (aunque no lo diré muy alto, no vaya a ser que para la próxima ya me toque)","twitter.com/Rocigaot/status/309786934346133504"
"7/3/2013 21:55:34","","309769316524519424","","@undivaga @la2_tve ¡Venga, a la vigésimosexta igual va la vencida! #lenninlavidaloca","twitter.com/Rocigaot/status/309769316524519424"
"7/3/2013 21:30:23","","309762975852552193","","A ver, pasaros a Line vale, pero cabrearos porque Whatsapp te cobre 80 céntimos anuales y optar por volver al SMS es algo monguerfact, ¿no?","twitter.com/Rocigaot/status/309762975852552193"
"7/3/2013 19:02:15","","309725698807959552","","Community Managers de La 2: si no estáis seguros del nombre de la peli, buscad (que no buscar) en Google, hombre...","twitter.com/Rocigaot/status/309725698807959552"
"7/3/2013 18:58:27","","309724742154338305","","@DavidLombao @la2_tve Gensanta...","twitter.com/Rocigaot/status/309724742154338305"
"7/3/2013 15:29:21","","309672121129394176","","@Ika80Bcn @Rapibea ¿Dónde están los antidisturbios cuando pueden utilizar su fuerza para algo bueno por una puñetera vez? :P","twitter.com/Rocigaot/status/309672121129394176"
"7/3/2013 15:24:18","","309670850225901570","","@Ika80Bcn yo a veces pienso en la gente que lee mis exámenes y me dan ganas de regalarles algo. No como soborno sino como disculpa...","twitter.com/Rocigaot/status/309670850225901570"
"7/3/2013 15:11:02","","309667510809137154","","Suben el límite de velocidad, recortan en sanidad e indultan a kamikazes. ¿Esto no amenaza más nuestra supervivencia que el matrimonio gay?","twitter.com/Rocigaot/status/309667510809137154"
"7/3/2013 14:48:17","","309661783344435201","","Y el acto oficial será un tío en un andamio gritando 'eso es carne y no lo que echa mi madre al cocido', ¿no?  http://www.publico.es/451797/madrid-celebra-el-8-m-regalando-lenceria-y-clases-de-aerobic …","twitter.com/Rocigaot/status/309661783344435201"
"7/3/2013 1:03:04","","309454111445745664","","Dejad de hacer mongoretweets, venga, que me dejáis el TL que da pena verlo...","twitter.com/Rocigaot/status/309454111445745664"
"5/3/2013 15:54:13","","308953603907932162","","Salgo dos noches y me tiro 4 días (de momento) con una voz que ni Sabina tras diez cartones de Ducados. Cómo se estropean los cuerpos,,,","twitter.com/Rocigaot/status/308953603907932162"
"5/3/2013 15:07:18","","308941793439916032","","Ni una triste nota de exámenes de febrero me ha salido aún. Ni la del test, que se supone que se corrige con lector óptico....","twitter.com/Rocigaot/status/308941793439916032"
"3/3/2013 22:29:27","","308328291796918272","","Llego a casa tras 7 horas de bus. Me he perdido #emperdedores pero ya lo veré mañana, que no quiero acabar el fin de semana encabronada...","twitter.com/Rocigaot/status/308328291796918272"