"date","fav","id","rt","text","url"
"30/4/2013 23:44:07","1","329350475851902976","","Ya que Marhuenda se ha metido a pitoniso, que me mire si  voy a aprobar  en junio y si ligaré este finde. Soy Tauro,cabra en horóscopo chino","twitter.com/Rocigaot/status/329350475851902976"
"30/4/2013 15:09:56","","329221080797573121","","Al menos Evo Morales admite que no le gusta leer. Odio a los que disimulan con el 'yo no leo porque no tengo taaanto tiempo libre como tú'.","twitter.com/Rocigaot/status/329221080797573121"
"30/4/2013 14:33:11","1","329211829115043842","","@nebulina @NewIlluminatus con esa filosofía, me imagino que el momento de la fecundación tuvo que ser algo tipo 'carguen, apunten, fuego!'","twitter.com/Rocigaot/status/329211829115043842"
"30/4/2013 14:17:35","","329207905524015104","","@cristina_pardo Genoveva, Toni Cantó. Toni, Genoveva. Hala, os dejo solos que creo que haréis buenas migas.","twitter.com/Rocigaot/status/329207905524015104"
"30/4/2013 13:41:37","","329198851808448514","4","Dice Toni Cantó que UPyD se abstiene en lo del homenaje a Carrero Blanco en Santoña porque no saben si Carrero tiene otros planes ese día","twitter.com/Rocigaot/status/329198851808448514"
"30/4/2013 13:38:13","","329197996778590208","1","@LordoLordor un respeto, que la Infanta Cristina en la Caixa trabaja muchJAJAJAJAJA!","twitter.com/Rocigaot/status/329197996778590208"
"30/4/2013 13:36:22","","329197532368490496","","Toni Cantó es como el crío que hace el cafre para llamar la atención y que el hermanito no le quite protagonismo. Llamad a supernanny, anda","twitter.com/Rocigaot/status/329197532368490496"
"30/4/2013 13:26:48","","329195123571294208","","No quiero ser agorero, pero empiezo a pensar que Estados Unidos puede acabar perdiendo la guerra en Vietnam  #ToniCantoNews","twitter.com/Rocigaot/status/329195123571294208"
"30/4/2013 13:21:35","","329193812389928960","","Ya he acabado de ver David el Gnomo. SPOILER ALERT: Al final se convierte en árbol #ToniCantoNews","twitter.com/Rocigaot/status/329193812389928960"
"30/4/2013 1:51:47","","329020217890050048","","@CaminoAna e o final moito falar pero nada, non nos caerá esa breva...","twitter.com/Rocigaot/status/329020217890050048"
"30/4/2013 0:55:09","","329005967079514112","","Marhuenda amenaza con irse de España si gobierna IU. Ahora que amenace con irse también Ramoncín y Cayo Lara ya tiene la campaña hecha.","twitter.com/Rocigaot/status/329005967079514112"
"29/4/2013 23:59:06","","328991859420565505","","España se ofrece como mediadora en la crisis política de Venezuela. Y si hay escasez de mediadores familiares, les mandamos a Andrés Pajares","twitter.com/Rocigaot/status/328991859420565505"
"29/4/2013 23:48:17","","328989139137597440","","@callaquenoveo mira que cuando anunciaron el reparto no me convenció porque le veía demasiada cara de nene,pero qué bien se hace odiar!","twitter.com/Rocigaot/status/328989139137597440"
"29/4/2013 12:44:47","","328822163861823488","","@CaminoAna se queres lévote pola tarde, que irei ás 3 a que me poñan a banderilla!","twitter.com/Rocigaot/status/328822163861823488"
"29/4/2013 3:33:36","","328683453203767296","","@xoancastro @CaminoAna historias desas temos pra un especial de Friker...","twitter.com/Rocigaot/status/328683453203767296"
"29/4/2013 3:19:09","","328679815366459392","","@CaminoAna si, iso xa o comentei con @xoancastro noutro tweet posterior!","twitter.com/Rocigaot/status/328679815366459392"
"29/4/2013 2:07:30","","328661783738990593","","@xoancastro certo, de xornalista ves pantasmas a punta pala. E xente máis pasada de voltas que Sánchez Dragó no Ganges...","twitter.com/Rocigaot/status/328661783738990593"
"29/4/2013 2:06:08","1","328661443341873152","","@Marmota_Maligna aquí te expulsan si nunca fuiste de excursión en el barco de un narcotraficante","twitter.com/Rocigaot/status/328661443341873152"
"29/4/2013 2:01:52","1","328660365879676928","","Son a única pringada que nunca viu pantasmas cando era nena? #loser #AFozconchícharos","twitter.com/Rocigaot/status/328660365879676928"
"29/4/2013 2:00:19","1","328659975838760962","1","Falan dunha nena que pode ver cousas que outros non vemos. Igual é a de Rajoy e pode ver as melloras da economía. #AFozConChícharos","twitter.com/Rocigaot/status/328659975838760962"
"29/4/2013 1:50:07","","328657411269341184","","@xoancastro o malo é que o novo Dragó xa está demasiado inmunizado pra poder afogar con esas cousas...","twitter.com/Rocigaot/status/328657411269341184"
"29/4/2013 1:43:25","","328655725209456640","","Dragó saíu do Ganges convertido nun home novo. E non o podemos mandar de novo e descambialo? A ver se desta sae normal...  #AFozconchícharos","twitter.com/Rocigaot/status/328655725209456640"
"29/4/2013 1:41:17","","328655188355346432","","Pois a min facíame ilu reencarnarme, e unha vez estiven en San Andrés de Teixido! Como tamén é plutonía agora xa non podo? #AFozconchícharos","twitter.com/Rocigaot/status/328655188355346432"
"29/4/2013 1:38:59","","328654606701842432","","Oín eu mal, ou a Dragó traicionouno o subconsciente e acaba de dicir 'Putonía'? #AFozconchícharos","twitter.com/Rocigaot/status/328654606701842432"
"29/4/2013 1:35:35","","328653754834505728","","@Marmota_Maligna di que sí, al menos Feijóo trata con narcos de aquí, no deslocaliza con chamanes de vete a saber donde... #facendopaís","twitter.com/Rocigaot/status/328653754834505728"
"29/4/2013 1:34:10","","328653394791235584","","@Marmota_Maligna no puedo dejar de mirar, es como lo de la gente que aminora el paso al pasar junto a un accidente...","twitter.com/Rocigaot/status/328653394791235584"
"29/4/2013 1:32:19","1","328652930322407427","","Dragó vai falar de galegos e mortos. Vou por unha cervexa ou algo de vodka á cociña que falta me vai facer, agora volvo. #AFozconchícharos","twitter.com/Rocigaot/status/328652930322407427"
"29/4/2013 1:29:25","","328652201146843136","4","E se tragas un mosquito en San Andrés de Teixido e é un alma en pena, absorbes esa alma, coma nos trasplantes de Mariló? #AFozconchícharos","twitter.com/Rocigaot/status/328652201146843136"
"29/4/2013 1:28:24","","328651945705353218","","Pois eu levei a 2amigos de turismo a San Andrés de Teixido o ano pasado. Puiden aproveitar e facer carretaxe de difuntos #AFozconchícharos","twitter.com/Rocigaot/status/328651945705353218"
"29/4/2013 1:22:18","","328650408715235330","","Xa chega o de San Andrés de Teixido! #AFozconchícharos!","twitter.com/Rocigaot/status/328650408715235330"
"29/4/2013 0:53:11","","328643084579655680","","Agg, seguen botando o anuncio chungo de Clear Blue?? Pensei que estaba denunciado por matar á xente de vergoña allea...","twitter.com/Rocigaot/status/328643084579655680"
"29/4/2013 0:49:38","","328642188596617217","","Segundo ela, 'é que é incrible que un bichiño poda poñer en perigo unha vida'.Se chega a ser alérxico ao ovo, temos repor de ovos asasinos..","twitter.com/Rocigaot/status/328642188596617217"
"29/4/2013 0:48:29","","328641900481490946","","O das arañas de #AFozConChicharos non é nada: tiven unha xefa que me fixo levar a portada a un alérxico evacuado por picadura de abella...","twitter.com/Rocigaot/status/328641900481490946"
"29/4/2013 0:42:40","","328640434366738432","","Qué clase de alcume de aldea é 'José el de las garras y los cuernos'? Qué pouca imaxinación teñen en San Salvador! #AFozConChicharos","twitter.com/Rocigaot/status/328640434366738432"
"29/4/2013 0:19:23","","328634575792259072","","#AFozconchícharos Esto pode ser efecto de todas as drogas que che meteron, Ramiro...","twitter.com/Rocigaot/status/328634575792259072"
"29/4/2013 0:01:58","","328630195273728000","","¿E o médico ianki co maniquí tumbado detrás, en plan morto de atrezzo? #AFozconChicharos","twitter.com/Rocigaot/status/328630195273728000"
"28/4/2013 22:49:31","","328611959358496768","","Definitivamente, el premio 'huevazos como balones de Pilates' de hoy es para Juan 'Soymihermano' Cotino. ¿Qué de hoy? ¡Del mes!","twitter.com/Rocigaot/status/328611959358496768"
"28/4/2013 22:36:44","2","328608744298663937","6","'No soy yo, soy mi hermano'. #Cotino #olvidados","twitter.com/Rocigaot/status/328608744298663937"
"28/4/2013 20:15:26","","328573184821583872","1","Ahora que los periodistas intenten acercarse, y Mariano agarre al irlandés y le obligue a huir a carreras por el garaje. Iba a flipar.","twitter.com/Rocigaot/status/328573184821583872"
"28/4/2013 20:13:01","","328572574965575680","1","'Hay avances, pero la gente no los ve'. Rajoy es como el niño del Sexto Sentido.Que lo lleven a Cuarto Milenio.","twitter.com/Rocigaot/status/328572574965575680"
"28/4/2013 19:59:38","","328569206725558275","","Pues al final no ha llovido.Podía haber seguido con mi plan de fiesta temática de '34 años, inocente juventud' en el barquito de algún narco","twitter.com/Rocigaot/status/328569206725558275"
"28/4/2013 16:39:10","","328518760547901440","","@Barbijaputa algo más lento y sádico, rollo 'Funny Games'...","twitter.com/Rocigaot/status/328518760547901440"
"28/4/2013 16:25:19","1","328515272061374464","","@Xiscally Gracias! :)","twitter.com/Rocigaot/status/328515272061374464"
"28/4/2013 16:07:25","","328510770612682753","","@xoancastro Graciñas! Pratchett gústame pero aínda non lin moito del, levo só catro así que non me queda nin nada!","twitter.com/Rocigaot/status/328510770612682753"
"28/4/2013 16:00:21","","328508992122920961","","Acabo de descubrir que comparto cumple con Terry Pratchett y Roberto Bolaño. Mola, hasta ahora solo sabía que lo compartía con Pe y Sadam..","twitter.com/Rocigaot/status/328508992122920961"
"28/4/2013 15:47:09","","328505668019560448","","@NJMagazine De reportera de guerra. Puesto que en Carnaval estoy al borde del infarto cada vez que tiran un petardo, no era muy realista...","twitter.com/Rocigaot/status/328505668019560448"
"28/4/2013 13:39:30","","328473545795584001","","Decía el otro día que ya llevaba un tiempo sin ver noticias de loros perdidos en La Voz y.. ¡tachán! http://www.lavozdegalicia.es/noticia/arousa/2013/04/27/robo-loro-paquita/0003_201304A27C4998.htm …","twitter.com/Rocigaot/status/328473545795584001"
"28/4/2013 12:19:23","","328453384640266240","","@CaminoAna xa podían de verdade ser XX en números románs, quen os pillara! pero xa o dixo Feijóo, aos 34 eres un rapaciño! :D","twitter.com/Rocigaot/status/328453384640266240"
"28/4/2013 12:18:17","1","328453104334954496","","@msabaris @CaminoAna Gracias, guapetona!","twitter.com/Rocigaot/status/328453104334954496"
"28/4/2013 1:40:24","1","328292578107731969","","@JuanGomezJurado @kurioso hacer bueno a Zapatero, a Fernando VII y hasta a Vlad el Empalador, si se descuidan...","twitter.com/Rocigaot/status/328292578107731969"
"27/4/2013 22:11:59","2","328240125773504512","1","-¿Y cómo no le haces caso a fulano?
-Es de Hazte Oir y oye voces que le mandan quemar cosas
-Chica, es que si por 2 defectos ya descartas...","twitter.com/Rocigaot/status/328240125773504512"
"27/4/2013 22:04:43","","328238297925169153","","@nebulina '¿Y tu novio sabe que vas de cañas con mengano?¿Y no se pone celoso? Será que no te quiere, el mío le partiría la cara' #truestory","twitter.com/Rocigaot/status/328238297925169153"
"27/4/2013 21:41:14","","328232389006458881","","@MargaretCastor Señoras que hacen postureo ENFURECIDAS. Fan.","twitter.com/Rocigaot/status/328232389006458881"
"27/4/2013 21:08:05","","328224048414863361","","Ir a dar una vuelta y volver como la Mazagatos cuando metía la cabeza en la nevera: piel tersa, neuronas congeladas #primaveraloscojones","twitter.com/Rocigaot/status/328224048414863361"
"27/4/2013 20:33:45","1","328215404910628865","1","@Xiscally 'Así nunca te VAMOS a casar': tu padre, cuando discutes con él y se queda sin argumentos.","twitter.com/Rocigaot/status/328215404910628865"
"27/4/2013 19:07:27","","328193690151571456","","@dj__chaos eu creo que Marhuendis preferiría a un Mariano pin-up: o seu amor é tan forte que non ten ollos pra outra xente...","twitter.com/Rocigaot/status/328193690151571456"
"27/4/2013 18:53:59","","328190298570240000","","Están en La Razón para andar dando consejitos de belleza a Ada Colau o a nadie, con los pibonazos que hay en plantilla:Marhuenda, Ussía...","twitter.com/Rocigaot/status/328190298570240000"
"27/4/2013 18:32:46","","328184959036694528","","@XoseMorais siempre habla el más indicado. Era como el pánico de César Vidal a que Zerolo le acosase, cegado por su magnetismo sexual...","twitter.com/Rocigaot/status/328184959036694528"
"27/4/2013 18:21:04","","328182015734190080","","@nebulina aún no lo he visto. ¿Llevan a los invitados?porque a mí me invitan a una boda allí, y aunque fueran familia ya me pueden esperar..","twitter.com/Rocigaot/status/328182015734190080"
"27/4/2013 1:32:08","","327928109535997953","","@Subnorbook claro, y si consigo dominar el canés de aquí y el caninglish puedo currar de intérprete en sus encuentros internacionales...","twitter.com/Rocigaot/status/327928109535997953"
"27/4/2013 1:24:14","","327926120223739904","1","@Subnorbook no mucho, iba a hacer un curso de inmersión lingüística en Tuenti, pero como se han cargado las becas de idiomas...","twitter.com/Rocigaot/status/327926120223739904"
"27/4/2013 1:21:12","1","327925355715371009","","@Subnorbook lo he tenido que releer un par de veces para descifrar lo de 'Llaves'!","twitter.com/Rocigaot/status/327925355715371009"
"27/4/2013 1:15:00","","327923797715992576","1","@ComandanteVimes @Subnorbook el otro día se tragó el fake del arresto de Cebrián en Venezuela, indignadísimo estaba!","twitter.com/Rocigaot/status/327923797715992576"
"27/4/2013 1:12:46","1","327923235591184384","","@Subnorbook ese es un clásico ya! creo que fue el segundo monguer que descubrí cuando llegué a twitter... ¡qué tiempos!","twitter.com/Rocigaot/status/327923235591184384"
"26/4/2013 21:50:29","","327872327469641729","","@DavidLombao estará intentando enviar algunha mensaxe en clave coa selección musical?","twitter.com/Rocigaot/status/327872327469641729"
"26/4/2013 21:27:47","","327866617411272704","","@Hominidio  será unha combinación de predisposición xenética e adestramento a fondo durante anos...","twitter.com/Rocigaot/status/327866617411272704"
"26/4/2013 21:24:48","","327865864458215424","","@Hominidio certo, ou es portador do xen Calimero, ou non o es, non hai máis voltas que darlle...","twitter.com/Rocigaot/status/327865864458215424"
"26/4/2013 21:20:39","","327864822597308416","","Lo de quedar siempre de pobre víctima a la que le pasa de todo y nada es nunca culpa suya, ¿se aprende en algún lado o es un don innato?","twitter.com/Rocigaot/status/327864822597308416"
"26/4/2013 19:17:33","","327833843405033472","","@CristianMas86 yo ahora directamente les digo que es que si intento pagar el alquiler en visibilidad, el casero me manda a la mierda...","twitter.com/Rocigaot/status/327833843405033472"
"26/4/2013 19:14:27","1","327833060710166530","","@laiosaCASP el más importante y busca currantes de gratis. Llega a ser un medio modesto y te piden que pongas pasta para pagar la luz.","twitter.com/Rocigaot/status/327833060710166530"
"26/4/2013 19:10:09","1","327831980966301696","","'Tú puedes ser colaborador de nuestro medio. No hay remuneración, pero ganarás en experiencia y visibilidad'. Ajá...pic.twitter.com/ahUAWLj8lz","twitter.com/Rocigaot/status/327831980966301696"
"26/4/2013 18:51:24","1","327827262772752384","","A próxima vez que vaia ao dentista direille que non pago pero que irei sorrindo por ahí para visibilizar o seu traballo. Xornalismo style.","twitter.com/Rocigaot/status/327827262772752384"
"26/4/2013 18:45:13","","327825706010681344","","Outros que pagan en visiblos. E en 'experiencia satisfactoria', claro. http://www.milanuncios.com/periodistas/colabore-como-redactor-de-deportes-90739650.htm … vía @SoniaDapena","twitter.com/Rocigaot/status/327825706010681344"
"26/4/2013 18:28:53","","327821593541742592","","@Hominidio eu creo que vas de despedida de solteira a Helsinki e acabas nesa web. Super ironic-trendy coa polla-diadema luminosa...","twitter.com/Rocigaot/status/327821593541742592"
"26/4/2013 18:11:37","","327817247739482114","1","@Hominidio o señor Barragán adiantouse décadas á moda hipster-vintage e nunca se lle recoñeceu o mérito, pobre...","twitter.com/Rocigaot/status/327817247739482114"
"26/4/2013 16:24:32","","327790302184226816","","#cosasmásreformistasqueestegobierno El peluquero de la Reina Sofía.","twitter.com/Rocigaot/status/327790302184226816"
"26/4/2013 16:22:53","","327789887786987520","","@mondomedico con lo que ha mejorado esa cuenta, Bárcenas puede pegarse otro viajecito de esquí y Rajoy comprarse un plasma más grande...","twitter.com/Rocigaot/status/327789887786987520"
"26/4/2013 16:20:32","","327789294297182208","4","@Milhaud @Tonicanto1 como estábamos todos pendientes del #Cmin ha tenido que soltar la gilipollez de turno para que le hagamos casito...","twitter.com/Rocigaot/status/327789294297182208"
"26/4/2013 16:18:18","1","327788733787160576","1","Pues oye, hoy muchos podrán irse a dormir reconfortados al cajero más cercano sabiendo que hay datos macro que han mejorado. #Cmin","twitter.com/Rocigaot/status/327788733787160576"
"26/4/2013 15:13:02","","327772308762677248","","'El titular, el titular, jijijiji, el titular'. Qué derroche de humor. #Cmin","twitter.com/Rocigaot/status/327772308762677248"
"26/4/2013 15:02:40","","327769699507122176","","Lo de los mercados ya está atrás, ha quedado totalmente 'out', o sea... #MontoroBradshaw #Cmin","twitter.com/Rocigaot/status/327769699507122176"
"26/4/2013 14:43:41","","327764922580754432","","A todo esto, me va fatal internet hoy. Estoy twitteando a ciegas sin ver menciones,soy como yoani pero sin apoyo de la CIA","twitter.com/Rocigaot/status/327764922580754432"
"26/4/2013 14:40:27","","327764106172043264","","#CMin que alguien haga ya una cuenta parodia de #periodistapijo. No me obliguéis a hacerla yo,que ya paso demasiado tiempo en twitter.","twitter.com/Rocigaot/status/327764106172043264"
"26/4/2013 14:37:56","","327763473218035714","","Yesss, la hora del #periodistapijo ! Ya reconozco la voz sin mirar a la tele! #Cmin","twitter.com/Rocigaot/status/327763473218035714"
"26/4/2013 14:37:09","","327763277922840578","","Como incluso con los palabros de Montoro hay gente que se entera,en el próximo #Cmin las reformas las anunciará Shakira cantando","twitter.com/Rocigaot/status/327763277922840578"
"26/4/2013 14:26:30","","327760598253318144","","#CMin se puede saber de qué cojones se ríen?","twitter.com/Rocigaot/status/327760598253318144"
"26/4/2013 14:20:14","","327759020750434305","","Y para decidir la revalorización de pensiones y salarios,sacrificaremos una cabra y leeremos las predicciones en sus entrañas #Cmin","twitter.com/Rocigaot/status/327759020750434305"
"26/4/2013 10:58:07","","327708155054280705","","Quedei pra tomar un café nun rato, e hai #Cmin con plasmariano. Igual había que cambiar o café por un whisky doble, por anestesiar un pouco.","twitter.com/Rocigaot/status/327708155054280705"
"25/4/2013 23:18:58","","327532207155601408","","@CaminoAna @ariasnatalia pero con paus de espuma, así que as ostias doen menos que as de Merkel and company...","twitter.com/Rocigaot/status/327532207155601408"
"25/4/2013 23:17:31","","327531842976759808","","@CaminoAna @ariasnatalia pois non me quedou moi claro porque me mandaron ao lavacabezas, pero en Alemania fai furor, seica...","twitter.com/Rocigaot/status/327531842976759808"
"25/4/2013 23:06:01","","327528948957323264","","@CaminoAna e @ariasnatalia :o xogo raro que vimos o domingo antes do teatro chámase jugger: hoxe coincidín na pelu cunha rapaza que xoga!","twitter.com/Rocigaot/status/327528948957323264"
"25/4/2013 12:39:39","","327371318083346432","","@xoancastro Gallardón vai reactivar mogollón a economía impulsando o sector de fabricantes de perchas de alambre. I+D...","twitter.com/Rocigaot/status/327371318083346432"
"25/4/2013 12:27:08","","327368171487100928","","Ya que el santoral no ayuda, Báñez recurrirá a alguna deidad que pida sacrificios humanos. Estos saldrán de las listas del paro, y así sí...","twitter.com/Rocigaot/status/327368171487100928"
"25/4/2013 12:24:19","1","327367459394969600","4","No entiendo cómo podemos tener ya más de 6 millones de parados. El plan de encomendarle la solución a la Virgen parecía no tener lagunas...","twitter.com/Rocigaot/status/327367459394969600"
"24/4/2013 22:03:04","","327150720342179845","1","@ComandanteVimes cada vez estoy más convencida de que UPyD va elaborando su programa según lo que lee en ascodevida...","twitter.com/Rocigaot/status/327150720342179845"
"24/4/2013 14:41:28","","327039587870457856","","@xoancastro @doceasubio non deixou claro se tiñan dereito a dación en pago, iso si...","twitter.com/Rocigaot/status/327039587870457856"
"24/4/2013 14:39:52","","327039185062072320","1","@Hominidio está todo relacionado, andan os terroristas islámicos facendo bombas con Galicola e ollas express made in Mondragón...","twitter.com/Rocigaot/status/327039185062072320"
"24/4/2013 14:36:34","","327038355483283457","","En Rosa y espinas:  La mujer más perseguida de Cuba http://blogs.publico.es/rosa-espinas/2013/04/24/la-mujer-mas-perseguida-de-cuba/ …","twitter.com/Rocigaot/status/327038355483283457"
"24/4/2013 14:07:28","2","327031031981015041","1","@DominacionAtea @CJuliettaCakes @ComandanteVimes mira, igual eso explica la inmortalidad de Jordi Hurtado. Que lo hagan Papa ya!","twitter.com/Rocigaot/status/327031031981015041"
"24/4/2013 14:03:07","","327029935606751233","","@xoancastro @doceasubio Fora coñas,o outro día na radio pillei un trozo de tertulia onde unha flipada dicía que no aborto deshaucian ao feto","twitter.com/Rocigaot/status/327029935606751233"
"23/4/2013 22:37:00","2","326796872050167808","1","Lo malo del anuncio de Desigual es que ahora te verán comprando vibradores y ya te señalarán pensando que usas la ropa hortera esa...","twitter.com/Rocigaot/status/326796872050167808"
"23/4/2013 22:34:56","","326796349997735938","","Acabo de ver un anuncio de un short reductor que'te lo pones, te mueves y adelgazas'. Si te mueves,hace lo mismo un chandal de los chinos...","twitter.com/Rocigaot/status/326796349997735938"
"23/4/2013 20:08:05","","326759393930641408","1","@Subnorbook ola ké ase, ablas neoespañol o ké ase...","twitter.com/Rocigaot/status/326759393930641408"
"22/4/2013 11:57:15","","326273484579807232","","Un ERE en el “Quién es quién” deja el tablero con solo dos personajes http://www.elmundotoday.com/2013/04/un-ere-en-el-quien-es-quien-deja-el-tablero-con-solo-dos-personajes/ … vía @elmundotoday","twitter.com/Rocigaot/status/326273484579807232"
"22/4/2013 11:05:45","","326260524851539968","","Empresas que se lo curran mogollón para explicar claramente en el anuncio en qué consiste el trabajo ofertado...pic.twitter.com/uNYjW7oyse","twitter.com/Rocigaot/status/326260524851539968"
"22/4/2013 2:07:39","","326125107510661122","","Vexo a peña con pintas raras pola estrada, e xusto mogollón de anos despois pásame algunha cousa mala. Escalofriante. #ocadillacdomisterio","twitter.com/Rocigaot/status/326125107510661122"
"22/4/2013 1:59:15","","326122995561148417","","Ao final deixaron o EcceHomo como o restaurou Cecilia?Podíamos tapalo con cal e que o descubra o Friker do século XXVI #cadillacdelmisterio","twitter.com/Rocigaot/status/326122995561148417"
"22/4/2013 1:52:49","","326121373997096960","","Iso sí, ou mellora un pouco a cousa ou marcho a durmir, que hoxe o #cadillacdomisterio está sendo un soberano coñazo.","twitter.com/Rocigaot/status/326121373997096960"
"22/4/2013 1:49:33","","326120554547527680","","En Cuatro sacan un reality tróspido pra buscarlle mozo a una loira pija e o titulan 'Un príncipe para Corina'. Ultrafan.","twitter.com/Rocigaot/status/326120554547527680"
"22/4/2013 1:47:10","","326119954476838912","","Séculos atrás a igrexa falaba dos horrores do inferno pra asustar á xente. E se non é por Iker,nunca o saberíamos, oes. #cadillacdomisterio","twitter.com/Rocigaot/status/326119954476838912"
"22/4/2013 1:33:15","","326116452673413120","","Seica a estatua está maldita porque sempre que sae en procesión diluvia. E non adican un #cadillacdomisterio á Semana Santa sevillana?","twitter.com/Rocigaot/status/326116452673413120"
"22/4/2013 1:30:15","","326115693944778752","","Ai, espérate que mencionan o Códice Calixtino! Que leven ao electricista!  #cadillacdomisterio","twitter.com/Rocigaot/status/326115693944778752"
"22/4/2013 1:22:12","","326113670427992064","1","1de cada4 iankis cren que Obama é o Anticristo, di C. Porter. Vaia cousa, non vía as enquisas de Intereconomía cando ZP? #cadillacdomisterio","twitter.com/Rocigaot/status/326113670427992064"
"22/4/2013 0:50:14","","326105626109415424","","@xoancastro @CaminoAna faltaron 'neve' e 'cremita', pero si...","twitter.com/Rocigaot/status/326105626109415424"
"22/4/2013 0:45:19","","326104389850906624","","@xoancastro @CaminoAna nese non, pero non descartemos que o de Dorado tamén cruzara un portal espaciotemporal e de ahí o despiste de Feijóo","twitter.com/Rocigaot/status/326104389850906624"
"22/4/2013 0:43:12","","326103854603194368","","@xoancastro @CaminoAna chegas tarde, xa están co do barco galego perdido nun triángulo das bermudas pero en Canarias...","twitter.com/Rocigaot/status/326103854603194368"
"22/4/2013 0:26:18","","326099602971443200","","Gensanta, Manquiña, quedaches descansado... http://praza.com/cultura/4177/se-neste-pais-non-te-chaman-facha-non-es-ninguen/ …","twitter.com/Rocigaot/status/326099602971443200"
"22/4/2013 0:14:12","","326096557382451200","","Pois xa vin o anuncio de Desigual coa que garda o vibrador sen limpalo. Fan roupa ideal pra que non se noten os lamparóns, qué esperabades?","twitter.com/Rocigaot/status/326096557382451200"
"22/4/2013 0:10:46","","326095694039498752","1","Son o quarterback ese e Obama pretende que o siga facendo footing co maletín de 20kgs, e o botón nuclear o apreto eu #cadillacdomisterio","twitter.com/Rocigaot/status/326095694039498752"
"22/4/2013 0:07:13","","326094800359149568","","@CaminoAna non o oín, pero aquí están dicindo que un tío sigue a Obama cun maletín mentras fai footing pra darlle acceso ás armas nucleares.","twitter.com/Rocigaot/status/326094800359149568"
"21/4/2013 23:48:48","1","326090166903111680","","Acabo de poñer Cuatro, e non creo que ningún tema de #cadillacdelmisterio sexa máis creepy que esta reportaxe de concursos de miss pra nenas","twitter.com/Rocigaot/status/326090166903111680"
"21/4/2013 23:21:04","","326083187824533505","","@dj__chaos @xoancastro @Hominidio Eu un ano en Entroido que baixábamos tres propuxen disfrazarnos de Delfín, Wendy e Tigresa.Nin puto caso.","twitter.com/Rocigaot/status/326083187824533505"
"21/4/2013 23:15:40","","326081824969334785","","@dj__chaos @xoancastro @Hominidio Cómo pode haber alguén que non coñecera este temazo? E o de Delfín das torres xemelas tampouco?","twitter.com/Rocigaot/status/326081824969334785"
"19/4/2013 13:58:40","","325216876173070336","","Por cierto, ¿las patadas que le da Buruaga al diccionario son irónicas también?","twitter.com/Rocigaot/status/325216876173070336"
"19/4/2013 13:55:47","","325216152324296704","","Aunque igual no debería sacar a colación a Swift y 'A modest proposal',que oye Arias Cañete lo de comerse a los niños pobres y se lo piensa","twitter.com/Rocigaot/status/325216152324296704"
"19/4/2013 13:54:43","","325215883205160961","","Dice Buruaga que lo de ayer era irónico y no le entendimos. Pobre, igualito que Jonathan Swift. #genioincomprendidohttps://twitter.com/buruagacope/status/325093955349929984 …Comentario sobre Andalucía. Era una ironía. Disculpas sino se entendió así. Lo explicaré en la tertulia","twitter.com/Rocigaot/status/325215883205160961"
"19/4/2013 0:25:19","","325012192342708224","","@Eu_Bullock se hai algún premio pra o que solta a estupidez máis grande, que avisen e xogamos todos...","twitter.com/Rocigaot/status/325012192342708224"
"19/4/2013 0:06:09","","325007368473677824","","@ComandanteVimes @laguiri @ilse0001 pues entonces la sorpresa va a ser de traca. Aunque también me extraña que nadie le haya avisado aún!","twitter.com/Rocigaot/status/325007368473677824"
"19/4/2013 0:02:46","","325006517822693377","","@laguiri @ComandanteVimes @ilse0001 ¿y ser TT y tener tropecientas mil menciones no le hace sospechar que algo ha pasado? ultramonguer...","twitter.com/Rocigaot/status/325006517822693377"
"18/4/2013 23:50:14","","325003364263940096","","@Credendo_Vides1 te quitaría el protagonismo, eso sí, pero es el precio que hay que pagar!","twitter.com/Rocigaot/status/325003364263940096"
"18/4/2013 23:49:27","","325003165244203010","","Naturalmente, o tío tamén tivo que especificar cómo tiña que ser o vestido da noiva. Fuxe, insentata! #casamos","twitter.com/Rocigaot/status/325003165244203010"
"18/4/2013 23:40:53","","325001008239501314","","@Credendo_Vides1 es un reality de bodas que de la Televisión de Galicia :D Tú si montas coreografía tienes a Carlos, que fijo que se presta!","twitter.com/Rocigaot/status/325001008239501314"
"18/4/2013 23:22:48","","324996458879254530","","Ao principio a ela non lle gustaba nada, pero a base de insistir e de regalarlle estampitas de Cristo, logrou seducila  #casamos","twitter.com/Rocigaot/status/324996458879254530"
"18/4/2013 23:11:49","","324993693717262337","","O amor non terá idade, pero casar antes de que te cambie a voz igual é un pouco cedo de máis. #casamos","twitter.com/Rocigaot/status/324993693717262337"
"18/4/2013 23:07:32","","324992618389983232","","Queridos amigos: se algún pensa casar, chamar a tele, e obligarme a facer unha coreografía, pra ese día estarei moi maliña. Aviso.  #casamos","twitter.com/Rocigaot/status/324992618389983232"
"18/4/2013 23:06:28","","324992349967106048","","@Snob @hematocritico figuración coma invitada á voda? Porque é o meu maior medo cando recibo unha invitación dende que existe o programa!","twitter.com/Rocigaot/status/324992349967106048"
"18/4/2013 22:52:54","","324988933798776832","","Home, hoxe si hay voda tróspida coma mandan os cánones: case adolescentes, pola igrexa e con damas de honor. O pack completo! #casamos","twitter.com/Rocigaot/status/324988933798776832"
"18/4/2013 22:27:59","6","324982664010547200","4","@JuanGomezJurado @buruagacope di que sí, que ya me dirás para qué hace falta escolarizarlos. Mira Buruaga cómo escribe, y ahí está...","twitter.com/Rocigaot/status/324982664010547200"
"18/4/2013 22:00:32","1","324975757250154496","","Si es que empezamos dando a los niños 3comidas diarias y acabamos vacunándolos y prohibiendo que trabajen. Se nos aburguesan  #buruagafacts","twitter.com/Rocigaot/status/324975757250154496"
"18/4/2013 21:44:29","3","324971715472027648","12","@AntonioMaestre @buruagacope se nota que en la COPE son cristianos: 'dejad que los niños se acerquen a mí. Pero que vengan comidos de casa'.","twitter.com/Rocigaot/status/324971715472027648"
"18/4/2013 14:30:05","","324862397036761088","","@xoancastro sería un caso pra Grissom:o falecido foi atopado na ducha coa auga fría correndo;o seu estómago contiña4kg de mortadela de 1996","twitter.com/Rocigaot/status/324862397036761088"
"18/4/2013 13:27:46","1","324846712751525889","","@doctorojete @NewIlluminatus lo suyo es usar un baúl de Ikea. Así el crío puede reclamar la nacionalidad sueca, que no viene mal...","twitter.com/Rocigaot/status/324846712751525889"
"18/4/2013 13:25:13","","324846071908012032","","@Hominidio certo, chega a ser un dos do PP con hipoteca que deixa de comer pra pagala e afunde o sector da alimentación en pleno.","twitter.com/Rocigaot/status/324846071908012032"
"18/4/2013 13:20:57","","324844997448966144","","@Hominidio nada, agora o da data de caducidade da igual, se se poñen chulos, a Arias Cañete que van...","twitter.com/Rocigaot/status/324844997448966144"
"18/4/2013 13:19:52","","324844724638851072","","@NewIlluminatus @doctorojete Igual entonces la ginebra no es buena idea. Aunque qué diablos, total,tendrás que gestar el feto en un baúl...","twitter.com/Rocigaot/status/324844724638851072"
"18/4/2013 13:14:50","","324843458177163264","","@Hominidio dilles que curras na cociña do restaurante de Ikea, e que son pra facer caldo!","twitter.com/Rocigaot/status/324843458177163264"
"18/4/2013 13:12:57","1","324842984589910016","","@doctorojete @NewIlluminatus lo malo es que si el embrión cuaja igual luego el crío sale hipster, pero qué van a hacer?¿denunciarme a Facua?","twitter.com/Rocigaot/status/324842984589910016"
"18/4/2013 13:07:33","2","324841626650411008","2","@doctorojete @NewIlluminatus esto me da una idea de lounge bar/clínica abortiva clandestina, por si Gallardón...","twitter.com/Rocigaot/status/324841626650411008"
"17/4/2013 22:03:05","","324614007380144128","","Los atentados de Boston usaron ollas express. Arguiñano es vasco y usa ollas express. De aquí Pedro Jota saca otra conspiranoia de las suyas","twitter.com/Rocigaot/status/324614007380144128"
"17/4/2013 16:20:04","1","324527687500718082","1","Onte Friker dixo que os vivos podemos mandar os nosos corpos astrais a saír nas fotos da xente. Esa non se lle ocorreu a Feijóo co de Dorado","twitter.com/Rocigaot/status/324527687500718082"
"17/4/2013 15:02:09","","324508078303240192","","En el especial '¡Empieza tu Operación Bikini!' de la próxima Cosmopolitan, nos explicarán el papeleo necesario para una hipoteca a 40 años.","twitter.com/Rocigaot/status/324508078303240192"
"17/4/2013 14:11:06","","324495231250735105","","Yo en mi testamento haré como Thatcher y dejaré escrito que quiero que el Estado pague mi funeral. ¡No veréis ni un duro mío,Seguros Ocaso!","twitter.com/Rocigaot/status/324495231250735105"
"17/4/2013 13:42:27","","324488020973735937","3","@LordoLordor ¿no oíste a Báñez con lo de que no hay emigración sino 'movilidad exterior'? Están todos de un inspirado...","twitter.com/Rocigaot/status/324488020973735937"
"17/4/2013 13:31:35","","324485286136528896","","Cospedal, Fátima Báñez, Pujalte... sigo convencida,en el PP tienen una porra semanal y el bote se lo lleva el que suelta la mayor gilipollez","twitter.com/Rocigaot/status/324485286136528896"
"17/4/2013 13:18:19","","324481945784438784","","Recordáis cuando éramos víctimas del malvado ZP,y no vagos que ponen excusitas como 'tengo que comer' para no pagar la hipoteca? #quétiempos","twitter.com/Rocigaot/status/324481945784438784"
"17/4/2013 1:45:23","","324307566572236800","","@Barbijaputa tampoco puedes decir que el momento Chávez-pajarito te recordó un montón a Phoebe Buffay y su madre reencarnada en gata?","twitter.com/Rocigaot/status/324307566572236800"
"17/4/2013 1:40:52","","324306429613838338","","@Hominidio Eu unha vez saín por tabaco as 11da noite e volvín as 8 da madrugada máis borracha que Massiel. Dalle tempo...","twitter.com/Rocigaot/status/324306429613838338"
"17/4/2013 1:34:13","1","324304754501120000","1","Entón, ¿podo estar aquí e mandar ao meu corpo astral a aparecer de espontáneo nas fotos da xente, en plan Mocito Feliz? #alaotrabeira","twitter.com/Rocigaot/status/324304754501120000"
"17/4/2013 1:19:57","","324301164596322304","","Agora hai pantasmas de xente do sXIX bailando, pero imaxinade dentro de 200anos cando vexan espíritus de agora perreando #alaotrabeira","twitter.com/Rocigaot/status/324301164596322304"
"17/4/2013 1:03:57","","324297139230486529","","Iker outra vez en Telecinco? É que van facer doblete todas as semanas?","twitter.com/Rocigaot/status/324297139230486529"
"16/4/2013 22:19:27","","324255740309159939","4","¿Y al Museo de Cera no le salía más a cuenta abrir un ala de chorizos y corruptos, para amortizar todas esas estatuas que está retirando?","twitter.com/Rocigaot/status/324255740309159939"
"16/4/2013 22:11:00","","324253611758608385","","Pues Reig Pla dirá lo que quiera, pero a mí lo de los hombres nocturnos, más que a gay me suena a guardia del muro de Invernalia, o algo así","twitter.com/Rocigaot/status/324253611758608385"
"16/4/2013 21:37:04","","324245072784801792","","Todo es ETA menos la inmersión lingüística,que es pederastia. #ToniCantóFacts","twitter.com/Rocigaot/status/324245072784801792"
"16/4/2013 21:22:56","","324241516954521600","","@Genko ya, el riesgo está ahí, eso es verdad!","twitter.com/Rocigaot/status/324241516954521600"
"16/4/2013 21:01:21","","324236084395536384","","@Genko seguro que hay algún ex tertuliano de Telecinco caído en desgracia que acepte 'bolos' por comunidades de vecinos a módico precio...","twitter.com/Rocigaot/status/324236084395536384"
"16/4/2013 16:54:06","","324173861304287234","","@Hominidio @VIVAANTES hainos, pero menos. Polo menos que aturen coa equipación oficial todo o ano, días de 46graos inclusive...","twitter.com/Rocigaot/status/324173861304287234"
"16/4/2013 16:42:58","","324171063078576128","","@Hominidio @VIVAANTES é polo clima. Non é o mesmo aturar a chupa de coiro e as botas en zona costeira que en Ourense en pleno agosto.","twitter.com/Rocigaot/status/324171063078576128"
"16/4/2013 16:31:29","","324168173458960386","1","Supongo que al final se queda en nada mi idea de una webserie rollo sitcom en la que la Pantoja y la infanta Cristina son compis de celda.","twitter.com/Rocigaot/status/324168173458960386"
"16/4/2013 13:43:38","","324125928689135617","","@Hominidio a oposición bastante lío ten con zurrarse uns con outros, pobres. En fin, eu vou investir en perchas de alambre, por se Gallardón","twitter.com/Rocigaot/status/324125928689135617"
"16/4/2013 13:33:11","","324123299946823680","","@nebulina no hay ningún fabricante de perchas que cotice en Bolsa, ¿no? Por pillar unas acciones y sacar algún beneficio de esto...","twitter.com/Rocigaot/status/324123299946823680"
"16/4/2013 13:29:11","1","324122294576365568","","@nebulina yo soy objetora de conciencia al 'espá'. Como al 'cederrón'. Estas cosas las sugiere Reverte tras 15 carajillos en el bar, fijo","twitter.com/Rocigaot/status/324122294576365568"
"16/4/2013 13:27:14","","324121803188490240","","@Hominidio niso penso eu. 'O goberno pensou' é un oxímoron....","twitter.com/Rocigaot/status/324121803188490240"
"16/4/2013 13:25:00","","324121241009143809","","@Hominidio a cousa é voltar ao futuro logo, que vexo máis factible co método de robar plutonio pra o condensador de fluzo...","twitter.com/Rocigaot/status/324121241009143809"
"16/4/2013 13:08:13","1","324117016732651520","","@NoelaReyMendez esos se piraron,ahora volvió el que estaba antes que usa el piso de picadero,así que sólo molesta un rato 1día o2por semana!","twitter.com/Rocigaot/status/324117016732651520"
"15/4/2013 20:49:34","1","323870730947272704","","Lo que debía haberle llevado Rajoy al Papa era el chandal olímpico, a ver si el Vaticano rompía relaciones y por fin éramos un Estado laico","twitter.com/Rocigaot/status/323870730947272704"
"15/4/2013 15:05:14","1","323784079180976128","1","Todo lo que Cospedal sabe del nazismo lo aprendió de Peter Griffin... http://www.youtube.com/watch?v=XzrkufnSA10 …","twitter.com/Rocigaot/status/323784079180976128"
"15/4/2013 13:16:39","","323756751621079040","","Eso sí es un caso para Friker: Pilar Primo de Rivera ha poseído a una bloguera de El País, y ha salido esto. #redrum http://blogs.elpais.com/eros/2013/04/como-ser-una-buena-esposa-.html …","twitter.com/Rocigaot/status/323756751621079040"
"15/4/2013 2:58:30","","323601188111122434","","@Marmota_Maligna con eso Friker y compañía rellenan medio programa. ¿Quería #gatovisitante advertirte de alguna presencia?¿Por qué se va?","twitter.com/Rocigaot/status/323601188111122434"
"15/4/2013 2:38:48","","323596232209625089","","Mulleres que parecen alemanas coa cara quemada. Se iso é paranormal, Mallorca é o plató de 'Los otros'...  #MotelMisterio","twitter.com/Rocigaot/status/323596232209625089"
"15/4/2013 2:26:16","","323593076276871168","","Isto do camping non saiu xa a semana pasada? Ou é outro, e temos pantasmas campistas por todos lados? #MotelMisterio","twitter.com/Rocigaot/status/323593076276871168"
"15/4/2013 2:21:33","","323591889708253184","","Porque os medios aquí van con quen van, ou aproveitando as eleccións venezolanas hoxe en #MotelMilenio saía Chávez resucitado coma paxariño","twitter.com/Rocigaot/status/323591889708253184"
"15/4/2013 1:22:46","","323577097115283457","","Ningún espectro pode dar máis por saco nun hotel que a familia que se hospedaba ao meu lado na última viaxe que fixen #MotelMisterio","twitter.com/Rocigaot/status/323577097115283457"
"15/4/2013 0:44:56","","323567577911668738","","Dragó non lle mercará móbil ao fillo ata que teña noiva ou aprenda a falar:os pedófilos non teñen moi claro que vai antes #MotelMisterio","twitter.com/Rocigaot/status/323567577911668738"
"15/4/2013 0:39:46","","323566274766581761","","En serio queren convencer a Dragó de que Internet é bo co argumento de que axuda a democratizar? #MotelMisterio","twitter.com/Rocigaot/status/323566274766581761"
"15/4/2013 0:37:24","","323565679808749568","1","Neste comité de expertos en Internet falta Jen a de 'The IT Crowd' avisándonos de que nunca hai que buscar 'Google' en Google #MotelMisterio","twitter.com/Rocigaot/status/323565679808749568"
"15/4/2013 0:31:54","2","323564295952687106","2","Dragó, a qué ven esa inquina con internet, ho?Algunha preadolescente do Badoo que resultou ser un encofrador de Móstoles? #MotelMisterio","twitter.com/Rocigaot/status/323564295952687106"
"15/4/2013 0:12:12","","323559340378320896","2","Están máis evolucionados os monos que os monguers que están ahí a falar de con quen nos apareamos as mulleres #contigonobicho #MotelMisterio","twitter.com/Rocigaot/status/323559340378320896"
"15/4/2013 0:08:41","","323558455761842176","","Os sms son volver ao chimpancé, pero poñer á túa muller a parir na alfombra de casa é moi civilizado de dios, Sánchez-Dragó #MotelMisterio","twitter.com/Rocigaot/status/323558455761842176"
"15/4/2013 0:05:41","","323557699008724993","","Sánchez Dragó vai como tertuliano o como proba do argumento da involución? Xa está, convencíchesme #MotelMisterio","twitter.com/Rocigaot/status/323557699008724993"
"15/4/2013 0:05:00","","323557528992636928","","Friker, ho, que non toda a especie humana son canis borrachos facendo o canelo. Hai mundo alén do voso grupo de televisión #MotelMisterio","twitter.com/Rocigaot/status/323557528992636928"
"14/4/2013 23:56:48","","323555464849793024","","Friker fai un programa en Telecinco e dedica o seguinte a falar de que a especie involuciona.Non vou dicir que non o entenda. #motelmisterio","twitter.com/Rocigaot/status/323555464849793024"
"14/4/2013 21:31:14","","323518830787829760","","@CaminoAna ao final resultará que é todo simpatía, intelixencia e humildade, pero que os simuladores de fútbol lle teñen manía, pobre!","twitter.com/Rocigaot/status/323518830787829760"
"14/4/2013 21:17:25","","323515353659486208","","@CaminoAna supoño que cando non teñen as imaxes auténticas fan recreacións co FIFA. Ou co futbolín, se e un medio moi low cost.","twitter.com/Rocigaot/status/323515353659486208"
"14/4/2013 19:22:19","","323486388513304576","","Y yo que leí antes lo de la Justina sobre que Anna Frank sería una belieber y pensé que era una coña de Twitter... http://www.vanguardia.com.mx/annafrankhabriasidounabelieberdicejustinbieber-1718627.html …","twitter.com/Rocigaot/status/323486388513304576"
"14/4/2013 14:04:08","","323406313927356416","","@dj__chaos unha masacre. Aínda que mira, polo menos esas mortes quedaron documentadas, NO-DO mediante...","twitter.com/Rocigaot/status/323406313927356416"
"14/4/2013 13:51:48","","323403210561839104","","@dj__chaos nin o urogallo de Fraga, nin os xabaríns atropellados por coches oficiais de conselleiros. A miña memoria non da pra todo!","twitter.com/Rocigaot/status/323403210561839104"
"14/4/2013 13:50:05","","323402776774336512","","@dj__chaos pero son o bastante friki pra consultalo: por agosto de 2006, o día exacto do pasamento non o sei!","twitter.com/Rocigaot/status/323402776774336512"
"14/4/2013 13:42:01","","323400746366296065","","@dj__chaos ahí xa tería que consultar Google, a miña memoria non é tan boa!","twitter.com/Rocigaot/status/323400746366296065"
"14/4/2013 13:22:44","","323395894676422657","","Día da República, e primeiro cabodano dalgún pobre elefante de Bostwana... #14deabril","twitter.com/Rocigaot/status/323395894676422657"
"14/4/2013 1:45:05","1","323220326911709184","","@dodavazquez @CaminoAna y hasta soy capaz de exigir que tenga la EGB acabada, no te digo más...","twitter.com/Rocigaot/status/323220326911709184"
"14/4/2013 1:19:13","","323213815388971009","","@kortvex si los grillos son muy monos! preocúpate porque entre una cucaracha con alas. O una araña. O una avispa.O una polilla...","twitter.com/Rocigaot/status/323213815388971009"
"14/4/2013 1:17:12","","323213308129845249","","@CaminoAna o que máis me fascinou é que o mozo da tía non se dera por aludido co de 'pra ter parella hai que conformarse co que hai'...","twitter.com/Rocigaot/status/323213308129845249"
"14/4/2013 0:22:06","","323199440582225922","","Ya es el día de la República! Gracias desde aquí a Juancar, Corinna, Iñaki y Cris por sus aportaciones a la causa!","twitter.com/Rocigaot/status/323199440582225922"
"13/4/2013 23:12:04","","323181816993423362","","'Es que si no sabes conformarte,siempre estarás soltera',me dice una. Delante de su novio. Y él,en vez de darse por aludido,le da la razón.","twitter.com/Rocigaot/status/323181816993423362"
"13/4/2013 21:53:54","","323162147817410560","","Por otro lado, Cospedal fue con su mantilla y peineta a ver a Ratzinger, que fue de las SS. ¿Seguro que lo de nazi lo dice como insulto?","twitter.com/Rocigaot/status/323162147817410560"
"13/4/2013 21:50:05","","323161186097061888","","Al final de La vida es bella, un nazi le pone una pegatina a Benigni. Eso va fuera de plano, para no herir nuestra sensibilidad.","twitter.com/Rocigaot/status/323161186097061888"
"13/4/2013 21:48:34","","323160802897047553","","Hace poco volví a ver La lista de Schindler. Siempre lo paso fatal cuando los nazis van al guetto y empiezan a timbrar a lo loco #Cospefacts","twitter.com/Rocigaot/status/323160802897047553"
"13/4/2013 21:17:17","","323152931681611776","","Acabo de ver en Spotify la lista de 'canciones populares en tu país', y con este criterio tenemos mínimo para 3mayorías absolutas más del PP","twitter.com/Rocigaot/status/323152931681611776"
"12/4/2013 15:18:06","","322700153783996416","","Montoro está ensayando su monólogo para el club de la comedia, ¿no? #Cmin","twitter.com/Rocigaot/status/322700153783996416"
"12/4/2013 14:59:23","","322695442754334720","","#periodistapijo está en la friendzone con Soraya, pobre. #Cmin","twitter.com/Rocigaot/status/322695442754334720"
"12/4/2013 14:55:25","","322694444677742593","1","¿Todavía no tenemos cuenta parodia del #periodistapijo? #Cmin","twitter.com/Rocigaot/status/322694444677742593"
"12/4/2013 14:54:44","","322694273688547329","","Y ahí va el #periodistapijo, dándoles pie para criticar a la Junta de Andalucía... #Cmin","twitter.com/Rocigaot/status/322694273688547329"
"12/4/2013 14:50:36","","322693230812610560","","Las risitas de Montoro diciendo que lo de las pagas de los funcionarios es un 'desplazamiento en el tiempo'. Qué gracia, ¿eh? #Cmin","twitter.com/Rocigaot/status/322693230812610560"
"11/4/2013 23:15:36","","322457931104800768","","@LeonRCD @Supaman terían que expropiar as contas de twitter desocupadas...","twitter.com/Rocigaot/status/322457931104800768"
"11/4/2013 0:37:48","","322116230779650049","","A Espe hay que mandarla al bar con Pérez Reverte,que se pongan tibios a carajillos y se cuenten sus movidas entre ellos. Pero sin twitter.","twitter.com/Rocigaot/status/322116230779650049"
"11/4/2013 0:33:09","","322115058471669760","1","En La Razón han dejado el titular a medias porque es fin de temporada y tienen que dejarnos con la intriga hasta que vuelvan en otoño.","twitter.com/Rocigaot/status/322115058471669760"
"10/4/2013 22:14:28","","322080159488421888","","@CaminoAna poñereime as pilas entón, aínda que eu tampouco teño pinta de ir aprender este ano...","twitter.com/Rocigaot/status/322080159488421888"
"10/4/2013 22:12:26","","322079646759936002","","@CaminoAna aínda aprende Otto a cociñar antes ca min!","twitter.com/Rocigaot/status/322079646759936002"
"10/4/2013 21:55:16","","322075328984006657","","@ComandanteVimes ya digo que la expresión no es mía, la leí hace meses por aquí y ni recuerdo a quién, pero es tan, tan apropiada...","twitter.com/Rocigaot/status/322075328984006657"
"10/4/2013 21:53:24","","322074857498095616","1","@ComandanteVimes no recuerdo a qué twittero le plagié esta expresión pero, ¿en qué outlet de la humanidad encuentras a esta gente?","twitter.com/Rocigaot/status/322074857498095616"
"10/4/2013 21:10:33","","322064074529705985","","@Hominidio igual teñen a pizza de ameixa con gundilla, patrocinada polo xel Chilly, si! (E se non, estou por venderlles a idea)","twitter.com/Rocigaot/status/322064074529705985"
"10/4/2013 21:05:57","","322062915014377472","","@Hominidio uf,non sei que será peor! casi que o deixo pras fans de 50 sombras de grey, que igual lles vai ese rollo!","twitter.com/Rocigaot/status/322062915014377472"
"10/4/2013 21:02:05","","322061941562552320","","@Hominidio non sei qué che diga, leva chilli tamén? ou salsa picante ou similares?","twitter.com/Rocigaot/status/322061941562552320"
"10/4/2013 20:59:13","","322061222671417344","","@Hominidio pois non sei coma funcionará, eu creo que probo antes a pizza máis que sosísima que a crema esa...","twitter.com/Rocigaot/status/322061222671417344"
"10/4/2013 20:53:24","","322059758217621504","","@Hominidio nos do chilly os que elixiron a nome xa a cagaron, e os do anuncio acabaron de rematala creando a imaxe mental...","twitter.com/Rocigaot/status/322059758217621504"
"10/4/2013 20:47:59","","322058394443862017","","@Hominidio debe de ser da mesma axencia que os de 'en lo más íntimo quiero Chilly'...","twitter.com/Rocigaot/status/322058394443862017"
"10/4/2013 20:22:40","","322052024688603137","","@MikelNhao Es que si se muere primero luego seguro que no contesta. Escaqueos a ellos...","twitter.com/Rocigaot/status/322052024688603137"
"10/4/2013 20:17:57","","322050835758608386","","En 1asignatura tengo 2profes, una muy maja y otra que hace que Anna Tarrés parezca Amelie. Adivinad cuál va a ser la que nos ponga las notas","twitter.com/Rocigaot/status/322050835758608386"
"10/4/2013 16:25:10","","321992254451507200","","@Efe_Morningstar y yo que cuando las normativas de los aviones prohibían las catapultas de equipaje de mano pensé que estaban desfasados!","twitter.com/Rocigaot/status/321992254451507200"
"10/4/2013 13:31:17","1","321948495823118336","","Ahora si te desahucian aún tendrás que mirar si el cajero donde duerme tu familia está a más de #300metros de cualquier político #novayaaser","twitter.com/Rocigaot/status/321948495823118336"
"10/4/2013 13:24:49","","321946868068253697","2","Con la restricción de 300 metros, los cámaras que graban a Rajoy para que comparezca vía pantalla de plasma tendrán que usar teleobjetivo","twitter.com/Rocigaot/status/321946868068253697"
"10/4/2013 13:16:08","","321944681426612224","","Pues para el próximo escrache todo será camuflarse para saltarse los 300m: Unos que vayan de testigos de Jehová, otros de correo comercial..","twitter.com/Rocigaot/status/321944681426612224"
"10/4/2013 13:05:00","","321941882815008769","","Máis que aclarar por qué viaxaba cun narcotraficante, Feijóo parece estar dando explicacións á moza por ter agregado a unha ex ao Facebook..","twitter.com/Rocigaot/status/321941882815008769"
"10/4/2013 2:22:35","","321780212897562624","1","Aos presis de USA aparéceselles Lincoln e non pasa nada,e logo se escarallan de Chávez voltando como paxariño. #doblemoral #ARLamisteriosa","twitter.com/Rocigaot/status/321780212897562624"
"10/4/2013 2:09:03","","321776806959140864","","A todo isto, o dato do 95% de vítimas silenciosas de aparicións sae do ITCE: Instituto Toni Cantó de Estatística. #ARLamisteriosa","twitter.com/Rocigaot/status/321776806959140864"
"10/4/2013 2:07:13","","321776342427394048","1","O 95%de xente que sufre experiencias paranormais non as conta,di IKER. Pois o 5%restante ben lle cunde pra anos de programa! #ARLamisteriosa","twitter.com/Rocigaot/status/321776342427394048"
"10/4/2013 2:05:26","","321775894047891456","","Iker aínda vai denunciar na campaña antiadoctrinamientos de NNGG a discriminación hospitalaria aos fans das aparicións  #ARLamisteriosa","twitter.com/Rocigaot/status/321775894047891456"
"10/4/2013 1:27:30","","321766350127239169","","@Hominidio A frase de 'no saben que están muertos' está plaxiada do Sexto Sentido. Ana Rosa vaise integrar moi ben con esta xente.","twitter.com/Rocigaot/status/321766350127239169"
"10/4/2013 1:08:43","","321761620537778176","","Nun camping? Pantasmas en chanclas, camiseta de propaganda e bermudas? Qué falta de glamour e de todo, por dior... #ARLamisteriosa","twitter.com/Rocigaot/status/321761620537778176"
"10/4/2013 1:06:10","","321760979237076992","","@LeonRCD xa vexo a Pedro J coa ouija intentando buscar testemuñas da conspiración eusko-islamista...","twitter.com/Rocigaot/status/321760979237076992"
"10/4/2013 0:35:01","","321753140946944001","","O espíritu acaba de rasgar un poster de Sensación de Vivir? Mira, polo menos era un ente con criterio televisivo #ARLamisteriosa","twitter.com/Rocigaot/status/321753140946944001"
"10/4/2013 0:33:35","","321752780895297536","","Friker+Tele5 é un filón. Propoño un Sálvame con Carmina Ordoñez vía ouija, e un 'Polstergeists, mortas da curva e viceversa' #ARLamisteriosa","twitter.com/Rocigaot/status/321752780895297536"
"10/4/2013 0:28:08","","321751409076891648","","@Hominidio Mariló da pra un programa aparte...","twitter.com/Rocigaot/status/321751409076891648"
"10/4/2013 0:25:12","","321750669470097408","1","@Hominidio igual Ana Rosa contacta vía ouija con finlandeses suicidados por non poder tomar cañas nas terrazas! #ARLamisteriosa","twitter.com/Rocigaot/status/321750669470097408"
"10/4/2013 0:19:07","","321749140042309633","","Ai, que case quedo sen ver #ARLamisteriosa, pensaba que era o próximo domingo! Perdinme algo?","twitter.com/Rocigaot/status/321749140042309633"
"9/4/2013 21:01:56","1","321699517395263489","","@Vero_vai hay gente que tiene twitter porque algún amigo cabrón le animó a ello para que le descubriese masa enfurecida, fijísimo...","twitter.com/Rocigaot/status/321699517395263489"
"9/4/2013 20:57:59","1","321698524163088384","","A veces me cuesta discernir qué 'cristianos, españoles y de ADE' son de verdad y cuáles son cuentas paródicas...https://twitter.com/gonseba92/status/321608761523437568 …Como va a ser mejor la republica? Cambiar cada dos por tres de lider seria inestable mirad si no los entrenadores en el futbol","twitter.com/Rocigaot/status/321698524163088384"
"9/4/2013 18:45:21","","321665146235801600","","@Hominidio mira, igual constrúen enriba dalgún cemiterio de fai mil anos, e Friker acaba tendo un casino con pantasmas do que falar...","twitter.com/Rocigaot/status/321665146235801600"
"9/4/2013 18:20:30","","321658892473999360","","@Hominidio aquí pásanos coma en Inglaterra cando atoparon a Richard III nun parking, e acaba o esqueleto de maniquí nun Berskha...","twitter.com/Rocigaot/status/321658892473999360"
"9/4/2013 16:17:47","","321628009188704256","","@nebulina no valoramos lo suficiente las risas que aportan al mundo...","twitter.com/Rocigaot/status/321628009188704256"
"9/4/2013 1:23:23","","321402923882012674","","Creo que cuando por fin termine de bajárseme el 6x01de Mad Men, Draper ya habrá adelantado en el tiempo a Antonio Alcántara... #gensanta","twitter.com/Rocigaot/status/321402923882012674"
"8/4/2013 21:11:59","1","321339658439110656","1","Voy a apuntarme a alguna web de esas de ligar donde encontrar gente afín a mí. Dudo entre Badoo y esto:https://twitter.com/Catolicos___/status/321334457338564608 …SOLTEROS CATÓLICOS con vocación matrimonial. Encuentra a tu pareja (gratis) AQUÍ:  http://www.catholicosonline.com/Familia/jovenes/catholicamigos/index.asp …","twitter.com/Rocigaot/status/321339658439110656"
"8/4/2013 12:58:38","","321215501760094208","","A Urdangarín le sale trabajo en Qatar. Si es que los parados somos tan vagos para emigrar que sólo han podido fichar a un presunto chorizo..","twitter.com/Rocigaot/status/321215501760094208"
"8/4/2013 1:34:17","2","321043282190807040","1","Alguén que chamou aos seus fillos Raimundo e Fátimo ben merecía morrer, non o neguemos...  #ikerleaks","twitter.com/Rocigaot/status/321043282190807040"
"8/4/2013 1:19:05","","321039455651778560","","O das snuff movies é taaaaaan dos 90... #ikerleaks","twitter.com/Rocigaot/status/321039455651778560"
"8/4/2013 1:18:00","","321039184351612928","","Non é o que parece, mamá: eu merquei un comic en Amazon,e en MRW liáronse e me mandaron a burundanga que alguén pillou na Deepweb #ikerleaks","twitter.com/Rocigaot/status/321039184351612928"
"8/4/2013 1:08:17","","321036739084951553","1","Para o de comprar burundanga ou riñóns pola Deep Web aceptan Paypal?  #ikerleaks","twitter.com/Rocigaot/status/321036739084951553"
"8/4/2013 0:45:26","","321030988853563393","","En serio, Iker, un puto pez non che vai levar un mal augurio. Como moito pode levar anisakis. #ikerleaks","twitter.com/Rocigaot/status/321030988853563393"
"8/4/2013 0:18:56","","321024320149266434","","Se eu fora Teresa Viejo e tivera a un freak con guantes de látex mirándome ás tetas si pasaría medo, e non coa parida dos ósos... #ikerleaks","twitter.com/Rocigaot/status/321024320149266434"
"7/4/2013 23:53:11","","321017840075415552","","Frker dixo que van falar dunha web onde podes contratar sicarios? Ummm, interesante. Sairá a lista de prezos? #ikerleaks","twitter.com/Rocigaot/status/321017840075415552"
"7/4/2013 17:30:28","","320921523177271296","","@nebulina ir en bici y tragarse un mosquito tiene que ser un drama para ellos, supongo...","twitter.com/Rocigaot/status/320921523177271296"
"7/4/2013 17:22:32","","320919527003156481","","@nebulina ¿aunque el bicho no te lo comas?","twitter.com/Rocigaot/status/320919527003156481"
"6/4/2013 23:53:04","","320655419297132544","","Pues parece que la holgura craneal empieza a remitir lo suficiente para poder irme a leer un rato...","twitter.com/Rocigaot/status/320655419297132544"
"5/4/2013 21:47:31","","320261438159605760","5","Cuando habla con Rajoy, y dadas sus respectivas peculiaridades del habla, ¿no se sienten un poco Pilatos y Pijus Magníficus? #PreguntaAlRey","twitter.com/Rocigaot/status/320261438159605760"
"5/4/2013 21:27:31","","320256403229007872","","101 cans de palleiro #PelisConMenosPresupuesto","twitter.com/Rocigaot/status/320256403229007872"
"5/4/2013 21:26:08","","320256054497787905","","Gato y lagartija #PelisConMenosPresupuesto","twitter.com/Rocigaot/status/320256054497787905"
"5/4/2013 18:26:00","","320210725748502529","","Son moi mala xente se suxiro a alguén facerse twitter só pra que o atope masa enfurecida?","twitter.com/Rocigaot/status/320210725748502529"
"5/4/2013 15:07:58","","320160886859894785","","'Y como explica mi libro autoeditado, los hombres estamos genéticamente destinados a dominar...'-Enriquito, a cenar!
-Jo, mamá, acelgas no!","twitter.com/Rocigaot/status/320160886859894785"
"5/4/2013 14:43:25","","320154708524285952","1","@ComandanteVimes serían todo ventajas: hacemos limpieza de monguers y apoyamos a los emprendedores del sector del asesinato a sueldo.","twitter.com/Rocigaot/status/320154708524285952"
"5/4/2013 14:31:45","2","320151775032246273","1","@ComandanteVimes @mehanviolado Tela... En serio, un César Millán para monguers, ya. O un botón de 'enviar sicario', o algo...","twitter.com/Rocigaot/status/320151775032246273"
"5/4/2013 14:25:32","","320150209860620289","","@ComandanteVimes @mehanviolado es del monguer con el que estabas discutiendo? Y ese infraser ha escrito un libro?","twitter.com/Rocigaot/status/320150209860620289"
"5/4/2013 14:10:39","","320146464212926464","1","@doctorojete @nebulina no lo descartes, un hipster puede llevar cualquier cosa irónicamente. Chándal irónico de táctel, por ejemplo...","twitter.com/Rocigaot/status/320146464212926464"
"5/4/2013 14:03:42","","320144712369582082","","@IriaLopezPinon @CaminoAna Ai,o Códice! (ou o Códiche segundo Feijóo), que grandes momentos nos deu...","twitter.com/Rocigaot/status/320144712369582082"
"5/4/2013 2:04:21","","319963682689929218","","@CaminoAna e a amiga borracha que quere que a acompañes a buscar ao seu ligue ao Punto 3! Lamentablemente real!","twitter.com/Rocigaot/status/319963682689929218"
"5/4/2013 1:51:23","","319960420863602688","","@CaminoAna Juas! Non o coñecía!","twitter.com/Rocigaot/status/319960420863602688"
"5/4/2013 0:40:43","","319942636960100352","1","@ChuckDraug y usan el símil de Newton y la gravedad, porque todo el mundo sabe que la Iglesia siempre ha sido muy fan de los científicos...","twitter.com/Rocigaot/status/319942636960100352"
"4/4/2013 23:25:16","","319923649387839488","","@IriaLopezPinon @hematocritico Na, hoy no fue tan tróspido.Mejor la semana pasada,que la novia respondió a todos los tweets sobre su boda...","twitter.com/Rocigaot/status/319923649387839488"
"4/4/2013 23:16:18","","319921391988256768","","@IriaLopezPinon @hematocritico si ya está terminando! aunque el de hoy no fue una boda-boda, era una pareja de Senegal y estaban casados ya","twitter.com/Rocigaot/status/319921391988256768"
"4/4/2013 22:12:24","","319905310955429888","","Eso del guardia civil en el Congreso es otro fake del Facu, a mí ya no me la cuela más #TuitearEnLos80","twitter.com/Rocigaot/status/319905310955429888"
"4/4/2013 22:11:23","","319905055367114752","","@luzhilda demasiado iracunda? Si creo que en el casting para los de Intereconomía tienes que decapitar a un pollo de un mordisco...","twitter.com/Rocigaot/status/319905055367114752"
"4/4/2013 22:05:09","","319903487372693505","","Responder a @CaminoAna era por sumarme ao TT. Sigo fiel a Casamos, é o meu programa de terror favorito!","twitter.com/Rocigaot/status/319903487372693505"
"4/4/2013 21:58:03","","319901700255268865","2","Esta noche todos a comentar el 'Un, dos, tres', el hashtag será #Rupertatróspida #TuitearEnLos80","twitter.com/Rocigaot/status/319901700255268865"
"4/4/2013 17:28:16","1","319833806829920258","","@Subnorbook yo es que no soy muy de jugar de ahí la necesidad del enchufe del Gran Líder. Aunque qué diablos,no seré la 1ª que adorne el CV!","twitter.com/Rocigaot/status/319833806829920258"
"4/4/2013 17:23:32","1","319832616012480512","1","@Subnorbook yo tengo amigos gamers porque nunca se sabe quién será el próximo líder supremo, y eso es un enchufazo para conseguir trabajo...","twitter.com/Rocigaot/status/319832616012480512"
"4/4/2013 17:17:03","1","319830986378592256","1","@Subnorbook y por qué culpan a la consola y no a Mickey Mouse? Maldito Disney,además de lo de LucasArts van a causar un holocausto nuclear!","twitter.com/Rocigaot/status/319830986378592256"
"4/4/2013 16:41:58","","319822155514785792","","@mvizaguirre espeluzna ver o ben que algúns dos comentarios á reportaxe ilustran por qué tantas mulleres temen que as xulguen se denuncian..","twitter.com/Rocigaot/status/319822155514785792"
"4/4/2013 0:16:00","","319574029386256385","","@Guerraeterna me recuerda a cuando tenía 13 años y decoraba la carpeta con fotos recortadas de la SuperPop... #gensanta #misojos","twitter.com/Rocigaot/status/319574029386256385"
"4/4/2013 0:08:22","1","319572106201399296","","@luzhilda mirando el lado positivo, sería la única forma de que este año pueda permitirme ir de vacaciones...","twitter.com/Rocigaot/status/319572106201399296"
"3/4/2013 23:22:16","","319560508330082304","","@CaminoAna @AlbaPio @DePunteirolo Ai, que non lía o texto e non pillaba a coña! Ao final os Bolechas profetizan mellor que os Mayas...","twitter.com/Rocigaot/status/319560508330082304"
"3/4/2013 22:04:40","","319540978870538240","","@Credendo_Vides1 sí, ya me están saliendo branquias, membranas interdigitales...¡un mes más y tendré hasta escamas!","twitter.com/Rocigaot/status/319540978870538240"
"3/4/2013 21:45:27","","319536143576231936","","@Credendo_Vides1 También es que con tanta lluvia paso mucho tiempo en casa y me da tiempo a pensar, no creas!","twitter.com/Rocigaot/status/319536143576231936"
"3/4/2013 17:42:38","","319475035335180288","","@dodavazquez pero por enero o así hubo días o semanitas de sol y sin llover, desde febrero creo que hubo un día solo sin lluvia!","twitter.com/Rocigaot/status/319475035335180288"
"3/4/2013 17:27:47","1","319471296817795074","","Pobrecitos sevillanos que les llovió en Semana Santa, pienso, mientras respiro por las branquias que he desarrollado en 2meses de monzón...","twitter.com/Rocigaot/status/319471296817795074"
"3/4/2013 17:18:36","","319468985437528065","","@BobPopVeTV Es como con lo de la 'Tamara buena': Luego se lo creen y...","twitter.com/Rocigaot/status/319468985437528065"
"3/4/2013 17:17:58","","319468825865232384","","Eso, mandemos a la Fiscalía a salvar a la infanta del marrón, que la imputación no daba suficiente mala imagen... #marcaespaña","twitter.com/Rocigaot/status/319468825865232384"
"3/4/2013 16:45:50","","319460741189099520","","@toomuch_bender aún saldrá en Cuarto Milenio... xD","twitter.com/Rocigaot/status/319460741189099520"
"3/4/2013 16:39:30","2","319459146577629185","1","@toomuch_bender Ni el reloj biológico, ni que te cuiden en la vejez ni nada: ¡por fin una razón convincente para tener hijos!","twitter.com/Rocigaot/status/319459146577629185"
"3/4/2013 16:06:45","","319450903012855808","","@pmanglano @teleoperador alguien necesita este cartel...pic.twitter.com/kaoq4zwCGE","twitter.com/Rocigaot/status/319450903012855808"
"3/4/2013 15:28:26","","319441262845497346","","@NewIlluminatus Como podríamos tener presidentes de república como Aznar, mejor un Aznar y de propina mantener un rey. Lumbreritas...","twitter.com/Rocigaot/status/319441262845497346"
"3/4/2013 15:03:52","","319435080584007680","","@beblas @Manel_Loureiro pues lo sigo pero eso en concreto no lo leí. Aunque estaba a huevo :)","twitter.com/Rocigaot/status/319435080584007680"
"3/4/2013 14:47:40","","319431004177711105","","@Hominidio @xoancastro certo,podes poñer aos críos a coser balóns. O mozo dunha amiga di que él tiña que facelo no cole,en clase de plástica","twitter.com/Rocigaot/status/319431004177711105"
"3/4/2013 14:34:20","1","319427649413980161","1","@CaminoAna @xoancastro polo menos é un pajarito chiquitito. Se chega a ser un loro, La Voz acabaría sendo Aló Presidente...","twitter.com/Rocigaot/status/319427649413980161"
"3/4/2013 14:30:03","","319426571494625280","","@Hominidio entre os meus amigos tamén hai epidemia. Coido que houbo sendos ERE en Control e Dúrex e botaron aos de control de calidade...","twitter.com/Rocigaot/status/319426571494625280"
"3/4/2013 14:25:05","","319425318039478272","","@CaminoAna de aquí vai sair un spin off estupendo da miniserie de Felipe e Leti...","twitter.com/Rocigaot/status/319425318039478272"
"3/4/2013 14:18:49","","319423744437284864","","@CaminoAna Marichalar de aquí a dous horas está máis borracho que Massiel nunha voda con barra libre...","twitter.com/Rocigaot/status/319423744437284864"
"3/4/2013 14:18:01","","319423540107546624","","@xoancastro e leva todo este tempo finxindo que non pra que ninguén sospeite dela...","twitter.com/Rocigaot/status/319423540107546624"
"3/4/2013 14:13:23","","319422377031237632","","@xoancastro pero sería un xiro de guión impactante, non o negarás...","twitter.com/Rocigaot/status/319422377031237632"
"3/4/2013 14:10:41","","319421694878027777","","¿Habéis pensado que igual son todos meros títeres y el cerebro en la sombra de Noos es Elena? ¿O tengo que dejar de ver series de la HBO?","twitter.com/Rocigaot/status/319421694878027777"
"3/4/2013 14:00:23","","319419103964184576","","Unas cuantas imputaciones reales más y acaba siendo rey Froilán, con escopeta y todo. #huidinsensatos","twitter.com/Rocigaot/status/319419103964184576"
"3/4/2013 13:52:37","","319417150408372225","4","Pues si la condenan, imaginaos el reportaje en Hola!: 'La infanta Cristina nos abre las puertas de su acogedora celda en Alcalá-Meco'.","twitter.com/Rocigaot/status/319417150408372225"
"3/4/2013 13:38:06","","319413496024551424","","Pues en Death Note, L comparecía a través de un simple logo en una pantalla y no lo criticáis como a Rajoy #doblemoral #cómosois","twitter.com/Rocigaot/status/319413496024551424"
"3/4/2013 13:22:32","1","319409580264275968","3","Ya lo dije en el anterior telediscurso de Rajoy: para otra votad a Anna la de Ikea,que también sale sólo en pantalla pero contesta preguntas","twitter.com/Rocigaot/status/319409580264275968"
"3/4/2013 3:23:57","","319258942045814784","","Hala, por fin me he extirpado el guión bajo del nombre de usuario. La de tiempo que ahorráis los que tenéis nombres raros en estas cosas.","twitter.com/Rocigaot/status/319258942045814784"
"3/4/2013 2:08:00","","319239827851735040","","@ColossusBlog pues por ahí van muchos comentarios, culpabilizan más a la chica que a quien sube el video sin permiso, por eso lo digo","twitter.com/Rocigaot/status/319239827851735040"
"3/4/2013 2:03:33","1","319238704944254977","3","Pues me llamaréis rara, pero a mí me avergonzaría más ser la madre del cabrón que subió el video a Internet que ser la madre de la chica.","twitter.com/Rocigaot/status/319238704944254977"
"3/4/2013 1:45:04","2","319234056090951680","1","@ComandanteVimes Twitter necesita urgentemente un Encantador de Monguers, a lo César Millán...","twitter.com/Rocigaot/status/319234056090951680"
"2/4/2013 21:19:14","","319167158024294400","","@perradesatan tanto pedir ver penes, tanto pedir ver penes... no estás contenta con na!","twitter.com/Rocigaot/status/319167158024294400"
"2/4/2013 20:42:30","","319157913061040128","2","@Katangas @doctorojete si no estudiaste y currabas en la construcción, 'haber estudiao, nini'. Si estudiaste, 'no haber estudiao, pringao'.","twitter.com/Rocigaot/status/319157913061040128"
"2/4/2013 20:39:58","","319157275900133376","","@callaquenoveo Ese diputado ha hecho un Tonicantó. Con lo que se lo curra Toni, se merece que este tipo de cagada lleve su nombre.","twitter.com/Rocigaot/status/319157275900133376"
"2/4/2013 19:04:16","","319133189144731648","","@Piruletadementa @AntonioMaestre según él no se refería a eso y le leímos 'esquinadamente' (sic), pero tampoco aclara qué quería decir...","twitter.com/Rocigaot/status/319133189144731648"
"2/4/2013 18:58:49","","319131820178415617","","@Piruletadementa @AntonioMaestre Dijo que la broma no tenía que ver con violencia.Le pregunté de qué iba entonces y sigo esperando respuesta","twitter.com/Rocigaot/status/319131820178415617"
"2/4/2013 18:37:59","1","319126575666831361","1","Creo que los diarios ya tienen una noticia plantilla de 'Polémica en twitter por', para ir rellenando y acabar antes.","twitter.com/Rocigaot/status/319126575666831361"
"2/4/2013 18:34:13","","319125629406674944","",". @NachoSAmor '¿los políticos tratan? ¿en tercera persona? Porque claro, tú eres tornero fresador...","twitter.com/Rocigaot/status/319125629406674944"
"2/4/2013 18:16:33","","319121183972945920","","'Ya están las feminazis criticando a un político por un chiste de nad... ¿¿MASA ENFURECIDA SE RÍE DE MI EQUIPO DE FÚTBOL? ME VAN A OIR!!'","twitter.com/Rocigaot/status/319121183972945920"
"2/4/2013 17:11:32","1","319104821204488192","1","@NachoSAmor Con qué tenía que ver, entonces? No, en serio, ya que todos hemos entendido lo mismo, si no va por ahí explícanos la gracia","twitter.com/Rocigaot/status/319104821204488192"
"2/4/2013 15:53:39","","319085219326087170","","Leer bromas esquinadamente. Lo de Mónica Belucci no sé, pero matar a filólogos de espanto lo trama fijo.https://twitter.com/NachoSAmor/statuses/319072834875969536?tw_i=319072834875969536&tw_e=details&tw_p=twt …Para todos los molestados, lamento que se haya podido interpretar de ese modo. No era intención que la broma fuese leída tan esquinadamente","twitter.com/Rocigaot/status/319085219326087170"
"2/4/2013 15:48:41","","319083971973627904","1","@NachoSAmor @teleoperador @PSOE nos explicas entonces cómo tenía que leerse la broma?Que oye, igual no todos somos intelectuales camuflados","twitter.com/Rocigaot/status/319083971973627904"
"2/4/2013 14:53:25","","319070060025110528","1","@teleoperador @PSOE @NachoSAmor si su intención es ocultar su condición de intelectual,misión cumplida, desde luego...  #gensanta","twitter.com/Rocigaot/status/319070060025110528"
"2/4/2013 14:11:41","","319059556984553472","","Con motivo do Día Internacional do Libro Infantil, voulle recomendar unha noveliña a Núñez Feijóo. #denadapic.twitter.com/47hSNzVUPz","twitter.com/Rocigaot/status/319059556984553472"
"1/4/2013 23:53:50","","318843676279328768","","El PP no quiere hablar de la herencia del Rey porque pertenece al pasado. Qué raro,con lo que les mola a ellos hablar de herencias recibidas","twitter.com/Rocigaot/status/318843676279328768"
"1/4/2013 22:40:05","","318825116240838657","","Nunca digas de este agua no beberé, esta polla no me cabe o este narco no es mi amigo. #refraneropopular","twitter.com/Rocigaot/status/318825116240838657"
"1/4/2013 19:03:10","","318770527906963457","","Seica Resistencia Galega finánciase con Galicola. Se atopo un super que a teña mércoa,que os fetos da pepsi repiten.. http://www.abc.es/local-galicia/20130401/abci-resistencia-galega-estructura-201304011503.html …","twitter.com/Rocigaot/status/318770527906963457"
"1/4/2013 18:19:10","","318759454709534722","","@VIVAANTES Se eu lle levara prensa a Feijóo, a tal hora estaríame tomando trankimazines coma se foran chococrispies...","twitter.com/Rocigaot/status/318759454709534722"
"1/4/2013 16:02:07","","318724964566040576","","Gente que defiende a Feijóo porque 'yo soy de barrio y he tenido amigos malotes', un detallito: su amigo era un narco,no el Barajas de Aída.","twitter.com/Rocigaot/status/318724964566040576"
"1/4/2013 15:45:53","","318720876285665281","1","@GuillermoLPD Y una vez más, 'lo único que sé es que había nieve'...","twitter.com/Rocigaot/status/318720876285665281"
"1/4/2013 15:36:59","","318718639459164161","","A ver, que o de Fejóoo da neve foi un lapsus porque deixara baixando o 3x01 de Game of Thrones e el sempre foi moi dos Stark. #malpensados","twitter.com/Rocigaot/status/318718639459164161"