"date","fav","id","rt","text","url"
"28/9/2013 13:58:27","43","383923659129114627","92","Cada vez que protestas por algo, alguien te dice que hay problemas más graves. Habrá que limitarse a pedir la paz mundial, como las misses.","twitter.com/Rocigaot/status/383923659129114627"
"30/9/2013 23:52:22","","384797896572297217","","@CaminoAna cóntalle que nos sae máis a conta que nos invada a nós algún país civilizado!","twitter.com/Rocigaot/status/384797896572297217"
"30/9/2013 21:18:19","","384759130713378816","","@Tawil pois qué diferencia por carreiras, aínda que supoño que influirá o de ter prácticas, laboratorio ou cousas desas...","twitter.com/Rocigaot/status/384759130713378816"
"30/9/2013 20:55:54","","384753488971849728","","@Tawil joder, máis caras aínda! Estabas tamén na UNED?","twitter.com/Rocigaot/status/384753488971849728"
"30/9/2013 20:48:49","","384751704383553536","","@xoancastro @Hominidio ai, que non a vira! podes facerte unha camiseta con isto, coma a da Rosalía pop art de Rei Zentolo!","twitter.com/Rocigaot/status/384751704383553536"
"30/9/2013 20:46:26","","384751107131457536","","Matrícula hecha: 520euracos por 8cuatrimestrales de 5créditos. Llego a tener alguna extraordinaria y me subasto por piezas para trasplantes.","twitter.com/Rocigaot/status/384751107131457536"
"30/9/2013 16:32:08","","384687106636779520","","Breaking Bad terminado! pensaba reservarme el último capítulo para verlo por la noche con calma, pero pudo el miedo a comerme un spoiler...","twitter.com/Rocigaot/status/384687106636779520"
"30/9/2013 3:13:18","","384486076695326721","","Agora si, pecho o xenerador de tweets surrealistas e marcho a durmir, que son horas...","twitter.com/Rocigaot/status/384486076695326721"
"30/9/2013 3:12:40","","384485914799394818","","Me abuuurrooo! Y estudiante afirma tener 'pruebas científicas' de Edurne Uriarte se hubiera hecho monja? — http://thatcan.be/my/next/tweet ","twitter.com/Rocigaot/status/384485914799394818"
"30/9/2013 3:11:01","","384485502428000257","","Y Froilán I, El Rey por qué lle cheirou a otras chonis? ya llego tarde para el polo. — http://thatcan.be/my/next/tweet ","twitter.com/Rocigaot/status/384485502428000257"
"30/9/2013 3:00:09","","384482764373762048","","@xoancastro este é apoteósico, si!","twitter.com/Rocigaot/status/384482764373762048"
"30/9/2013 2:46:06","","384479230580371456","","@xoancastro La Voz está intentando descifrar el día cojonudo para que entre en la Diputación sobre la División Azul — http://thatcan.be/my/next/tweet ","twitter.com/Rocigaot/status/384479230580371456"
"30/9/2013 2:37:06","","384476967434604544","","@Hominidio @xoancastro non a menos que che lembrara a cando estiveches tomando arroz con curry na mesma beira do Ganges.","twitter.com/Rocigaot/status/384476967434604544"
"30/9/2013 2:36:06","","384476712127311873","","Moleskine, a portada de Ana Rosa ha empujado a los niños les quiso abortar siendo fetos. Friker que cenó! — http://thatcan.be/my/next/tweet ","twitter.com/Rocigaot/status/384476712127311873"
"30/9/2013 2:29:10","","384474969322713088","","La Vida de Oscar Wilde, de los daltónicos a ti?
- O mi barrio es todo un barranco. Pero si no me puede! — http://thatcan.be/my/next/tweet ","twitter.com/Rocigaot/status/384474969322713088"
"30/9/2013 2:13:13","","384470956225224704","","Lo malo es que ahora combina también los tweets ajenos que he retwitteado, así que no siento los resultados tan míos. :(","twitter.com/Rocigaot/status/384470956225224704"
"30/9/2013 2:10:48","1","384470345505193985","","Anda, pensaba que ya no existía este generador de tweets, pero ahí sigue! http://yes.thatcan.be/my/next/tweet/ ","twitter.com/Rocigaot/status/384470345505193985"
"30/9/2013 2:09:53","","384470114147377152","","@PotiPotiInLove hala, creía que no funcionaba ya esa página!","twitter.com/Rocigaot/status/384470114147377152"
"30/9/2013 1:47:16","","384464423152140288","","@xoancastro @Hominidio esa o fai estallar, directamente!","twitter.com/Rocigaot/status/384464423152140288"
"30/9/2013 1:37:09","","384461877708722177","","Aunque agradezco a Friker que reivindique el vampiro chungo que da miedo, frente a la moda del vampiro moñas brillante de Crespúsculo.","twitter.com/Rocigaot/status/384461877708722177"
"30/9/2013 1:35:06","","384461363956834304","","Igual la superstición de los vampiros la lanzó el lobby de vendedores de ajos para darles salida. Como las uvas de nochevieja #CuartoMilenio","twitter.com/Rocigaot/status/384461363956834304"
"30/9/2013 1:31:23","","384460428434108416","","'Bebés vampiros' que nacen con cuernos, pelo,marcas raras... gracias a Gallardón vamos a ver mogollón de estos en breve. #CuartoMilenio","twitter.com/Rocigaot/status/384460428434108416"
"30/9/2013 1:29:08","","384459859560632320","","@Hominidio eu teño Ghost Radar tamén. Salta cando algún fulano me solta nun bar o rollo de 'o meu voluntariado no Nepal cambioume a vida'.","twitter.com/Rocigaot/status/384459859560632320"
"30/9/2013 1:17:26","","384456917545807872","","@Hominidio ao final a hipnose e a Burundanga veñen a ser o mesmo, deduzo...","twitter.com/Rocigaot/status/384456917545807872"
"30/9/2013 1:03:50","","384453492036747264","","Claro que antes han dicho que a los niños les salen los dientes a los 2años, así que no me parecen gente muy autorizada para hablar de críos","twitter.com/Rocigaot/status/384453492036747264"
"30/9/2013 1:03:04","","384453303397916672","","Ay, que en Cuarto Milenio dicen que hay gente que recuerda por hipnosis que su madre les quiso abortar siendo fetos. Friker meets Hazteoir","twitter.com/Rocigaot/status/384453303397916672"
"29/9/2013 21:30:40","","384399848159461376","","@madeiradeuz @xoancastro só de reportaxes e columnas facendo a pelota a Inditex podíase sacar outra colección de fascículos...","twitter.com/Rocigaot/status/384399848159461376"
"29/9/2013 21:22:24","1","384397767612698624","","@madeiradeuz @xoancastro sectores triunfais pese á crise: a infidelidade,o community management e as tendas de cupcakes. Véxoo, si.","twitter.com/Rocigaot/status/384397767612698624"
"29/9/2013 20:58:58","","384391869741813760","","@xoancastro é que setembro é época de novos propósitos, coma atopar parella. En Ano novo soen poñerse pesados tamén...","twitter.com/Rocigaot/status/384391869741813760"
"29/9/2013 14:07:46","","384288390557868034","1","@Credendo_Vides1 que dicen que han incautado'palos camuflados en banderas a radicales'. Vamos, el palo de agarrar la bandera de toda la vida","twitter.com/Rocigaot/status/384288390557868034"
"29/9/2013 13:54:08","1","384284960149889026","","@Guerraeterna Es lo que toca, hacerse autónomo...","twitter.com/Rocigaot/status/384284960149889026"
"29/9/2013 13:32:02","","384279396544020480","","@LordoLordor yo voy a empezar a zanjar las discusiones con los LET gritándoles VETE A TU AMADA SOMALIA!!","twitter.com/Rocigaot/status/384279396544020480"
"29/9/2013 13:05:05","","384272616527118337","","Supongo que ya llego tarde para hacer un chiste con el Community Manager de la @policia y el anuncio de '¡Un palooooo, es un paloooo!'","twitter.com/Rocigaot/status/384272616527118337"
"29/9/2013 13:03:06","","384272117648211969","1","@Arredro @policia pueden hacer una redada en casa de la Infanta Elena. Si Froilán tenía una escopeta y un pincho, a saber qué más aparece.","twitter.com/Rocigaot/status/384272117648211969"
"29/9/2013 2:50:27","2","384117937730109440","","@Tawil @mvizaguirre e ao pai de Marty non lle cheirou a corno queimado cando un fillo saíulle cuspidiño ao tío que lle molaba á súa muller?","twitter.com/Rocigaot/status/384117937730109440"
"29/9/2013 2:24:21","","384111370075009024","","@bieitorubido @josesanclemente ¿'la mirada del asesino' reloaded?","twitter.com/Rocigaot/status/384111370075009024"
"29/9/2013 0:49:43","","384087554523279360","","No os queméis con Edurne Uriarte aunque diga burradas, que sigue en shock postraumático de cuando casi le manchan el bolso  #prayforedurne","twitter.com/Rocigaot/status/384087554523279360"
"29/9/2013 0:40:04","1","384085125652168704","","Que sea la última vez que me dejáis ver las portadas de la caverna estando sobria. #virgendelatetaalhombro","twitter.com/Rocigaot/status/384085125652168704"
"28/9/2013 22:57:25","","384059291520339968","","Periodistas que entráis en el pique de 'tu medio ha sido más morboso con el caso de Asunta que el mío':no vais a heredar la empresa. #denada","twitter.com/Rocigaot/status/384059291520339968"
"28/9/2013 22:53:32","","384058314683711488","","Los de The IT Crowd podían haberse estirado y sacar 1temporada entera y no un capítulo de despedida, pero menos da una piedra. #downloading","twitter.com/Rocigaot/status/384058314683711488"
"28/9/2013 21:34:21","","384038388623368193","","Monitor de tarot?Hai que facer tumblr de ofertas de empleo tróspidas (pero fan contrato e alta na SS, voumo pensar) https://www.infojobs.net/madrid/monitor-tarot/of-i3a5e04029241c8a4e10e7d2f7f6d10 …","twitter.com/Rocigaot/status/384038388623368193"
"28/9/2013 20:43:00","","384025467310702594","","@ChacheNaguer @Efe_Morningstar vas a andar protestando por la paz de los marcianos cuando es más importante asegurarse la paz aquí? :P","twitter.com/Rocigaot/status/384025467310702594"
"28/9/2013 15:00:21","","383939236598005761","","@DePunteirolo @CaminoAna 'Puede estar llevando a algunos'. Huevos como balones de pilates...","twitter.com/Rocigaot/status/383939236598005761"
"28/9/2013 14:44:16","","383935186510942208","1","Dale reyesito con tu tacatá. #Breakingnews http://www.elmundo.es/elmundo/2013/09/28/espana/1380363475.html …","twitter.com/Rocigaot/status/383935186510942208"
"28/9/2013 14:11:28","","383926931785519104","1","Cabeza de familia e cónxuxe. #vivaantespic.twitter.com/eYYatPkxDu","twitter.com/Rocigaot/status/383926931785519104"
"27/9/2013 22:42:51","","383693240794230784","","@CaminoAna é coma o de publicar sen contrastar 'porque así se o perxudicado chama cabreado ao día seguinte xa tes recheo' dun ex xefe meu.","twitter.com/Rocigaot/status/383693240794230784"
"27/9/2013 22:31:25","","383690362675412992","","@CaminoAna que primeiro dixeran que si llo dixo, e cando as profes dixeron que era bola, en vez de rectificar véndese coma nova primicia.","twitter.com/Rocigaot/status/383690362675412992"
"27/9/2013 17:28:40","1","383614173445255168","","A este paso voy a tardar más en tener la nota de Syntax que Ana Botella en sacarse el Advanced de Cambridge.","twitter.com/Rocigaot/status/383614173445255168"
"27/9/2013 13:49:36","","383559043496693760","","Qué descubrimiento este dúo, gensanta! Me estoy desorinando sola con sus canciones! https://www.youtube.com/watch?feature=player_embedded&v=NIBXb6E9xWw …","twitter.com/Rocigaot/status/383559043496693760"
"26/9/2013 23:07:19","","383337009239957504","","@ComandanteVimes los he puesto a marinar, ¿sabes cuánto tiempo tienen que estar, que he traspapelado la receta?","twitter.com/Rocigaot/status/383337009239957504"
"26/9/2013 21:46:41","","383316716647743489","","@Cascarelo claro que tamén hai quen cre que as merdas que fai son unha marabilla e as comparte por fardar. Non teño claro qué é peor...","twitter.com/Rocigaot/status/383316716647743489"
"26/9/2013 21:19:29","","383309871271014400","","@Cascarelo eu ás veces vexo a ex compis facendo promo de cada cousa no FB  que quero preguntarlles por privado se a empresa os espía...","twitter.com/Rocigaot/status/383309871271014400"
"26/9/2013 21:12:42","","383308162209558528","","@Cascarelo hai medios onde fan que os redactores teñan conta 'oficial', igual llas censuran. Noutros é o síndrome de 'vou herdar a empresa'.","twitter.com/Rocigaot/status/383308162209558528"
"26/9/2013 20:19:22","","383294742122876928","","Y me he dado cuenta hoy después de años de tenerla agregada, que entré en su muro por1ª vez y por confundirlo con el de otra amiga...","twitter.com/Rocigaot/status/383294742122876928"
"26/9/2013 20:13:32","1","383293273978052608","","Gente que te manda solicitudes de amistad a FB y luego restringe sus publicaciones para que no veas NADA de su muro. Ultrafan.","twitter.com/Rocigaot/status/383293273978052608"
"26/9/2013 16:09:47","","383231934001729536","1","There was a surprising trola about the money for the Olimpic ladrillazo! http://ccaa.elpais.com/ccaa/2013/09/25/madrid/1380139290_408312.html …","twitter.com/Rocigaot/status/383231934001729536"
"26/9/2013 16:03:52","","383230444516294656","","@superpitagricas os ha mandado ya un DM para hablar de dinero por lo del libro?","twitter.com/Rocigaot/status/383230444516294656"
"26/9/2013 15:58:13","1","383229021510578176","","A juzgar por los tweets que leo, Ana Rosa ha doblado su ración de café con sangre de gatito para estar on fire con lo del crimen de Santiago","twitter.com/Rocigaot/status/383229021510578176"
"26/9/2013 14:39:40","","383209254796029953","","Total, sin contrato no verificarán mis datos. Y hay lumbreritas a quienes les colaría el acento de Gabino Diego en Amanece que no es poco...","twitter.com/Rocigaot/status/383209254796029953"
"26/9/2013 14:37:37","","383208739727097856","","A veces me planteo ir con acento falso a solicitar los trabajos de 'profesora de inglés nativa' en academias donde no hacen contrato...","twitter.com/Rocigaot/status/383208739727097856"
"26/9/2013 1:09:35","","383005389765091328","","@ilse0001 pues ahí sale más guapo que en la que colgó ella antes de 'este maromazo es mío, malditas destrozahogares robamaridos'.","twitter.com/Rocigaot/status/383005389765091328"
"26/9/2013 1:00:06","","383003002220462080","","@CaminoAna cómo lle baixaron os papos, estano matando de fame! ;)","twitter.com/Rocigaot/status/383003002220462080"
"25/9/2013 23:19:28","","382977679219105793","","@ShaquetaNaranja @ilse0001 @chselles sí, eso es un clásico. Los maridos son como los paraguas, que los dejas por ahí y te los roban, pobres!","twitter.com/Rocigaot/status/382977679219105793"
"25/9/2013 23:16:01","","382976808359972864","","@ShaquetaNaranja @ilse0001 @chselles hemos visto, sí. Como puso algo de 'segundas partes', entendí que el problema era con una ex!","twitter.com/Rocigaot/status/382976808359972864"
"25/9/2013 23:12:20","","382975883889238016","","@ilse0001 @chselles yo había entendido que era una ex de su maridín, se ve que no. A mí si me acusan de entrarle a ese también me traumatizo","twitter.com/Rocigaot/status/382975883889238016"
"25/9/2013 23:07:14","3","382974600860024832","","@Tawil @PotiPotiInLove @vuromar promiscuas que piden entradas para ver al Papa, nada menos! El clásico truco para follar...","twitter.com/Rocigaot/status/382974600860024832"
"25/9/2013 23:01:46","","382973222523637760","","@ilse0001 yo creo que el CM de Obama aún está intentando descifrar el tweet a ver si es una amenaza terrorista (o terroristing amenazing)","twitter.com/Rocigaot/status/382973222523637760"
"25/9/2013 23:00:59","","382973027866005504","","@chselles @ilse0001 aquí tienes una parte! https://twitter.com/vuromar/status/381572090803281920 …","twitter.com/Rocigaot/status/382973027866005504"
"25/9/2013 22:58:11","","382972321780088832","","@ilse0001 eso sí, no me reía tanto con esta pareja desde que el maridín le hizo reply a Obama con lo de 'gaymonio os not matrimonio'...","twitter.com/Rocigaot/status/382972321780088832"
"25/9/2013 22:54:28","","382971385821147136","","@ilse0001 ¡si es que ya hay que ser golfa para pedirle entradas para el Papa a un hombre casado! ¡Esto le da para un especial de su blog!","twitter.com/Rocigaot/status/382971385821147136"
"25/9/2013 22:43:48","1","382968700816474113","","¿Soy la única que está siguiendo el culebrón de victoria uroz, losada pescador, la 'acosadora de casados' y las entradas para ver al Papa?","twitter.com/Rocigaot/status/382968700816474113"
"25/9/2013 21:54:47","","382956365724938240","","Victoria, lo mismo es paranoia tuya, ¿eh? Porque ya son ganas de acosar...  https://twitter.com/vuromar/status/382886145089994752 …","twitter.com/Rocigaot/status/382956365724938240"
"25/9/2013 20:45:57","","382939045933772800","","La Voz está on fire co caso da nena atopada morta en Teo. Até activou comentarios pra que os cuñados saquen a súa vena criminóloga.","twitter.com/Rocigaot/status/382939045933772800"
"25/9/2013 0:30:12","","382633088829771776","","@sil_loh ya con ver el empapelado de sus paredes en el video sabes que muy bien de la azotea no está...","twitter.com/Rocigaot/status/382633088829771776"
"24/9/2013 22:20:52","","382600544264548352","2","La web del fulano que ha ido a despelotarse al hospital donde está el rey es todo un hallazgo. Muérome mucho. http://www.carlosdiazfernandez.com/ ","twitter.com/Rocigaot/status/382600544264548352"
"24/9/2013 15:45:40","","382501089255239682","","@japArtero @soydelbierzo Gensanta! gracias por la imagen mental... :P","twitter.com/Rocigaot/status/382501089255239682"
"24/9/2013 15:43:37","","382500569924915200","","Abandoné Dexter allá por la tercera temporada. Estoy por retomarla sólo para ver si el final es tan malo como dicen por aquí...","twitter.com/Rocigaot/status/382500569924915200"
"24/9/2013 13:13:02","1","382462676552531968","2","El Círculo de Empresarios pide bajar el salario mínimo. Pero si cae el consumo será por no poder abrir las tiendas el domingo por la noche.","twitter.com/Rocigaot/status/382462676552531968"
"23/9/2013 22:58:51","","382247715565883392","","Anda, en la serie de Isabel están hablando de la labor evangelizadora, como en la web de mi ex colegio.","twitter.com/Rocigaot/status/382247715565883392"
"23/9/2013 22:35:32","","382241846971228160","","Comentan que uno de sus alumnos ganó un premio en un concurso de la Diputación sobre 'igualdad'. El entrecomillado es de ellos.","twitter.com/Rocigaot/status/382241846971228160"
"23/9/2013 22:18:36","","382237585143107584","","Por cierto, han cambiado el uniforme y ahora el jersey y el polo llevan el escudo. Antes aún te valía cualquiera si el color era el indicado","twitter.com/Rocigaot/status/382237585143107584"
"23/9/2013 22:16:05","","382236951908061184","","Me encanta lo del proyecto educativo evangelizador. Salí atea perdida, pero pillo todas las referencias bíblicas de La Vida de Brian,eso sí.","twitter.com/Rocigaot/status/382236951908061184"
"23/9/2013 22:12:16","1","382235989034295296","1","Por culpa de @undivaga he buscado en google la web de mi ex colegio (el 1º). NECESITO que activen una opción de comentarios.","twitter.com/Rocigaot/status/382235989034295296"
"23/9/2013 22:02:59","1","382233652668555264","","@undivaga anda, cierto, que ahora tendrán web todos! Voy a buscar la de mi ex cole, a ver qué maravillas me encuentro...","twitter.com/Rocigaot/status/382233652668555264"
"23/9/2013 21:29:54","1","382225327071571968","","@galiciaenfureci home, o tema dos lumes foi un éxito, sen dúbida. O tema da prevención ou extinción, xa menos.","twitter.com/Rocigaot/status/382225327071571968"
"23/9/2013 3:47:05","","381957861200252928","","Ya nos habéis metido a Elton John, el tributo al que se mató de sobredosis de Glee, y ahora versioncita de Yesterday? Me abuuurrooo! #Emmys","twitter.com/Rocigaot/status/381957861200252928"
"23/9/2013 3:21:51","","381951510688460800","","Y Anna Gunn se lleva el Emmy! Ahora daos algo de vidilla con los que faltan, que casi me quedo frita con Elton John!","twitter.com/Rocigaot/status/381951510688460800"
"23/9/2013 1:50:07","","381928426434600961","","John Hamm, esa barba,definitivamente, NO. Y el traje blanco casi mejor tampoco. #Emmys #Alfombraroja","twitter.com/Rocigaot/status/381928426434600961"
"23/9/2013 1:39:33","","381925769150099456","","Hay una avispa en la alfombra roja de los Emmy! Con el pánico que me dan, yo saldría por patas y ni fotos ni ná...","twitter.com/Rocigaot/status/381925769150099456"
"23/9/2013 0:12:24","1","381903837600047104","","@Tawil podía ser mellor, unha axencia de seguros de vida chamada Stark...","twitter.com/Rocigaot/status/381903837600047104"
"22/9/2013 20:51:39","","381853314779844608","","@hematocritico o mandarle un whatsapp a tu ex diciendo que te lo ha ordenado el hematocrítico. Por lo menos ya da para conversación.","twitter.com/Rocigaot/status/381853314779844608"
"22/9/2013 20:04:59","2","381841569751379968","","¿Si animo a los camareros que atiendan a Edurne Uriarte a tirarle unos chipirones en su tinta sobre el Gucci me puede entrullar Gallardón?","twitter.com/Rocigaot/status/381841569751379968"
"22/9/2013 19:53:02","","381838563664343040","","Jo, Edurne, tía, qué fuerte lo de tu bolso, tía. Y otra gente preocupándose por chorradas...  http://www.mujerhoy.com/hoy/entre-nosotras/bolso-edurne-uriarte-741304092013.html …","twitter.com/Rocigaot/status/381838563664343040"
"22/9/2013 13:05:58","","381736122503548928","","@Hominidio entroume en exame nunha asignatura deste ano, por eso o lembrei :). Xa o lera no cole, alá no pleistoceno, pero tíñao esquecido..","twitter.com/Rocigaot/status/381736122503548928"
"22/9/2013 4:11:24","","381601595852472320","","@Hominidio agora ben, o de por qué Wilde o escribiu así, como non llo pregunte Friker vía ouija...","twitter.com/Rocigaot/status/381601595852472320"
"22/9/2013 4:06:59","","381600484500316160","","@Hominidio porque estará copiado do Bunbury de Oscar Wilde, de 'The Importance of being Earnest', que era con n.","twitter.com/Rocigaot/status/381600484500316160"
"21/9/2013 22:23:43","3","381514096757051393","9","La burbuja del cupcake que hay ahora tiene un punto muy Mª Antonieta metida a coach de emprendimiento:'Si no tienen pan, que hagan pasteles'","twitter.com/Rocigaot/status/381514096757051393"
"20/9/2013 21:03:15","","381131459756453888","","@RubenGaldon que parece Pedre? Es que hay otro parecido? Gensanta!","twitter.com/Rocigaot/status/381131459756453888"
"20/9/2013 21:00:42","","381130817142943744","","@RubenGaldon vale, creo que sé cuál dices, aunque no me acuerdo el nombre. Vestía en plan siniestrillo?","twitter.com/Rocigaot/status/381130817142943744"
"20/9/2013 20:54:27","","381129244983570432","","@RubenGaldon con esos datos me siguen saliendo unos cuantos...","twitter.com/Rocigaot/status/381129244983570432"
"20/9/2013 20:51:50","","381128585764818944","","@RubenGaldon de todas formas, visto el percal, creo que la mayoría de príncipes de Corina, si tienen que firmar usan la huella dactilar...","twitter.com/Rocigaot/status/381128585764818944"
"20/9/2013 20:50:05","","381128143882309633","","@RubenGaldon pues sí, con esos datos nos quedamos como estábamos. Si es Pedre o el chinovasco pídele autógrafo!","twitter.com/Rocigaot/status/381128143882309633"
"20/9/2013 16:21:23","","381060526475706368","","@callaquenoveo escogería a las pretendientas más chonis y se las llevaría a la finca a practicar con la escopeta. Lo veo.","twitter.com/Rocigaot/status/381060526475706368"
"20/9/2013 16:16:06","","381059193823711232","","@callaquenoveo crees que aguantará lo bastante en parrilla para que Elena lleve a Froilán?","twitter.com/Rocigaot/status/381059193823711232"
"20/9/2013 14:24:00","","381030982263922688","","Y Froilán es TT. Yo no digo nada, pero si el rey abdica y tenemos guerra de sucesión, ya se está viendo qué bando tendría más apoyos...","twitter.com/Rocigaot/status/381030982263922688"
"20/9/2013 14:01:32","","381025329898209281","","@Tawil guerras de sucesión, o #Vivaantes definitivo. #ElenaforQueen #FroilánPríncipedeAsturias","twitter.com/Rocigaot/status/381025329898209281"
"20/9/2013 13:44:27","","381021032380772352","1","@RubenGaldon yo voto por reivindicar el derecho sucesorio de Elena com primogénita. Así los premios Príncipe los entregaría Froilán.","twitter.com/Rocigaot/status/381021032380772352"
"20/9/2013 2:17:51","","380848243560546304","","@CaminoAna Infinitamente fan desta portada!","twitter.com/Rocigaot/status/380848243560546304"
"19/9/2013 23:28:54","1","380805726240645121","1","¿Que en Jotdown se rían de los gafapastas no es un poco 'chonis llamando chonis a otras chonis'?  http://www.jotdown.es/2013/02/manuel-de-lorenzo-manual-del-buen-gafapasta-guia-practica-para-la-conversion-o-el-camuflaje/ …","twitter.com/Rocigaot/status/380805726240645121"
"19/9/2013 20:45:11","","380764522878742528","","@revistamongolia @abc_es ya sabemos que era lo que miraban con tanto espanto los chavales que ven porno en la portada de Alfa y Omega...","twitter.com/Rocigaot/status/380764522878742528"
"19/9/2013 14:43:08","1","380673410751143936","","@dodavazquez como tenga twitter y me identifique ya me tendrá más que suspensa, que le he llamado de todo menos bonita...","twitter.com/Rocigaot/status/380673410751143936"
"19/9/2013 14:41:58","","380673119825825793","","@superpitagricas estaba bebiéndome un café cuando abrí la imagen y he hecho la fuente.Por culpa del socialismo también.","twitter.com/Rocigaot/status/380673119825825793"
"19/9/2013 14:14:08","","380666111512965121","","@CaminoAna aínda non tes ningunha nota? Si que o toman con calma!","twitter.com/Rocigaot/status/380666111512965121"
"19/9/2013 13:33:45","","380655950811525120","","Ola profe de syntax ké ase, subes las notas ya o ké ase...","twitter.com/Rocigaot/status/380655950811525120"
"19/9/2013 1:46:19","9","380477917488087041","5","@gerardotc 'Me enteré de lo de tu padre. Te acompaño en el sentimiento. (Icono de flamenca)'.","twitter.com/Rocigaot/status/380477917488087041"
"19/9/2013 0:51:05","","380464021146578944","","@xoancastro levo un rato mirándoa, fixen o de acercar o nariz ao monitor e irme alonxando, e non consigo ver o debuxo oculto en 3D :(","twitter.com/Rocigaot/status/380464021146578944"
"19/9/2013 0:10:04","","380453694874996737","","Que Svetlana miente sobre su edad? Realmente no tiene 33 años? Vaya, eso sí que no lo vi venir! #QQCCMH","twitter.com/Rocigaot/status/380453694874996737"
"19/9/2013 0:08:19","","380453257908203520","","@Guerraeterna eh, que ABC es el único diario que ayuda a los daltónicos a integrarse laboralmente en el sector del diseño gráfico. #RESPECT","twitter.com/Rocigaot/status/380453257908203520"
"18/9/2013 23:23:31","","380441983245762560","","Papitróspido esperaba que cuando llevó a las chicas a 1boutique pija y les dijo 'escoged lo que queráis' le pidieran ir a los chinos #QQCCMH","twitter.com/Rocigaot/status/380441983245762560"
"18/9/2013 23:13:19","","380439413336993793","","'No entiendo que no sepan dónde está Argentina. Vi las 2ediciones anteriores del programa y parecían todas sacadas de Saber y Ganar' #QQCCMH","twitter.com/Rocigaot/status/380439413336993793"
"18/9/2013 22:53:45","","380434492030070784","","@Xiscally @NewIlluminatus rollo 'Extraños en un tren'. Mmmm, lo veo, lo veo...","twitter.com/Rocigaot/status/380434492030070784"
"18/9/2013 22:44:05","","380432059979681792","","@NewIlluminatus @Xiscally el problema es que no pretenden pagarme nada por ello. #gratisnotrabajo","twitter.com/Rocigaot/status/380432059979681792"
"18/9/2013 21:56:43","2","380420136517136384","1","Amigos que pretenden que agregue a FB a sus amigos LET para que sea yo quien les replique las burradas. En plan subcontrata del trolleo.","twitter.com/Rocigaot/status/380420136517136384"
"18/9/2013 21:36:43","","380415103188729856","","@ElExpecial ¿aún existen?","twitter.com/Rocigaot/status/380415103188729856"
"18/9/2013 21:14:24","","380409488563392512","","@doctorojete @Tawil @nilska aaah, acabaráramos, si ya le había leído alguna vez! Supongo que mi mente bloqueó el recuerdo traumático...","twitter.com/Rocigaot/status/380409488563392512"
"18/9/2013 21:05:18","","380407200683802624","","@doctorojete @Tawil @nilska sé que me puedo arrepentir de preguntar esto, pero... ¿Quién es el del Final Fantasy?","twitter.com/Rocigaot/status/380407200683802624"
"18/9/2013 20:24:14","","380396862223568896","1","@Subnorbook aunque ahora que pienso, aquí tenemos a @vuromar que es médico y capaz la veo de dirigirle la tesis al muchacho este...","twitter.com/Rocigaot/status/380396862223568896"
"18/9/2013 20:07:56","","380392761423179776","1","@Subnorbook Qué grande, seguro que no es un fake a lo Mundo Today? Y estudiante de postgrado,debe de estar bien la universidad en Nigeria!","twitter.com/Rocigaot/status/380392761423179776"
"18/9/2013 15:54:57","","380329097458483200","","Y hablando de Filología, podía salirme la nota ya, para matricularme del curso que viene y ver qué órganos tengo que subastar para pagarlo.","twitter.com/Rocigaot/status/380329097458483200"
"18/9/2013 15:45:34","","380326734547013632","","@Hominidio non teño eu moi claro que o cubran de verdade. De feito, nin sei se podes viaxar a según qué sitios embarazada, polas vacunas...","twitter.com/Rocigaot/status/380326734547013632"
"18/9/2013 15:37:15","","380324642734342144","","@Hominidio pois espero que non teñas seguro con eles, porque creo que o síndrome de Hulk tampouco o cubre.","twitter.com/Rocigaot/status/380324642734342144"
"18/9/2013 15:27:43","","380322244095799297","1","@echeoqhai @PabloPardo1 podíao levar un paso máis alá: TODAS as linguas romances coma 'dialectos' do castelán. O Latín só é o paleocastelán","twitter.com/Rocigaot/status/380322244095799297"
"18/9/2013 15:10:45","","380317972251684865","","Se podes pedir un café con leite en Manhattan estás capacitado pra ir impartindo leccións de sociolingüística. Iso sábeo todo o mundo.","twitter.com/Rocigaot/status/380317972251684865"
"18/9/2013 14:49:31","1","380312628574162945","","@echeoqhai Teño que facer cambio de matrícula, que me sae máis a conta ca UNED, onde vai parar...","twitter.com/Rocigaot/status/380312628574162945"
"18/9/2013 14:44:08","","380311275093258241","","Na Cuñaos University tamén se oferta o grao de Filoloxía. Vía @echeoqhai  http://www.elmundo.es/blogs/elmundo/espiritusanimales/2013/09/18/en-ingles-cafe-con-leche-se-dice-en.html …","twitter.com/Rocigaot/status/380311275093258241"
"17/9/2013 20:21:16","","380033729751556096","","@RubenGaldon @CanRocaCeller Dile que monte la boda ahí. Igual os queda algo a desmano y se sale algo de presupuesto, pero...","twitter.com/Rocigaot/status/380033729751556096"
"17/9/2013 19:03:46","","380014227374608384","","@PotiPotiInLove y mira que pensé que a estas alturas ya tenía callo distinguiendo fakes, pero han sido muchas bios analfabestias hoy...","twitter.com/Rocigaot/status/380014227374608384"
"17/9/2013 18:52:03","","380011277734510592","","@PotiPotiInLove vale, creo (creo) que me he colado y el de la captura que he puesto es fake. Aunque cuesta distinguirlos, no te creas!","twitter.com/Rocigaot/status/380011277734510592"
"17/9/2013 18:49:29","","380010630301745152","","@PotiPotiInLove mira este otro que tampoco tiene desperdicio. Sí que están atrasaos en Tordesillas, sí.pic.twitter.com/3zbhiPOri9","twitter.com/Rocigaot/status/380010630301745152"
"17/9/2013 18:40:39","","380008409837207552","","@PotiPotiInLove Con esto de los tordesillamonguers está saliendo un filón de bios gloriosas, la de este es para enmarcar!","twitter.com/Rocigaot/status/380008409837207552"
"17/9/2013 18:30:21","1","380005816209637376","","Según la lógica de 'sin las fiestas taurinas, el toro se extinguiría',no sé por qué no toreamos linces. O periodistas de diarios en papel.","twitter.com/Rocigaot/status/380005816209637376"
"17/9/2013 17:44:29","1","379994274734936064","","Mariló Montero apoya el Toro de la Vega. Claro que conociendo al personaje, lo mismo lo confunde con lo de las vaquillas del Grand Prix.","twitter.com/Rocigaot/status/379994274734936064"
"17/9/2013 16:03:00","","379968732765757442","","@grand_monsieur @laguiri Dios mío! Cuántos sindicalistas le hicieron piquete a Ana Botella cuando pretendía ir a la Escuela de Idiomas?","twitter.com/Rocigaot/status/379968732765757442"
"17/9/2013 15:38:18","","379962517109219328","","@sil_loh se puede usar el presupuesto que había destinado para Madrid 2020. Y de paso mandamos a Annie Bottle de traductora.","twitter.com/Rocigaot/status/379962517109219328"
"17/9/2013 15:34:36","","379961586246373376","","@sil_loh podemos hacer partido de ida en casa y de vuelta fuera o viceversa, como en la liga...","twitter.com/Rocigaot/status/379961586246373376"
"17/9/2013 15:30:32","","379960565948375040","","@sil_loh podíamos organizar una fiesta remix en la que lanceros de Tordesillas persiguen a un yanki flipado con rifle, y todos contentos...","twitter.com/Rocigaot/status/379960565948375040"
"17/9/2013 12:34:36","","379916290678214656","","@ilse0001 tenéis una mina para el listado de monguers ahí. Echadle un ojo a este, y de paso leed su bio! https://twitter.com/Carlos_Herranz1/status/379911394369359874 …","twitter.com/Rocigaot/status/379916290678214656"
"17/9/2013 12:08:14","1","379909654907584512","1","Si te cabrea que te llamen bestia y cateto,lo ideal para desmontar el tópico es torturar un animal y liarte a pedrás con quienes te critican","twitter.com/Rocigaot/status/379909654907584512"
"17/9/2013 11:58:36","","379907227936501760","","Yo sólo me compro el GTA nuevo si me da la opción de escoger como personaje a Carromero.","twitter.com/Rocigaot/status/379907227936501760"
"17/9/2013 11:09:24","1","379894847479373824","","@manueljabois si Ana Botella hubiera hablado del relaxing perseguir bulls with lanzas in Tordesillas ganaban a Tokio de calle, fijo...","twitter.com/Rocigaot/status/379894847479373824"
"17/9/2013 10:39:47","","379887395425898496","1","No veo tweets de gente de Tordesillas contraria al toro de la vega.¿NADIE en todo el pueblo se opone?¿o si criticas te tiran del campanario?","twitter.com/Rocigaot/status/379887395425898496"
"17/9/2013 2:26:14","","379763188276813824","","@08181 @FacuDiazT en Cuba no te regalan el GTA, te hacen una recreación en vivo: Así fue lo de Carromero.","twitter.com/Rocigaot/status/379763188276813824"
"17/9/2013 2:13:29","","379759981655908352","","@xoancastro pois eu nótoa aínda + chunga. Pero pode ser porque perdín tolerancia ao chundachunda, ou porque é a 1ª vez que a escoito sobria.","twitter.com/Rocigaot/status/379759981655908352"
"17/9/2013 2:07:13","","379758404316569600","","@xoancastro uf, o finde pasado metéronme nun bar onde poñían eses grandes éxitos noventeros (os pitufos non, por sorte).Case me da un ictus.","twitter.com/Rocigaot/status/379758404316569600"
"17/9/2013 2:02:53","","379757313508134912","","@xoancastro agora que o dis, coido que tamén a escoitei. Claro que eran os 90, facíanse versións makineras chundachundas de TODO.","twitter.com/Rocigaot/status/379757313508134912"
"17/9/2013 1:49:29","","379753941002506240","","@xoancastro tamén é certo. Pero é que os transformers trepando icebergs non pegan ben coa música de Celine Dion.","twitter.com/Rocigaot/status/379753941002506240"
"17/9/2013 1:38:08","","379751084605968384","","Aunque en tema spoilers nada superará a cuando en el 97 una amiga me acusó de destriparle 'Titanic' por decir que el barco se hundía.","twitter.com/Rocigaot/status/379751084605968384"
"17/9/2013 1:30:41","","379749209991168001","","Que aún me acusará alguien en FB de spoilear Breaking Bad por reirme del tweet de la poli también allí,ya veréis...","twitter.com/Rocigaot/status/379749209991168001"
"17/9/2013 1:28:45","","379748720511684608","","A  mí me tenía pinta de ir a acabar con risas y buen rollo y me iba a pillar un Quimicefa,pero dice la poli que no..https://twitter.com/policia/status/379709121903468544 …Si te tienta jugar a #BreakingBad, debes saber que acabarás en el escenario d #PrisionBreak. En la vida real, jugar con drogas acaba MUY MAL","twitter.com/Rocigaot/status/379748720511684608"
"17/9/2013 0:07:51","1","379728361603334144","","Es cosa mía o en la serie de #Isabel cada niño crece a su ritmo? Como en el príncipe de Bel-Air, que el más pequeño creció 5años de golpe.","twitter.com/Rocigaot/status/379728361603334144"
"16/9/2013 21:27:40","1","379688052286705664","","@CaminoAna pero mira quenes son os pais... traballarías pra unha xefa  cortiña e un xefe farlopero que viste raro, imaxinas o que será iso?","twitter.com/Rocigaot/status/379688052286705664"
"16/9/2013 21:21:59","","379686623106961408","","@Pornosawa @NewIlluminatus tiene su gracia que libertad digital meta el fracaso escolar de Froilán en el apartado 'Chic', oye...","twitter.com/Rocigaot/status/379686623106961408"
"16/9/2013 20:21:50","","379671484236431360","","@superpitagricas @quettaheru nada, ni así. Llevar pantaloncitos es hacerle el juego a la derecha.","twitter.com/Rocigaot/status/379671484236431360"
"16/9/2013 20:08:07","","379668032135520256","","@CaminoAna , se tes a axenda de alumnos completa, mando eu currículum pra darlle pasantías a este! http://ocio.elnortedecastilla.es/famosos/felipe-juan-froilan-de-marichalar-vuelve-suspender-2o-de-la-eso-y-entra-en-3o-16092013.html …","twitter.com/Rocigaot/status/379668032135520256"
"16/9/2013 18:41:35","","379646254625476609","","@viejomoeb Mi gran duda es: ¿Quiénes forman el otro 28% de periodistas y por qué ellos no tienen miedo al paro?","twitter.com/Rocigaot/status/379646254625476609"
"16/9/2013 18:19:57","","379640813040308224","","@callaquenoveo lo dices para quedarte tú con el Jesse Pinkman. No es creíble que para coser balones te hagan contrato de práct...no,nada.","twitter.com/Rocigaot/status/379640813040308224"
"16/9/2013 18:09:49","","379638260038762496","","@Tawil puidendo mostrar quen é a que vai feita un pendón só lle fotografía o cú pra burlarse dela en twitter. Ai, todavía quedan cabaleiros.","twitter.com/Rocigaot/status/379638260038762496"
"16/9/2013 14:32:44","","379583628428066816","","@callaquenoveo y dónde dices que trabajas?","twitter.com/Rocigaot/status/379583628428066816"
"16/9/2013 14:19:43","","379580353326755842","","@LETOKASE @soydelbierzo uy, estecreo que fue mi primer mongoreplier en twitter! Qué ilusión reencontrarlo! #NO","twitter.com/Rocigaot/status/379580353326755842"
"16/9/2013 13:19:56","1","379565310208004096","","@Arezno igual son los tres la misma persona. ¿Alguien los ha visto juntos alguna vez?","twitter.com/Rocigaot/status/379565310208004096"
"16/9/2013 13:09:25","","379562661370806272","","@CaminoAna eu probarei antes a pagar no banco co documento que me deixou imprimir a merda esta pra o pago presencial, pero non sei eu...","twitter.com/Rocigaot/status/379562661370806272"
"16/9/2013 12:56:58","","379559528297029632","","Moi fan da oficina virtual da Xunta. Xa ten mérito facer que pagar taxas online sexa máis latoso que ir cos impresos a facer cola ao banco.","twitter.com/Rocigaot/status/379559528297029632"
"16/9/2013 0:01:54","","379364476090208256","","@Marmota_Maligna no sé qué te diga, viendo el boom de natalidad que hay entre mis amigos últimamente, estoy por darle crédito a Friker...","twitter.com/Rocigaot/status/379364476090208256"
"15/9/2013 22:56:36","1","379348044640034816","","Por lo que leo ya está otra vez Rosa Díez poniendo a caldo a los políticos: es como las chonis que se unen a grupos antichonis de Facebook.","twitter.com/Rocigaot/status/379348044640034816"
"13/9/2013 23:42:39","","378634859213643776","","@Hominidio podes vengarte aparecendo na voda cun vestido branco largo con velo, pra roubarlle o protagonismo no seu día.","twitter.com/Rocigaot/status/378634859213643776"
"13/9/2013 20:41:31","","378589275010248705","","@CaminoAna gensanta! emigro a Tanganika eu tamén, cando consiga pasta pra estercar o billete, claro...","twitter.com/Rocigaot/status/378589275010248705"
"12/9/2013 0:04:23","","377915553144254464","","Para cuando salga con alguien y me toque conocer a la suegra, me apunto la ideaza de regalarle una camiseta encontrada en la calle. #QQCCMH","twitter.com/Rocigaot/status/377915553144254464"
"11/9/2013 23:45:55","","377910904467120129","","La cara de la mamá argentina durante el baile de la de la gorra da para gif. #QQCCMH #hijostróspidos","twitter.com/Rocigaot/status/377910904467120129"
"11/9/2013 23:39:01","","377909165898739712","","Una tía que habla 7idiomas pretendiendo en la tele a un coleccionista de peluches. Y nos venden lo de saber inglés como la panacea #QQCCMH","twitter.com/Rocigaot/status/377909165898739712"
"11/9/2013 23:26:32","1","377906027116498944","","En fin, al menos el representante coruñés en los tróspidos no es el que colecciona peluches. #podíaserpeor #perotampocomucho #QQCCMH","twitter.com/Rocigaot/status/377906027116498944"
"11/9/2013 23:05:58","1","377900848900079616","","Vosotros venderéis coches de lujo, pero mi abuelo tiene tierras! #hijostróspidos #QQCCMH","twitter.com/Rocigaot/status/377900848900079616"
"11/9/2013 23:03:06","1","377900129178492928","2","Pretendienta:Soy de Ucrania
Tróspido pijo: ¿Pero eres española?
Educación privada de calidá. #hijostróspidos","twitter.com/Rocigaot/status/377900129178492928"
"11/9/2013 21:03:04","","377869922048548864","1","Se ve que los falangistas encontraron en Blanquerna dos de las cosas a las que más rabia le tienen: catalanes y libros.","twitter.com/Rocigaot/status/377869922048548864"
"11/9/2013 19:11:24","","377841820392099841","","@Marmota_Maligna conste que tampoco hace falta la fachaseñal. Abres una botella de Osborne, y Hermann la olfatea y allá va con la avioneta..","twitter.com/Rocigaot/status/377841820392099841"
"11/9/2013 19:01:06","","377839229667000320","1","@Marmota_Maligna la misma: es una señal luminosa en forma de toro de Osborne. O de pollo de la bandera.","twitter.com/Rocigaot/status/377839229667000320"
"11/9/2013 18:28:01","","377830902891433984","","@xoancastro realmente el non sabe que é un kamikaze,subiu a 4 patas dicindo  'tranquilos que yo controlo',pero sabemos cómo rematará isto.","twitter.com/Rocigaot/status/377830902891433984"
"11/9/2013 18:06:35","1","377825507917586432","1","Como va mal de pasta, Intereconomía no ha contratado piloto: la avioneta la lleva Hermann Tertsch, hasta las cejas de Larios.","twitter.com/Rocigaot/status/377825507917586432"
"11/9/2013 17:58:27","","377823461520842752","","Intereconomía, casi mejor pagad a vuestros empleados y apañaos poniendo pancartas de sábana en los puentes,rollo 'Se nos casan Juan y Mari'","twitter.com/Rocigaot/status/377823461520842752"
"11/9/2013 17:32:41","1","377816976942309376","1","Eh, Intereconomía, que igual el 11-S no es el mejor día para poner avioncitos a trollear por ahí. Vamos, digo.","twitter.com/Rocigaot/status/377816976942309376"
"11/9/2013 17:30:10","","377816343464009728","","Para pagar a sus trabajadores no, pero para avionetas sí que tienen en Intereconomía. Prioridades. http://www.eldiario.es/catalunya/avioneta-Intereconomia-subleva-Via-Catalana_0_174283207.html …","twitter.com/Rocigaot/status/377816343464009728"
"11/9/2013 12:28:45","1","377740489308381184","","Ha twitteado ya Toni Cantó dando el pésame a Chile por lo de Salvador Allende? O celebrándolo, que con él nunca se sabe.","twitter.com/Rocigaot/status/377740489308381184"
"10/9/2013 23:58:02","","377551565839540224","","@ilse0001 @ComandanteVimes @PotiPotiInLove Twitter no va necesitando ya unos Monguer Awards? Con sus categorías y todo...","twitter.com/Rocigaot/status/377551565839540224"
"10/9/2013 21:31:07","","377514592278028288","","De vuelta en Coruña, tomando un relaxing colacao in the salón of my house. Sí,  llego tarde para la coña, pero me ha pillado de viaje, jo!","twitter.com/Rocigaot/status/377514592278028288"
"8/9/2013 6:17:20","","376559856876285952","","Me han metido en un bar donde ponen techno noventero todo el raro. Que alguien me eutanasie.","twitter.com/Rocigaot/status/376559856876285952"
"6/9/2013 12:35:09","","375930162405474304","","@Cascarelo que humor mais negro teñen en Renfe!","twitter.com/Rocigaot/status/375930162405474304"
"6/9/2013 8:20:14","","375866007119994880","","Un mes después de un accidente de tren,¿no le veis connotaciones algo macabras al slogan de este cartel de Renfe?pic.twitter.com/BAm9k1W6wO","twitter.com/Rocigaot/status/375866007119994880"
"5/9/2013 16:56:22","","375633510544842753","","@ilse0001 igual es que el padre es como Stan/Loretta de La vida de Brian, y va a gestar al feto en un baúl...","twitter.com/Rocigaot/status/375633510544842753"
"5/9/2013 16:14:58","2","375623093902786561","","@sovcolor @ComandanteVimes si abalanzarse sobre mujeres por la calle es seducción, pueden bajarse capítulos de Benny Hill y ahorrar el curso","twitter.com/Rocigaot/status/375623093902786561"
"5/9/2013 15:53:58","","375617806256967680","","@CaminoAna son os mesmos que na presencial chegan media hora antes pra agobiar a todos co rollo de 'seguro que cae tal e cual'..","twitter.com/Rocigaot/status/375617806256967680"
"5/9/2013 15:45:40","","375615717476814848","","@Tawil eu son proxecto de filóloga e non dou pasado dos 700 :( E vou deixalo, que empezo a tolear e vou confundir portugués con mandarín...","twitter.com/Rocigaot/status/375615717476814848"
"5/9/2013 0:32:44","","375385970251538432","","@ilse0001 me estoy partiendo con el listado! muy fan de que andritxol sea un grupo mongueril en sí mismo!","twitter.com/Rocigaot/status/375385970251538432"
"4/9/2013 14:21:29","","375232142839537664","1","Aquí buscan a alguien que coordine y escriba todas sus publicaciones... contratado en prácticas. #cojonescomosandías https://www.infojobs.net/alicante-alacant/redactor-coordinador-editorial/of-i4e671fba8a43b4853ae95d3db76974 …","twitter.com/Rocigaot/status/375232142839537664"
"4/9/2013 1:38:21","","375040097244041216","","@Susssana @Xiscally estos conseguían los datos porque hacían sorteos de regalos a embarazadas, o mandaban muestras gratuitas, o algo así...","twitter.com/Rocigaot/status/375040097244041216"
"3/9/2013 23:26:50","","375006997352968192","","@ComandanteVimes @KatieSony @M4ryu54m4 @laguiri sí, pero me dio pereza madrugar sólo pa eso. Ya me vale, podría haber sido divertido.","twitter.com/Rocigaot/status/375006997352968192"
"3/9/2013 23:25:30","","375006662441959424","","@KatieSony @M4ryu54m4 @ComandanteVimes @laguiri me quedó pena de no ir a esa 2ª sesión de entrevista a trollear, eso sí!","twitter.com/Rocigaot/status/375006662441959424"
"3/9/2013 23:17:08","","375004555970228224","","@M4ryu54m4 @KatieSony @ComandanteVimes @laguiri yo fui el 1ºdía, nos enseñaron el material y la llamada, y al 2º ya pasé de presentarme.","twitter.com/Rocigaot/status/375004555970228224"
"3/9/2013 23:15:53","","375004241410011136","2","@laguiri (2) y si al ofrecer los libros no querían, decían 'imagina que al bebé le pasa algo y no sabes qué hacer por no tener los libros'.","twitter.com/Rocigaot/status/375004241410011136"
"3/9/2013 23:14:23","","375003866154033152","1","@laguiri llamaban diciendo que era 1campaña de información para madres, hablaban de los accidentes que puede sufrir un bebé... (1)","twitter.com/Rocigaot/status/375003866154033152"
"3/9/2013 23:07:36","","375002157054824448","3","@KatieSony @ComandanteVimes @laguiri yo tuve una entrevista para timar a mamás por teléfono colocándoles libros sobre maternidad. Telita.","twitter.com/Rocigaot/status/375002157054824448"
"3/9/2013 23:05:15","","375001567969026048","","@ComandanteVimes si el marido quiere llevar a los chicos de putas la mujer lo acata y si la hija tiene sexo es 1drama. Sí que son liberales.","twitter.com/Rocigaot/status/375001567969026048"
"3/9/2013 2:02:33","","374683799981805568","","E rematada a #acampadauned de setembro,o plan de mañá é facerlle un 'no invente señora' á tía da inmobiliaria e logo vexetar na praia.","twitter.com/Rocigaot/status/374683799981805568"
"2/9/2013 23:18:25","","374642492345311233","","@rmolia @DarthFurby Pero Batman en realidad es un millonario, ya encontrará él la forma de escaquearse con la declaración...","twitter.com/Rocigaot/status/374642492345311233"
"2/9/2013 22:48:17","","374634909773467648","","Querida señora estafadora da inmobiliaria: mañá vasme ter dando o coñazo alí outra vez, que coma estou no paro sóbrame o tempo. Bicos.","twitter.com/Rocigaot/status/374634909773467648"
"2/9/2013 11:59:45","","374471699724386305","","@CaminoAna unha conjunción planetaria das que dicía Leire Pajín, é o que me fai falta hoxe...","twitter.com/Rocigaot/status/374471699724386305"
"2/9/2013 0:09:11","2","374292880237395968","","@ClaraGrima ¿por qué lo llaman filosofía cuando quieren decir frase de dedicatoria de carpeta?","twitter.com/Rocigaot/status/374292880237395968"
"1/9/2013 23:38:52","","374285249846312960","","@uxialopez @CaminoAna mais que sorte farai falta intervención divina, pero graciñas! :D","twitter.com/Rocigaot/status/374285249846312960"
"1/9/2013 22:53:03","","374273720035991552","","@CaminoAna @uxialopez eu por sorte xa acabo mañá. Ana ten uns días máis de agonía...","twitter.com/Rocigaot/status/374273720035991552"
"1/9/2013 15:48:41","","374166925137285120","","@CaminoAna estou por bloquealos ou unfollowealos a todos ata despois do examen, non digo mais...","twitter.com/Rocigaot/status/374166925137285120"