"date","fav","id","rt","text","url"
"31/7/2013 12:33:41","","362521441813544960","","@DavidLombao e ela dirá que non sabía onde era, que só sabía que había neve. Hai quen xa usou esa excusa con gran éxito de crítica e público","twitter.com/Rocigaot/status/362521441813544960"
"31/7/2013 1:16:47","","362351093415559168","","@callaquenoveo ya sólo por ver si recomendaban lavárselo con el dichoso champú de caballos merecía la pena que volviera el 'gato ascostao'","twitter.com/Rocigaot/status/362351093415559168"
"30/7/2013 23:33:37","","362325132183740418","","Xa postos, que a campaña sexa un cartel tipo 'I want you to join the U.S. Army' con Feijóo animándonos a procrear  http://www.eldiario.es/politica/Galicia-campana-publicitaria-animar-ciudadanos_0_159234366.html …","twitter.com/Rocigaot/status/362325132183740418"
"28/7/2013 13:00:58","1","361441142073602048","14","Que te llame un ex para decirte que ha descubierto que es portador de UPyD, que mejor te hagas las pruebas tú también.","twitter.com/Rocigaot/status/361441142073602048"
"27/7/2013 16:49:33","","361136281612337152","","@Tawil non lembras o bulo de que a Xunta do bipartito daba subvencións por poñer nomes galegos aos nenos?","twitter.com/Rocigaot/status/361136281612337152"
"26/7/2013 1:59:28","1","360549893732974592","","@gerardotc 'ABC, vai tomar polo cú'. Que igual tu pregunta era retórica, pero nunca es mal momento para decirlo.","twitter.com/Rocigaot/status/360549893732974592"
"26/7/2013 1:41:46","","360545440833343488","","@NoelaReyMendez explicad también las coñas sobre Australia, que igual aún dicen que oigo voces de guionistas camberranos...","twitter.com/Rocigaot/status/360545440833343488"
"26/7/2013 1:38:04","","360544512247988225","","Pues oye, así a lo tonto tengo un buen puñado de tweets y actualizaciones de FB por los que ABC me podría acusar de ser peor que Pol Pot","twitter.com/Rocigaot/status/360544512247988225"
"26/7/2013 0:49:47","","360532358425874433","","@AntonioMaestre deberíamos empezar a hacer entrecomillados libres de los tweets de la periodista. Y que diga ella luego si están manipulados","twitter.com/Rocigaot/status/360532358425874433"
"26/7/2013 0:17:27","","360524223464210433","1","@XoseMorais se ve que no escarmentaron con aquella de 'esta es la cara de un asesino' que luego resultó no serlo.","twitter.com/Rocigaot/status/360524223464210433"
"25/7/2013 23:45:33","","360516194966568960","","@Tawil @crtvg foi tal. Da súa segunda residencia, non da habitual, pero alí estiveron.","twitter.com/Rocigaot/status/360516194966568960"
"25/7/2013 20:19:15","1","360464275409600512","","A algúns só vos falta dicir que de ser vós o maquinista evitabades o accidente nun plisplás pisando o embrague e metendo a segunda.","twitter.com/Rocigaot/status/360464275409600512"
"25/7/2013 19:25:53","","360450847685087232","","@callaquenoveo los ilusionados por empezar la uni son como los que están follando al principio de 1peli de miedo:ves venir lo que les espera","twitter.com/Rocigaot/status/360450847685087232"
"25/7/2013 17:39:19","1","360424027329802240","","Menos mal que han encontrado el Facebook del maquinista,que llevábamos ya unos días sin un juicio mediático y se ve que la gente tenía mono.","twitter.com/Rocigaot/status/360424027329802240"
"25/7/2013 17:04:53","6","360415365429329920","6","No rato en que ía comer cos meus pais e empaquetaba caixas, é flipante a de xente que tivo tempo pra sacarse a Enxeñería de Camiños.","twitter.com/Rocigaot/status/360415365429329920"
"25/7/2013 13:55:59","","360367826852253699","","@lauralruiz al parecer Ana Rosa está muy indignada porque Feijóo hiciera el comunicado en gallego...","twitter.com/Rocigaot/status/360367826852253699"
"25/7/2013 13:55:08","","360367609566343168","","@mvizaguirre @KrlosMartinezTV tamén che digo que se tolease co do acosador do seu equipo sería de traca,anda que non lles pedirá ela carnaza","twitter.com/Rocigaot/status/360367609566343168"
"24/7/2013 23:03:43","","360143277703442432","","@24h_tve no, el Clínico está colapsado, hay que ir al Centro de Transfusiones, que ya lo habéis dicho mal dos veces.","twitter.com/Rocigaot/status/360143277703442432"
"24/7/2013 0:06:49","","359796769095299076","","@kirovast que empiecen a subir solysombras a instagram la sobrina de Adolfo Domínguez y su pandi,y en dos días se hacen tendencia! :P","twitter.com/Rocigaot/status/359796769095299076"
"24/7/2013 0:03:09","","359795847090806784","","@kirovast joooo! podían poner de moda otra cosa! No sé, que los hipsters se pongan a beber Soberano, en plan irónico vintage...","twitter.com/Rocigaot/status/359795847090806784"
"23/7/2013 23:55:42","","359793973390344193","","@kirovast noooo, que yo llevo tomando vodka desde los 18, me niego a que me lo conviertan en una sopa juliana y me claven 15 euros por copa!","twitter.com/Rocigaot/status/359793973390344193"
"23/7/2013 22:48:14","","359776992901607426","","Qué é ese festival do #VIVAANTES que están a botar agora na 1 de TVE?","twitter.com/Rocigaot/status/359776992901607426"
"23/7/2013 18:43:39","","359715444086685696","","@dodavazquez supongo que es 'suficiente relación para criar juntos a un hijo,no tanta para saber si te mete un Jaguar en el garaje de casa'.","twitter.com/Rocigaot/status/359715444086685696"
"23/7/2013 17:59:25","","359704310000525315","","@xoancastro a derradeira: 'Si alguno podréis enganchar. Si no os mola, solo tumbaos, cerrad los ojos e imaginad que estáis en el solarium'.","twitter.com/Rocigaot/status/359704310000525315"
"23/7/2013 17:49:40","1","359701857838440448","","Dice Ana Mato que antes de pedir in vitros os aseguréis de que de verdad no tenéis varón,que ella tenía un Jaguar y ni lo sabía. #avecespasa","twitter.com/Rocigaot/status/359701857838440448"
"23/7/2013 17:47:14","","359701246225031170","","@xoancastro 'o cómprale el niño a alguna a la que hayamos impedido abortar. Si le faltan órganos te hace precio'. (Ministerio del Confeti)","twitter.com/Rocigaot/status/359701246225031170"
"23/7/2013 17:37:39","","359698832495349760","","@xoancastro 'Vale, si te pega lo normal no pasa nada, pero si te manda al hospital más de 1día,ojo, es un maltratador' (Gobierno de España)","twitter.com/Rocigaot/status/359698832495349760"
"23/7/2013 17:36:05","","359698441212919808","","@dodavazquez ¿sabes si el resto del tiempo las puedes alquilar por horas para asuntos particulares? No es para mí, es de parte de un amigo.","twitter.com/Rocigaot/status/359698441212919808"
"23/7/2013 17:34:57","","359698153773072384","2","'Si estás soltera y quieres ser madre, lígate a un desconocido y cruza los dedos para que no tenga ninguna ETS'. Ministerio de Sanidad.","twitter.com/Rocigaot/status/359698153773072384"
"23/7/2013 17:31:37","","359697314731917315","","Entonces, ¿si soy soltera y quiero ser madre tengo que tirarme antes a media ciudad a pelo para probar que soy estéril, o cómo va esto?","twitter.com/Rocigaot/status/359697314731917315"
"23/7/2013 17:22:38","1","359695055512018945","1","@LordoLordor no tengo claro si es reaggetón o un comunicado del Ministerio de Sanidad.","twitter.com/Rocigaot/status/359695055512018945"
"19/7/2013 14:44:30","","358205707335643137","","20 euros o tren de A Coruña a Ourense, só ida? Hai camillas de masaxe nos vagóns e ofrécenche cava e aperitivos?","twitter.com/Rocigaot/status/358205707335643137"
"19/7/2013 14:15:57","1","358198523621154817","1","@xoancastro xa lles vale, coa de cuñaos que hai dispostos a preñalas porque 'tu problema es que no has estao con un hombre de verdá,JOJOJO!'","twitter.com/Rocigaot/status/358198523621154817"
"19/7/2013 14:05:36","","358195917863657472","","@xoancastro O principio de Ana Karenina, todas las familias felices se parecen... Pra colar a custodia compartida contra a vontade paterna.","twitter.com/Rocigaot/status/358195917863657472"
"19/7/2013 14:02:14","","358195069163028480","","@xoancastro home, esta cita xa están a seguila no de non dar mestres. O dos soldados e sacerdotes se cadra xa pa logo.","twitter.com/Rocigaot/status/358195069163028480"
"19/7/2013 13:53:42","","358192922732138498","","Gallardón muestra su cultura citando a Tolstoi: concretamente, la cita de Tolstoi que conoce todo dios sin necesidad de haberlo leído. #Cmin","twitter.com/Rocigaot/status/358192922732138498"
"19/7/2013 13:49:40","","358191909325377536","","@PixelRobot @undivaga eso, tú dales ideas...","twitter.com/Rocigaot/status/358191909325377536"
"19/7/2013 13:48:28","","358191606031073280","","Primera pregunta para #periodistapijo. Llevaba unas semanas sin ver el #Cmin, pero veo que hay cosas que no cambian.","twitter.com/Rocigaot/status/358191606031073280"
"19/7/2013 13:29:58","","358186952035545088","","@soydelbierzo @mejillonsuicida espero que el bebé no tuviera un sonajero de Pocoyó,o también tendrían que intervenir los artificieros","twitter.com/Rocigaot/status/358186952035545088"
"17/7/2013 20:21:49","","357565818646695936","","@beblas entre eso y la portada de La Gaceta de ayer,me planteo ir por la vida sin lentillas. Me chocaré con todo, pero evitaré traumas...","twitter.com/Rocigaot/status/357565818646695936"
"17/7/2013 20:10:34","1","357562990263934977","","En la playa he visto el tatuaje choni definitivo: ni tribales, ni letras chinas: un toro de Osborne encima del culo. Ideal pa seducir cuñaos","twitter.com/Rocigaot/status/357562990263934977"
"17/7/2013 19:33:57","1","357553773499002880","","Playas llenas de niños que te hacen pensar que Herodes fue un gran incomprendido en su tiempo...","twitter.com/Rocigaot/status/357553773499002880"
"17/7/2013 14:45:26","1","357481166745501696","1","'¿Trabaja para la prensa? ¡Je! Algo que va a morir antes que yo'. El abuelo Simpson en el capítulo que están echando justo ahora.","twitter.com/Rocigaot/status/357481166745501696"
"17/7/2013 12:51:39","","357452530415976449","","@CristianMas86 igual es para justificar ofrecerle 800euros/mes a alguien que hable 4idiomas.'Si no tiene mérito,es hablante nativa de TODOS'","twitter.com/Rocigaot/status/357452530415976449"
"17/7/2013 12:45:48","1","357451059255455744","","Empresarios que publicáis ofertas en Infojobs y pedís 4 idiomas todos con nivel nativo: paraos un momento a analizar el concepto 'nativo'.","twitter.com/Rocigaot/status/357451059255455744"
"17/7/2013 1:55:19","","357287358900609024","","@CaminoAna @xoancastro tremendo combo, que dirían os de Masa Enfurecida...","twitter.com/Rocigaot/status/357287358900609024"
"17/7/2013 1:50:31","","357286150848786434","","@xoancastro @CaminoAna así polo menos alguén o pasaría ben. Dame medo ir a durmir por se soño con Jaime Ostos ensinando os collóns...","twitter.com/Rocigaot/status/357286150848786434"
"17/7/2013 1:48:35","","357285668096983040","","@CaminoAna eu necesito a droga provocadora de amnesia que segundo Espe lle deran a Carromero en Cuba...","twitter.com/Rocigaot/status/357285668096983040"
"17/7/2013 1:07:52","2","357275419885568001","1","Cando Shin Chan facía o de 'mira qué trompa' morríades da risa e se o fai Jaime Ostos na Gaceta poñédelo podre. #doblemoral","twitter.com/Rocigaot/status/357275419885568001"
"17/7/2013 1:04:34","","357274587530141697","","@Credendo_Vides1 estaba haciendo un claro homenaje a Shin Chan: 'troooompa, mira qué trooompaaa!'","twitter.com/Rocigaot/status/357274587530141697"
"16/7/2013 23:45:22","1","357254657741033472","","Alguien tiene por ahí un borrador de mentes como el de Men in Black, que tengo una portada de La Gaceta que arrancarme del cerebro?","twitter.com/Rocigaot/status/357254657741033472"
"16/7/2013 23:44:33","","357254453268721664","","@lara_grana no exactamente, digamos que lo dejaron tuerto del tercer ojo, al pobre...","twitter.com/Rocigaot/status/357254453268721664"
"16/7/2013 23:33:32","","357251680343040000","","@lara_grana houbo un rei da época dos saxóns e normandos, non lembro cal, ao que mataron dunha puñalada a través dun burato deses.","twitter.com/Rocigaot/status/357251680343040000"
"16/7/2013 23:28:30","","357250414430781440","","@Albertoenserie al final la echaron?empecé a ver las nominaciones, pero tras 5 minutos de Telecinco se me olvidó la tabla del 8 y pasé...","twitter.com/Rocigaot/status/357250414430781440"
"16/7/2013 22:32:16","","357236259506233345","","@CaminoAna os que aínda non pasástedes a barreira dos 30 non estades autorizados a queixaros desas cousas!","twitter.com/Rocigaot/status/357236259506233345"
"16/7/2013 22:03:53","","357229119777411073","","No,Facebook,no quiero agregar a mi ex jefa ni a las novias de mis ex como amigas. Ni a ningún grupo local de NNGG #grasiasdeantebraso","twitter.com/Rocigaot/status/357229119777411073"
"16/7/2013 21:38:24","","357222706686607360","","@lara_grana @CaminoAna iso si, ao final conseguiron a píldora? porque que esa parella tan espabilada chegue a procrear paréceme tráxico!","twitter.com/Rocigaot/status/357222706686607360"
"16/7/2013 21:28:34","","357220229404827651","","@lara_grana @CaminoAna que me desorino!","twitter.com/Rocigaot/status/357220229404827651"
"16/7/2013 17:10:08","","357155193676251138","","@Cattz79 @Xiscally jooooder! y se supone que te contratan luego, al  menos?","twitter.com/Rocigaot/status/357155193676251138"
"16/7/2013 12:35:45","","357086143461867520","3","Me ha atendido en el super una cajera con una chapa de 'Estudiante en prácticas'. ¿Estudiante de qué? ¿Las prácticas serán remuneradas?","twitter.com/Rocigaot/status/357086143461867520"
"16/7/2013 0:57:23","","356910395182690306","","@CaminoAna @lara_grana a min creo que me van dar garrote vil directamente...","twitter.com/Rocigaot/status/356910395182690306"
"15/7/2013 20:38:10","","356845160795086848","","@lauralruiz ¿Y en simulado? :D","twitter.com/Rocigaot/status/356845160795086848"
"15/7/2013 20:29:24","","356842953941069827","","@xoancastro coa fotomontaxe do cadro de Delacroix feita con Paint... véxoo, si.","twitter.com/Rocigaot/status/356842953941069827"
"15/7/2013 20:21:32","","356840973030006786","","Bárcenas nunca tuvo relación laboral con el PP y fue tesorero un año, dice Cospedal. Lloro.","twitter.com/Rocigaot/status/356840973030006786"
"15/7/2013 20:20:23","","356840685619523584","","@xoancastro pois se queren seguir simulando poden pagarme outro finiquito a min, que teño moito gasto estes meses...","twitter.com/Rocigaot/status/356840685619523584"
"15/7/2013 20:18:42","","356840259377577984","1","Entonces, ¿por qué le dieron un 'finiquito diferido y simulado' a alguien con quien el PP no tenía relación laboral alguna? #Cospedal","twitter.com/Rocigaot/status/356840259377577984"
"15/7/2013 20:16:43","","356839761798893568","1","Cospedal niega relación laboral alguna de Bárcenas con el PP. No me digas más, lo tenían de falso autónomo haciendo de tesorero.","twitter.com/Rocigaot/status/356839761798893568"
"15/7/2013 20:13:09","","356838862150053888","","Cospeeee, repite lo del finiquito en diferido y simulado!","twitter.com/Rocigaot/status/356838862150053888"
"15/7/2013 1:39:13","","356558532084109312","","@MargaretCastor Con cejitas de pelo natural para que juguemos a teñirlas, peinarlas y hacer trenzas?","twitter.com/Rocigaot/status/356558532084109312"
"13/7/2013 23:45:47","","356167598058115072","","@xoancastro os do Sony Xperia van ter que mandar un sicario a matar un parente dalgún famoso pra poder competir!","twitter.com/Rocigaot/status/356167598058115072"
"13/7/2013 23:41:44","","356166578276007937","","Supongo que La Razón dirá que el hijo de Fátima Báñez usaba el móvil de Rajoy para jugar al bubble shooter y de paso whatsappeaba a Bárcenas","twitter.com/Rocigaot/status/356166578276007937"
"13/7/2013 16:50:22","","356063056033349632","","@NJMagazine puede que en los estados del Sur la media sea más baja. O igual lo de salir en la tele les hace más ilusión a las jóvenes...","twitter.com/Rocigaot/status/356063056033349632"
"13/7/2013 16:42:23","","356061048127766530","","@NJMagazine gensanta! qué necesidad de que le hagan casito tiene alguna gente!","twitter.com/Rocigaot/status/356061048127766530"
"13/7/2013 16:40:33","","356060586158718978","","@Cascarelo eran uns adiantados ao seu tempo!","twitter.com/Rocigaot/status/356060586158718978"
"13/7/2013 16:38:51","","356060156951408641","","@Cascarelo vaia! e cómo é que non chegaron a sacar outro número? Convertéronse nun dixital? Non lles chegou a pasta do crowdfunding?","twitter.com/Rocigaot/status/356060156951408641"
"13/7/2013 16:36:01","","356059443550633985","","@NJMagazine pero para llevar a la boda de la hija o para usar en casa mientras ve la tele como hacían las de Friends?","twitter.com/Rocigaot/status/356059443550633985"
"13/7/2013 16:21:32","1","356055801233801219","","@MargaretCastor yo creo que el que sale en una foto con el toro corneándole los huevos lo intentó...","twitter.com/Rocigaot/status/356055801233801219"
"13/7/2013 16:14:52","","356054120848826369","","@VIVAANTES @Cascarelo @kalevorroka exclusivón pra ABC: Resistencia Galega usa coma arma a Galicola,refresco que corta os dentes das vítimas","twitter.com/Rocigaot/status/356054120848826369"
"13/7/2013 12:41:39","1","356000463365226496","3","González Pons pone de referente del PP a alguien que ya murió porque a los vivos cualquier día los imputan en algo y te hacen quedar fatal.","twitter.com/Rocigaot/status/356000463365226496"
"13/7/2013 12:23:30","","355995896414081024","","@ja_vera @Marmota_Maligna @larazon_es le enseñas al toro una de sus portadas tróspidas y huye despavorido...","twitter.com/Rocigaot/status/355995896414081024"
"13/7/2013 12:15:28","3","355993873991999488","1","¿Sabemos si cuando usó a Miguel Ángel Blanco para hacer propaganda del partido González Pons estaba twitteando desde su Sony Xperia Z?","twitter.com/Rocigaot/status/355993873991999488"
"12/7/2013 16:38:25","","355697660965036032","","Estou vendo un capítulo de Modern Family onde Claire se presenta pra concelleira e Phil leva anciáns a votar. Alí tamén se leva a carretaxe?","twitter.com/Rocigaot/status/355697660965036032"
"12/7/2013 15:13:04","","355676181657427969","1","@ComandanteVimes será ejecutado en el Oceanogràfic de Valencia?","twitter.com/Rocigaot/status/355676181657427969"
"12/7/2013 14:30:14","1","355665404108087297","","Tras la juerga de hoy por lo de Bretón, mañana Ana Rosa y Matías Prats se despertarán en la misma cama con resaca de grado6 en la escala MAR","twitter.com/Rocigaot/status/355665404108087297"
"12/7/2013 13:48:14","","355654834415874050","","@CaminoAna que foi, o voso can? Síntoo moito!  :(","twitter.com/Rocigaot/status/355654834415874050"
"12/7/2013 12:36:57","","355636891544068097","","Menos mal que casualmente el PP trató bien a sus donantes pese a no saber nada de la pasta:llegan estos a quejarse y pillan a Bárcenas en na","twitter.com/Rocigaot/status/355636891544068097"
"12/7/2013 12:26:37","","355634291872509953","","Entonces, el marido de Cospe dio pasta para el PP, Bárcenas se la quedó sin decir ni mu y ella ni se enteró porque JAMÁS surgió el tema?","twitter.com/Rocigaot/status/355634291872509953"
"12/7/2013 1:35:50","1","355470518922653696","","@XoseMorais 'Luis,soy tu yo de 2013. Ve escribiendo una falsa contabilidad en B,ya lo entenderás. Tienes plutonio pal condensador de fluzo?","twitter.com/Rocigaot/status/355470518922653696"
"12/7/2013 1:32:51","","355469765189435393","","'Bárcenas pudo viajar al pasado en DeLorean para decirle a su yo de los 90 que empezara una falsa contabilidad en B'. #próximamenteenLaRazón","twitter.com/Rocigaot/status/355469765189435393"
"12/7/2013 1:21:22","","355466877176250369","","'Bárcenas era un topo del PSOE que pasó años infiltrado en Génova para tenderle una trampa al PP' . #próximamenteenLaRazón","twitter.com/Rocigaot/status/355466877176250369"
"12/7/2013 1:18:57","1","355466270033981440","","Si ahora aparecieran grabaciones de Mariano recibiendo pasta de manos de Bárcenas, Marhuenda diría que El Cabrón lo drogó con burundanga.","twitter.com/Rocigaot/status/355466270033981440"
"12/7/2013 0:36:29","","355455583186468865","","Coido que no meu piso vai mais calor a estas horas que ás dúas da tarde. Friker, explícame isto!","twitter.com/Rocigaot/status/355455583186468865"
"12/7/2013 0:30:03","","355453963933458433","","En #casamos saen uns que casaron o día de San Xoan na Coruña. Xa hai que ser cabrón sendo de aquí pra pringar aos amigos cunha voda ese dia.","twitter.com/Rocigaot/status/355453963933458433"
"11/7/2013 23:58:05","","355445918218194944","","En la pausa publicitaria dejé de ver lo de Mario Conde. ¿Qué más ha pasado?¿Ha parado un meteorito, ha descubierto la cura de la resaca?","twitter.com/Rocigaot/status/355445918218194944"
"11/7/2013 23:38:00","2","355440864153182208","","@mvizaguirre @Tawil @shakesphobic maaaal!se ían lucindo peito é que querían que os sobaras. E que chamaras a máis amigos pra sumarse á festa","twitter.com/Rocigaot/status/355440864153182208"
"11/7/2013 23:21:14","","355436645002129409","","El actor que hace de Aznar se había preparado el papel en plan parodia para un casting de Polònia y lo está reciclando ahora. #mariocondemor","twitter.com/Rocigaot/status/355436645002129409"
"11/7/2013 23:19:46","","355436277140701184","","PETA denuncia a los productores de la miniserie de Mario Conde por drogar con alcohol y farla a monos tití para usarlos de guionistas.","twitter.com/Rocigaot/status/355436277140701184"
"11/7/2013 23:09:25","","355433671865536512","","Acabo de poñer o de Mario Conde e pillei ao pai de Lolo e Valle de Compañeros facendo de Ansón. Moi demencial todo.","twitter.com/Rocigaot/status/355433671865536512"
"11/7/2013 23:03:04","2","355432072401272834","3","En #casamos, o noivo explica que coñeceu á noiva cando entrou a traballar con él e ao principio dedicou a puteala.Qué romántico o mobbing.","twitter.com/Rocigaot/status/355432072401272834"
"11/7/2013 22:42:10","","355426813046030336","","En la app de calendario menstrual que tengo en el móvil me salta un anuncio de la canción 'Girl on fire'. No sé cómo tomármelo.","twitter.com/Rocigaot/status/355426813046030336"
"11/7/2013 21:36:09","","355410199374344192","","@Marmota_Maligna hasta a Obama le haría ilu sacarse fotos con él, después de que mandáramos a las hijas góticas de ZP y a Marianico el corto","twitter.com/Rocigaot/status/355410199374344192"
"11/7/2013 21:32:20","","355409238857744384","","@Marmota_Maligna sí, ya me imagino las cumbres europeas. Aunque no hable inglés no le marginarían, irían todos a acariciarle la cabecita...","twitter.com/Rocigaot/status/355409238857744384"
"11/7/2013 21:26:51","1","355407860399734784","3","Pues yo haría caso al PP y apadrinaría a Bárcenas, en plan ONG. Imaginaos qué ilusión cada vez que me llegara uno de sus sobres,digo cartas.","twitter.com/Rocigaot/status/355407860399734784"
"11/7/2013 21:00:04","","355401117603082241","1","@Marmota_Maligna voto por el koala: se pasan la vida sobando así que poco más haría, pero son tan monos que hasta Merkel se enternecería!","twitter.com/Rocigaot/status/355401117603082241"
"11/7/2013 19:47:25","","355382834103463937","","@ilse0001 estoy en una cafetería y he soltado tal carcajada con lo de 'a las 5 no se puede salir por el calor' que me han mirado raro...","twitter.com/Rocigaot/status/355382834103463937"
"11/7/2013 17:33:31","1","355349137199337472","","@Tawil por culpa da dictadura do políticamente correcto todavía prohibirán aos toros cornear xente coma levan facendo toda a vida!","twitter.com/Rocigaot/status/355349137199337472"
"11/7/2013 14:31:07","","355303234698625024","","@soydelbierzo Es que los catalanes sois como los de Bilbao, nacéis donde os da la gana!","twitter.com/Rocigaot/status/355303234698625024"
"11/7/2013 11:55:51","1","355264162089279489","","@MissSinner Lo que me plantea algunas preguntas sobre los métodos para ligar de Pimentel...","twitter.com/Rocigaot/status/355264162089279489"
"11/7/2013 11:44:30","","355261308138045443","","@RafaelCalvoG en xapo, fixen 1º este ano! pero botei tamién preinscripción pra italiano, que fixen proba de nivel e déronme pra 2º!","twitter.com/Rocigaot/status/355261308138045443"
"11/7/2013 11:38:10","","355259712721268736","1","@josebola9 @LordoLordor Debe de pensar que a todos nos sueltan una pasta si quremos por soltar tópicos o ir de vendemotos con el coaching...","twitter.com/Rocigaot/status/355259712721268736"
"11/7/2013 11:27:18","","355256978001494017","","@RafaelCalvoG eu en principio botei para pola tarde, por seguir no grupo do ano pasado mais que nada!","twitter.com/Rocigaot/status/355256978001494017"
"11/7/2013 11:18:58","","355254880019025921","","@RafaelCalvoG ao final irei á EOI a polos impresos e pagarei no banco, que remato antes que coa oficina virtual mierder esta...","twitter.com/Rocigaot/status/355254880019025921"
"11/7/2013 11:07:38","","355252029708439554","","Pois aquí seguimos, intentando facer un pagamento na Oficina Virtual da Xunta. 10 minutos leva intentando conectar co meu banco....","twitter.com/Rocigaot/status/355252029708439554"
"11/7/2013 1:58:41","","355113881007439873","","@CaminoAna Aaag! (moito uso este video, oes)   https://www.youtube.com/watch?v=66qBaUpoctc …","twitter.com/Rocigaot/status/355113881007439873"
"11/7/2013 1:56:08","1","355113239392161793","","@dodavazquez @CaminoAna @lara_grana @Irreductible y pensaba que yo llevaba una semana chunga...","twitter.com/Rocigaot/status/355113239392161793"
"11/7/2013 1:21:51","1","355104609221619712","","@Credendo_Vides1 ni pa Orfidal me va a dar el presupuesto...","twitter.com/Rocigaot/status/355104609221619712"
"11/7/2013 1:10:21","","355101716930240512","","@Credendo_Vides1 sí, ya he visto el sablazo al hacer la reserva de la matrícula. Y aún me falta el de la UNED. #miedito","twitter.com/Rocigaot/status/355101716930240512"
"11/7/2013 1:06:01","","355100626436370432","","@Credendo_Vides1 sí, es el segundo curso, con lo de aflojar la pasta ya estoy familiarizada! :P","twitter.com/Rocigaot/status/355100626436370432"
"11/7/2013 0:30:49","","355091767537840130","","Produce hasta ternurita ver qué tipo de peña apoya a Wert y compañía porque hay que primar 'a los excelentes'.","twitter.com/Rocigaot/status/355091767537840130"
"10/7/2013 23:47:26","","355080849613524992","","@NoelaReyMendez eu fixen proba de clasificación e en principio farei tamén 2º de italiano, pero pra esa tamén teño que esperar a setembro!","twitter.com/Rocigaot/status/355080849613524992"
"10/7/2013 23:44:00","","355079984475418626","","@NoelaReyMendez é pra 2º, ao aprobar 1º fago matrícula directamente, sen preinscripción.(pra 1º repártense en setembro)","twitter.com/Rocigaot/status/355079984475418626"
"10/7/2013 23:42:11","","355079528458092546","","Pra Firefox, a oficina virtual da Xunta é unha web non segura. Probo con Chrome, e están de 'mantemento'. Pois qué ben. #redrum","twitter.com/Rocigaot/status/355079528458092546"
"10/7/2013 23:38:06","1","355078501918973953","","Baixarme os documentos pra pagar a matrícula da EOI da oficina virtual da Xunta é coma conseguir as bolas do dragón. Gensanta.","twitter.com/Rocigaot/status/355078501918973953"
"10/7/2013 23:05:16","1","355070238217351169","","@Credendo_Vides1 na, me han echado un cable aquí por twitter (gente buena que hay, oyes) y vuelvo a tener guasap,me ahorro aprender a silbar","twitter.com/Rocigaot/status/355070238217351169"
"10/7/2013 21:56:00","","355052805813313538","","@XoseMorais @Joansinmiedo les faltó animarnos a tomar las calles como en la Primavera Árabe, pero bueno, eso ya lo dijo luego González Pons","twitter.com/Rocigaot/status/355052805813313538"
"10/7/2013 21:06:44","","355040410751606785","","Teño tal monguer no FB que o analista da CIA que me espía mandoume unha mensaxe privada dicindo 'Oh, please, block this fucking bastard!'","twitter.com/Rocigaot/status/355040410751606785"
"10/7/2013 17:49:38","","354990806295248897","","@janalones Gracias, probaré así!","twitter.com/Rocigaot/status/354990806295248897"
"10/7/2013 17:17:10","","354982638357970944","","Desde que decidí ocultar publicaciones de gente que tengo en FB por compromiso he reducido en un75% el riesgo de úlcera sangrante #ahílodejo","twitter.com/Rocigaot/status/354982638357970944"
"10/7/2013 16:43:28","","354974157718560768","","@Credendo_Vides1 podéis intentar contactarme usando el silbo gomero, pero no voy a saber responder, yo aviso... :D","twitter.com/Rocigaot/status/354974157718560768"
"10/7/2013 16:10:53","","354965955853561856","","@nebulina ese hospital está construido sobre un cementerio indio o algo así, tanto suceso y tanta muerte no es normal. Que llamen a Iker.","twitter.com/Rocigaot/status/354965955853561856"
"10/7/2013 16:06:37","2","354964882929631234","","Dice el rey que envidia a los jóvenes que emigran. Ningún Burger King británico se enrolla y nos lo contrata para servir whoppers?","twitter.com/Rocigaot/status/354964882929631234"
"10/7/2013 16:03:56","","354964205188816899","","@nebulina estás segura?tal y como se las gasta Shonda, tendrías más esperanza de vida en Desembarco del Rey!","twitter.com/Rocigaot/status/354964205188816899"
"10/7/2013 16:00:19","","354963294689304576","","@Hominidio @xoancastro @CaminoAna nin me lembraba de quen era, iso si que é marxinación!","twitter.com/Rocigaot/status/354963294689304576"
"10/7/2013 15:56:17","","354962279793561602","","@xoancastro @Hominidio @CaminoAna se a enerxía nucelar fai iso xa vexo as chonis okupando Garoña...","twitter.com/Rocigaot/status/354962279793561602"
"10/7/2013 15:53:36","","354961607442440192","","@xoancastro @Hominidio @CaminoAna gensanta!! bueno, igual non era negro! igual levaba un bronceado de solarium estilo Zaplana...","twitter.com/Rocigaot/status/354961607442440192"
"10/7/2013 15:50:00","","354960699950235651","","@xoancastro @Hominidio @CaminoAna Smithers era negro?? Diso non me lembro eu!!","twitter.com/Rocigaot/status/354960699950235651"
"10/7/2013 15:48:15","","354960261460922368","","@Hominidio @CaminoAna @xoancastro igual as veces se lían. Ou igual Jimbo está nalgún programa de adaptación curricular, todo pode ser!","twitter.com/Rocigaot/status/354960261460922368"
"10/7/2013 15:46:03","","354959708374843394","","@xoancastro @Hominidio @CaminoAna iso xa é mais raro. Nas pandillas de veciños os admitirían, aínda que puteándoos, coma fan con Martin","twitter.com/Rocigaot/status/354959708374843394"
"10/7/2013 15:41:28","","354958553703919616","","@CaminoAna @Hominidio @xoancastro Nelson e Milhouse están na clase de Bart e Ralph na de Lisa coa sita Hubbert.","twitter.com/Rocigaot/status/354958553703919616"
"10/7/2013 15:38:18","","354957754890334209","","@Hominidio @xoancastro @CaminoAna será unha desas pandillas que formas cos nenos do teu barrio ou aldea porque son os que tes mais a man.","twitter.com/Rocigaot/status/354957754890334209"
"10/7/2013 15:30:57","","354955905185484801","","@puchoboedo por lo que leo nos ha pasado a todos los que tenemos este móvil. A ver si lo arreglan y nos amplían 6meses por las molestias!","twitter.com/Rocigaot/status/354955905185484801"
"10/7/2013 15:20:48","","354953352142008322","","@puchoboedo Gracias! Si decido actualizarlo te doy un toque, de momento voy a probar a sobrevivir sin Whatsapp! :D","twitter.com/Rocigaot/status/354953352142008322"
"10/7/2013 15:19:37","","354953054308675586","","@puchoboedo na, no te preocupes,voy a darle un par de días de margen a ver si lo arreglan como cuando dejaron sin whatsapp a los iPhone! :D","twitter.com/Rocigaot/status/354953054308675586"
"10/7/2013 15:12:09","","354951173838610432","","@puchoboedo gracias! le echaré un vistazo, pero no tengo ni idea de estas cosas y no creo que me arriesgue a liarla sólo por el whatsapp!","twitter.com/Rocigaot/status/354951173838610432"
"10/7/2013 14:20:27","","354938164240060416","","@puchoboedo y eso cómo se hace? no me chupará más memoria aún, que siempre me va justito?","twitter.com/Rocigaot/status/354938164240060416"
"10/7/2013 14:02:10","","354933563466067968","","Estoy sin Whatsapp,mi móvil no admite la nueva versión. Para cualquier cosa habladme por aquí, FB, Line,SMS.. o a gritos, si estáis cerca","twitter.com/Rocigaot/status/354933563466067968"
"10/7/2013 14:00:41","1","354933188994412546","","@WhatsApp , if I can't use your application because I have a HTC wildfire, I want my money back.","twitter.com/Rocigaot/status/354933188994412546"
"10/7/2013 13:57:12","","354932312577802240","","Pues me he quedado sin WhatsApp. No puedo usar la versión que tenía porque ha caducado, ni la nueva porque no vale para htc wildfire.","twitter.com/Rocigaot/status/354932312577802240"
"10/7/2013 12:28:44","1","354910051711987712","","@Tawil @doctorojete sí, confirmado, escriben mal sus propios títulos nobiliarios. Generaciones de matrimonios entre primos llevan a esto.","twitter.com/Rocigaot/status/354910051711987712"
"10/7/2013 12:26:36","1","354909512555180032","","@Tawil @doctorojete será así tal cual, con tilde en llana acabada en s, o escriben con faltas de ortografía hasta sus títulos nobiliarios?","twitter.com/Rocigaot/status/354909512555180032"
"10/7/2013 12:21:23","","354908201671598080","","@Tawil @doctorojete méritos tiene que hacer, papá le ha dedicado un vino y todo! http://www.bodegasha.com/mercado%20dom%E9stico/Marqu%E9s%20de%20Gri%F1%F3n/mg_duarte.htm …","twitter.com/Rocigaot/status/354908201671598080"
"10/7/2013 12:13:48","","354906290906087424","","@CaminoAna @xoancastro a min pasoume o mesmo cando intentei pagar con visiblos a Gas Natural-Fenosa... non están ao día.","twitter.com/Rocigaot/status/354906290906087424"
"10/7/2013 12:12:30","1","354905966543765504","","@doctorojete @Tawil como leí una vez por aquí, supo impresionar gratamente a papá en la entrevista de trabajo.","twitter.com/Rocigaot/status/354905966543765504"
"10/7/2013 12:10:49","","354905540297621504","","@CaminoAna @xoancastro e os PIF con crowdfunding, o 'los políticos honrados nos abochornamos' de Espe, o 'só sei que había neve' de Feijóo..","twitter.com/Rocigaot/status/354905540297621504"
"10/7/2013 0:47:23","1","354733548088995843","","@Tawil @doctorojete Siiiii! Es el hermano pequeño, hijo del marqués de Griñón y su mujer siguiente a la Preysler. #lotengotodopapi","twitter.com/Rocigaot/status/354733548088995843"
"10/7/2013 0:19:36","2","354726555806728192","","@Tawil @doctorojete Y hermano de Tamara Falcó. Es bingo con ADE o sin ADE!","twitter.com/Rocigaot/status/354726555806728192"
"9/7/2013 13:19:26","2","354560421413392385","","Nosotros aquí de cachondeo con el pony y hay gente con problemas de verdad...  https://twitter.com/DaisyVega_/status/354549868892655617 …","twitter.com/Rocigaot/status/354560421413392385"
"9/7/2013 12:17:33","1","354544849678118913","","@CaminoAna @xoancastro daba algo por saber canta xente da que xustifica os seus chanchullos co Lazarillo leu o Lazarillo.","twitter.com/Rocigaot/status/354544849678118913"
"9/7/2013 12:15:23","","354544301910396929","","@xoancastro @CaminoAna 'Es que tú no harías lo mismo si pudieras? Si es que los españoles somos así, es la picaresca'.","twitter.com/Rocigaot/status/354544301910396929"
"9/7/2013 11:41:01","","354535653607882753","","Mientras, en Ferraz:
-Alfredo,que Rajoy cobró sobresueldos, ahora sí aprovecharás y dirás algo, ¿no?
-Jo,ahora que he cogido la posturita...","twitter.com/Rocigaot/status/354535653607882753"
"9/7/2013 0:12:24","1","354362358157688834","","'Lo veía venir ya que se morreó con los otros dos y casi se cae de un puente por hacerme la cobra'. Superpoderes deductivos #corina9","twitter.com/Rocigaot/status/354362358157688834"
"9/7/2013 0:06:23","","354360843816812545","","@CristianMas86 viendo el nivelón de los premios Planeta que he leído, tampoco lo vería fuera de lugar....","twitter.com/Rocigaot/status/354360843816812545"
"8/7/2013 23:38:59","","354353947747684352","","Y ahora el chinovasco, en un giro de guión, se la llevará en brazos a lo Oficial y Caballero, no sin antes magrearse con la hermana #corina9","twitter.com/Rocigaot/status/354353947747684352"
"8/7/2013 23:30:16","","354351756320321538","","@Marmota_Maligna siempre me pongo en lo peor!! xD","twitter.com/Rocigaot/status/354351756320321538"
"8/7/2013 23:29:15","1","354351500740403200","1","@Marmota_Maligna te imaginas que entra en UPyD, y a fuerza de verse en la sede del partido se enamora de Toni Cantó? y que procrean??","twitter.com/Rocigaot/status/354351500740403200"
"8/7/2013 23:25:27","","354350544237756416","","Dice el Quique que está 'lleno de amor'. Por suerte, ahora que lo han echado podrá pajearse a salvo de las cámaras. #corina9","twitter.com/Rocigaot/status/354350544237756416"
"8/7/2013 23:18:13","","354348722768986112","",". @Eyeworksespana , un spin off para el chinovasco, por favor. Con Toya ayudándole a elegir pretendientas, o algo así.","twitter.com/Rocigaot/status/354348722768986112"
"8/7/2013 22:57:02","","354343391892471808","","@xoancastro xa querería o falso shaolín, este é chino de verdade!","twitter.com/Rocigaot/status/354343391892471808"
"8/7/2013 22:51:13","","354341927442845697","","Chinovasco is back! #Corina","twitter.com/Rocigaot/status/354341927442845697"
"8/7/2013 22:15:01","","354332817724932096","","Lo del logopeda y la depilación de cejas canta a fake, pero por favor, decidme que lo del pony es cierto! que ya le he cogido cariño!","twitter.com/Rocigaot/status/354332817724932096"
"8/7/2013 22:03:47","","354329990864715779","","Mientras, en Ferraz: 'Alfredo, que el PP se gastó un pastón en ponies y lacasitos. Aprovecha y di algo!' 'Uf, con este calor, qué flojera..'","twitter.com/Rocigaot/status/354329990864715779"
"8/7/2013 22:00:33","","354329176817401856","","Los 800 euros en las #CuentasDelPP se gastaron por una buena causa: darle algo de picar a Arias Cañete para que no se zampara al pobre pony.","twitter.com/Rocigaot/status/354329176817401856"
"8/7/2013 20:39:26","","354308761218842625","","@Irreductible no sé yo, esto es de este año y el pony lo compraron en el 95. Dónde irá ya que se lo merendó Arias Cañete...","twitter.com/Rocigaot/status/354308761218842625"
"8/7/2013 20:24:15","","354304942808375296","","Preveo algún unfollow por esta racha de tweets y retweets monotemática (concretamente, ponytemática), pero es que es demasiado bueno.","twitter.com/Rocigaot/status/354304942808375296"
"8/7/2013 20:21:19","1","354304202857660416","","A ver, que igual el pony es para que la gente del PP a la que han quitado el carnet de conducir tenga un medio de transporte,malpensaos...","twitter.com/Rocigaot/status/354304202857660416"
"8/7/2013 19:58:48","","354298537653190657","","¿Y dónde estará ahora el pony del PP? ¿Se lo comió Arias Cañete?¿Se lo regalaron a Pi Yei para una fiesta loca?","twitter.com/Rocigaot/status/354298537653190657"
"8/7/2013 19:56:22","","354297924836016128","","@Arezno @XoseMorais que Arenas no se haga ilusiónes: como se lo haya encontrado ya Arias Cañete, del pony no quedan ni las herraduras...","twitter.com/Rocigaot/status/354297924836016128"
"8/7/2013 19:14:32","","354287395639787522","","Entonces, en su tan amenazado regreso, ¿Aznar va a llegar a lomos del pony que pagó el PP?","twitter.com/Rocigaot/status/354287395639787522"
"8/7/2013 12:28:18","1","354185165695746049","","@Tawil @el_pais polo menos facíase chamar Perico e xa nos ía dando pistas, aínda que non as souberamos ver no momento.","twitter.com/Rocigaot/status/354185165695746049"
"8/7/2013 12:03:19","","354178876756332544","","@CaminoAna non o confeses, muller, que logo igual non che deixan casar de branco!","twitter.com/Rocigaot/status/354178876756332544"
"8/7/2013 11:47:41","1","354174945602961409","","@CaminoAna gensanta! xa imos, polo menos, dez ou vinte anos por detrás de Cuéntame no tempo!","twitter.com/Rocigaot/status/354174945602961409"
"7/7/2013 18:49:24","1","353918684508590080","","@Tawil @madeiradeuz se poñen praias familiares eu quero 
praias libres de familias, pra relaxarme sen berros e sen que me tiren area ou auga","twitter.com/Rocigaot/status/353918684508590080"
"7/7/2013 16:50:18","","353888712549085185","","@Credendo_Vides1 y claro, como este no pudiste venir me quedé sin servicio de limpieza!","twitter.com/Rocigaot/status/353888712549085185"
"6/7/2013 22:17:11","","353608588725465088","","@XoseMorais @delocoprimo @Barbijaputa Si te venden un supuesto sombrero mágico y no tiene poderes puedes denunciar a FACUA?","twitter.com/Rocigaot/status/353608588725465088"
"6/7/2013 22:14:50","","353607994983985152","","@delocoprimo @Barbijaputa hombre, si hay caipirinhas mágicas yo me plantearía ir!","twitter.com/Rocigaot/status/353607994983985152"
"6/7/2013 21:27:06","","353595981952061440","","El Community Manager de la policía antes era el publicista que ponía a todo el mundo a 'rapear' en los anuncios para hacerse los modernos.","twitter.com/Rocigaot/status/353595981952061440"
"6/7/2013 16:40:14","","353523789029580800","","Si me queréis, venirse a limpiarme el piso, que yo tengo demasiado calor para hacer na.","twitter.com/Rocigaot/status/353523789029580800"
"6/7/2013 13:29:14","","353475722637086720","","@Guerraeterna y va a hacer videotutoriales, en plan Salvador Raya o Isasaweiss?","twitter.com/Rocigaot/status/353475722637086720"
"5/7/2013 21:58:56","","353241606155018240","","Igual de aquí a unas semanas sale Cospe a explicar algo de un concierto en diferido y simulado de Leticia Sabater. Ahí sí colapsa twitter.","twitter.com/Rocigaot/status/353241606155018240"
"5/7/2013 21:57:30","2","353241246233411584","4","El PP niega toda relación con Leticia Sabater. Claro que también había negado seguir teniendo relación con Bárcenas, y mira luego...","twitter.com/Rocigaot/status/353241246233411584"
"5/7/2013 21:06:50","","353228494978818049","","@callaquenoveo ella vive en Madrid por menos de 500euros? Pagando piso y demás?","twitter.com/Rocigaot/status/353228494978818049"
"5/7/2013 15:43:49","","353147205487562755","","@perradesatan ay, ni me acordaba yo de esa! De hecho, ni me acordaba de la repelente de Bego!","twitter.com/Rocigaot/status/353147205487562755"
"5/7/2013 15:40:17","","353146317729566721","","@perradesatan Nadia era la bosnia que todos parecían no recordar cuando la actriz hizo 'Yo soy Bea'? 'uuuh, cómo será cuando la transformen'","twitter.com/Rocigaot/status/353146317729566721"
"5/7/2013 14:48:15","","353133221568978945","","@Vladimir693 @JuanGomezJurado igual un día te aparece también uno de golpe. Ya equipado con su Jaguar y sus kilos de confeti.","twitter.com/Rocigaot/status/353133221568978945"
"5/7/2013 14:17:38","2","353125515307139073","","@danicuv @JuanGomezJurado de todas formas no pierdo la esperanza de que un día esté. Si a Ana le sucedió, a mí también puede pasarme!","twitter.com/Rocigaot/status/353125515307139073"
"5/7/2013 14:10:05","3","353123617736884225","5","@JuanGomezJurado qué suerte! yo todos los días voy a mi garaje con la ilusión de encontrarme un Jaguar, como Ana Mato, y sólo está mi Clío!","twitter.com/Rocigaot/status/353123617736884225"
"5/7/2013 13:07:25","","353107846721843202","","@xoancastro a do fulano coas bandeiras cruzadas detrás e o can de peluche sobre a mesa tamén ten o seu punto,  o nazi non quita o entrañable","twitter.com/Rocigaot/status/353107846721843202"
"5/7/2013 12:58:04","","353105494413557761","","@xoancastro moi, moi fan da foto do nazi mongol con bragas de fondo!","twitter.com/Rocigaot/status/353105494413557761"
"5/7/2013 2:00:58","","352940129960198144","","En la miniserie de Mario Conde tendrían que haber metido escenas de sexo, a ver si también las comentaba en twitter durante la emisión.","twitter.com/Rocigaot/status/352940129960198144"
"5/7/2013 0:58:01","","352924284252995584","","@xoancastro @CaminoAna teño que revisar iso e ver se é factible facer unha en plan bricomanía se o coche non me pasa a ITV, que a teño agora","twitter.com/Rocigaot/status/352924284252995584"
"5/7/2013 0:50:05","","352922289588797441","","@CaminoAna por ahí anda, si...","twitter.com/Rocigaot/status/352922289588797441"
"5/7/2013 0:23:16","","352915542492979203","","@XoseMorais yo es que conociendo el percal, hoy no voy a darle al link. Con lo de Mario Conde ya tengo suficiente susto por hoy.","twitter.com/Rocigaot/status/352915542492979203"
"5/7/2013 0:20:06","","352914743754891265","","@XoseMorais ¿La lideresa ha salido del armario? #Molaría","twitter.com/Rocigaot/status/352914743754891265"
"5/7/2013 0:12:25","2","352912810063302657","6","Desde la peli de Anastasia donde todos amaban a los Romanov y Rasputín tenía 1murciélago cantarín no veía tanto rigor histórico #MarioConde","twitter.com/Rocigaot/status/352912810063302657"
"5/7/2013 0:05:09","2","352910980914749441","2","La miniserie de Mario Conde ganaría un montón interpretada por los de Muchachada Nui en plan Celebrities.","twitter.com/Rocigaot/status/352910980914749441"
"4/7/2013 22:47:19","","352891392877527041","","Mola ver cómo delante de Chicote,los dueños gritan a los cocineros por hacer lo mismo que les llevan viendo hacer años sin meter baza.","twitter.com/Rocigaot/status/352891392877527041"
"4/7/2013 22:43:37","","352890461242925056","","Lo de 'trabaja borracha, pero no se le nota y hasta cocina mejor' sería una recomendación brutal en el perfil de Linkedin #chiringote","twitter.com/Rocigaot/status/352890461242925056"
"4/7/2013 22:40:13","","352889606842224641","","Lo de ponerle la música de Los Vigilantes de la Playa a la aparición de Chicote raya la crueldad... #chiringote","twitter.com/Rocigaot/status/352889606842224641"
"4/7/2013 22:13:47","","352882954508320768","","@ElHumanoide 20 de abril: ni entrar a Facebook para no ver quince mil videos de youtube de la cancioncita de Celtas Cortos de los cojones","twitter.com/Rocigaot/status/352882954508320768"
"4/7/2013 17:03:52","","352804964441141248","","Con tanto viral y'que hablen de mí aunque sea mal',igual aún vemos a Rosell bailando'esa yegua no es mi vieja yegua gris' en Youtube, ojo...","twitter.com/Rocigaot/status/352804964441141248"
"4/7/2013 16:50:56","","352801709489274881","1","Sony Xperia Z puede patrocinar la gira de Leticia Sabater por ayuntamientos del PP, para acabar de reforzar su imagen de marca. #marketing","twitter.com/Rocigaot/status/352801709489274881"
"4/7/2013 16:43:41","","352799883872317442","","@DominacionAtea @aciprensa y qué me dices de lo de que Ricky Martin o Elton John se sienten como mujeres? #virgendelatetaalhombro","twitter.com/Rocigaot/status/352799883872317442"
"4/7/2013 16:37:33","","352798340766892032","","@DominacionAtea @aciprensa entonces sólo pueden adoptar las parejas heterosexuales fértiles. Si la naturaleza te lo niega...","twitter.com/Rocigaot/status/352798340766892032"
"4/7/2013 11:34:58","","352722190078185472","","MAR en un concierto de Leticia Sabater, viniéndose arriba y pegando botes como loco con 'no quiero control de alcoholemia'. #hijosdelrocanró","twitter.com/Rocigaot/status/352722190078185472"
"4/7/2013 11:19:53","","352718397684985856","","Igual Leticia Sabater se ha declarado del PP porque el PSOE le paga para decirlo.Sería la 1ª medida de oposición inteligente desde 2011.","twitter.com/Rocigaot/status/352718397684985856"
"4/7/2013 11:14:30","","352717039841968128","","@cristina_pardo buah, con esas letras puede estar con medio PP: Carromero, Miguel Ángel Rodríguez, Bárcenas...","twitter.com/Rocigaot/status/352717039841968128"
"3/7/2013 22:18:21","","352521717882683394","","Os imagináis un Mariló meets Sánchez Silva? 'Raquel, qué hay en el coche fúnebre?' 'Pues justo me he dejado dentro mi nuevo Sony Xperia...'","twitter.com/Rocigaot/status/352521717882683394"
"3/7/2013 21:47:54","","352514053329010688","1","@ComandanteVimes que no se fíen mucho, que lo mismo debieron de pensar Mariano y demás en su día, y mira...","twitter.com/Rocigaot/status/352514053329010688"
"3/7/2013 21:24:13","1","352508095416631296","","Si suspendo Syntax en septiembre y tengo que pagar matrícula extraordinaria, me suicido y lo grabo con mi Sony Xperia Z. #showmethemoney","twitter.com/Rocigaot/status/352508095416631296"
"3/7/2013 20:43:51","","352497934312550400","","@CaminoAna @xoancastro muller, búscao que nunca se sabe cando pode ser útil pra tapar un desconchón nunha pared.","twitter.com/Rocigaot/status/352497934312550400"
"3/7/2013 18:53:34","","352470179734761472","","@xoancastro acabo de velo!","twitter.com/Rocigaot/status/352470179734761472"
"3/7/2013 18:49:51","","352469245600346113","","@xoancastro buscade ben, que igual noutro garaxe aparecen Maddie e a pasta das preferentes de NCG...","twitter.com/Rocigaot/status/352469245600346113"
"3/7/2013 18:42:51","","352467484093329409","","@xoancastro tédelo agochado no garaxe onde estaba o Códice?","twitter.com/Rocigaot/status/352467484093329409"
"3/7/2013 18:28:51","","352463960617922561","","Eu só pido que se a miña familia decide sacar uns cartiños coa miña morte, non me poña no féretro 1anuncio da construtora San José. #respect","twitter.com/Rocigaot/status/352463960617922561"
"3/7/2013 18:24:53","1","352462961593430017","","En el próximo #cuartomilenio va una entrevista vía ouija con el marido de Raquel Sánchez Silva revelando que ella siempre ha tenido iPhone","twitter.com/Rocigaot/status/352462961593430017"
"3/7/2013 12:37:50","","352375623932583937","","@sil_loh a este paso, cuando muera algún famoso, el ataúd acabará llevando más pegatinas de publi que el traje de un piloto de F1...","twitter.com/Rocigaot/status/352375623932583937"
"3/7/2013 12:27:46","","352373091952902144","1","Y os escandalizaba lo de los famosillos haciendo publi encubierta de yogures en twitter... #gensanta  http://www.youtube.com/watch?v=GIvW1OSdb4k …","twitter.com/Rocigaot/status/352373091952902144"
"3/7/2013 0:43:35","","352195876208377856","","@xoancastro din por ahí que tamén puido ser Sergi Arola, que andaba polo programa e está achuchado tamén...","twitter.com/Rocigaot/status/352195876208377856"
"3/7/2013 0:42:36","1","352195629235183617","","O la hermana de Colate o Sergi Arola: alguien se llevó la pasta del 2º premio y Eva se tuvo que conformar con una fotocopia #masterchef13","twitter.com/Rocigaot/status/352195629235183617"
"3/7/2013 0:37:02","","352194228522196992","","@xoancastro a irmá de Colate mangou a pasta que había pra o segundo premio, por iso Eva só levou a fotocopia que lle deu Ferrán...","twitter.com/Rocigaot/status/352194228522196992"
"3/7/2013 0:13:56","","352188417829904384","","@xoancastro yo se lo tiraba por la cabeza al grito de 'mascarilla capilar, Ferrán, es mascarilla capilar!' . Por brasas.","twitter.com/Rocigaot/status/352188417829904384"
"3/7/2013 0:08:56","1","352187160155275264","1","A mí me toca las narices con que si la salsa o la crema cuando voy contrarreloj y se la tiro a la cabeza por muy Adriá que sea #masterchef13","twitter.com/Rocigaot/status/352187160155275264"
"2/7/2013 22:30:05","2","352162282408640512","1","@XoseMorais @Arezno podían retirarle la canonización si no cura a un mínimo de enfermos de cáncer al año, rollo becas de Wert. #excelencia","twitter.com/Rocigaot/status/352162282408640512"
"2/7/2013 21:39:20","","352149508534173697","","El Derrame Rock acabó el sábado, y yo hoy aún sigo con voz de Llongueras. Y eso que ni siquiera fumo. Con lo que yo he sido...","twitter.com/Rocigaot/status/352149508534173697"
"2/7/2013 16:42:19","","352074765063827457","","@Eche_UnMisterio se o ves moi mal vixila que non faga barbaridades. Nese estado son capaces de tomar sobaos da Bella Easo en vez de muffins!","twitter.com/Rocigaot/status/352074765063827457"
"2/7/2013 16:40:03","","352074193606676480","","Non fai nada que anunciaron que o FIB pode cancelarse e xa intentaron suicidarse 40 hipsters tomando leite de vaca con lactosa.","twitter.com/Rocigaot/status/352074193606676480"
"2/7/2013 16:09:51","","352066590705065984","","@le_Jouks xa mo figuraba... pois 'Jesucristo, o primeiro surfista', como traballo de fin de grao en Teoloxía aínda molaba.","twitter.com/Rocigaot/status/352066590705065984"
"2/7/2013 15:58:20","","352063693795770370","2","@le_Jouks pois o surf ven sendo como camiñar sobre as augas...","twitter.com/Rocigaot/status/352063693795770370"
"2/7/2013 14:19:43","","352038875067195393","","Infojobs Freelance is dark and full of terrors.pic.twitter.com/QGr1RL6Ud9","twitter.com/Rocigaot/status/352038875067195393"
"2/7/2013 13:33:46","","352027313283670017","","@dodavazquez yo ahora he descubierto el Infojobs para Freelance, que tiene ofertas aún más demenciales que el infojobs de toda la vida...","twitter.com/Rocigaot/status/352027313283670017"
"2/7/2013 13:25:43","","352025287271268352","","@dodavazquez y no piden también tres idiomas con nivel nativo, que también se estila mucho? Y todo dándote de alta en autónomos, claro.","twitter.com/Rocigaot/status/352025287271268352"
"2/7/2013 13:19:59","","352023843637960708","","@dodavazquez estoy por hacer un tumblr de ofertas de empleo tróspidas. Vi una pidiendo profes para universidad online por 900euros/mes.","twitter.com/Rocigaot/status/352023843637960708"
"2/7/2013 0:59:42","","351837545388187648","1","Pues ya he visto el Gangham Style de Sabadell. Lo de la viralidad y el 'que hablen de ti aunque sea mal' se nos ha ido de las manos del todo","twitter.com/Rocigaot/status/351837545388187648"
"1/7/2013 23:57:29","","351821886797250560","","@superpitagricas yo estoy por irme a una apuesta más arriesgada y aún más vintage que la tuberculosis: la peste negra. Es muy #vivaantes","twitter.com/Rocigaot/status/351821886797250560"
"1/7/2013 23:45:33","1","351818886729039872","","@superpitagricas yo pensaba pillarme tuberculosis,que tiene un toque vintage, pero con los recortes de sanidad temo que se vuelva mainstream","twitter.com/Rocigaot/status/351818886729039872"
"1/7/2013 23:32:06","","351815499245563905","4","La yanki ha pedido a su jefe más vacaciones para frungirse al tróspido y él se las concede. Espero que nadie de la CEOE esté viendo #corina8","twitter.com/Rocigaot/status/351815499245563905"
"1/7/2013 23:21:37","1","351812863888863232","","Dejad de retwittear a la monguer del artículo de 'sé una chica de verdad y usa tacones', que voy a morir de una subida de vergüenza ajena...","twitter.com/Rocigaot/status/351812863888863232"
"1/7/2013 23:12:57","","351810682909491201","","El estilismo que nos lleva hoy David Pedre haría furor en http://hel-looks.com   #corina8","twitter.com/Rocigaot/status/351810682909491201"
"1/7/2013 21:44:01","","351788300496932866","","En los tróspidos han dado el teléfono por si queremos ir a competir por un coleccionista de peluches y hentai. Si os interesa, ya sabéis.","twitter.com/Rocigaot/status/351788300496932866"
"1/7/2013 21:02:05","","351777750018834434","","Soy la única que ve muy mala hostia en el anuncio del Corte Inglés? 'Mamá, no he llegado a nada como actriz,pero al menos anuncio rebajas'","twitter.com/Rocigaot/status/351777750018834434"
"1/7/2013 12:29:05","2","351648648758702080","3","@Irreductible @RAEinforma creo que lo de aceptar bluyín se le ocurrió a Pérez Reverte un domingo en el bar de Lola, no digo más...","twitter.com/Rocigaot/status/351648648758702080"