"date","fav","id","rt","text","url"
"31/12/2013 22:40:00","3","418134467492864000","1","Yo cenaré en 2014 porque mis invitados son impuntuales de cojones, pero al menos me libro de los Morancos. Por eso sigo sobria.","twitter.com/Rocigaot/status/418134467492864000"
"31/12/2013 22:38:52","2","418134182288568320","4","Los especiales Nochevieja de la tele son un complot del lobby del vino y el cava para que no os quede otra que tajaros. #conspiranoia","twitter.com/Rocigaot/status/418134182288568320"
"31/12/2013 17:52:32","","418062126377205762","","@medicblasto a mí los que me encantan son los que cada vez que tienen bronca de pareja ponen en situación sentimental 'es complicado'.","twitter.com/Rocigaot/status/418062126377205762"
"31/12/2013 17:48:06","","418061008544882688","","@medicblasto yo aún estoy asimilando lo de las cuentas conjuntas de Facebook o Twitter...","twitter.com/Rocigaot/status/418061008544882688"
"31/12/2013 16:41:23","","418044218699837440","","@xoancastro dime que non o cormpraches no bazar chino do epic fight...","twitter.com/Rocigaot/status/418044218699837440"
"31/12/2013 15:21:32","","418024124800192512","","@PotiPotiInLove este fue apoteósico.","twitter.com/Rocigaot/status/418024124800192512"
"31/12/2013 15:06:30","1","418020342309728257","","@PotiPotiInLove @ilse0001 Rebonicos sí que son, acabo de ver el de los abortados que serían universitarios, no recordaba esa joya!","twitter.com/Rocigaot/status/418020342309728257"
"31/12/2013 14:59:07","","418018484216283136","","@ilse0001 @PotiPotiInLove ¿estáis haciendo el topmonguer 2013?","twitter.com/Rocigaot/status/418018484216283136"
"31/12/2013 1:53:14","1","417820709738393602","","@PotiPotiInLove mira, esta se nos pasó para el hashtag del #PornoLET :D","twitter.com/Rocigaot/status/417820709738393602"
"31/12/2013 1:20:16","1","417812411286970368","4","@ComandanteVimes 'Los fascistas del futuro cargarán la lana' (Winston Churchill)","twitter.com/Rocigaot/status/417812411286970368"
"31/12/2013 0:50:57","1","417805033564934144","","@Adroi_Bogui @ilse0001 @SalidaPorLaIzq @Manekiinekoo @adela_lpez cada uno tiene su estilo, por eso molarían los premios por categorías! :D","twitter.com/Rocigaot/status/417805033564934144"
"31/12/2013 0:49:50","","417804753448353794","","@ilse0001 @SalidaPorLaIzq @Adroi_Bogui @Manekiinekoo @adela_lpez yo llevo tiempo proponiendo una gala de monguerpremios con categorías.","twitter.com/Rocigaot/status/417804753448353794"
"31/12/2013 0:49:27","","417804656845135873","","@PotiPotiInLove ni mascota tenía :( . La peor fue 1 vez que había rechazado otro plan: me plantaron el 31 por la tarde y pringué en casa","twitter.com/Rocigaot/status/417804656845135873"
"31/12/2013 0:44:09","1","417803324914552832","","@ilse0001 @SalidaPorLaIzq @Adroi_Bogui @Manekiinekoo @adela_lpez es bueno, pero sigo quedándome con JimmyPokemon y sus rojos que usan el sol","twitter.com/Rocigaot/status/417803324914552832"
"31/12/2013 0:38:11","","417801823634735104","","@PotiPotiInLove eso me ha pasado a mí alguna nochevieja. Y pre-twitter, cuando todavía no podías emborracharte y twittear con otros plantaos","twitter.com/Rocigaot/status/417801823634735104"
"30/12/2013 23:38:50","2","417786886816428032","2","@Arredro seguro que sí! en la tienda del PSOE todo lo marxista leninista está en la sección Outlet...","twitter.com/Rocigaot/status/417786886816428032"
"30/12/2013 23:36:24","","417786274578063360","","@SalidaPorLaIzq @Adroi_Bogui @Manekiinekoo @adela_lpez yo voto por Jimmy Pokemon!Ya sólo con el de los rojos que usan el Sol se lo ha ganado","twitter.com/Rocigaot/status/417786274578063360"
"30/12/2013 20:40:12","","417741931951570944","","En FB están todos ya con el balance de 2013. ¿Es hoy nochevieja y me he liado las fechas? Porque entonces voy pilladísima para hacer la cena","twitter.com/Rocigaot/status/417741931951570944"
"30/12/2013 13:40:25","","417636289408540672","","@ilse0001 @pacomarhuenda no tenemos corazón.","twitter.com/Rocigaot/status/417636289408540672"
"30/12/2013 2:36:47","3","417469281543016448","","E pasamos á sección 'LOS GAYEGOS DAN MAZO MIEDO', que diría @Tawil #CuartoMilenio","twitter.com/Rocigaot/status/417469281543016448"
"31/12/2013 17:42:33","","418059610927267840","","@medicblasto yo hace ya años que hice prometer a un amigo que me eutanasiaría vía cabeza en el horno si un día me pongo en ese plan.","twitter.com/Rocigaot/status/418059610927267840"
"30/12/2013 2:23:18","1","417465889315766272","","Ay, pues sí, este es el programa de 'la empanada gallega es cátara'. Ya decía yo. #CuartoMilenio","twitter.com/Rocigaot/status/417465889315766272"
"30/12/2013 2:08:08","1","417462071865794560","1","¿Los cátaros no habían sido los inventores de la empanada, según otro programa de Friker?  #CuartoMilenio","twitter.com/Rocigaot/status/417462071865794560"
"30/12/2013 2:06:14","3","417461594939871232","","Si en vez de 'Carmina Burana' Iker fuera oyendo el 'Sarandonga', el fresco de la danza de la muerte le daba menos yuyu #CuartoMilenio","twitter.com/Rocigaot/status/417461594939871232"
"30/12/2013 2:00:28","","417460142133612545","","@Marmota_Maligna eso da para un anuncio de cremas antiedad!","twitter.com/Rocigaot/status/417460142133612545"
"30/12/2013 1:58:39","","417459686221172736","","@Marmota_Maligna o vendaje a lo Mulan directamente :P","twitter.com/Rocigaot/status/417459686221172736"
"30/12/2013 1:54:00","1","417458514814976001","","@El__Yayo si me sobrara sería más fácil de arreglar, pero si me falta ya es más chungo. Siempre puedo vendarme a lo Mulán xD","twitter.com/Rocigaot/status/417458514814976001"
"30/12/2013 1:51:31","1","417457887900741632","","Porfavor diocito, que me quepan las tetas en el vestido tirado de precio que acabo de comprar online para una de las bodas que tengo en 2014","twitter.com/Rocigaot/status/417457887900741632"
"30/12/2013 1:49:26","1","417457366133526529","","@Tawil si, e que facerlle algo a un neno ou unha nena é ir contra a luz. Por alusións, tiñan que ter invitado hoxe a Sánchez Dragó.","twitter.com/Rocigaot/status/417457366133526529"
"30/12/2013 1:47:27","1","417456866961010688","","Iker en sus monólogos es un cuñao pero de bajona #CuartoMilenio","twitter.com/Rocigaot/status/417456866961010688"
"30/12/2013 1:46:16","1","417456566648848385","","'Niiiiñooos, niiiiñooos, futuuuuro, futuuuuuro' #CuartoMilenio","twitter.com/Rocigaot/status/417456566648848385"
"30/12/2013 0:05:54","","417431309179301888","2","@RubenGaldon @lahoradelbagel @Planetamon en mi casa nunca se compran. Creo que alguna vez siendo yo pequeña vinieron en alguna cesta...","twitter.com/Rocigaot/status/417431309179301888"
"29/12/2013 23:57:18","","417429146914930689","2","Se jodió el proyecto atómico español, pero oye, se dio el primer paso en el proyecto espacial español  #CarreroBlanco #CuartoMilenio","twitter.com/Rocigaot/status/417429146914930689"
"29/12/2013 23:52:06","1","417427835767119872","","'El proyecto español de bomba atómica con el nombre del toro que mató a Manolete'. #MarcaEspaña #CuartoMilenio","twitter.com/Rocigaot/status/417427835767119872"
"29/12/2013 23:30:41","1","417422447533498368","","@mikelblasco @adiplotti y en su perfil tiene de fondo una foto con Bisbal, otro rubio de rizos como el niño jesús. Yo no digo nada, PERO.","twitter.com/Rocigaot/status/417422447533498368"
"29/12/2013 23:19:26","2","417419615434579968","3","Ay, que Friker va a hablar de Carrero Blanco y ha comparado con JFK! Si me queréis, irse a comprarme palomitas al Opencor. #Cuartomilenio","twitter.com/Rocigaot/status/417419615434579968"
"29/12/2013 19:13:33","1","417357737287094273","1","@PotiPotiInLove que no estaba muerto, que estaba en Youtube viendo los hechos, lerelelé!","twitter.com/Rocigaot/status/417357737287094273"
"29/12/2013 19:05:18","","417355663044395008","","@diasasaigonados @laguiri es una monja moderna y nos deja abortar. Homeopáticamente, eso sí.","twitter.com/Rocigaot/status/417355663044395008"
"29/12/2013 18:54:08","","417352850176364544","","@alitecarlito VAMOS A MORIR TODOS","twitter.com/Rocigaot/status/417352850176364544"
"29/12/2013 18:39:00","1","417349044793389056","1","@medicblasto @morganaskwlkr ¿¿Y SI UNO DE ESOS ESPERMATOZOIDES IBA A DESCUBRIR LA CURA DEL SIDA??","twitter.com/Rocigaot/status/417349044793389056"
"29/12/2013 18:35:12","1","417348087871307777","","@morganaskwlkr @medicblasto y si no te lías con él estás ASESINANDO a esos espermatozoides inocentes, que ya son prácticamente un bebé","twitter.com/Rocigaot/status/417348087871307777"
"29/12/2013 17:17:47","","417328602846199810","","@Adroi_Bogui @PotiPotiInLove lo sé, recuerdo ese mítico tweet suyo. Sigo convencida de que esa lista de twitteros influyentes la hizo él","twitter.com/Rocigaot/status/417328602846199810"
"29/12/2013 17:14:22","","417327744897142785","","@Adroi_Bogui @PotiPotiInLove yo creo que cuando se estampó con el coche estaba intentando no pensar en el estúpido y sensual ZP...","twitter.com/Rocigaot/status/417327744897142785"
"29/12/2013 17:11:59","","417327142431494147","","@Adroi_Bogui @PotiPotiInLove le pasará lo mismo a MAR?","twitter.com/Rocigaot/status/417327142431494147"
"29/12/2013 17:05:10","","417325429007986689","","@Adroi_Bogui te disecan y te colocan a los pies del busto de Tío Paco, en plan 'rojo vencido por el Generalísimo', como si lo viera.","twitter.com/Rocigaot/status/417325429007986689"
"29/12/2013 17:01:32","","417324513433374721","","@PotiPotiInLove yo cada vez que salgo un sábado me paso el domingo siguiente maldiciendo a ZP,no digo más...","twitter.com/Rocigaot/status/417324513433374721"
"29/12/2013 17:00:44","","417324315458011136","","@Adroi_Bogui ya, igual no sales vivo!","twitter.com/Rocigaot/status/417324315458011136"
"29/12/2013 16:59:28","","417323993775890432","","@Adroi_Bogui yo les diría 'y no es algo gayer besar la estatua de un señor?' y huiría antes de que desenfundaran la escopeta de caza.","twitter.com/Rocigaot/status/417323993775890432"
"29/12/2013 16:57:37","","417323527490916352","","@Adroi_Bogui pues entendí que era en casa de Gallardón y no me chocaba, viniendo de donde viene. Pa tener miedo, sí!","twitter.com/Rocigaot/status/417323527490916352"
"29/12/2013 16:52:17","","417322187188469760","","@Adroi_Bogui igual era un busto de Carrillo camuflado, hombre, Gallardón es el progre del PP, ya sabes... :D","twitter.com/Rocigaot/status/417322187188469760"
"29/12/2013 16:48:20","","417321194627411968","","@Adroi_Bogui joder, pues es todo un maestro del camuflaje!","twitter.com/Rocigaot/status/417321194627411968"
"29/12/2013 16:16:45","1","417313242772279296","","@ipatolorente @kalevorroka si me pillo el polo tendrán envío urgente? porque soluciono la papeleta del modelito de nochevieja.","twitter.com/Rocigaot/status/417313242772279296"
"29/12/2013 16:11:50","2","417312008078237696","","@ipatolorente @kalevorroka yo me pido los cubos históricos. Para usarlos como dados al jugar al hombre del tres. http://www.tutiendapsoe.es/productos/OCIO-and-VARIOS/Pack-Cubos-Historicos/83/ …","twitter.com/Rocigaot/status/417312008078237696"
"29/12/2013 16:08:17","1","417311115207405568","","@ipatolorente podemos proponérselo al PSOE que igual hacemos negocio. #emprendimiento #innovación #imásdé","twitter.com/Rocigaot/status/417311115207405568"
"29/12/2013 16:05:06","1","417310314636378113","","@ipatolorente qué va, ese es chungo de conseguir, ya me han salido tres PacoVázquez y dos Rubalcaba intentando pillarlo!","twitter.com/Rocigaot/status/417310314636378113"
"29/12/2013 16:02:55","2","417309763018297344","","@ipatolorente pillar la colección entera no tiene mérito: lo suyo es ir comprando los cromos en el kiosko y cambiarlos. Yo tengo repe a Bono","twitter.com/Rocigaot/status/417309763018297344"
"29/12/2013 15:50:46","1","417306706419269632","","@ipatolorente he muerto con el osito de peluche. Si no hubiera encargado ya los jesusitos del ABC lo pillaba pa los niños de mis amigos.","twitter.com/Rocigaot/status/417306706419269632"
"28/12/2013 22:51:24","1","417050174913925120","","Entonces, según  Cifu, ¿puedo provocar un 11S con un puntero láser de esos de jugar con el gato?","twitter.com/Rocigaot/status/417050174913925120"
"28/12/2013 22:32:07","1","417045322590720000","","@kalevorroka eu tomo unha pílula do día seguinte cada mañá, xunto á do hipotiroidismo, e xa me quito de complicacións.","twitter.com/Rocigaot/status/417045322590720000"
"28/12/2013 21:55:51","","417036195017662464","","@yellowlaura ninguén que non lembre a tele con dous rombos ten dereito a dicir que vai vello. Isto é así.","twitter.com/Rocigaot/status/417036195017662464"
"28/12/2013 20:41:01","1","417017362622062592","1","Que haya gente que flipe de que tenga mala hostia 'siendo tan pequeñita' demuestra que aquí de memoria histórica vamos regular.","twitter.com/Rocigaot/status/417017362622062592"
"28/12/2013 20:35:38","","417016007694110720","","@PotiPotiInLove será que formamos parte de ese 98%, y claro... :D","twitter.com/Rocigaot/status/417016007694110720"
"28/12/2013 20:11:54","","417010033197457408","","@PotiPotiInLove y lo 2º,decirle que si cae mal al 98%no es por hetero sino por gilipollas. Y ni heteros ni gilipollas son minorías oprimidas","twitter.com/Rocigaot/status/417010033197457408"
"28/12/2013 20:09:59","","417009552446341121","","@PotiPotiInLove lo primero de todo, meterlo en el #listadomonguer por esa perla de sabiduría...","twitter.com/Rocigaot/status/417009552446341121"
"28/12/2013 14:02:14","","416917006403641344","","@medicblasto me he quedado sin argumentos contra eso xDD","twitter.com/Rocigaot/status/416917006403641344"
"28/12/2013 13:58:25","","416916043160772608","","@medicblasto si esos calabacines fueron arrancados de la tierra también es tortura. Yo sólo como fruta que haya caído del árbol por sí sola.","twitter.com/Rocigaot/status/416916043160772608"
"28/12/2013 13:56:33","","416915573130285056","1","@ComandanteVimes ni me había planteado lo contrario!","twitter.com/Rocigaot/status/416915573130285056"
"28/12/2013 13:53:42","","416914858634784769","1","@ComandanteVimes En el mejor de los casos te hacen mobbing. En el peor, acabas convertido en abono para las plantas del jardín comunal.","twitter.com/Rocigaot/status/416914858634784769"
"28/12/2013 13:49:05","","416913694996430848","1","@ComandanteVimes lo de 'TODOS los vecinos somos amiguitos y hacemos mil cosas juntos' suele acabar peor que La que se avecina...","twitter.com/Rocigaot/status/416913694996430848"
"28/12/2013 2:00:29","","416735369183256576","1","@ComandanteVimes yo estoy buscando el número de presa de Mandela, pero sólo en administraciones de pueblos donde haya habido una desgracia","twitter.com/Rocigaot/status/416735369183256576"
"28/12/2013 1:58:44","1","416734928424812545","","@LatveriasDoom puede darte algún problemilla, pero nada que no puedas arreglar con reiki...","twitter.com/Rocigaot/status/416734928424812545"
"28/12/2013 0:43:18","","416715944933613568","","@XoseMorais yo lo llevaría al médico, que igual hay formas de curar eso. Electroshock, o yo que sé.","twitter.com/Rocigaot/status/416715944933613568"
"27/12/2013 23:47:07","1","416701805506994177","","Veré Hermano Mayor cuando sigan mi sugerencia de ir a amaestrar a Froilán.","twitter.com/Rocigaot/status/416701805506994177"
"27/12/2013 23:05:55","1","416691439234322432","1","@yellowlaura emborráchate discretamente bebendo cada vez que solten un cuñadismo. Así sobrevivo eu ás comidas familiares.","twitter.com/Rocigaot/status/416691439234322432"
"27/12/2013 20:21:08","3","416649969395703811","3","LET adolescentes que salen en la foto con traje y corbata y te tratan de usted así tengas de avatar a Piolín en tanga: bonicos del tó.","twitter.com/Rocigaot/status/416649969395703811"
"27/12/2013 20:13:56","1","416648158945374209","","NECESITO  que se invente una app para mandar collejas con toda la mano abierta por twitter, en vez de replies o mensajes directos.","twitter.com/Rocigaot/status/416648158945374209"
"27/12/2013 18:35:15","","416623323229851648","","@AntonioMaestre Está pensando 'no estoy aquí, estoy en mi rincón feliz. Estoy tomando un relaxing café con leche'.","twitter.com/Rocigaot/status/416623323229851648"
"27/12/2013 18:33:06","","416622782546333696","","@FacuDiazT los jóvenes de hoy habéis perdido el rumbo. En mis tiempos un viernes a esta hora estaríamos comprando para el botellón.","twitter.com/Rocigaot/status/416622782546333696"
"27/12/2013 18:11:26","1","416617329879838720","","@crow_ley la respuesta suele ser un 'uy, es que yo no tengo taaaanto tiempo libre como tú para estar mirando cosas en Internet'...","twitter.com/Rocigaot/status/416617329879838720"
"27/12/2013 16:35:34","","416593203161075712","","@mjdelrio @PotiPotiInLove tenía unas filosofías de la vida que yo creo que Ricky Gervais le espiaba para pillar ideas para The Office...","twitter.com/Rocigaot/status/416593203161075712"
"27/12/2013 16:22:16","","416589858732138496","","@mjdelrio @PotiPotiInLove tuve uno que decía que sólo contrataba mujeres 'porque sois más dóciles'.","twitter.com/Rocigaot/status/416589858732138496"
"27/12/2013 15:53:23","","416582586731745280","","Igual Feijóo pensa encomendarse á Virxe da Barca pra saír da crise, coma Báñez coa do Rocío,e por iso tanta présa por arranxar o santuario","twitter.com/Rocigaot/status/416582586731745280"
"27/12/2013 15:48:44","","416581419654066176","","'2014 será el año de la recuperación económica en España. Esta vez de verdad que sí es la buena'. #díadelamarmota","twitter.com/Rocigaot/status/416581419654066176"
"27/12/2013 13:48:09","1","416551072069476352","4","Dice Mariano que la ley del aborto de Gallardón va en la línea de lo que regió en España en algunos años. ¿Del 39 al 75?","twitter.com/Rocigaot/status/416551072069476352"
"27/12/2013 1:56:39","","416372017781145600","1","@PotiPotiInLove @Dani3po esa bio y lo de tweet=email merece ir al #listadomonguer","twitter.com/Rocigaot/status/416372017781145600"
"27/12/2013 0:01:37","","416343068619448320","","@srtalicia @PixelRobot si no llevamos el spray de pimienta colgado del cuello en plan portamonedas ochentero, es que vamos buscando tema.","twitter.com/Rocigaot/status/416343068619448320"
"26/12/2013 23:43:39","","416338546983587840","","@rr_vega @_anapastor_ ¿y estaría él en casa y en el hospital renunciando a su carrera? ¿O eso ya le tocaría a su mujer?","twitter.com/Rocigaot/status/416338546983587840"
"26/12/2013 23:13:18","2","416330910565277696","","@hematocritico ¡¡AHORA NO ME DIGAS QUE NO QUERÍAS TEMA CONMIGO, QUE LO DICE EL ABC!!","twitter.com/Rocigaot/status/416330910565277696"
"26/12/2013 23:09:25","4","416329932139008000","3","@hematocritico ya veo a todos los brasas entrándonos cuando vamos de pie en el bus porque si separas los pies para equilibrarte quieres tema","twitter.com/Rocigaot/status/416329932139008000"
"26/12/2013 18:45:00","","416263389627678720","","Toni Cantó: actor, político, fotógrafo.","twitter.com/Rocigaot/status/416263389627678720"
"26/12/2013 18:35:42","","416261050103652352","","@Tawil eu engadería algún debuxo explicativo, que aínda haberá quen non o pille.","twitter.com/Rocigaot/status/416261050103652352"
"26/12/2013 17:54:05","","416250577333415937","","Joooo, pero es una pieza de exposición! Yo ya me había hecho ilusiones con verlo a la venta en Amazon! http://www.lavozdegalicia.es/noticia/ocioycultura/2013/12/26/punching-ball-cabeza-franco/00031388073911861958438.htm …","twitter.com/Rocigaot/status/416250577333415937"
"26/12/2013 17:28:25","","416244118138810368","","@LatveriasDoom tampoco es de ahora. Yo esto ya lo veía en la Ragazza en los 90. Luego se empezó a hablar de anorexia y se moderaron un poco","twitter.com/Rocigaot/status/416244118138810368"
"26/12/2013 15:56:46","","416221052000161794","","@aberron es que a un feto nadie le pregunta si quiere nacer. La señora pudo decir 'no quiero que me atropelle una concejala del PP', y pasó.","twitter.com/Rocigaot/status/416221052000161794"
"26/12/2013 15:40:02","2","416216840927322112","","-Es que los periodistas estáis vendidos al sistema. Deberíais...
-¿Tú a qué te dedicas?
-Gestiono subcontratas para empresas. 
#truestory","twitter.com/Rocigaot/status/416216840927322112"
"26/12/2013 14:58:03","","416206276951953408","","@ComandanteVimes como comprenderás, luego veo 'The Newsroom' y me descojono.","twitter.com/Rocigaot/status/416206276951953408"
"26/12/2013 14:46:00","","416203243429953536","","@ComandanteVimes redactora de informativos. Cuando se cargaron el informativo me pasaron al 'programa cultural' (reportajes de fiestas).","twitter.com/Rocigaot/status/416203243429953536"
"26/12/2013 14:43:12","","416202537583128576","","@ComandanteVimes  el mundo de las teles locales es maravilloso...","twitter.com/Rocigaot/status/416202537583128576"
"26/12/2013 14:38:54","","416201455859552256","","@ComandanteVimes pero teníamos 2coches de empresa: el que arrancaba bien pero frenaba chungo y el que frenaba bien pero luego no arrancaba","twitter.com/Rocigaot/status/416201455859552256"
"26/12/2013 14:34:40","","416200389252239360","","@ComandanteVimes era un sitio donde nos decían 'si vuestra fuente tiene tf. móvil no llaméis que sale caro. Haced perdida y que os llamen'.","twitter.com/Rocigaot/status/416200389252239360"
"26/12/2013 14:30:33","","416199353523396608","","@ComandanteVimes lo mejor es que ni cerramos ese día,a  los indefinidos los largaron entonces y los temporales quedamos a agotar contrato.","twitter.com/Rocigaot/status/416199353523396608"
"26/12/2013 14:27:42","","416198638990143489","","Esa integridad de 'si la empresa actúa mal me voy así me quede en la calle' también la podéis exigir en sectores que no sean el periodismo","twitter.com/Rocigaot/status/416198638990143489"
"26/12/2013 14:23:01","","416197461074395136","","@ComandanteVimes en una tv local donde curré esperaron a 5minutos antes de empezar el informativo para decirnos 'apagad,que cerramos'.","twitter.com/Rocigaot/status/416197461074395136"
"26/12/2013 2:22:01","","416016011943354368","","@PotiPotiInLove yo lo he dejado. De todas formas, si la embarazada es como el esclavista o el ario, ¿no habría que abolir el embarazo?","twitter.com/Rocigaot/status/416016011943354368"
"26/12/2013 2:13:02","","416013753038041088","","@PotiPotiInLove yo ya en el 1º cuando ha comparado a la gestante con arios decidiendo sobre judíos o blancos sobre negros...","twitter.com/Rocigaot/status/416013753038041088"
"26/12/2013 1:53:03","","416008724273057792","","¿Y si en vez de inventar mierdas como el finiquito diferido Cospe explica lo de Bárcenas con un 'íbamos todos pedo'? Visto el percal, cuela.","twitter.com/Rocigaot/status/416008724273057792"
"26/12/2013 1:34:21","","416004019140575233","","Como Pilar Araque en 'Leaving Eurovegas'...","twitter.com/Rocigaot/status/416004019140575233"
"26/12/2013 1:30:41","1","416003093742882817","","Yo ha sido leer que se ha incendiado la playa de Nerja y acordarme de esto, no de Verano Azul. http://www.youtube.com/watch?v=qy_BKKnHgas …","twitter.com/Rocigaot/status/416003093742882817"
"26/12/2013 1:14:19","","415998975330627584","","Lo del dedazo de Aznar no fue muy allá. Al sucesor de Mariano que lo elijan con una carrera en los karts.","twitter.com/Rocigaot/status/415998975330627584"
"26/12/2013 1:06:41","2","415997057292177408","2","Visto lo visto, igual el PP está jugando una partida de Carmageddon en vivo y quiere prohibir el aborto porque las embarazadas puntúan doble","twitter.com/Rocigaot/status/415997057292177408"
"25/12/2013 22:09:21","1","415952426512826368","","@undivaga @LordTesla si no montó él mismo desde dentro la rampa, en plan mueble de Ikea, se puede hablar de inmadurez fetal, ojo.","twitter.com/Rocigaot/status/415952426512826368"
"25/12/2013 22:05:01","1","415951337646329856","","@undivaga @LordTesla y al llegar el parto salen reptando impulsándose con los codos. Rollo entrenamiento militar pasando bajo alambradas.","twitter.com/Rocigaot/status/415951337646329856"
"25/12/2013 22:01:39","3","415950488886980608","2","@LordTesla @undivaga y si pilla wifi dentro del útero, en la semana  40 ya se ha sacado una carrera por la uned.","twitter.com/Rocigaot/status/415950488886980608"
"25/12/2013 20:29:45","1","415927361058529280","2","@medicblasto @ComandanteVimes todos los católicos profamilia están insultándoos en twitter en vez de pasar la Navidad con su familia :D","twitter.com/Rocigaot/status/415927361058529280"
"25/12/2013 19:52:06","1","415917886192885760","","@kalevorroka e os da Pah sen dicir nin mu. #Doblemoral","twitter.com/Rocigaot/status/415917886192885760"
"25/12/2013 19:48:38","","415917014197096448","","@kalevorroka teño unha curmá en Arxentina que me mandaba estas cousas. Meter á familia na carpeta de spam é feo, pero necesario ás veces","twitter.com/Rocigaot/status/415917014197096448"
"25/12/2013 15:41:47","1","415854891618168833","","@VIVAANTES e grazas que ardeu despois de estalar a burbulla, ou igual a restauraba Calatrava... #poñerMuxíanomapa","twitter.com/Rocigaot/status/415854891618168833"
"25/12/2013 14:01:06","1","415829557619339265","","Veo que a algunos Papá Noel os ha traído monguers nuevos para jugar en esta mañana de Navidad. #gensanta","twitter.com/Rocigaot/status/415829557619339265"
"25/12/2013 13:02:23","","415814779563831296","","Anda, pues resulta que sigo en Coruña. Con la ventolera que había pensé que al subir la persiana descubriría que la casa había acabado en Oz","twitter.com/Rocigaot/status/415814779563831296"
"25/12/2013 1:44:51","1","415644271941672961","","Lo bueno de la ciglogénesis explosiva de las narices es que no han tirado un puñetero petardo en toda la noche en mi calle.","twitter.com/Rocigaot/status/415644271941672961"
"25/12/2013 0:01:47","1","415618332914495488","","Pensé que con lo que hemos retrocedido en el tiempo los especiales navideños de la TV me parecerían menos rancios, pero oye, no.","twitter.com/Rocigaot/status/415618332914495488"
"24/12/2013 19:09:27","","415544765564727296","","@PotiPotiInLove @vuromar la leche! esto han sido los de El Yunque! :P","twitter.com/Rocigaot/status/415544765564727296"
"24/12/2013 19:01:17","","415542712796844032","","@Tarrantet @PotiPotiInLove los que me resultan hasta entrañables son los que ponen el link a su twitter en la bio...","twitter.com/Rocigaot/status/415542712796844032"
"24/12/2013 18:58:23","","415541979842244608","","@Tarrantet @PotiPotiInLove los de 'sin complejos' o los de 'amigo de mis amigos' suelen ser de traca también....","twitter.com/Rocigaot/status/415541979842244608"
"24/12/2013 18:52:35","","415540520127979520","","@Marmota_Maligna @PotiPotiInLove ya, yo en mi ex piso tenía de las viejas y aún podía. En casapadres hay de las nuevas y me da más miedo...","twitter.com/Rocigaot/status/415540520127979520"
"24/12/2013 18:50:43","","415540052928630784","","@Marmota_Maligna @PotiPotiInLove además, te evitas el riesgo de cargarte la tele;a mí un día se me va a ir de verdad la zapatilla y la lío","twitter.com/Rocigaot/status/415540052928630784"
"24/12/2013 18:47:51","","415539331697111040","1","@PotiPotiInLove deberíamos ir por el mundo real con un cartel de 'bio'. Así ubicas de un vistazo a los gilipollas y pierdes menos tiempo...","twitter.com/Rocigaot/status/415539331697111040"
"24/12/2013 18:41:57","","415537847366467584","","@Marmota_Maligna @PotiPotiInLove normalmente le grito, pero un par de veces me frené a tiempo, zapato en mano...","twitter.com/Rocigaot/status/415537847366467584"
"24/12/2013 18:40:57","","415537593598480384","","@Marmota_Maligna @PotiPotiInLove también es cierto! yo sigo por aquí los #Cmin, por no cargarme la tele lanzando un zapato por acto reflejo","twitter.com/Rocigaot/status/415537593598480384"
"24/12/2013 18:39:19","","415537184045678594","","@PotiPotiInLove @Marmota_Maligna fíjate que yo nunca lo veo y hoy estoy por ponerlo,a ver por dónde nos sale...","twitter.com/Rocigaot/status/415537184045678594"
"24/12/2013 18:31:46","","415535283610742785","","@PotiPotiInLove a mí los que ponen cosas tipo 'tímido' o 'romántico' en la bio y luego hacen replies tipo 'chúpamela, zorra' me fascinan...","twitter.com/Rocigaot/status/415535283610742785"
"24/12/2013 18:18:01","","415531822043242496","","@PotiPotiInLove @ilse0001 molaría más que la mayoría de calendarios y agendas temáticos que tienen en la FNAC...","twitter.com/Rocigaot/status/415531822043242496"
"24/12/2013 18:11:06","","415530080408850432","","@Tawil @kalevorroka pois o tes doado pra o disfraz de antroido...","twitter.com/Rocigaot/status/415530080408850432"
"24/12/2013 18:08:04","","415529317435600896","","@sinonevero @PotiPotiInLove uy, yo los sugiero para el listado y luego los bloqueo, que no soy la susurradora de monguers...","twitter.com/Rocigaot/status/415529317435600896"
"24/12/2013 18:06:52","","415529016821420032","","Aquí la política de gestión de mongoreplies es 'notificación a los coleccionistas + block'. O sólo block si ya os tiene repes.","twitter.com/Rocigaot/status/415529016821420032"
"24/12/2013 17:56:13","","415526338204667904","","@PotiPotiInLove a mí hoy me ha llegado este, por si no lo tenéis repe en #CeroMonguers https://twitter.com/OldSchool_1932/status/415308640929587200 …","twitter.com/Rocigaot/status/415526338204667904"
"24/12/2013 17:54:59","3","415526027582922752","2","Hacer un calendario benéfico de monguers de twitter. Uno por mes con avatar y cita célebre. Dejo ahí la idea, @ilse0001  y @PotiPotiInLove","twitter.com/Rocigaot/status/415526027582922752"
"24/12/2013 16:42:46","1","415507853604954112","","Pues ya me han llegado dos mongoreplies por retwittear a nuestro amigo del 'aborto a palazos'. Un 'le hackearon la cuenta' y un 'pues ETA'..","twitter.com/Rocigaot/status/415507853604954112"
"24/12/2013 0:03:36","","415256405998710784","","@LatveriasDoom joder, gracias por esa imagen mental :P","twitter.com/Rocigaot/status/415256405998710784"
"23/12/2013 23:57:38","1","415254902407852032","","Cuando un cachorro de LET de 16 años dice 'no quiero que mis impuestos se dediquen a X' ,supongo que se refiere al IVA de las chuches.","twitter.com/Rocigaot/status/415254902407852032"
"23/12/2013 23:55:38","1","415254397271027712","","@shakesphobic podes pegarlle dous tiras de pelo de gato sobre os ollos a un dos bonecos e mandarlle uns pinchazos escrotais a Gallardón?","twitter.com/Rocigaot/status/415254397271027712"
"23/12/2013 23:45:58","","415251965371621376","","@taniadeois oye, pues Supervivientes Kids es una ideaza... :D","twitter.com/Rocigaot/status/415251965371621376"
"23/12/2013 23:41:10","","415250758045405184","","Esto de que en Masterchef enseñen a los niños a currar de cocineros vendrá genial para cuando el Gobierno legalice el trabajo infantil.","twitter.com/Rocigaot/status/415250758045405184"
"23/12/2013 17:16:25","","415153931136667648","","@koalalala una conexión en directo de Mariló con estos premiados habría sido ES-PEC-TA-CU-LAR","twitter.com/Rocigaot/status/415153931136667648"
"23/12/2013 16:26:27","1","415141359364747264","1","@mjdelrio @NewIlluminatus @eparquiodelgado porque naturalmente,a ellos les está prohibido decir 'sin condón no lo hago'...","twitter.com/Rocigaot/status/415141359364747264"
"23/12/2013 16:20:33","2","415139874107187200","","@Lena_Prado Leti con cara de 'mierda, se nos está desinflando el muñeco hinchable y van a coscarse del cambiazo...'","twitter.com/Rocigaot/status/415139874107187200"
"23/12/2013 13:11:43","1","415092352785453056","","@Petetekin @crow_ley los veganos huyen haciendo el guisante.","twitter.com/Rocigaot/status/415092352785453056"
"23/12/2013 12:40:58","","415084615011794944","","@ilse0001 feo queda, pero no dejes que lo estético se imponga a lo funcional...","twitter.com/Rocigaot/status/415084615011794944"
"23/12/2013 2:41:09","","414933663738904576","","@xoancastro eu teño que repetir un ano co de loca dos gatos dos Simpson que preparara pra un cumple de @Caminoana","twitter.com/Rocigaot/status/414933663738904576"
"23/12/2013 2:37:51","","414932834340442114","","@xoancastro uns amigos o fixeron, vestindo de rosa e cunha zapatilla sobre a cabeza: ían de chicles pisados.","twitter.com/Rocigaot/status/414932834340442114"
"23/12/2013 2:34:59","","414932111066284032","","@xoancastro Zoidgberg-Jesús mola! no do disfraz de Burns luminoso sinto dicirche que alguén se adiantou:pic.twitter.com/fZltiUZO4T","twitter.com/Rocigaot/status/414932111066284032"
"23/12/2013 2:31:18","","414931185395965953","","@xoancastro é outra opción, pero  eu segundo o ían contando visualizaba isto:pic.twitter.com/ujhTw6clgK","twitter.com/Rocigaot/status/414931185395965953"
"23/12/2013 1:49:05","11","414920559961460737","7","Lo de las luces misteriosas cerca de la central nuclear no os recuerda al Burns fluorescente de los Simpson? #CuartoMilenio","twitter.com/Rocigaot/status/414920559961460737"
"23/12/2013 0:55:40","","414907118664159233","","@albutxa @NNGG_Es no, está bien que sean tan gilipollas como para decir lo que piensan por aquí, que así nos queda claro lo que hay...","twitter.com/Rocigaot/status/414907118664159233"
"23/12/2013 0:14:22","21","414896725296283648","150","Los demócratas muchachuelos de @NNGG_Es recomendándonos alternativas para interrumpir el embarazo.pic.twitter.com/GfgbV8wYfZ","twitter.com/Rocigaot/status/414896725296283648"
"22/12/2013 22:43:56","","414873966541414400","","@uxialopez también? pensé que os librábais, nosotras aparte de un poco de la puñetera flauta dulce no hacíamos otra cosa...","twitter.com/Rocigaot/status/414873966541414400"
"22/12/2013 22:39:15","","414872787497390081","","Por cierto, ¿qué dabais en los coles públicos en música? Porque yo aprendí una de canciones de misa... #ConfesandoalEstado","twitter.com/Rocigaot/status/414872787497390081"
"22/12/2013 22:38:10","","414872514511114240","","@kailashkora lo mejor es que ni siquiera era educación sexual, era explicar el aparato reproductor igual que explicaron el digestivo...","twitter.com/Rocigaot/status/414872514511114240"
"22/12/2013 22:33:53","","414871436893753344","","@kailashkora otro año nos tocó con una profesora seglar que lo explicó (creo recordar que fuera de temario) porque sabía que la monja pasaba","twitter.com/Rocigaot/status/414871436893753344"
"22/12/2013 22:27:13","1","414869758840827906","1","¿Os hablé de mi profe de Naturales de 6º?Monja de unos 70tacos famosa por saltarse el tema del aparato reproductor.  #ConfesandoalEstado","twitter.com/Rocigaot/status/414869758840827906"
"22/12/2013 22:20:25","","414868049372512257","","Colegios segregados y Paco Vázquez: todo lo que está saliendo hoy en Salvados lo he tenido que sufrir.","twitter.com/Rocigaot/status/414868049372512257"
"22/12/2013 21:51:22","1","414860739174617089","1","@LordoLordor los llevo, los llevo...","twitter.com/Rocigaot/status/414860739174617089"
"22/12/2013 18:08:33","1","414804663779618816","1","@Tawil 'identificar e ubicar aos que escriben os comentarios e enviar drons'.","twitter.com/Rocigaot/status/414804663779618816"
"22/12/2013 15:32:57","2","414765508529897472","","@SnowFey @kalevorroka es un drama, muchas chicas han perdido la virginidad con tampones que luego ni las han vuelto a llamar.","twitter.com/Rocigaot/status/414765508529897472"
"22/12/2013 14:58:39","","414756873070325760","","@Cascarelo alguén que só vexa TVE estará descubrindo hoxe que hai parados e familias que malviven coa pensión do avó...","twitter.com/Rocigaot/status/414756873070325760"
"22/12/2013 14:50:04","","414754713410609153","","La magia de la lotería es que RTVE paraliza la partida de Tabú y habla abiertamente de que hay un montón de parados.","twitter.com/Rocigaot/status/414754713410609153"
"22/12/2013 14:48:44","3","414754381490188289","","No, Mariló, no me sé el porcentaje de parados en ese barrio ovetense en concreto. #LoteríaRTVE","twitter.com/Rocigaot/status/414754381490188289"
"22/12/2013 14:46:55","","414753921916076032","","Según las conexiones que está haciendo tve,al parecer cuando te toca la lotería te da por los bailes tradicionales.","twitter.com/Rocigaot/status/414753921916076032"
"22/12/2013 14:41:00","2","414752433630232576","6","Supongo que hoy podríamos hacer una manifa, y si vienen los antidisturbios a apalearnos sacar décimos de lotería y cava y disimular.","twitter.com/Rocigaot/status/414752433630232576"
"22/12/2013 14:37:17","2","414751496333303808","","A todo esto, ayer me entró uno en un bar haciéndose pasar por guiri. Me soltó un 'Jau ar llu' digno de Ana Botella.","twitter.com/Rocigaot/status/414751496333303808"
"22/12/2013 14:20:00","1","414747148584878081","","Salí ayer y aún he puesto ahora la tele. ¿Ha soltado alguna perla Mariló en el especial Lotería?","twitter.com/Rocigaot/status/414747148584878081"
"21/12/2013 20:30:20","1","414477957281763328","","De 0 a 'me defino como polemista en mi bio de twitter', ¿cómo de gilipollas eres?","twitter.com/Rocigaot/status/414477957281763328"
"21/12/2013 20:07:09","1","414472124770705408","","Sabiendo que la ginebra y el perejil son abortivos, recupero mi idea de negocio del lounge bar-clínica clandestina. #emprendimiento","twitter.com/Rocigaot/status/414472124770705408"
"21/12/2013 16:39:41","","414419912778461185","","@PotiPotiInLove igual me arrepiento de preguntar esto, pero... ¿croquetas íntimas?","twitter.com/Rocigaot/status/414419912778461185"
"21/12/2013 16:38:51","2","414419704216690688","1","Acabo de usar 'los pilares de la tierra' como banquito para alcanzar unas sábanas guardadas en un estante muy alto para mí. #literaturaútil","twitter.com/Rocigaot/status/414419704216690688"
"21/12/2013 15:38:05","7","414404410865770496","14","Profetos que van a llamarte asesina a gritos a la puerta de la clínica y luego dicen que es que el abortar traumatiza.","twitter.com/Rocigaot/status/414404410865770496"
"21/12/2013 11:04:45","2","414335625886588928","1","@obdriftwood @medicblasto porque antes,si les contabas a tus padres que estabas preñada, iba Aído con el borrador de mentes de Men in Black","twitter.com/Rocigaot/status/414335625886588928"
"21/12/2013 2:22:57","","414204309404778496","","@Cascarelo acabo de morrer lendo a crítica coa descripción dos chicharróns!","twitter.com/Rocigaot/status/414204309404778496"
"21/12/2013 1:51:10","","414196310909001728","","@Marmota_Maligna para una cosa que sirven y tienen que complicarlo con las grapas... no tienen visión de mercado.","twitter.com/Rocigaot/status/414196310909001728"
"21/12/2013 1:46:23","","414195106187448320","","@Marmota_Maligna Con la de ABC no, que te puedes clavar las grapas. #nopudeevitarlo","twitter.com/Rocigaot/status/414195106187448320"
"21/12/2013 1:12:24","4","414186555469611008","4","@MargaretCastor torear a los nasciturus para que no se extingan","twitter.com/Rocigaot/status/414186555469611008"
"20/12/2013 23:23:47","","414159222381613056","","@ComandanteVimes ¿peor todavía de lo que pintaba por el #Cmin? (pregunta absurda, siempre es peor aún de lo que pinta en el Cmin... )","twitter.com/Rocigaot/status/414159222381613056"
"20/12/2013 23:20:48","2","414158468803612673","","Si los fetos de los carteles 'provida' están tan grandes antes de la semana 14, parirlos en la semana 40 debe de ser un remake de Alien.","twitter.com/Rocigaot/status/414158468803612673"
"20/12/2013 23:09:45","","414155688495960065","","Como poner bebés que ya gatearán no es bastante, en breve los fuerzapartos nos pondrán fotos de señores bajitos haciendo de fetos abortables","twitter.com/Rocigaot/status/414155688495960065"
"20/12/2013 22:21:11","","414143466835156992","","En serio,dadme la nacionalidad sueca que rechazó Chus Lampreave. Juro bandera con la que ponen en las albóndigas del Ikea si hace falta.","twitter.com/Rocigaot/status/414143466835156992"
"20/12/2013 21:56:15","","414137192559017984","","¡Coño, si la cuenta de Pedro Jota del avatar con gorrito de Papa Noel es la suya! Y yo pensando:'Jaja, cabrones, ya le han hecho un fake'..","twitter.com/Rocigaot/status/414137192559017984"
"20/12/2013 20:07:29","2","414109821336838144","2","Pues en el ratito que pude estar en la concentración de A Coruña tuvimos hasta pijo llamándonos asesinos. Qué vintage todo. Y qué cutre.","twitter.com/Rocigaot/status/414109821336838144"
"20/12/2013 17:52:31","","414075853501247488","","¿Aceptamos 'ir de copiloto con Carromero' como técnica abortiva legal?","twitter.com/Rocigaot/status/414075853501247488"
"20/12/2013 17:29:02","","414069945723412480","","Entonces, ¿si estoy embarazada y me van a desahuciar puedo poner el piso a nombre del feto? Digo, como él sí estará protegido...","twitter.com/Rocigaot/status/414069945723412480"
"20/12/2013 17:13:53","","414066132979437568","","¿Soy yo la conspiranoica, o alguien más se huele que pronto pondrán sobre la mesa la idea de liberalizar las adopciones en España?","twitter.com/Rocigaot/status/414066132979437568"
"20/12/2013 16:34:19","","414056174300852224","","@Cascarelo si, pero pra qué ler un programa electoral habendo memes do Facebook...","twitter.com/Rocigaot/status/414056174300852224"
"20/12/2013 16:30:22","1","414055179692937216","1","Amigas que votaron al PP y ahora están tan indignadas como yo con la reforma del aborto. Les voy a regalar por Navidad una percha de alambre","twitter.com/Rocigaot/status/414055179692937216"
"20/12/2013 15:21:57","1","414037963962454016","3","@nebulina porque un aborto supuestamente te traumatiza, pero parir un feto inviable y verlo morir en un rato ante ti se ve que no.","twitter.com/Rocigaot/status/414037963962454016"
"20/12/2013 15:10:54","","414035182362963968","","Dicen los cuñaos que pensaban que Gallardón era progresista que no os preocupéis,que en las próximas votamos a UPyD y esto se arregla #Cmin","twitter.com/Rocigaot/status/414035182362963968"
"20/12/2013 15:03:37","","414033347581468672","","¿Estoy a tiempo de pedirme la nacionalidad sueca que rechazó Chus Lampreave?  #Cmin","twitter.com/Rocigaot/status/414033347581468672"
"20/12/2013 12:09:27","","413989517142798337","","'Fly me to the moon'
#CancionesCarreroBlanco","twitter.com/Rocigaot/status/413989517142798337"
"19/12/2013 21:48:00","","413772725753114625","","@XoseMorais @PeriodiFAILS a ver, la típica casa española no es: es un piso de estudiantes, se ve a leguas!","twitter.com/Rocigaot/status/413772725753114625"
"19/12/2013 14:46:53","1","413666748416536576","","@judgitanilla medidas propias: herencia recibida. Oposición a sus medidas: ETA. Sólo tienen 2consignas pa que le quepa a Rajoy en la chuleta","twitter.com/Rocigaot/status/413666748416536576"
"19/12/2013 14:42:19","","413665599055593472","1","TODOS los covers de Ramoncín son culpa de #lamalagestióndelPSOE","twitter.com/Rocigaot/status/413665599055593472"
"19/12/2013 14:34:46","1","413663702777200640","","El coñazo de 3ª temporada de Homeland es culpa de #lamalagestióndelPSOE","twitter.com/Rocigaot/status/413663702777200640"
"19/12/2013 14:27:47","1","413661942771761152","1","'No eres tú, es la mala gestión del PSOE'. El PP, ayudándonos a renovar nuestro repertorio de frases típicas para cortar con alguien.","twitter.com/Rocigaot/status/413661942771761152"
"19/12/2013 14:10:11","","413657515453202432","","Con lo que me va a costar cargar el móvil o encender el ordenador voy a twittear desde un walkie talkie a pilas. Yoani style.","twitter.com/Rocigaot/status/413657515453202432"
"19/12/2013 14:04:34","","413656101633015810","1","@PotiPotiInLove atando a Carromero in the middle of plaza mayor y cubriéndole el melón de placas solares pueden abastecer todo Madrid","twitter.com/Rocigaot/status/413656101633015810"
"19/12/2013 13:53:46","","413653383711432704","","@CruzDiez yo creo que sabe que eres twittera y es su forma de hacer la pelota... :D","twitter.com/Rocigaot/status/413653383711432704"
"19/12/2013 13:17:22","","413644223661883392","","La liberalización eléctrica no ha impedido el tarifazo, pero nos permite trabajar a puerta fría estafando abueletes. Que sólo veis lo malo.","twitter.com/Rocigaot/status/413644223661883392"
"18/12/2013 23:36:22","","413437610481041408","","'Horarios liberalizados en el burdel de aquí al lado' #PornoLET","twitter.com/Rocigaot/status/413437610481041408"
"18/12/2013 23:32:52","1","413436730323128320","","'El follar y el externalizar, todo es empezar' #PornoLET","twitter.com/Rocigaot/status/413436730323128320"
"18/12/2013 23:31:27","2","413436374163808256","","'Te la voy a enchufar como a Carromero en el Ayuntamiento de Madrid' #PornoLET","twitter.com/Rocigaot/status/413436374163808256"
"18/12/2013 23:07:28","","413430337335615488","","@ComandanteVimes @SdeSanty @ozeiyo @kalevorroka @Tawil @PotiPotiInLove 'Jódeme como Kissinger a Chile' #PeliPornoLET","twitter.com/Rocigaot/status/413430337335615488"
"18/12/2013 22:31:22","2","413421252338937856","2","@kalevorroka @Tawil @ozeiyo @SdeSanty @PotiPotiInLove 'En la escuela de Chicago te comen muy bien el rabo' #PelispornoLET","twitter.com/Rocigaot/status/413421252338937856"
"18/12/2013 22:05:23","3","413414713213468673","1","@kalevorroka @SdeSanty @PotiPotiInLove @ozeiyo @Tawil 2 girls, 1 anarcap #PeliPornoLet","twitter.com/Rocigaot/status/413414713213468673"
"18/12/2013 21:44:01","3","413409338300985344","2","@kalevorroka @Tawil @ozeiyo @PotiPotiInLove 'Fue al seminario de liderazgo y le comieron lo de abajo' #PeliPornoLET","twitter.com/Rocigaot/status/413409338300985344"
"18/12/2013 21:28:11","","413405353351475200","","@PotiPotiInLove Sah MAgGiE rEshUlOnA!","twitter.com/Rocigaot/status/413405353351475200"
"18/12/2013 21:23:58","3","413404291882180608","2","@PotiPotiInLove Escribes fan fictions de los libros de Ayn Rand. Haces fotomontajes para ponerte al lado de Thatcher y los subes a tuenti","twitter.com/Rocigaot/status/413404291882180608"
"18/12/2013 21:09:09","1","413400562130907137","2","@PotiPotiInLove tienes un Expansión escondido bajo el colchón. Lo lees a escondidas, tapándolo bajo el libro de texto por si entra mamá.","twitter.com/Rocigaot/status/413400562130907137"
"18/12/2013 21:01:21","1","413398601495085056","4","@PotiPotiInLove pero y lo chulas que quedan esas autofotos pal tuenti en el baño con el libro de von Mises en la mano?","twitter.com/Rocigaot/status/413398601495085056"
"18/12/2013 20:51:11","","413396042411831296","","@PotiPotiInLove virgen de la teta al hombro, y pensaba que mi adolescencia había sido chunga!","twitter.com/Rocigaot/status/413396042411831296"
"18/12/2013 15:37:22","1","413317068759367680","","Ningún LET ha propuesto que las embarazadas que no puedan abortar vendan los bebés a solteras que no pueden pagarse la FIV? #emprendimiento","twitter.com/Rocigaot/status/413317068759367680"
"18/12/2013 15:21:37","1","413313104793964544","1","@PotiPotiInLove joder, con la reserva que tenemos en dos días está Estados Unidos trayéndonos la democracia a bombazos...","twitter.com/Rocigaot/status/413313104793964544"
"18/12/2013 14:57:59","2","413307156297838594","","@SuperFalete de perdidos al río, si más dañino que los Manolos tampoco va a ser...","twitter.com/Rocigaot/status/413307156297838594"
"18/12/2013 14:55:56","","413306641321193472","","Infojobs, ya que no me mandas una triste oferta de empleo decente, al menos no me envíes spam publicitario de seguros. #Graciasdenada","twitter.com/Rocigaot/status/413306641321193472"
"18/12/2013 14:18:31","","413297223770726400","","Porque que la serie de la Bradshaw no es realismo costumbrista no es una novedad, pero fue a hablar de puta la tacones, Sorkin...","twitter.com/Rocigaot/status/413297223770726400"
"18/12/2013 14:17:19","","413296921390751745","","¿Los no periodistas visteis también mucha guasa en la escena de The Newsroom donde Maggie carga contra lo irreal de Sex and the City?","twitter.com/Rocigaot/status/413296921390751745"
"18/12/2013 13:57:04","1","413291826972327936","","'Los periodistas parados os quejáis mucho y hay otros sectores donde se echa gente'. Ya,llenamos INTERNET y las protestas de otros no caben","twitter.com/Rocigaot/status/413291826972327936"
"18/12/2013 13:53:55","2","413291031371591680","2","@Nigridal @ComandanteVimes es que el cuñaísmo se estudia en la universidad de la vida. Que esto es así, que te lo digo yo.","twitter.com/Rocigaot/status/413291031371591680"
"18/12/2013 12:25:19","","413268734661251072","","Una final de Copa del Mundo de Oliver y Benji rodada por Peter Jackson. Con Ted Mosby como el locutor que retransmite el partido.","twitter.com/Rocigaot/status/413268734661251072"
"18/12/2013 11:58:42","1","413262038291345409","2","Ignacio González cambiando su situación sentimental en Facebook de 'casado' a 'es complicado'. Ana Mato dándole a 'me gusta'.","twitter.com/Rocigaot/status/413262038291345409"
"18/12/2013 11:22:10","","413252843315798017","2","Entonces,¿Aznar se dejó esos pelos por Blesa?¿También se puso cachas por él? No cambies por un hombre, Josemari:cuánto daño ha hecho Grease","twitter.com/Rocigaot/status/413252843315798017"
"18/12/2013 11:12:36","1","413250436041158656","","@Genko lo bueno es que podré decir a los parientes pesados que no me caso porque no quiero que me imputen injustamente en nada...","twitter.com/Rocigaot/status/413250436041158656"
"18/12/2013 1:47:53","","413108319163658240","","@PotiPotiInLove @Tawil si es que son muy achuchables. Yo ya sé qué regalar estas navidades en lo del amigo invisible.","twitter.com/Rocigaot/status/413108319163658240"
"18/12/2013 1:29:18","","413103645421367296","","@PotiPotiInLove @Tawil son más como los Furbys: tienen su lenguaje propio y a veces se ponen a desbarrar de repente porque quieren casito...","twitter.com/Rocigaot/status/413103645421367296"
"18/12/2013 1:17:06","","413100575312470017","","@PotiPotiInLove @Tawil a mí me angustia pensar que igual un día me da por procrear y va y me sale el crío minarquista...","twitter.com/Rocigaot/status/413100575312470017"
"18/12/2013 0:37:41","","413090652453220352","","@PotiPotiInLove @Tawil es de mi ciudad, concretamente. Y si me dijeran que es de mi ex colegio no me iba a impactar mucho...","twitter.com/Rocigaot/status/413090652453220352"
"18/12/2013 0:30:07","","413088749774319616","","@PotiPotiInLove @ilse0001 es que si ves cómo le acollejan en el patio no puedes ayudarle, hay que confiar en el laissez faire...","twitter.com/Rocigaot/status/413088749774319616"
"18/12/2013 0:22:19","","413086788668760064","","@PotiPotiInLove este se lo tenéis que dejar también a @Tawil para #avatarLET","twitter.com/Rocigaot/status/413086788668760064"
"18/12/2013 0:08:36","","413083335804452865","","@ilse0001 o por lo menos, empiezan a sospechar que 'insinúas' algo...","twitter.com/Rocigaot/status/413083335804452865"
"18/12/2013 0:06:37","","413082836191563777","","@ilse0001 pero mira, esa la pilló!","twitter.com/Rocigaot/status/413082836191563777"
"18/12/2013 0:05:32","","413082564832669696","","@ilse0001 @miky_co viste la bio del 'liberal desesperado' en esa conversación? Da para listado monguer!","twitter.com/Rocigaot/status/413082564832669696"
"18/12/2013 0:03:08","","413081960139853824","","@ilse0001 juas! a mí la gente que no pilla las ironías me crispa. Aunque tuve un jefe así y molaba poder soltarle zascas sin que se coscara","twitter.com/Rocigaot/status/413081960139853824"
"17/12/2013 23:57:17","","413080487960145920","","@ilse0001 yo tengo varios. Lo chungo es que también dan  'me gusta' a mis comentarios al respecto y temo que no se esté pillando la ironía..","twitter.com/Rocigaot/status/413080487960145920"
"17/12/2013 23:55:17","","413079984954040320","","@TaboadaLucia no valoramos suficientemente lo que hacen por ayudarnos a guardar la línea.","twitter.com/Rocigaot/status/413079984954040320"
"17/12/2013 23:49:53","","413078624934187008","","@TaboadaLucia qué casualidad, yo estoy haciendo la dieta de 'tengo radiadores eléctricos'!","twitter.com/Rocigaot/status/413078624934187008"
"17/12/2013 23:41:06","1","413076416624726016","2","'Me atrae y me confunde'. Paulina, a ti te confunden hasta con el truco de 'tengo tu nariz'. #QQCCMMfinal","twitter.com/Rocigaot/status/413076416624726016"
"17/12/2013 23:33:46","8","413074570791251968","11","No, Paulina, tú no necesitas copas para divertirte. Las necesitan los que van contigo. Y en cantidades industriales. #QQCCMMfinal","twitter.com/Rocigaot/status/413074570791251968"
"17/12/2013 22:49:22","","413063397542854656","","@PixelRobot igual es un pollo al que le habían trasplantado el alma de una palomita de la paz, hombre...","twitter.com/Rocigaot/status/413063397542854656"
"17/12/2013 22:07:18","","413052810570113025","","@AntonioMaestre ¿En la escuela de padres llevan dos meses 'trabajando con Churchill'? Van ellos a verle en la Tardis o hablan por ouija?","twitter.com/Rocigaot/status/413052810570113025"
"17/12/2013 16:40:36","2","412970593332379648","1","@LatveriasDoom ateos apropiándose de prácticas cristianas navideñas, como el Gordo o emborracharse y tirarse a alguien en la cena de empresa","twitter.com/Rocigaot/status/412970593332379648"
"17/12/2013 15:35:18","","412954159759912960","4","Un spot de Campofrío con Bárcenas,Urdangui & cia diciendo 'mis cuentas pueden irse a Suiza,pero no mi corazoncito español' #brainstorming","twitter.com/Rocigaot/status/412954159759912960"
"17/12/2013 15:14:27","2","412948912404574208","","@listocomics @undivaga esto no dará lombrices?","twitter.com/Rocigaot/status/412948912404574208"
"17/12/2013 12:54:44","1","412913751931645952","","@RapaCarballo @JulianSiniestro Cristo cantando 'soldados del amor' para animar a las tropas, como Marta Sánchez cuando la Guerra del Golfo.","twitter.com/Rocigaot/status/412913751931645952"
"17/12/2013 12:43:59","","412911045368242177","","@xoancastro seguro, aí é onde garda o porno...","twitter.com/Rocigaot/status/412911045368242177"
"17/12/2013 2:43:10","","412759843385008128","","@xoancastro pois pode ser. Nese caso mira ben se o tocado vai incluido no prezo ou o cobran aparte.","twitter.com/Rocigaot/status/412759843385008128"
"17/12/2013 0:03:42","","412719712405958656","","@callaquenoveo @Barbijaputa joder, yo lo de Alfonso Rojo lo sabía, pero lo de Garci es la primera noticia que tengo!","twitter.com/Rocigaot/status/412719712405958656"
"16/12/2013 23:22:51","1","412709433706151936","","@Tawil Daleks cubertos de pegatas de publicidade, a cabina de Movistar e Resines de prota. Eu véxoo.","twitter.com/Rocigaot/status/412709433706151936"
"16/12/2013 23:10:29","","412706321352237056","","@PotiPotiInLove no estás a lo que hay que estar, y claro...","twitter.com/Rocigaot/status/412706321352237056"
"16/12/2013 23:05:27","2","412705054773108736","1","@PotiPotiInLove @kalevorroka @bestilheiro las concertinas antigallegos teníais que haberlas puesto antes de que os coláramos a Mariano. ¡Ja!","twitter.com/Rocigaot/status/412705054773108736"
"16/12/2013 22:08:07","","412690624744157184","","@undivaga cuando mi madre era adolescente, mi abuela le daba coñac para los dolores de la regla. ¡Igual es homeopático también!","twitter.com/Rocigaot/status/412690624744157184"
"16/12/2013 21:54:10","","412687117492297728","","@undivaga 'no es lo que parece, mamá, no estuve de botellón, es que me han dao un jarabe homeopático'...","twitter.com/Rocigaot/status/412687117492297728"
"16/12/2013 21:35:50","1","412682502075977729","","@kalevorroka @bestilheiro é un anuncio cuñao-friendly.(Revisitando o concepto 'monguer-friendly' que creo que lle roubei a @PotiPotiInLove )","twitter.com/Rocigaot/status/412682502075977729"
"16/12/2013 21:28:48","1","412680732721442816","","@kalevorroka @bestilheiro aqui vai! http://www.youtube.com/watch?v=2FiDTj-cQUU&feature=youtu.be …","twitter.com/Rocigaot/status/412680732721442816"
"16/12/2013 21:25:35","","412679921379471360","1","@Garrafa arrieritos somos...","twitter.com/Rocigaot/status/412679921379471360"
"16/12/2013 20:40:07","1","412668479259414528","","En el próximo anuncio de Campofrío directamente nos dirán que solo se folla en España: en el extranjero se inseminan para no tocarse.","twitter.com/Rocigaot/status/412668479259414528"
"16/12/2013 20:38:31","","412668079508705280","","Otra cosa que me fascina del anuncio de Campofrío es que vean lo de respetar el espacio personal como algo malo.","twitter.com/Rocigaot/status/412668079508705280"
"16/12/2013 20:36:18","1","412667519954976768","","@bestilheiro pero alí non teriades a Campofrío coas súas salchich...oh wait!","twitter.com/Rocigaot/status/412667519954976768"
"16/12/2013 20:27:37","1","412665334152171520","","@LatveriasDoom esta historia mejora por momentos. ¡Me pido hacer la TV movie antes de que la haga Telecinco!","twitter.com/Rocigaot/status/412665334152171520"
"16/12/2013 20:23:12","","412664221646614528","","@bestilheiro eu ía facerme inglesa, pero qué faría alí se non teñen bares nin sentido do humor, seica.","twitter.com/Rocigaot/status/412664221646614528"
"16/12/2013 20:18:24","1","412663016300097536","","A mí me dan la nacionalidad sueca a cambio de renunciar a la mortadela Campofrío y firmo en menos de lo que tarda Chiquito en decir 'jarl'","twitter.com/Rocigaot/status/412663016300097536"
"16/12/2013 14:51:22","1","412580714916225024","1","@Marmota_Maligna yo me imagino a Piyei en su casa en este plan: http://www.youtube.com/watch?v=rAZumFtDVQg …","twitter.com/Rocigaot/status/412580714916225024"
"16/12/2013 13:13:51","","412556174223884288","","@xoancastro nese caso pódese entender, aínda que tamén hai quen pregunta se Espe ten coartada á hora do leñazo de Gallar...","twitter.com/Rocigaot/status/412556174223884288"
"16/12/2013 13:08:21","2","412554789751250944","","@SenoritaPuri yo creo que se estaba imaginando que el pobre oso era Juancar...","twitter.com/Rocigaot/status/412554789751250944"
"16/12/2013 13:02:06","18","412553217096941568","26","A lo mejor Gallardón se tiró por las escaleras para hacernos la demostración de cómo podemos abortar si no tenemos pasta para ir a Londres.","twitter.com/Rocigaot/status/412553217096941568"
"16/12/2013 12:52:55","1","412550905897037824","","Feijóo propón tomar menos fármacos e máis mel: a homeopatía do oso Yogui. http://ecodiario.eleconomista.es/interstitial/volver/selfdic13/espana/noticias/5394450/12/13/Feijoo-aboga-por-consumir-menos-farmacos-y-mas-miel-.html …","twitter.com/Rocigaot/status/412550905897037824"
"16/12/2013 1:29:14","2","412378851545608192","2","Yo con los debates de #CuartoMilenio siempre tengo algún déjà vu de botellones con petas de por medio en mis años de facultad....","twitter.com/Rocigaot/status/412378851545608192"
"16/12/2013 1:21:57","","412377016717942785","3","Psicópatas y 'materialismo dialéctico'. Hoy en #CuartoMilenio van a reventar el cuñadómetro.","twitter.com/Rocigaot/status/412377016717942785"
"16/12/2013 1:03:33","","412372387468828672","","@ComandanteVimes @Zaraphiston_ ¿¿¿QUE AL FINAL MUERE CHANQUETE???","twitter.com/Rocigaot/status/412372387468828672"
"16/12/2013 0:59:14","","412371300481392641","","@Zaraphiston_ @ComandanteVimes cuando se estrenó Titanic, una amiga me acusó de destripársela por decir que el barco se hundía...","twitter.com/Rocigaot/status/412371300481392641"
"16/12/2013 0:53:15","2","412369794340380672","1","@Tawil @Xiscally si el seguro no me cubre la mancha de humedad de la pared, se la mando a Friker como ECTOPLASMA GAYEGO,  igual hago negocio","twitter.com/Rocigaot/status/412369794340380672"
"16/12/2013 0:51:36","1","412369381377572865","1","@Xiscally es que los alemanes en modo cangrejo se cargan el ambiente totalmente... :D","twitter.com/Rocigaot/status/412369381377572865"
"16/12/2013 0:49:23","1","412368823019241472","1","@Xiscally los gallegos prácticamente tenemos sección propia, pero se ve que somos más de espíritus y endemoniados que de ovnis.","twitter.com/Rocigaot/status/412368823019241472"
"16/12/2013 0:38:32","","412366093978591232","","Ah,no, después de enmendar la plana a los jueces toca 'apariciones en carretera', claro que sí. #CuartoMilenio","twitter.com/Rocigaot/status/412366093978591232"
"16/12/2013 0:29:55","","412363922604167169","","Que me lleven a cuñadear a #CuartoMilenio que soy experta de nivel también: por lo menos 4 temporadas de Mentes Criminales me he visto.","twitter.com/Rocigaot/status/412363922604167169"
"16/12/2013 0:27:30","","412363316355293185","1","Escaleta de hoy: 1. Ovnis. 2. Enmendar la plana a Estrasburgo. 3. Implantación de chips. 4. ¿Ectoplasmas? ¿Peces feos?  #CuartoMilenio","twitter.com/Rocigaot/status/412363316355293185"
"16/12/2013 0:26:04","","412362954525249536","","@Hectorgonvaz @medicblasto yo pasé las 2 legislaturas de aborto en aborto para postponer mi matrimonio forzado con una señora de Murcia.","twitter.com/Rocigaot/status/412362954525249536"
"16/12/2013 0:19:25","4","412361283074142208","6","¿No es paradójico que usen el argumento de 'quién protegerá a las niñas' en un programa que suele invitar a Sánchez Dragó?  #CuartoMilenio","twitter.com/Rocigaot/status/412361283074142208"
"16/12/2013 0:13:27","1","412359780007542785","3","@medicblasto va a pasar como en España. Yo tenía novio hasta que llegó ZP y le obligó a casarse con un encofrador de Cuenca.","twitter.com/Rocigaot/status/412359780007542785"
"16/12/2013 0:06:57","","412358142417063936","","¿Lo de 'el psicópata no se plantea que lo es' es como lo de 'el verdadero mesías niega su divinidad' de La vida de Brian? #CuartoMilenio","twitter.com/Rocigaot/status/412358142417063936"
"16/12/2013 0:03:18","3","412357224384565248","5","Eso sí, lo chungo es que un asesino en serie mate a una niña. Si pasas de 18 y el que te mata es tu novio, ya tal.","twitter.com/Rocigaot/status/412357224384565248"
"16/12/2013 0:01:58","1","412356888450174977","1","En #CuartoMilenio están condenando la derogación de la Parot porque vieron en Dexter que los psicópatas son muy listos, o algo así.","twitter.com/Rocigaot/status/412356888450174977"
"15/12/2013 23:16:30","","412345446426611713","","@ilse0001 @callaquenoveo es con cariño, pero es que su versión celebrities es taaaan grande...","twitter.com/Rocigaot/status/412345446426611713"
"15/12/2013 23:14:00","","412344817947922432","","@callaquenoveo @ilse0001 Vamos, Robert, sal a bailar! http://www.youtube.com/watch?v=zaIR85T5UYY …","twitter.com/Rocigaot/status/412344817947922432"
"15/12/2013 15:19:09","2","412225317718093824","1","@VIVAANTES @Cascarelo eu voto por un documental con Reverte en plan Troy McClure. 'Tal vez me recuerden de cuñadismos anteriores como...'","twitter.com/Rocigaot/status/412225317718093824"
"14/12/2013 23:58:20","","411993589690802176","","@hematocritico @JonatanSark @NoelBurgundy ya estoy viendo los Daleks con más pegatinas de publicidad que el coche de Fernando Alonso...","twitter.com/Rocigaot/status/411993589690802176"
"14/12/2013 19:13:42","","411921956825350144","","Hay como 6gatos en celo en mi calle maullando sin parar y me acabo de acordar del Singstar de mis ex vecinos. Si me leéis,¿cómo os va todo?","twitter.com/Rocigaot/status/411921956825350144"
"13/12/2013 16:18:05","1","411515376267042816","","@shakesphobic que dividan o total de rebanadas do paquete entre todas e as etiqueten unha por unha co nome da propietaria!","twitter.com/Rocigaot/status/411515376267042816"
"13/12/2013 16:07:49","","411512789895614464","","@sincarisma no te fíes de Javi el informático. Yo creo que quiere entrarle a Marisa, lo de las cañas es para que vaya achispada...","twitter.com/Rocigaot/status/411512789895614464"
"13/12/2013 15:32:57","","411504014576975874","","@VIVAANTES @Tawil @autoTawil pregúntalle a @xoancastro que é o que leva o da Reserva Federal do Visiblo","twitter.com/Rocigaot/status/411504014576975874"
"13/12/2013 15:28:43","","411502952839278593","","Aahora con la reforma laboral pueden echarle. Antes cualquiera le pagaba una indemnización con 700 años trabajados... http://www.elperiodico.com/es/noticias/politica/una-asesora-wert-inquiere-cuanto-cobra-ramon-llull-2922311 …","twitter.com/Rocigaot/status/411502952839278593"
"13/12/2013 15:21:45","","411501199074934785","","@Tawil @VIVAANTES @autoTawil pero cobrarás en visibilidade!","twitter.com/Rocigaot/status/411501199074934785"
"13/12/2013 15:07:33","","411497622520610816","","@callaquenoveo tienen email para sugerencias?","twitter.com/Rocigaot/status/411497622520610816"
"13/12/2013 12:50:04","","411463026194132994","","@callaquenoveo ¿Hay dibu para colorear de Froilán en la Joy Eslava a lo Fiebre del Sábado Noche?","twitter.com/Rocigaot/status/411463026194132994"
"13/12/2013 11:37:14","4","411444697735770112","3","Entonces,  ¿ya no podrá casarnos borrachos en Eurovegas un notario vestido de Camilo Sesto?","twitter.com/Rocigaot/status/411444697735770112"
"13/12/2013 11:22:38","","411441020367142912","1","@ComandanteVimes yo me encuentro a 6adolescentes de botellón pinchando Justin Bieber o electrolatino y huyo más rápido que con el  fantasma","twitter.com/Rocigaot/status/411441020367142912"
"13/12/2013 11:18:53","","411440076648742912","","@ComandanteVimes una pena! yo ahora también los que tengo a mano son demasiado peques; o ya adolescentes, que espantan más de vivos.","twitter.com/Rocigaot/status/411440076648742912"
"13/12/2013 11:16:14","","411439410257723392","","@ComandanteVimes ¿y algún amigo que haya procreado ya?aunque hay padres reacios a poner a sus hijos a hacer de seres del más allá...","twitter.com/Rocigaot/status/411439410257723392"
"13/12/2013 11:01:18","1","411435654107508736","","@ComandanteVimes lástima, un niño fantasma siempre le da mucho empaque a una casa maldita.","twitter.com/Rocigaot/status/411435654107508736"
"13/12/2013 10:54:49","1","411434021101375488","","@ComandanteVimes si tienes un sobrinito que soltar por allí, para luego decirles  'aquí hace 70 años murió un niño...', mejor aún.","twitter.com/Rocigaot/status/411434021101375488"
"13/12/2013 10:36:19","","411429367525294081","","@xoancastro a xuventude está perdendo os valores...","twitter.com/Rocigaot/status/411429367525294081"
"13/12/2013 0:48:15","","411281372909543424","","@xoancastro @Cascarelo ben bonita, si señor!","twitter.com/Rocigaot/status/411281372909543424"
"13/12/2013 0:17:45","","411273699971440640","","@Cascarelo 'You got: as Brittish as a Dalek serving afternoon tea'. Isto convalida créditos en Filoloxía Inglesa?","twitter.com/Rocigaot/status/411273699971440640"
"12/12/2013 15:43:01","","411144161664839681","","@callaquenoveo es que lo de mi ex barrio era todo un ejemplo de publicidad estratégica. Deberían explicarlo en los cursos de marketing...","twitter.com/Rocigaot/status/411144161664839681"
"12/12/2013 14:22:34","","411123914509533185","","@callaquenoveo en mi ex barrio, que es zona de bares, los ponían los sábados por la noche. Para los que no habían ligado e iban de retirada","twitter.com/Rocigaot/status/411123914509533185"
"11/12/2013 15:13:48","1","410774420760715265","","@Vero_vai estou por mandar unha carta á DGT: 'Mira, os comento, estoy en paro y comprar coche ahora,mal. Eso sí, si invitáis vosotros...'","twitter.com/Rocigaot/status/410774420760715265"
"11/12/2013 14:39:47","1","410765860274307072","","Ya me ha mandado la DGT la carta de 'te recordamos que puedes palmar más fácilmente porque tu coche es viejo'. PUES REGALADME UNO, CABRONES","twitter.com/Rocigaot/status/410765860274307072"
"11/12/2013 0:42:53","","410555249959522304","2","Que la autofoto de Obama y compañía en el funeral podía ser peor. Podían estar poniendo bocapato. O haciendo lo del corazón con las manos.","twitter.com/Rocigaot/status/410555249959522304"
"11/12/2013 0:29:37","","410551908525305856","1","Obama y compañía, pasándose las fotos del funeral por whatsapp y diciendo que 'a ver cuando hacemos kedada sin esperar a que muera alguien'","twitter.com/Rocigaot/status/410551908525305856"
"11/12/2013 0:14:08","","410548010859241472","","@ilse0001 nos has pillado. Somos cuentas fake de bigotitos!","twitter.com/Rocigaot/status/410548010859241472"
"11/12/2013 0:10:50","","410547183125950464","","@ilse0001 @PotiPotiInLove al menos queda claro que no somos la misma persona, a lo Clark y Superman... :D","twitter.com/Rocigaot/status/410547183125950464"
"10/12/2013 23:59:36","4","410544353258389504","1","¿Paulina no es un poco la versión femenina del 'cabeza de viejo, cuerpo de joven' de Muchachada Nui? #qqccmm4","twitter.com/Rocigaot/status/410544353258389504"
"10/12/2013 19:07:35","","410470867097763841","","En buena hora he cotilleado el blog de Sara Carbonero: Esas citas célebres, esas mayúsculas al tuntún, esas fans dignas de 'Misery'...","twitter.com/Rocigaot/status/410470867097763841"
"10/12/2013 17:52:25","","410451949469720576","","@PotiPotiInLove mucho Orwell y mucho Huxley y esa distopía no la vimos venir...","twitter.com/Rocigaot/status/410451949469720576"
"10/12/2013 16:17:46","","410428129090363392","","Pues ya han aprovechado lo de Mandela para recordar el mundial Rajoy y Sara Carbonero. Avisadme cuando se pronuncie Manolo el del Bombo.","twitter.com/Rocigaot/status/410428129090363392"
"10/12/2013 15:04:17","","410409640250200064","","Pues ya se me ha colado un dequeísmo por ir cambiando palabros para ajustarme al límite de caracteres. ¡Necesito opción de editar tweets!","twitter.com/Rocigaot/status/410409640250200064"
"10/12/2013 14:52:30","","410406671677026304","","Y dad gracias de que en Sudáfrica jugó la selección y no el Real Madrid, o Rajoy soltaba algo tipo 'orgullo blanco' en el funeral de Mandela","twitter.com/Rocigaot/status/410406671677026304"
"10/12/2013 14:47:29","","410405412312072192","","Rajoy en el funeral de Mandela, preguntándole a Obama si se ha perdido el beso de Casillas y Carbonero, que estaba pillando unas birras.","twitter.com/Rocigaot/status/410405412312072192"
"10/12/2013 12:57:53","","410377830740930562","","Rajoy ya ha tenido que sacar a colación el Mundial. Venga,luzcámonos más, mandemos a los Manolos y Carbonero a cubrir el funeral a Sudáfrica","twitter.com/Rocigaot/status/410377830740930562"
"10/12/2013 12:55:26","","410377213465198592","","@chselles @AntonioMaestre ay, ya lo he visto. Pues sí que lo ha dicho. ¿Pero cómo se puede ser tan gañán?","twitter.com/Rocigaot/status/410377213465198592"
"10/12/2013 12:50:31","","410375976619503617","","@AntonioMaestre no me jodas que lo ha dicho!","twitter.com/Rocigaot/status/410375976619503617"
"10/12/2013 12:34:04","1","410371836560408576","","@gerardotc mientras no dejen que Ramos ayude a llevar el féretro...","twitter.com/Rocigaot/status/410371836560408576"
"10/12/2013 0:51:37","","410195059280060416","","@SorSebastian también es cierto, si son fácilmente sugestionables la puedo liar parda...","twitter.com/Rocigaot/status/410195059280060416"
"10/12/2013 0:47:32","","410194031553953793","","@SorSebastian ya sé qué les voy a dejar a todo trapo a los vecinos ruidosos como venganza cuando me vaya todo el fin de semana...","twitter.com/Rocigaot/status/410194031553953793"
"9/12/2013 21:24:59","","410143056654905344","","@Dalek_fan @ComandanteVimes si tras la fecundación ya es autónomo, cuando esté embarazada y quiera irme de copas me dejo al feto en casa :D","twitter.com/Rocigaot/status/410143056654905344"
"9/12/2013 21:00:02","1","410136776234119168","","@ComandanteVimes @EscepticaOrg me ha picado la curiosidad y he buscado el artículo. En buena hora. Ay.","twitter.com/Rocigaot/status/410136776234119168"
"9/12/2013 19:42:38","","410117300256133120","","@Marmota_Maligna el estado opresor siempre estorbando a los emprendedores. A mí me vetaron la idea del Linkedin para contratar sicarios...","twitter.com/Rocigaot/status/410117300256133120"
"9/12/2013 19:35:47","1","410115575017242624","","@ComandanteVimes si vascos, gallegos y catalanes decimos que la Cibeles está en Albacete nos dejan independizarnos?","twitter.com/Rocigaot/status/410115575017242624"
"9/12/2013 11:30:28","","409993443444678656","","@DavidLombao poderían ser máis modernos aínda e subir un video ao Youtube onde o expliquen RAPEANDO","twitter.com/Rocigaot/status/409993443444678656"
"9/12/2013 11:26:28","","409992437252116480","","@DavidLombao Non é nadal (ou verán) até que chega ESA nota....","twitter.com/Rocigaot/status/409992437252116480"
"9/12/2013 11:24:56","","409992047202795521","","No sé cómo interpretar esas comillas de 'prestigiosos'...pic.twitter.com/A6BAQxwvEr","twitter.com/Rocigaot/status/409992047202795521"
"8/12/2013 13:07:09","","409655384270323712","","@RubenGaldon encima, ni siquiera vegetarianos: VEGANOS. A mí la tortilla y el queso me los tendrán que arrancar de las manos en rigor mortis","twitter.com/Rocigaot/status/409655384270323712"
"8/12/2013 13:01:44","2","409654021889073152","2","Nos tendrán fichadísimos por las redes sociales y tal, pero al parecer FB cree que me interesa unirme a 1grupo de veganos que hacen running","twitter.com/Rocigaot/status/409654021889073152"
"6/12/2013 13:44:26","","408939993013297152","","@Genko Mariló preguntando qué hay dentro del féretro de Mandela. Y  de qué país del sur de África era exactamente: Angola, Cuba, Albacete...","twitter.com/Rocigaot/status/408939993013297152"
"6/12/2013 12:40:28","5","408923895643652096","1","@NewIlluminatus @miky_co igual no le llega, que como twittea desde un vaso de yogur atado con un cordel... :D","twitter.com/Rocigaot/status/408923895643652096"
"5/12/2013 15:04:49","","408597833223135232","","@zaldibiko decir que igual la imputación por abusos sexuales al cura de Borja era una campaña para llevar turismo al pueblo...","twitter.com/Rocigaot/status/408597833223135232"
"4/12/2013 23:02:15","","408355594542665728","","@callaquenoveo 'Pauly D sigue pasándose con la gomina, pero... ¿qué es eso que dice de que dirigía Banesto?'","twitter.com/Rocigaot/status/408355594542665728"
"4/12/2013 22:59:50","","408354988763516928","","@callaquenoveo y ahora no sólo llevan extensiones ellas, ¡ellos llevan peluquín!","twitter.com/Rocigaot/status/408354988763516928"
"4/12/2013 22:58:27","","408354640611143682","2","@callaquenoveo alguno no se coscará del cambio, se encontrará El gato al agua y pensará: 'qué desmejorados están en la nueva temporada'","twitter.com/Rocigaot/status/408354640611143682"
"4/12/2013 22:56:41","2","408354194639187969","","@aberron 'Circule con precaución: no ir mirando el iPad mientras camina por esta zona'","twitter.com/Rocigaot/status/408354194639187969"
"4/12/2013 22:44:29","","408351123213254656","","Intereconomía ocupará el puesto de MTV . Habrá quien no se entere y al ver a los del Gato al agua dándole al vino crea que es Gandía Shore.","twitter.com/Rocigaot/status/408351123213254656"
"4/12/2013 20:30:14","","408317341143810048","","Donantes madrileños, yo que vosotros iba llamando a @CruzRojaEsp en bloque para pedir vuestra parte de la pasta...  http://www.elboletin.com/nacional/89005/cruz-roja-67euros-bolsa-sangre-hospitales.html …","twitter.com/Rocigaot/status/408317341143810048"
"4/12/2013 16:10:32","","408251982650961920","","@Adroi_Bogui @ilse0001 demasiado tarde,me he hecho la imagen mental. Necesito el borrador de recuerdos de Men in Black, o lobotomía, o algo!","twitter.com/Rocigaot/status/408251982650961920"
"4/12/2013 16:07:24","1","408251193735933952","","@undivaga de hecho el perro pone cara de 'aaaay, qué paciencia hay que tener...'","twitter.com/Rocigaot/status/408251193735933952"
"4/12/2013 15:30:53","1","408242006977032192","2","Según una vieja profecía de Nostradamus, está al caer el día en que Toni Cantó y Mariló Montero se apareen y nazca el Mesías de los Cuñaos.","twitter.com/Rocigaot/status/408242006977032192"
"4/12/2013 15:24:22","","408240366333075457","","Cualquier día nos dice Mariló Montero que lo de Chernóbil fue un flashmob para dar a conocer Ucrania.","twitter.com/Rocigaot/status/408240366333075457"
"3/12/2013 20:38:21","","407956994658533376","","¿Y no podemos seguir el ejemplo y elegir presidente honorífico al Flying Spaguetti Monster? http://www.andalucesdiario.es/ciudadanxs/el-ayuntamiento-de-la-linea-nombra-a-una-virgen-alcaldesa-perpetura/ …","twitter.com/Rocigaot/status/407956994658533376"
"2/12/2013 15:26:42","","407516176374169600","","@nebulina pensé que igual había sido un Mister Zamora y era conocido allí,o algo semejante,y por eso daban bombo a tremendo notición... :D","twitter.com/Rocigaot/status/407516176374169600"
"2/12/2013 15:19:16","","407514306419257345","","@nebulina es que está lo tróspido del tema en sí, y ya que La Opinión de Zamora le vea interés informativo.¿Es zamorano el chaval, al menos?","twitter.com/Rocigaot/status/407514306419257345"
"2/12/2013 15:13:39","","407512892280299520","","El chiste de 'poned un almacén de Amazon en el aeropuerto de Castellón para que al menos haya tráfico aéreo de drones' ya está hecho, ¿no?","twitter.com/Rocigaot/status/407512892280299520"
"2/12/2013 15:08:30","","407511598446571520","","@nebulina WTF?","twitter.com/Rocigaot/status/407511598446571520"
"2/12/2013 1:58:31","","407312792555757568","","@SrMachacasaurio yo les quería mandar la eco de una amiga. Junto al feto veo algo que se me parece al bebé de Dinosaurios (¡tú no mami!)","twitter.com/Rocigaot/status/407312792555757568"
"2/12/2013 1:57:45","","407312595989704704","1","@ComandanteVimes para mí 'The Office' es realismo costumbrista, no te digo más...","twitter.com/Rocigaot/status/407312595989704704"
"2/12/2013 1:54:08","","407311686031245312","","@ComandanteVimes como decía un ex jefe mío, 'yo ya hice lo difícil que es tener la idea, ahora llevarla a la práctica es cosa tuya'.","twitter.com/Rocigaot/status/407311686031245312"
"2/12/2013 1:45:12","","407309439423614977","","#CuartoMilenio quiere presentarnos a 'un personaje'. OH, NOVEDAD.","twitter.com/Rocigaot/status/407309439423614977"
"2/12/2013 1:44:23","2","407309235102306304","1","Internet y los smartphones son el mal, salvo las apps que promocionamos aquí para llenar escaleta #CuartoMilenio","twitter.com/Rocigaot/status/407309235102306304"
"2/12/2013 1:41:34","","407308523731550209","","@Marmota_Maligna tendrían que haberla puesto justo a continuación del especial 'los smartphones son el maligno y nos controlan'...","twitter.com/Rocigaot/status/407308523731550209"
"2/12/2013 1:37:10","1","407307416896671744","","@Tawil cando lembre onde metín o meu libro de Syntax mándolles material pra tres meses...","twitter.com/Rocigaot/status/407307416896671744"
"2/12/2013 1:26:57","1","407304846362943488","","Iker nos enseña la revista que hacía con 10 años. ¡Era como Ross con su comic del Chico Ciencia! #CuartoMilenio","twitter.com/Rocigaot/status/407304846362943488"
"2/12/2013 1:23:35","","407303999092572160","1","'Mi padre daba 20 electroshocks al día, pero no era por vicio' #CuartoMilenio","twitter.com/Rocigaot/status/407303999092572160"
"2/12/2013 1:21:22","","407303440939769856","","@Marmota_Maligna estoy entre eso y hacer tutoriales de lobotomía en Youtube...","twitter.com/Rocigaot/status/407303440939769856"
"2/12/2013 1:18:30","","407302718680596480","1","@Marmota_Maligna quien tenga una furgo apañada puede montar un negocio de lobotomía móvil de esos... #emprendimiento","twitter.com/Rocigaot/status/407302718680596480"
"2/12/2013 0:56:56","4","407297293386133504","6","Pues a mí los analistas que espían FB me dan pena. La de carteles de frasecitas de Paulo Coelho que se chuparán al día...  #CuartoMilenio","twitter.com/Rocigaot/status/407297293386133504"
"2/12/2013 0:47:40","","407294961097265152","","@Tawil será que ela non é especialista coma el. Todavía hai clases...","twitter.com/Rocigaot/status/407294961097265152"
"2/12/2013 0:41:23","","407293379899170816","1","No puedo creer que para el tema de 'Internet es caca' no hayan llamado a Pérez Reverte. Ahora le aguanta Lola el berrinche #CuartoMilenio","twitter.com/Rocigaot/status/407293379899170816"
"2/12/2013 0:38:57","1","407292767048450048","4","Lo típico, te llevas al espacio el USB que te pasó Putin con los mejores power points de fotos de gatos y la lías parda #CuartoMilenio","twitter.com/Rocigaot/status/407292767048450048"
"2/12/2013 0:35:09","3","407291810399023105","4","Si empezamos a combinar aleatoriamente tertulianos de #CuartoMilenio, Sálvame Deluxe y La Sexta Noche, ¿creéis que se notaría mucho cambio?","twitter.com/Rocigaot/status/407291810399023105"
"2/12/2013 0:29:47","1","407290460370006016","","Si FB y Google espiaran taaan bien dejarían de sugerirme agregar a Espe Aguirre a Google+ o hacerme fan de Pronovias. #CuartoMilenio","twitter.com/Rocigaot/status/407290460370006016"
"1/12/2013 23:13:15","1","407271200272834560","1","@ComandanteVimes eso y que si mandas a tu mayordomo saltar a una pira para salvar a una princesa hindú, cuenta como que la has salvado tú...","twitter.com/Rocigaot/status/407271200272834560"
"1/12/2013 20:35:51","","407231589429424128","","¿Y si le regalamos Internet a Pérez Reverte para que se lo cargue a hostias y se quede tranquilo? Yo creo que cuela http://www.youtube.com/watch?v=w5cw9KMVf2E …","twitter.com/Rocigaot/status/407231589429424128"
"1/12/2013 17:42:21","","407187926053687296","","@annakosmonaut @missultrasonica Mi madre: 'es que todas mis amigas son abuelas ya'. Yo: '¿Y si tus amigas se tiran por un puente...?'","twitter.com/Rocigaot/status/407187926053687296"
"1/12/2013 17:40:55","","407187565859446784","","@Marmota_Maligna @missultrasonica en mi caso desde luego lo es...","twitter.com/Rocigaot/status/407187565859446784"
"1/12/2013 17:37:23","1","407186677933699072","","@missultrasonica 'porque tus padres quieren nietos', 'porque ya tienes una edad', 'porque es egoísta huir de esa responsabilidad'... #MATAR","twitter.com/Rocigaot/status/407186677933699072"
"1/12/2013 14:00:23","1","407132067097350144","2","Pedro J y el PP son como Quimi y Valle. Se pasan media vida puteándose y dándose celos con otros (UPyD, ABC),y luego acabarán volviendo.","twitter.com/Rocigaot/status/407132067097350144"