"date","fav","id","rt","text","url"
"31/10/2013 0:29:38","","395694010431332352","","@echeoqhai Gensanta...","twitter.com/Rocigaot/status/395694010431332352"
"30/10/2013 23:58:27","","395686163026935808","","Acabo de ver un anuncio en el que preguntan 'qué haces para presumir de axilas'. ¿Hay gente que va presumiendo de axilas por ahí?","twitter.com/Rocigaot/status/395686163026935808"
"29/10/2013 19:10:15","","395251245624987648","","@xoancastro quero que volva Muchachada Nui! Teño unha lista de suxerencias para Celebrities que lles daba pra cinco tempadas.","twitter.com/Rocigaot/status/395251245624987648"
"29/10/2013 15:31:30","","395196197519892480","","En todas las fotos que he visto de Carromero parece que tiene la cabeza pegada con Photoshop en el cuerpo de otro. Es inquietante.","twitter.com/Rocigaot/status/395196197519892480"
"29/10/2013 15:28:14","","395195377319550977","","Que dice La Razón que las mujeres podemos hacer dos cosas a la vez y que qué bien para freir las patatas y batir los huevos a la vez.","twitter.com/Rocigaot/status/395195377319550977"
"29/10/2013 0:02:12","","394962330548584448","","@PotiPotiInLove Y yo que pensaba que no había nada más triste que autodefinirse como Barbie Complementos, a lo Edurne Uriarte...","twitter.com/Rocigaot/status/394962330548584448"
"28/10/2013 21:17:40","1","394920926409535488","","@08181 igual es que el número uno se lo reservan a Farruquito...","twitter.com/Rocigaot/status/394920926409535488"
"28/10/2013 12:36:07","","394789673643413504","","Arias Cañete deshaciéndose de toda su pasta un día de estos lanzándola desde uno de sus 7coches. A lo Pinkman, bitch. http://www.eldiario.es/politica/Arias-Canete-vive-mejor_0_190381268.html …","twitter.com/Rocigaot/status/394789673643413504"
"27/10/2013 16:06:14","","394480164127526913","1","Desde luego, cómo es la gente: vas a una manifa con la bandera del pollo y escuchas el himno con el brazo extendido y ya te llaman facha...","twitter.com/Rocigaot/status/394480164127526913"
"27/10/2013 14:42:00","1","394458963799838720","","@MargaretCastor quiero esa taza!","twitter.com/Rocigaot/status/394458963799838720"
"27/10/2013 13:55:38","1","394447295590060032","","¿Coren está patrocinando la manifa de la AVT? Por el merchandising de banderas con pollo, digo.","twitter.com/Rocigaot/status/394447295590060032"
"27/10/2013 13:04:54","","394434529638621184","","@PotiPotiInLove @ilse0001 empezar? si eso ya es droga dura!","twitter.com/Rocigaot/status/394434529638621184"
"27/10/2013 12:46:57","","394430009286205440","","@Tawil xa me parecía que a foto non tiña moito que ver, pero tiña que soltar igual a referencia á vida de Brian! :P","twitter.com/Rocigaot/status/394430009286205440"
"27/10/2013 12:45:10","","394429564165693440","","@ilse0001 @PotiPotiInLove tiene pintaza, pero creo que no voy a bucear en su TL ahora, que aún estoy con el primer café del día...","twitter.com/Rocigaot/status/394429564165693440"
"27/10/2013 12:42:44","1","394428952107683841","","@Tawil pero iso foi só porque a povo facíalle gracia como pronunciaba Pilatos o R de Barrabás...","twitter.com/Rocigaot/status/394428952107683841"
"27/10/2013 12:39:17","","394428082670415872","","@ilse0001 @PotiPotiInLove el machimonguer que tiene la cuenta 'compartida como nuestro amor' pero a nombre sólo de él también es para ver...","twitter.com/Rocigaot/status/394428082670415872"
"27/10/2013 12:26:22","","394424829597585409","","@Hominidio as opcións de 'ocultar publicaciones a estos grupos o contactos' e 'ocultar publicaciones de este contacto' son o mellor do FB!","twitter.com/Rocigaot/status/394424829597585409"
"26/10/2013 13:05:50","","394057274261397504","","@Credendo_Vides1 igual es eso, puede que a la 689 vez aten cabos...","twitter.com/Rocigaot/status/394057274261397504"
"26/10/2013 13:05:23","","394057161640132608","","@Hominidio pois terei que trastear a ver se o consigo, que a última vez que o intentei só me deixaba meter nomes de aplicacións un por un!","twitter.com/Rocigaot/status/394057161640132608"
"26/10/2013 3:25:12","","393911153484910592","","@Hominidio sei que podes ilas bloqueando unha a unha,teño que mirar ben se se poden bloquear todos os xogos xuntos","twitter.com/Rocigaot/status/393911153484910592"
"26/10/2013 3:02:56","","393905551450845184","","@xoancastro e tras iso xa pararon? Por probar eu...","twitter.com/Rocigaot/status/393905551450845184"
"26/10/2013 2:40:58","","393900024393768961","","A la 34ªvez que alguien te manda una solicitud para un juego de Facebook y tú la ignoras y bloqueas ese juego,¿no debería pillar el mensaje?","twitter.com/Rocigaot/status/393900024393768961"
"26/10/2013 2:10:46","1","393892422666563586","","@doctorojete pero entonces, ¿él la ha dejado por una secta?¿No era que le acosaban las zorrupias que le pedían entradas para ver al Papa?","twitter.com/Rocigaot/status/393892422666563586"
"25/10/2013 14:40:58","","393718828481253376","","Felipe González en Facebook es de los que dan 'me gusta' a sus propios estados y sus autofotos sexys en el espejo del baño.","twitter.com/Rocigaot/status/393718828481253376"
"25/10/2013 13:08:06","","393695457123115008","","De 0 a Felipe González, ¿cuánto ego tienes? http://www.eldiario.es/politica/Felipe-Gonzalez-fundacion-presidida-estudiar_0_189681151.html …","twitter.com/Rocigaot/status/393695457123115008"
"24/10/2013 22:54:58","","393480761426198528","1","@ComandanteVimes ¡si lo piensas, la canción de 'mi novio es un zombie' de Alaska se adelantó décadas a su tiempo!","twitter.com/Rocigaot/status/393480761426198528"
"24/10/2013 21:27:12","","393458672321302528","","@diegogiraldez por cantar a España foi menospreciado pese a letras dignas de Dylan coma 'no me gusta que a los toros te pongas la minifalda'","twitter.com/Rocigaot/status/393458672321302528"
"24/10/2013 20:10:38","","393439406218297344","","No lo voy a decir muy alto,pero de momento está aguantando sin diluviar...  #24O","twitter.com/Rocigaot/status/393439406218297344"
"24/10/2013 14:57:10","","393360520352243712","","Creo que las había leído/oído ya todas menos la perlita de la casa y el cemento. http://www.eldiario.es/zonacritica/frases-Wert-invitan-huelga_6_189041106.html …","twitter.com/Rocigaot/status/393360520352243712"
"24/10/2013 14:44:38","","393357362653720578","","A juzgar por las botas que vi ayer en Zara,este invierno las pijas que se reían de las crías de ZP irán a Pacha vestidas como para el Wacken","twitter.com/Rocigaot/status/393357362653720578"
"24/10/2013 14:09:49","","393348602539413505","","@ilse0001 creo que alguno ha tenido que mirar en Google Maps dónde está su facultad/instituto para ejercer hoy su derecho a ir a clase...","twitter.com/Rocigaot/status/393348602539413505"
"24/10/2013 12:18:03","2","393320473276063744","","@sovcolor @VictorMPozuelo es como lo del 'no queríamos más hijos así que me ligué las trompas, que a él le daba mal rollo la vasectomía'.","twitter.com/Rocigaot/status/393320473276063744"
"24/10/2013 11:41:38","","393311308906373120","","Barbie Complementos se pone tó chula: http://www.eldiario.es/politica/Wert-advierte-condicion-tertuliana-acompanante_0_188981916.html …","twitter.com/Rocigaot/status/393311308906373120"
"23/10/2013 23:58:51","","393134449233113088","","@Tawil eso xa é outra cousa!","twitter.com/Rocigaot/status/393134449233113088"
"23/10/2013 23:52:07","1","393132756151975936","","Pensará @Tawil actualizar algún día #avatarLET? Porque non será porque non queda material! https://twitter.com/albertoasensio_ ","twitter.com/Rocigaot/status/393132756151975936"
"23/10/2013 23:49:37","","393132125831954432","","¿Lo de que el tío que entró en casa de Bárcenas dijo 'he venido de Cuenca para salvar España' es cierto? Porque si no es fake, soy ultrafan.","twitter.com/Rocigaot/status/393132125831954432"
"23/10/2013 23:45:33","1","393131101016707072","","Que al parecer,lo importante es el derecho a ir a clase mañana. Lo de tener derecho a poder seguir estudiando pasado mañana, ya si eso.","twitter.com/Rocigaot/status/393131101016707072"
"23/10/2013 15:39:49","","393008862917165056","","@DaniMateoAgain sí que hay nominaciones, pero es que nominan irónicamente.  #EnElGranHermanoIndie","twitter.com/Rocigaot/status/393008862917165056"
"23/10/2013 15:32:23","","393006991066427392","","@ilse0001 lo peor es que ni me sorprende. He tenido cada lumbrerita de jefe currando en prensa...","twitter.com/Rocigaot/status/393006991066427392"
"23/10/2013 15:28:11","","393005934059855873","","@ilse0001 El 144 del listado es para enmarcarlo también...","twitter.com/Rocigaot/status/393005934059855873"
"23/10/2013 15:19:21","","393003714543230976","1","Esto es un mongotweet por tantas razones a la vez que no dan los 140 caracteres para hacer coñas al respecto. https://twitter.com/nuriapelli/status/392012595412369408 …","twitter.com/Rocigaot/status/393003714543230976"
"23/10/2013 14:47:41","","392995742630965248","","Empresaurios: si vais a pedir 4 idiomas, 2 masters y 'seriedad y ganas de trabajar', al menos que la oferta vaya sin faltas de ortografía.","twitter.com/Rocigaot/status/392995742630965248"
"23/10/2013 2:25:21","","392808930541187072","","¿Sabéis lo que sería una risa?Hacer creer a los cuñaos que van a endurecer retroactivamente las penas por delitos contra la seguridad vial.","twitter.com/Rocigaot/status/392808930541187072"
"23/10/2013 2:17:07","","392806858349486081","","Os carteis de 'no al 3ºgrado para etarras' que estou a ver no FB hoxe son sinal de que a xente se informou ben antes de falar do da Parot...","twitter.com/Rocigaot/status/392806858349486081"
"22/10/2013 21:47:27","","392738993839685632","1","Que dice Wert que es un 'portento de la humildad' (y el fucking master of the Universe de la modestia). http://www.20minutos.es/noticia/1955501/0/wert/parlamento-humilde/protestas-lomce/ …","twitter.com/Rocigaot/status/392738993839685632"
"22/10/2013 16:30:53","","392659326726180864","","@nebulina @ilse0001 yo no soy demasiado buena, así que me apunto la réplica por si un día me pasara a mí lo mismo!","twitter.com/Rocigaot/status/392659326726180864"
"22/10/2013 16:25:26","","392657955893432321","","@nebulina @ilse0001 oye,pues ya podías aprender a hablar idiomas solo con comer productos del país: la pasta que me ahorraba en la EOI...","twitter.com/Rocigaot/status/392657955893432321"
"22/10/2013 16:22:02","","392657098909044737","","@nebulina @ilse0001 me pasa a mí y creo que buscaría la cámara oculta. La gente está muuuy mal de lo suyo...","twitter.com/Rocigaot/status/392657098909044737"
"22/10/2013 0:26:41","1","392416678065098752","8","Todos los jueces de Estrasburgo son unos hijosdeputa. O saben más de Derecho que los que no pasamos de ver Ally McBeal,que también puede ser","twitter.com/Rocigaot/status/392416678065098752"
"21/10/2013 22:24:17","","392385873745956864","2","Que los del 'algunas lo van buscando' me digan que tengo que apoyar la doctrina Parot 'para que no suelten a violadores' me enamora el alma.","twitter.com/Rocigaot/status/392385873745956864"
"21/10/2013 22:02:19","","392380348895473664","","@ComandanteVimes Una explicación demasiado rebuscada. Yo creo que se llevó el hipnosapo y lo sacó en medio de la votación.","twitter.com/Rocigaot/status/392380348895473664"
"21/10/2013 16:02:49","","392289875996585984","1","@RubenGaldon y resolver la eterna duda de si un gato zombie come gatos vivos o ratas zombies...","twitter.com/Rocigaot/status/392289875996585984"
"21/10/2013 15:12:48","","392277287149654016","","Eso sí, pasamos del amigo invisible, ¿no?Que con mi gafe me tocan los jueces de Estrasburgo, que no les conozco de ná. #cenadenavidaddeETA","twitter.com/Rocigaot/status/392277287149654016"
"21/10/2013 15:10:23","1","392276680200314880","1","Al final me toca organizar la #cenadenavidaddeETA con Bardem y Ada Colau. Si los veganos son ETA también avisad YA para pedir menú aparte.","twitter.com/Rocigaot/status/392276680200314880"
"21/10/2013 14:58:44","","392273747568099328","2","Para la cena de navidad de ETA pagamos a escote o cada uno lo suyo?Porque no veo justo que uno de la PAH ponga lo mismo que un juez del TEDH","twitter.com/Rocigaot/status/392273747568099328"
"21/10/2013 14:36:07","","392268059294973953","","¿Y ahora también el TEDH de Estrasburgo? Somos tantos ya que no sé en qué restaurante vamos a caber para la cena de empresa navideña de ETA.","twitter.com/Rocigaot/status/392268059294973953"
"20/10/2013 15:59:00","","391926526398050304","","-ETA nos acecha.¡Aaag, ETA!
-Abuelo, esa es Maggie...
-¡Aaaag, ETA!
- ¡Pero si es el gato! (Los Simpson feat AVT)  http://www.youtube.com/watch?v=GH4oxJULpsY …","twitter.com/Rocigaot/status/391926526398050304"
"20/10/2013 15:24:50","1","391917928976621568","","Entre que todo es ETA y que puedes ser de UPyD sin saberlo, aún voy a resultar ser de ambos a la vez. Nunca llega una a conocerse del todo.","twitter.com/Rocigaot/status/391917928976621568"
"20/10/2013 15:22:29","","391917336124325888","","Suelo firmar peticiones de Amnistía Internacional y les sigo en twitter,¿cuántos ETApuntos sumo a los que ya tenía de más cosas que son ETA?","twitter.com/Rocigaot/status/391917336124325888"
"20/10/2013 15:16:04","4","391915722156150785","15","Habrá que darle la bienvenida a Amnistía Internacional al club de 'cosas que son ETA'. A este paso ya somos más etarras que parados.","twitter.com/Rocigaot/status/391915722156150785"
"19/10/2013 16:18:47","","391569117435551744","","@kirovast @AndreaRodrimon @RubenGaldon es genial, déjate 4.000euros mínimo en el master y luego crowdfunding pa montar el diario, fijo...","twitter.com/Rocigaot/status/391569117435551744"
"19/10/2013 16:11:50","","391567367462875136","","@AndreaRodrimon @RubenGaldon @kirovast a mí me mandan publi de 1master para montar diarios digitales, no os digo más...","twitter.com/Rocigaot/status/391567367462875136"
"19/10/2013 16:08:10","","391566445240279040","","@RubenGaldon @AndreaRodrimon @kirovast todos lo hemos hecho, creo, es la ceremonia de iniciación para periodistas en paro... :P","twitter.com/Rocigaot/status/391566445240279040"
"19/10/2013 16:06:58","","391566143732711424","","@AndreaRodrimon @kirovast @RubenGaldon Doble titulación de Tertuliano+Coach con master en community manager y organización de eventos.","twitter.com/Rocigaot/status/391566143732711424"
"19/10/2013 16:02:52","","391565114693787649","","@kirovast @RubenGaldon @AndreaRodrimon yo voto por una doble titulación de Tertuliano+Coach.","twitter.com/Rocigaot/status/391565114693787649"
"19/10/2013 16:00:45","","391564580951846912","","@kirovast @RubenGaldon @AndreaRodrimon me desorino! lo cuál es  injusto por mi parte, que mis intentos culinarios podrían encajar ahí...","twitter.com/Rocigaot/status/391564580951846912"
"19/10/2013 15:48:51","","391561586063585280","","@RubenGaldon @kirovast habría que montar un tumblr de cursos tróspidos...","twitter.com/Rocigaot/status/391561586063585280"
"19/10/2013 15:15:23","","391553161401339904","","@kortvex Menú Resaca. Lo veo, sí.","twitter.com/Rocigaot/status/391553161401339904"
"19/10/2013 13:50:30","","391531799643320320","","@kirovast yo desde que vi un máster en organzación de bodas me espero cualquier cosa de la formación de postgrado...","twitter.com/Rocigaot/status/391531799643320320"
"18/10/2013 23:30:31","","391315380905328640","","Es un mongotweet tan perfecto que ni se me ocurre un comentario sarcástico para darle la puntilla.https://twitter.com/JaimeBN1987/status/391305377398022144 …La izquierda muy en contra de la energía nuclear, pero bien que disfrutan del Sol, que al fin y al cabo también lo es.","twitter.com/Rocigaot/status/391315380905328640"
"18/10/2013 21:56:31","","391291725202731008","","@missultrasonica ¿más rentable que qué? ¡pregúntales, diles que tienen a mucha gente en twitter intrigada!","twitter.com/Rocigaot/status/391291725202731008"
"18/10/2013 15:26:55","","391193679966121984","","Retuits de Sánchez Dragó después de comer NO, os lo pido por favor.","twitter.com/Rocigaot/status/391193679966121984"
"18/10/2013 15:01:46","","391187347900858369","","A Xunta pide 'colchóns de peiraos'. E por estas cousas hai que soltar a pasta e contratar a un tradutor...  http://praza.com/falase/18327/ ","twitter.com/Rocigaot/status/391187347900858369"
"18/10/2013 13:37:39","","391166180569796608","","@descodificador lo de que metan el estrangulamiento en la sección de 'estilo' me enamora el alma...","twitter.com/Rocigaot/status/391166180569796608"
"18/10/2013 13:33:31","","391165141414207488","","@xoancastro @Hominidio Gensanta! Non o vira nin oíra falar disto. E vivía máis feliz na ignorancia, tamén vos digo...","twitter.com/Rocigaot/status/391165141414207488"
"18/10/2013 1:29:30","","390982936524095488","","@xoancastro a idea de que te insemine calqueira que esté no cuaderno de Aznar da máis yuyu que o de Mia Farrow en 'la semilla del diablo'","twitter.com/Rocigaot/status/390982936524095488"
"18/10/2013 1:18:09","","390980080068870144","","@xoancastro afortunadamente pra as mulleres heterosexuais do mundo, hai homes máis alá dos ministros de Aznar...","twitter.com/Rocigaot/status/390980080068870144"
"18/10/2013 1:11:39","","390978442566443008","","Hacéis coñas sobre que Pimentel bajó el listón liándose con Sánchez Camacho como si a él se lo disputaran Angelina Jolie y Sofía Vergara...","twitter.com/Rocigaot/status/390978442566443008"
"18/10/2013 0:41:24","1","390970832370950144","1","@xoancastropic.twitter.com/PVCC1n0zWW","twitter.com/Rocigaot/status/390970832370950144"
"18/10/2013 0:29:25","2","390967812795027456","1","En mi cabeza ya veo el trailer de la peli de Jennifer Aniston inspirada en la historia de Pimentel prestándole esperma a Sánchez Camacho...","twitter.com/Rocigaot/status/390967812795027456"
"17/10/2013 15:52:22","1","390837694655262720","","@PotiPotiInLove es la mala leche del bajito. La gente nos suele ver inofensivos pero engañamos mucho! xD","twitter.com/Rocigaot/status/390837694655262720"
"17/10/2013 15:41:32","","390834968722542592","","@PotiPotiInLove lo mejor es que cuanto más grande el perro, menos le planta cara al gato ladrón de camas.","twitter.com/Rocigaot/status/390834968722542592"
"17/10/2013 14:54:35","1","390823153217196033","","Di que sí, Ana: A cierting presencia of mierda in the Plaza Mayor helps to create defensas.  http://www.elmundo.es/elmundo/2013/10/17/madrid/1382007454.html …","twitter.com/Rocigaot/status/390823153217196033"
"16/10/2013 1:34:23","","390259387052204032","","@CaminoAna pois podes crelo: peor ca prensa, e que as pintadas conmemorativas de desvirgamentos dos baños da Uned.","twitter.com/Rocigaot/status/390259387052204032"
"16/10/2013 1:13:21","","390254095098839040","","@CaminoAna eu lembro 'La mirada del otro', Premio Planeta 1995, coma o puto peor que lin en toda a miña vida, non digo máis...","twitter.com/Rocigaot/status/390254095098839040"
"16/10/2013 1:06:56","2","390252480669294595","","No sé qué regalo pedirme para estas navidades: el libro de Sinde o la agenda escolar de las Fuerzas Armadas que vi hoy en la FNAC.","twitter.com/Rocigaot/status/390252480669294595"
"16/10/2013 1:01:59","","390251236391264256","","Habrá que practicar para cuando nos caiga el libro de Sinde como regalo de Navidad de algún pariente despistado. http://www.youtube.com/watch?v=lvFP_-S9xRY …","twitter.com/Rocigaot/status/390251236391264256"
"16/10/2013 0:39:21","1","390245540153155584","1","Con que la novela de Sinde sea como el guión de Mentiras y Gordas ya tiene el mismo nivel que algún premio Planeta que me he leído, eso sí.","twitter.com/Rocigaot/status/390245540153155584"
"15/10/2013 23:59:02","","390235392047202304","","Sinde ha quedado finalista del Planeta, ¿sabéis dónde me puedo bajar su libro? (Es coña. Hace años que desistí de leer Premios Planeta)","twitter.com/Rocigaot/status/390235392047202304"
"15/10/2013 23:46:29","","390232233534963712","","Nos estamos riendo de lo del remake de Homeland de Ana Obregón, pero tal y como va la 3ª temporada igual ni notábamos la diferencia...","twitter.com/Rocigaot/status/390232233534963712"
"15/10/2013 0:31:08","1","389881084898340864","","@palzaga  ok, por escrito a veces cuesta pillar los tonos! Pero me reafirmo, si quieren que compremos, que hagan que sea más fácil!","twitter.com/Rocigaot/status/389881084898340864"
"15/10/2013 0:19:24","1","389878129075830785","","@palzaga no tengo ni idea de dónde se puede ver al día de forma legal. Si quieren que compre, que me lo pongan más fácil que verlo gratis.","twitter.com/Rocigaot/status/389878129075830785"
"15/10/2013 0:16:10","","389877317629001728","","Y a todo esto, el 3x03 de Homeland lleva como 3 horas descargándose. Y por lo que me han dicho se me va a hacer igual de largo verlo..","twitter.com/Rocigaot/status/389877317629001728"
"15/10/2013 0:08:10","","389875305210343424","","Que sí, que ya sé que la primogénita de los Reyes Católicos muere pronto, pero no sabía que fuera porque crecía en años perrunos.","twitter.com/Rocigaot/status/389875305210343424"
"15/10/2013 0:06:20","","389874840561143808","","En el próximo capítulo de Isabel, a la Beltraneja le viene la primera regla. Y a la hija de los Reyes Católicos, la menopausia.","twitter.com/Rocigaot/status/389874840561143808"
"14/10/2013 23:40:29","","389868337833865216","","En el próximo capítulo de Isabel supongo que a la hija mayor de los Reyes Católicos ya la podrá interpretar Amparo Baró.","twitter.com/Rocigaot/status/389868337833865216"
"14/10/2013 15:06:41","","389739032789266434","","@nebulina ¡sólo por los 'fuistes' y 'convertistes' en Mi Rendición ya merecería el arresto!","twitter.com/Rocigaot/status/389739032789266434"
"14/10/2013 14:32:25","1","389730411858776064","","@LargoJavariega Es un submarino, y para el fondo del mar sí se va, ¿no? Si es que, qué manía tiene twitter de sacar defectillos a todo!","twitter.com/Rocigaot/status/389730411858776064"
"14/10/2013 0:07:32","","389512757659201537","","@RubenGaldon oye, pues podría ser. A mí en un capítulo me meten a Bonilla a hacer su papel y ni me entero...","twitter.com/Rocigaot/status/389512757659201537"
"14/10/2013 0:03:50","","389511823709323264","","@RubenGaldon y al otro hijo, el personaje más innecesario desde Quique el de Verano Azul...","twitter.com/Rocigaot/status/389511823709323264"
"13/10/2013 23:59:21","","389510696842457088","","@RubenGaldon Y a Dana, ya de paso...","twitter.com/Rocigaot/status/389510696842457088"
"13/10/2013 23:56:45","","389510040995913728","1","Creo que paso de ver #CuartoMilenio. Están más de capa caída que la 3ª temporada de Homeland.","twitter.com/Rocigaot/status/389510040995913728"
"13/10/2013 18:18:27","","389424905529208832","","@Albertoenserie ¿una serie sobre Paquirrín? Las copas de los guionistas que las pague la productora, que serán material de trabajo esencial!","twitter.com/Rocigaot/status/389424905529208832"
"13/10/2013 15:17:27","","389379356113399809","","Al final han ido los neonazis a la beatificación,o entre ir a la manifa con porras en el culo y al festival porno se les complicó la agenda?","twitter.com/Rocigaot/status/389379356113399809"
"13/10/2013 14:25:52","1","389366374285320192","","Animar a las chicas a interesarse por las ciencias, ok. El tufillo a 'por qué limitaros a ser profesoras pudiendo ser INGENIERAS',no tan ok.","twitter.com/Rocigaot/status/389366374285320192"
"13/10/2013 14:24:08","","389365937100443648","","@cap0 Si es que el cambio del armario es un drama serio. No llega con rezar, como recomendaban para lo del paro.","twitter.com/Rocigaot/status/389365937100443648"
"12/10/2013 21:45:18","","389114572289736704","","@_Oscar_Sanchez no me lo digas más, se lo contó la misma amiga que le dijo lo de las estudiantes que se ponen tetas con las becas.","twitter.com/Rocigaot/status/389114572289736704"
"12/10/2013 17:09:57","","389045280726724609","","Igual además de armas, los neonazis esconden otros neonazis en el culo,a lo matrioska. Y así suman los 160.000 manifestantes que dice el ABC","twitter.com/Rocigaot/status/389045280726724609"
"12/10/2013 16:57:36","","389042173607284736","","@Credendo_Vides1 yo llevo un tiempo proponiendo la creación del premio 'Bonico del tó', en honor al personaje de Muchachada Nui....","twitter.com/Rocigaot/status/389042173607284736"
"12/10/2013 16:49:26","","389040118561910784","","@Credendo_Vides1 que por qué criticar el expolio de España en América tras el descubrimiento 'si tan mal os caen los EEUU'.","twitter.com/Rocigaot/status/389040118561910784"
"12/10/2013 16:00:53","1","389027899262517248","","Spotify me está mostrando los grupos y cantantes 'de moda en mi zona' y creo que necesito mudarme urgentemente.","twitter.com/Rocigaot/status/389027899262517248"
"12/10/2013 14:09:04","","388999759974760448","1","@doctorojete aún estás a tiempo de atender a algún neonazi que se haya hecho la sonrisa del payaso en el culo con la navaja automática.","twitter.com/Rocigaot/status/388999759974760448"
"12/10/2013 13:42:06","","388992970713616384","","Acabo de leer al amigo de un amigo decir tal gilipollez en Facebook que estoy por sugerirle que se haga un twitter. Pa que nos riamos todos.","twitter.com/Rocigaot/status/388992970713616384"
"12/10/2013 13:06:17","","388983960451051520","1","@echeoqhai non vos riades deles, que igual agora que nos confiamos porque son poucos sacan un arsenal nuclear oculto do cú e a preparan!","twitter.com/Rocigaot/status/388983960451051520"
"12/10/2013 12:43:28","3","388978215970037760","4","Eh, @policia, creo que hoy hay mogollón de gente por las calles con palos ocultos en banderas de España. Por si queréis hacer redada, o algo","twitter.com/Rocigaot/status/388978215970037760"
"11/10/2013 21:45:03","","388752121471844352","","@nebulina para no sudar no sé, pero recuerdo algún repor en Cosmopolitan y similares sobre posturas sexuales para disimular michelín","twitter.com/Rocigaot/status/388752121471844352"
"11/10/2013 21:41:21","","388751193448525824","","Según Infojobs,1empresa en cuya oferta me inscribí en Junio está mirando CVs. O tienen mucha pachorra o han largado al que cogieron entonces","twitter.com/Rocigaot/status/388751193448525824"
"11/10/2013 15:42:37","","388660913089155072","","Os juro que me había parecido leer en este tweet 'Sergio Ramos' y estaba reconsiderando lo del apocalipsis Maya.https://twitter.com/QueLeer/status/388660407319404544 …Sergio Ramírez afirma que 'el cuento está de fiesta' con el Nobel de Literatura a Munro http://ow.ly/pI1vr ","twitter.com/Rocigaot/status/388660913089155072"
"11/10/2013 15:40:13","","388660308434112512","1","@soydelbierzo me recuerda a cuando se hizo el chalet y las tertulianas de la Campos lo ponían de ejemplo 'a los que siguen en casa de papá'","twitter.com/Rocigaot/status/388660308434112512"
"11/10/2013 15:33:13","","388658549963759616","","@AntonioMaestre aah, vale! yo recuerdo haberme inscrito hace siglos en un programa de ese tipo pero nunca llegaron a llamarme.","twitter.com/Rocigaot/status/388658549963759616"
"11/10/2013 15:29:32","","388657621474885632","","@AntonioMaestre pretendían mandarte a Bolivia con contrato de formación??","twitter.com/Rocigaot/status/388657621474885632"
"11/10/2013 15:26:04","1","388656747939786753","1","@Tawil 'Cualquiera con 2duros de finiquito y un cursillo de coaching se metía a emprender a lo loco. Normal que Alemania nos vea chapuceros'","twitter.com/Rocigaot/status/388656747939786753"
"11/10/2013 15:21:57","","388655711237857281","","Dice Felipe el Preparao que los jóvenes no debemos abandonar nuestros proyectos. Seguiremos con el temilla ese de la república, entonces.","twitter.com/Rocigaot/status/388655711237857281"
"11/10/2013 15:18:14","","388654777011150848","","@Tawil o mono tití que quedará soíño nas redaccións facendo cortapegas con contrato de becario agradecerá que lle alixeren o traballo.","twitter.com/Rocigaot/status/388654777011150848"
"11/10/2013 14:38:33","","388644791304462337","","@Hominidio @Cascarelo @ferbirkin moi fan de que teñan que explicarlles que non deben meterse navallas automáticas polo cú.","twitter.com/Rocigaot/status/388644791304462337"
"11/10/2013 13:30:03","","388627552366907392","","@burelao ya puestos, pueden hacer el número de sacarse el arsenal del culo en el festival porno y pasar la gorra. Fondos para la causa.","twitter.com/Rocigaot/status/388627552366907392"
"11/10/2013 13:01:28","","388620358309265408","","@bestilheiro vou saír da crise con '50 sombras zombies', xa verás...","twitter.com/Rocigaot/status/388620358309265408"
"11/10/2013 12:53:53","","388618452572700672","","@bestilheiro anda! eu apostaba pola fusión de modas editoriais coa novela erótica de zombies que lle dan ao sadomaso!","twitter.com/Rocigaot/status/388618452572700672"
"11/10/2013 12:37:24","","388614302900289537","","He visto en Infojobs una oferta de Aegon Seguros y creo que voy a inscribirme. ¿Sabéis si piden nivel B2 de Alto Valyrio?","twitter.com/Rocigaot/status/388614302900289537"
"10/10/2013 15:13:58","","388291314120273920","","Vaya, veo que vuelvo a coincidir con la pelota oficial del curso pasado. Ni 5 días llevan abiertas las aulas virtuales y ya está on fire.","twitter.com/Rocigaot/status/388291314120273920"
"10/10/2013 14:11:52","","388275686906920960","","@xoancastro @CaminoAna eu si a coñecía e gústame ! O que pasa é que estades defraudados porque non llo deron a Caneiro.","twitter.com/Rocigaot/status/388275686906920960"
"10/10/2013 13:44:34","","388268818901901312","","O meu pobre Murakami é o Javier Arenas do Nobel de Literatura.","twitter.com/Rocigaot/status/388268818901901312"
"10/10/2013 13:12:04","","388260638176608256","","@CaminoAna eu xusto a estou lendo agora, o meu libro de levar á praia é dela!","twitter.com/Rocigaot/status/388260638176608256"
"10/10/2013 11:22:43","","388233120706605056","","@CaminoAna @xoancastro si, vino fai un par de días no escaparate dunha librería.","twitter.com/Rocigaot/status/388233120706605056"
"10/10/2013 11:08:56","","388229651367088128","","@CaminoAna @xoancastro ata as 13:00 non din nada. Aparte de Caneiro eu engadiría ás apostas a Nieves Herrero, que sacou libro, seica.","twitter.com/Rocigaot/status/388229651367088128"
"10/10/2013 10:10:16","","388214888835076096","","@xoancastro un thiscanbeyourmextbook? Explicaría moitas cousas!","twitter.com/Rocigaot/status/388214888835076096"
"10/10/2013 1:58:24","","388091105788428288","","@xoancastro @CaminoAna eu voto por darllo á das sombras de Grey ou a Caneiro, por manter o mesmo listón do Nobel da Paz.","twitter.com/Rocigaot/status/388091105788428288"
"9/10/2013 22:14:36","1","388034782375862272","1","@Xiscally @Arredro ¡si alguien se anima a hacerle un 'Carrie' a Gallardón yo dono cuanta sangre haga falta!","twitter.com/Rocigaot/status/388034782375862272"
"9/10/2013 22:11:29","","388033997642539008","","@ComandanteVimes en mi 1º gimnasio había una que lo hacía. Y otra que se llevaba una bolsa de 1/2kilo de gominolas para comer en la bici.","twitter.com/Rocigaot/status/388033997642539008"
"9/10/2013 22:05:24","","388032466973245441","1","@ComandanteVimes na, soy una rescatadora. Voy a ir a las puertas de los gimnasios con palmeras de chocolate a hacer recapacitar a la gente.","twitter.com/Rocigaot/status/388032466973245441"
"9/10/2013 21:59:30","","388030984202891264","","@ComandanteVimes eso es lo que decís los asesinos de bebés lorzas!","twitter.com/Rocigaot/status/388030984202891264"
"9/10/2013 21:54:07","","388029630281564160","","@ComandanteVimes cuando haces dieta o ejercicio, bebé lorza sufre en tu tripita porque la estás matando. Hay estudios.","twitter.com/Rocigaot/status/388029630281564160"
"9/10/2013 21:31:37","1","388023968642244608","","Una duda me surge: ¿La prensa fotografía solo a las que están buenas, o Femen selecciona personal con los mismos criterios que Pachá Ibiza?","twitter.com/Rocigaot/status/388023968642244608"
"9/10/2013 21:29:43","1","388023487920472065","","@ComandanteVimes ha enloquecido más, querrás decir...","twitter.com/Rocigaot/status/388023487920472065"
"9/10/2013 21:28:28","1","388023172643045376","","Poner los cuernos a tu novio LET. Decirle que has externalizado tus orgasmos en 1contexto de libremercado. Si se enfada,llamarle totalitario","twitter.com/Rocigaot/status/388023172643045376"
"9/10/2013 20:33:15","","388009278985883648","","¿Aún están con el caso Asunta y hay novedades con lo de Marta del Castillo? Debe de ser como Navidad en casa de Ana Rosa y compañía.","twitter.com/Rocigaot/status/388009278985883648"
"9/10/2013 16:11:25","","387943385304031232","","Se me ha metido una abeja en casa, y me dan pánico. Estoy más atacada que si hubieran entrado los albano-kosovares de José Luis Moreno.","twitter.com/Rocigaot/status/387943385304031232"
"9/10/2013 13:36:29","","387904394697510912","","@PotiPotiInLove pero eso es porque ha trabajado mucho en crear su marca personal, que dirían los coaches, hombre...","twitter.com/Rocigaot/status/387904394697510912"
"9/10/2013 13:08:19","","387897308953575424","","Xa que tanta ONG subiu ao carro de contratar captadores de socios vía ETT, calqueira día fan o mesmo os Testigos de Jehová #externalización","twitter.com/Rocigaot/status/387897308953575424"
"8/10/2013 23:26:00","1","387690365320314880","","'Tu perfil es muy buscado por headhunters'. Linkedin,entiendo que te duela que te atienda menos que al Twitter,pero mintiendo no lo arreglas","twitter.com/Rocigaot/status/387690365320314880"
"8/10/2013 21:24:26","","387659772150812672","","Y eso por no hablar del que casi me como porque se puso a aparcar en doble fila justo en la salida de una rotonda.¿Había un concurso o algo?","twitter.com/Rocigaot/status/387659772150812672"
"8/10/2013 21:23:07","","387659439555100672","","De 0 a dejar el coche en doble fila en una calle de un carril delante de un sitio de aparcamiento libre, ¿cómo de tocahuevos eres? #truefact","twitter.com/Rocigaot/status/387659439555100672"
"8/10/2013 16:56:11","","387592265524199426","","@RubenGaldon mi teoría, aunque la RAE lo niegue, es que esos cambios los decide Pérez Reverte en el bar entre copazo y copazo.","twitter.com/Rocigaot/status/387592265524199426"
"8/10/2013 16:53:57","","387591702719909888","1","@RubenGaldon sabes que cuando la aprueben la convertirán en 'espóiler', ¿verdad? #cederrón","twitter.com/Rocigaot/status/387591702719909888"
"8/10/2013 1:05:28","","387353010159882240","","Yo en casetas de Fuengirola me liaría a poner heavy con la excusa de 'heavy era su 1ºdisco, agente, ahora se han vendido y parecen Bon Jovi'","twitter.com/Rocigaot/status/387353010159882240"
"7/10/2013 14:02:34","","387186186059407360","","Tanta gente en paro y al marido de Cospedal no paran de salirle puestazos, oye. Será porque se curra mucho su marca personal. #coaching","twitter.com/Rocigaot/status/387186186059407360"
"7/10/2013 1:02:28","","386989866308743169","","Tendría que haber sacado fotos a las manchas de la moqueta en mi habitación del hostel de Dublín. Friker montaba 1especial que ni con Bélmez","twitter.com/Rocigaot/status/386989866308743169"
"7/10/2013 0:54:42","","386987911297519616","","@Marmota_Maligna rebozado y con un chorrito de limón para disimular, Arias Cañete todavía lo aprovechaba.","twitter.com/Rocigaot/status/386987911297519616"
"7/10/2013 0:50:23","","386986822590423040","","@Marmota_Maligna qué coñazo de debate...","twitter.com/Rocigaot/status/386986822590423040"
"7/10/2013 0:42:41","","386984885602091008","","@Izurea_ @derdainer  pero viste el link que puso @MargaretCastor ? No sé si me consuela o me deprime ver que los Brittish son asín también!","twitter.com/Rocigaot/status/386984885602091008"
"7/10/2013 0:40:01","1","386984215310381057","","@derdainer @MargaretCastor o españoles. Yo en Dublín oí a algún compañero de clase español llamar 'guiris' a los irlandeses...","twitter.com/Rocigaot/status/386984215310381057"
"7/10/2013 0:33:58","","386982693994389504","","@MargaretCastor Creo que mi favorita es la de la injusticia de que los americanos tuvieran un vuelo más corto a Jamaica que ellos.","twitter.com/Rocigaot/status/386982693994389504"
"7/10/2013 0:27:18","1","386981015597506560","","@MargaretCastor  “On my holiday to Goa in India, I was disgusted to find that almost every restaurant served curry. I don’t like spicy food”","twitter.com/Rocigaot/status/386981015597506560"
"7/10/2013 0:19:03","","386978940729831424","","En Fuengirola acababan antes diciendo: 'mira, os dejamos un CD de Pablo Alborán y otro de Nena Daconte y apañaos con eso'.","twitter.com/Rocigaot/status/386978940729831424"
"6/10/2013 16:07:02","","386855121008590848","","Ahora no me quito de la cabeza la idea de un remake de aquel anuncio atroz de compresas del 'me gusta ser mujer', pero con Pons y la derecha","twitter.com/Rocigaot/status/386855121008590848"
"6/10/2013 16:02:38","","386854013716553728","","Pensé que lo que más vergüenza ajena daba del ABC de hoy era la portada, hasta que leí lo de González Pons #laderechaeselcentro #holasoycoco","twitter.com/Rocigaot/status/386854013716553728"
"6/10/2013 15:54:33","","386851975905546241","","@guirodi acabo de echar el café por la nariz! No es un fake?","twitter.com/Rocigaot/status/386851975905546241"
"6/10/2013 13:50:35","1","386820779783884801","","Una vez más, ya fue a hablar de puta la tacones. http://www.lavozdegalicia.es/noticia/galicia/2013/10/06/asunta-dispara-disparates/00031381045576982861901.htm?utm_source=twitterfeed&utm_medium=twitter&utm_campaign=Feed%3A+lavozdegalicia%2FnzFP+%28La+Voz+de+Galicia+%7C+Portada%29 …","twitter.com/Rocigaot/status/386820779783884801"
"6/10/2013 2:50:52","","386654755436515328","1","Un libro de Taschen con la recopilación de las portadas más tróspidas de la prensa cavernaria española. Anda que no molaría.","twitter.com/Rocigaot/status/386654755436515328"
"6/10/2013 1:35:26","","386635774113763328","","@PotiPotiInLove es del post de la Acapulca que te recomendó el bonico? Le hace caso también en lo de no usar champú?","twitter.com/Rocigaot/status/386635774113763328"
"6/10/2013 1:32:38","","386635069361631232","","Entre las portadas de la caverna y los mongoLET recomendando adquirir cultura política en el blog de la Acapulca tengo el TL on fire.","twitter.com/Rocigaot/status/386635069361631232"
"6/10/2013 0:45:04","","386623099111620609","","Eh,La Gaceta, ilustrar una noticia sobre supuestos extremistas españoles con fotos de Grecia es de ser tramposillos! 
http://internacional.elpais.com/internacional/2013/09/25/album/1380137553_196413.html#1380137553_196413_1380138148 …","twitter.com/Rocigaot/status/386623099111620609"
"6/10/2013 0:42:36","1","386622478904094720","","@El__Yayo @Adroi_Bogui @ComandanteVimes @Danayfox79 y la foto salió en RTVE, El País... vamos, que no hay que matarse mucho para pillarles.","twitter.com/Rocigaot/status/386622478904094720"
"6/10/2013 0:38:07","1","386621351294803968","1","@Adroi_Bogui @ComandanteVimes @Danayfox79 he metido la imagen en Google Images y me sale que es de Grecia, sí. http://internacional.elpais.com/internacional/2013/09/25/album/1380137553_196413.html#1380137553_196413_1380138148 …","twitter.com/Rocigaot/status/386621351294803968"
"6/10/2013 0:12:42","","386614955199320064","","@LETOKASE Cuando se organicen los Twitter Monguer Awards, proponle para la categoría 'bonico del tó'.","twitter.com/Rocigaot/status/386614955199320064"
"5/10/2013 23:44:23","1","386607825616523264","","A mí me parece bien que ABC analice los conceptos de izquierda y derecha siempre que salga Bieito vestido de Supercoco.","twitter.com/Rocigaot/status/386607825616523264"
"5/10/2013 23:41:17","","386607047044653056","","@superpitagricas otra opción es consultar con expertos. Y cuando digo expertos quiero decir yahoo answers.","twitter.com/Rocigaot/status/386607047044653056"
"5/10/2013 23:37:34","","386606113325477889","","¿Y de refutar todo el pensamiento de izquierdas se ha ocupado Rubido o es el típico marrón que le cargas al becario?pic.twitter.com/iMTdUY8YSR","twitter.com/Rocigaot/status/386606113325477889"
"5/10/2013 16:07:26","","386492831268753408","1","Si un día se me acumulan las deudas haré como Intereconomía, cambiar de nombre y empezar de cero. Seré Princesa Consuela, como Phoebe.","twitter.com/Rocigaot/status/386492831268753408"
"5/10/2013 15:51:38","1","386488854544277504","1","@undivaga y aún veremos a nietos de reyes en los realities 'shore' de MTV. Yo tengo mucha confianza en Froilán cuando sea mayor de edad.","twitter.com/Rocigaot/status/386488854544277504"
"5/10/2013 2:51:38","","386292562815770624","","Profetos que dicen que las malvadas clínicas abortistas cobran por 'abortos discretos'. En cambio si te operas de apendicitis sale en el BOE","twitter.com/Rocigaot/status/386292562815770624"
"5/10/2013 2:29:04","","386286883744907265","","¿Y de quién me copié yo la expresión 'outlets de la humanidad', que no consigo recordar de quién era pero la uso un montón?","twitter.com/Rocigaot/status/386286883744907265"
"5/10/2013 2:26:56","1","386286347792564224","","En serio, ¿cómo hacéis los que discutís con monguers a diario? ¿Qué outlets de la humanidad frecuentáis para encontrar esas joyitas?","twitter.com/Rocigaot/status/386286347792564224"
"5/10/2013 2:10:08","1","386282120638767104","","@PelirrojaEnfure @ComandanteVimes pero molaría. Lo llevas escondido,lo dejas caer, les dices 'me has hecho abortar del susto' y se lo tiras.","twitter.com/Rocigaot/status/386282120638767104"
"5/10/2013 2:07:02","1","386281339034427392","","@PelirrojaEnfure @ComandanteVimes ¿venderán aún los fetitos que hicieron los de HazteOir? Por usarlos como arma arrojadiza de defensa propia","twitter.com/Rocigaot/status/386281339034427392"
"5/10/2013 2:03:48","1","386280525784035328","1","Conclusión: si un día quiero abortar llevaré una camiseta de 'vengo leída. Ni os acerquéis, profetos'. @ComandanteVimes @PelirrojaEnfure","twitter.com/Rocigaot/status/386280525784035328"
"5/10/2013 2:00:57","","386279808931352577","","@patrigo8 @betbujons ya, porque el resto de mujeres son tontitas y van a abortar contra su voluntad porque no saben buscar ayudas.","twitter.com/Rocigaot/status/386279808931352577"
"5/10/2013 1:55:33","","386278446965350400","","@patrigo8 @betbujons pues hay un montón de mujeres que NO van a clínicas abortivas a las que podéis hacer de canguro gratis, si es por eso.","twitter.com/Rocigaot/status/386278446965350400"
"5/10/2013 1:51:48","","386277504232595456","","@betbujons @patrigo8 Ah, bueno, entonces, si no quiero ser madre, ¿voy a cambiar de idea y replantearme mi vida por tener niñera gratis?","twitter.com/Rocigaot/status/386277504232595456"
"5/10/2013 1:50:12","","386277102850301952","","@patrigo8 @betbujons gratuito el qué? la brasa a la puerta de la clínica? No, si sólo faltaría que encima quisiérais cobrar!","twitter.com/Rocigaot/status/386277102850301952"
"5/10/2013 1:48:24","","386276649559265280","","@betbujons @ComandanteVimes @patrigo8 ah, bueno, si tengo una bolsa de trabajo, puedo mantener a un hijo no deseado el resto de su vida!","twitter.com/Rocigaot/status/386276649559265280"
"5/10/2013 1:45:31","","386275921809797120","","@betbujons @ComandanteVimes @patrigo8 ajá. ¿Y cómo ayudáis exactamente?","twitter.com/Rocigaot/status/386275921809797120"
"5/10/2013 1:43:21","","386275377795981312","","@ComandanteVimes @patrigo8 @betbujons así que si decido abortar es porque no ha venido una niñata a revelarme que la adopción existe?","twitter.com/Rocigaot/status/386275377795981312"
"5/10/2013 1:05:11","","386265774538510337","","@ComandanteVimes me tocan a mí las narices cuando voy a abortar y de la patada en el culo que llevan se mueren de hambre en el aire...","twitter.com/Rocigaot/status/386265774538510337"
"4/10/2013 23:28:05","","386241338674409472","","Me habéis hecho ver a Friker, los tróspidos, Casamos... pero me niego a ver a Paquirrín, ni para reírme en twitter. Es la última frontera.","twitter.com/Rocigaot/status/386241338674409472"
"4/10/2013 21:40:58","","386214379969994754","","@Marmota_Maligna sí, o leggins cubiertos de pelo para combinar con las botas peludas y chalecos peludos chonis. Voy a patentarlo.","twitter.com/Rocigaot/status/386214379969994754"
"4/10/2013 21:38:36","1","386213786958307331","1","@Marmota_Maligna El mundo del leggin no tiene límites,lo próximo ya será el leggin-plumífero. Hará piernaca pero será abrigosito, eso sí.","twitter.com/Rocigaot/status/386213786958307331"
"4/10/2013 21:24:22","","386210201952456704","","Facebook me ha metido publi a la vez de Meetic, edarling y Adoptauntío. Serán los de la CIA en plan cuñao,diciéndome que se me pasa el arroz","twitter.com/Rocigaot/status/386210201952456704"
"4/10/2013 20:41:35","","386199437610991616","","@Marmota_Maligna la moda de los leggins se nos está yendo un poco de las manos...","twitter.com/Rocigaot/status/386199437610991616"
"4/10/2013 19:19:13","","386178708119494656","","@Marmota_Maligna bueno,más bien eran como jeggins,pero en pana,con su cinturilla elástica y repegaos. Tienen que sentar de bien...","twitter.com/Rocigaot/status/386178708119494656"
"4/10/2013 19:09:16","","386176203822223361","","Acabo de ver nunha tenda leggins de pana. The horror. The horror.","twitter.com/Rocigaot/status/386176203822223361"
"4/10/2013 16:16:11","","386132646855577600","","@Condesadedia @NewIlluminatus  leí a una en twitter diciendo que estaba volviendo a ver la 1ªtemporada 'aunque ya sé que al final se casan'","twitter.com/Rocigaot/status/386132646855577600"
"4/10/2013 16:12:34","2","386131734758043648","","@NewIlluminatus @08181 @obdriftwood na, son los mismos que ahora están diciendo que ellos votarían a Rosa Díez...","twitter.com/Rocigaot/status/386131734758043648"
"4/10/2013 15:52:14","1","386126620316024832","","@pgaguado @alvaro_velasco sé de uno:padres separados, tíos acusados de estafa, juega con armas, ha repetido curso.. Froilán, se llama","twitter.com/Rocigaot/status/386126620316024832"
"4/10/2013 15:48:38","","386125711968190464","2","¿Froilán?https://twitter.com/pgaguado/status/386125177006067712 …Nos queda poco para terminar de grabar la 6ª temporada de Hermano Mayor,si conoces algún caso que podamos ayudar contacta por DM ó 629880865","twitter.com/Rocigaot/status/386125711968190464"
"4/10/2013 15:14:46","1","386117189540925441","","@yellowlaura eu son moi partidaria de despenalizar o aborto retroactivo.","twitter.com/Rocigaot/status/386117189540925441"
"4/10/2013 15:13:03","1","386116756768428032","","@yellowlaura nun Alsa coincidín cunha tía cuxa nai subiu ao bus a elixirlle o asiento onde menos se marease. E dos 20 anos non baixaba.","twitter.com/Rocigaot/status/386116756768428032"
"4/10/2013 14:05:22","1","386099726006771712","","@somofrates @MariCalpi @Intereconomia igual es que pagan en ganchitos!","twitter.com/Rocigaot/status/386099726006771712"
"4/10/2013 14:04:19","","386099461140660224","","@Hispamail lo malo es que compaginaban ambas cosas, mira Hermann...","twitter.com/Rocigaot/status/386099461140660224"
"4/10/2013 14:02:58","","386099119703347201","","@somofrates @MariCalpi @Intereconomia ah, vale, que cambian el nombre. Igual con el nombre renuevan costumbres y pagan las nóminas!","twitter.com/Rocigaot/status/386099119703347201"
"4/10/2013 14:01:52","","386098844531830784","1","@somofrates @MariCalpi  pues ayer vi un anuncio pidiendo redactores supuestamente para  @Intereconomia http://www.iberempleos.es/empleo/madrid/redactores-informativos-0420693?utm_source=users-active&utm_medium=mail&utm_campaign=instant-20131003&utm_content=job …","twitter.com/Rocigaot/status/386098844531830784"
"4/10/2013 12:08:17","","386070259997736960","","@Barbaraayuso me recuerda al ex jefe que nos decía que no llamáramos a móviles que era caro: mejor dar perdidas y que nos llamasen al verlas","twitter.com/Rocigaot/status/386070259997736960"
"4/10/2013 11:50:27","1","386065772373483520","","Fan de currosmierda con nombre en inglés para sonar a ejecutivo. Voto por 'performancing manager' para 'reparte panfletos vestido de pollo'.","twitter.com/Rocigaot/status/386065772373483520"
"3/10/2013 20:38:22","1","385836239439425536","2","Supongo que cuando se ruede CSI Eurovegas, tendremos a Mariló Montero haciendo de Grissom. #cadáveresblanditos #neuronasblanditastambién","twitter.com/Rocigaot/status/385836239439425536"
"3/10/2013 20:24:07","1","385832653703741440","","@Credendo_Vides1 no, que he estado liada esta tarde. Si quieres te cedo el honor! :D","twitter.com/Rocigaot/status/385832653703741440"
"3/10/2013 20:23:41","","385832543573917697","","@xoancastro Xa podía ser!","twitter.com/Rocigaot/status/385832543573917697"
"3/10/2013 16:11:07","1","385768984320028673","","Voy a hacer una petición en http://Change.org  para que vuelvan los de Muchachada Nui y hagan un Celebrities de Mariló Montero.","twitter.com/Rocigaot/status/385768984320028673"
"3/10/2013 10:53:56","","385689161534955520","","Y justo ahora detectan una fuga de agua radiactiva en Fukushima. Mariano, ¿qué has tocado? http://www.elmundo.es/elmundo/2013/10/03/ciencia/1380767652.html …","twitter.com/Rocigaot/status/385689161534955520"
"3/10/2013 0:30:11","","385532190009749506","","Anda, que se quedan a la Leti de mascota, como hicieron los pijos de la edición anterior con la china! #QQCCMH","twitter.com/Rocigaot/status/385532190009749506"
"3/10/2013 0:13:25","","385527968702803968","","Leti era pija de cole de monjas y acabó de pastillera de Ibiza. Lo dicho, de una infancia así salimos todas con tarita... #QQCCMH","twitter.com/Rocigaot/status/385527968702803968"
"2/10/2013 23:42:46","","385520255201603584","","No caralibro teño un LET que quere opositar. Pero os de esquerdas temos que texer a nosa roupa e falar por botes de iogur atados con fíos.","twitter.com/Rocigaot/status/385520255201603584"
"2/10/2013 23:04:15","","385510565675692034","","@bestilheiro @Tawil @Certo @Cascarelo Coma penso eu. Algunha tara sempre queda, pero peor puiden saír visto o percal.","twitter.com/Rocigaot/status/385510565675692034"
"2/10/2013 22:43:56","","385505452001218560","","@Tawil @bestilheiro @Certo @Cascarelo ah, pois eramos veciños de cole. Eu Franciscanas, outra xoia. Derradeira promoción só de nenas.","twitter.com/Rocigaot/status/385505452001218560"
"2/10/2013 22:37:07","","385503737101316096","","@Tawil @bestilheiro @Certo @Cascarelo pero nas Jasuitinas da Coruña, ou en Compostela tamén hai?","twitter.com/Rocigaot/status/385503737101316096"
"2/10/2013 19:51:13","","385461983593496576","","@mipazos apuntáronllo no discurso, leuno e xa. Fagámoslle a ola.","twitter.com/Rocigaot/status/385461983593496576"
"2/10/2013 19:33:34","","385457542924496896","","Si Rajoy 'se arrancó a hablar japonés' por decir gracias, calculo que yo ya tengo dominio suficiente del idioma para que me hagan embajadora","twitter.com/Rocigaot/status/385457542924496896"
"2/10/2013 16:50:51","","385416595696152576","","@PotiPotiInLove @soydelbierzo @thesuker si es así yo culparía a la de Montserrat. ¡Malditos catalanes separatistas!","twitter.com/Rocigaot/status/385416595696152576"
"2/10/2013 16:13:12","2","385407118779482112","","@Certo @bestilheiro @Cascarelo será touriñés. En coruño sería 'el notas que encontró a la chorbita muerta se había chuzado a dolor'","twitter.com/Rocigaot/status/385407118779482112"
"2/10/2013 14:24:11","","385379685833519104","3","@Cascarelo véxooo e subo a 'El jicho que encontró el fiambre de la chinorri iba más pedo que alfredo'","twitter.com/Rocigaot/status/385379685833519104"
"2/10/2013 14:13:48","3","385377070869528580","6","Leo a algunos LET 'emprendedores' y me acuerdo de Reynholm el de 'The IT Crowd', que al empezar sólo tenía un sueño y 6millones de libras.","twitter.com/Rocigaot/status/385377070869528580"
"2/10/2013 13:54:08","","385372123159478272","","@perradesatan Hay gente con miserias mayores. A menos que el sueño fuera erótico, en ese caso sí, tú ganas.","twitter.com/Rocigaot/status/385372123159478272"
"2/10/2013 13:19:23","","385363379117756417","","@xoancastro iso si, danme ganas de ler a reportaxe completa a ver se tamén di 'ía pedo', 'ía tajadísimo' ou 'ía máis bébedo que Sue Ellen'.","twitter.com/Rocigaot/status/385363379117756417"
"2/10/2013 13:18:11","","385363075420807168","","@chselles @dodavazquez ¿la cita es el 'zambomba', el 'bolinga' o el 'saltaron chispas entre Alfonso y Charo'? Na, se les ha ido del todo...","twitter.com/Rocigaot/status/385363075420807168"
"2/10/2013 13:11:29","","385361387515420672","","@dodavazquez de entrada pensé que era un fake pero está en http://kiosko.net ...","twitter.com/Rocigaot/status/385361387515420672"
"2/10/2013 13:06:52","","385360229119975425","","A los de El Correo Gallego se les ha ido del todo... #bolingaperdido http://kiosko.net/es/np/correo_gallego.html …","twitter.com/Rocigaot/status/385360229119975425"
"1/10/2013 22:13:58","2","385135522667982849","","@AntonioMaestre @XoseMorais a mí con esta réplica se me enamoró el alma. https://twitter.com/partidoppelpuig/status/381551558548148224 …","twitter.com/Rocigaot/status/385135522667982849"
"1/10/2013 16:01:13","","385041715343540226","","@RubenGaldon na, paso del Candy Crush, lo de traumatizar a la gente es más divertido!","twitter.com/Rocigaot/status/385041715343540226"
"1/10/2013 15:56:07","","385040431068626944","","@RubenGaldon sí, pero ya que mi cerebro crea imágenes mentales dantescas, comparto el horror y traumatizo al resto para sentirme acompañada","twitter.com/Rocigaot/status/385040431068626944"
"1/10/2013 15:54:37","","385040053455429633","","@RubenGaldon yo ahora no me quito de la cabeza la idea de un Sexo en Nueva York a la española con Edurne Bradshaw y Wert de Mr Big.","twitter.com/Rocigaot/status/385040053455429633"
"1/10/2013 15:52:04","","385039413366898688","","Catedrática de ciencias políticas y su análisis es 'los rojos malos se meten con mis bolsos pero de los reportajes de viajes no dicen nada'.","twitter.com/Rocigaot/status/385039413366898688"
"1/10/2013 15:46:44","","385038072531808257","","@Cascarelo E tratándose do ABC aínda temos sorte de que non sexa Mujer (Hoy)= catálogo de artigos de cociña. (E xa temo darlles ideas)","twitter.com/Rocigaot/status/385038072531808257"
"1/10/2013 15:38:10","2","385035915132817409","1","A Edurne le ha sentado muy mal que los rojos nos riéramos de su momento 'call me Barbie Complementos'. http://www.abc.es/lasfirmasdeabc/20131001/abci-rojos-contra-gucci-201310010357.html …","twitter.com/Rocigaot/status/385035915132817409"