"date","fav","id","rt","text","url"
"30/6/2014 23:28:39","","483723817408532480","","Hay 3tíos en la acera de enfrente charlando a gritos con uno del edificio de al lado del mío. Invítalos a subir y dejáis de berrear, vecino.","twitter.com/Rocigaot/status/483723817408532480"
"30/6/2014 22:36:00","","483710566176145408","","@callaquenoveo menos mal que a nosotras nos hacen camisetas de hello kitty para compensar #NO","twitter.com/Rocigaot/status/483710566176145408"
"30/6/2014 22:33:41","","483709983184654336","","@callaquenoveo Joooo, siempre lo mismo! :(","twitter.com/Rocigaot/status/483709983184654336"
"30/6/2014 22:18:56","","483706272215498753","","@callaquenoveo la necesito! Es de chica? Porque las tallas de hombre me valen de camisón!","twitter.com/Rocigaot/status/483706272215498753"
"30/6/2014 20:53:47","1","483684841792483328","1","Ahora que todos somos ETA, el siguiente paso del Gobierno es decir que ser ETA cuenta como empleo y borrarnos de los datos del paro.","twitter.com/Rocigaot/status/483684841792483328"
"30/6/2014 0:42:56","2","483380123979493376","1","Que dice Friker que si no te crees la milonga del 'qué guay es emprender' eres un vampiro psíquico al que hay que evitar. #CuartoMilenio","twitter.com/Rocigaot/status/483380123979493376"
"29/6/2014 23:24:49","","483360462776836096","","En el Bildelberg deciden por consenso. Es como una asamblea del 15-M, pero con pasta y sin batukadas. #CuartoMilenio","twitter.com/Rocigaot/status/483360462776836096"
"29/6/2014 23:23:05","","483360028473434113","","@sil_loh @Eskaralakktua sí, todos esos y alguno más :D","twitter.com/Rocigaot/status/483360028473434113"
"29/6/2014 23:20:52","1","483359468391264257","","@sil_loh @Eskaralakktua qué va, tengo una montaña de libros pendientes...","twitter.com/Rocigaot/status/483359468391264257"
"29/6/2014 23:20:05","1","483359270269120512","","@Eskaralakktua @sil_loh sí, estoy familiarizada con el invento, pero me apetece tele y no fútbol!","twitter.com/Rocigaot/status/483359270269120512"
"29/6/2014 23:18:11","1","483358794156867585","","@sil_loh @Eskaralakktua es el reducto de los que pasamos del fútbol!","twitter.com/Rocigaot/status/483358794156867585"
"29/6/2014 23:10:16","","483356802999136256","","Twitstars, ¿os han llamado a alguno para lo del Club Bilderberg? #CuartoMilenio","twitter.com/Rocigaot/status/483356802999136256"
"29/6/2014 23:07:53","1","483356199816286209","","Yo si veo a alguien por mi casa pienso antes en ladrones que en el diablo, pero allá cada uno. #CuartoMilenio","twitter.com/Rocigaot/status/483356199816286209"
"29/6/2014 23:05:35","3","483355624206794755","10","Comprar muñecos diabólicos por ebay. Ideaza para lo del amigo invisible del trabajo.  #CuartoMilenio","twitter.com/Rocigaot/status/483355624206794755"
"29/6/2014 21:56:40","1","483338279107178496","","Llevo una semana casi desconectada de todo y tengo que ponerme al día. Lo primero es lo primero: Hoy hay #CuartoMilenio nuevo o repe?","twitter.com/Rocigaot/status/483338279107178496"
"20/6/2014 22:51:55","1","480090693273403393","1","En el concierto del Drogas del Derrame tuve al lado a un crío de unos 5años que se las sabe todas. Así serán mis futuros hijos.","twitter.com/Rocigaot/status/480090693273403393"
"20/6/2014 15:37:09","","479981280432775168","","Por cierto,con lo que me han clavado por el billete de tren A Coruña-Ourense, supongo que en breve pasarán a servirnos una copa.","twitter.com/Rocigaot/status/479981280432775168"
"20/6/2014 15:33:42","1","479980410714476544","","@PotiPotiInLove por eso digo 'igual no' :D","twitter.com/Rocigaot/status/479980410714476544"
"20/6/2014 15:28:38","","479979138531721217","","Por cierto,voy a Ourense y mi mierdamóvil nunca pilla red ahí,así que si no respondo estos días igual no os estoy ignorando deliberadamente","twitter.com/Rocigaot/status/479979138531721217"
"20/6/2014 15:26:21","1","479978561458434048","","Diréis que sólo veo lo malo del cole de monjas pero me aportó cosas buenas, eh? Ateísmo, y pillar las coñas bíblicas de La vida de Brian.","twitter.com/Rocigaot/status/479978561458434048"
"20/6/2014 15:07:56","1","479973926500859905","2","Supongo que como no pueden llamar a tu madre egoísta por no parir más, te lo llaman a ti, a ver si le pides hermanos o algo. (y 3)","twitter.com/Rocigaot/status/479973926500859905"
"20/6/2014 15:02:03","1","479972446133841922","2","Maleducadas, consentidas, malcriadas, 'seguro que no preguntas porque tengas dudas sino para ser el centro de atención como en casa'... (2)","twitter.com/Rocigaot/status/479972446133841922"
"20/6/2014 14:59:35","1","479971824860921857","2","Esto de las ayudas sólo a familias numerosas me recuerda la manía a las hijas únicas que tenían las monjas del cole donde estudié. (1)","twitter.com/Rocigaot/status/479971824860921857"
"19/6/2014 16:59:25","","479639593944645632","1","No vuelvo a beber el día antes de una movida de estas, tío. Casi le poto encima a Gasol.pic.twitter.com/TRKdxt4d0r","twitter.com/Rocigaot/status/479639593944645632"
"19/6/2014 16:29:22","1","479632032335921152","","@medicblasto https://www.youtube.com/watch?v=66qBaUpoctc …","twitter.com/Rocigaot/status/479632032335921152"
"19/6/2014 15:59:35","1","479624538461057024","3","pic.twitter.com/3ZJTwFCOwm","twitter.com/Rocigaot/status/479624538461057024"
"19/6/2014 14:47:59","1","479606518086918144","1","Algo me inventaré pa pirarme.pic.twitter.com/C2JtiF8RIg","twitter.com/Rocigaot/status/479606518086918144"
"19/6/2014 14:28:49","1","479601697577504769","7","pic.twitter.com/y6X0pt5EqZ","twitter.com/Rocigaot/status/479601697577504769"
"19/6/2014 14:15:58","3","479598463928512513","","-Venga, Leti, salgamos un poco a que te dé el aire, que vaya tajá que me llevas...pic.twitter.com/hGMmfAZMiP","twitter.com/Rocigaot/status/479598463928512513"
"19/6/2014 13:53:46","","479592875786010624","","'Letizia es hipster, Letizia es hipster'. Y a la recepción invitan a Bisbal. Debe de ser un rollo de esos irónicos de los modernos.","twitter.com/Rocigaot/status/479592875786010624"
"19/6/2014 12:47:35","","479576221245001728","","Tú, el que se ha colado con la banderita republicana! Que me he quedao con tu cara, chaval!https://twitter.com/BobPopVeTV/status/479575798635315201 …¡HOSTIA, QUE LEONOR NOS HA FICHADO! #reytrospido pic.twitter.com/fGDVm3kCaz","twitter.com/Rocigaot/status/479576221245001728"
"19/6/2014 12:31:20","","479572130515124224","1","@mjdelrio y está más concurrido! :D","twitter.com/Rocigaot/status/479572130515124224"
"19/6/2014 12:21:24","","479569630584111104","","@Marmota_Maligna espero que al menos sea para mercadillos líderes en su sector...","twitter.com/Rocigaot/status/479569630584111104"
"19/6/2014 12:18:44","","479568958623076354","","@Marmota_Maligna y ya si estás haciendo algún curso de venta ambulante para poder hacer convenio de prácticas con el centro, mejor, claro :P","twitter.com/Rocigaot/status/479568958623076354"
"19/6/2014 11:07:08","","479550942535491585","","Y a la infanta Sofía por qué la han hecho perder clase pa ese coñazo, si ella se queda como estaba y ni la hacen princesa de Asturias ni na?","twitter.com/Rocigaot/status/479550942535491585"
"19/6/2014 2:13:12","1","479416570037665792","","Voy a hacer lo de un chupito por cada comparación entre el 'reinado' de Juancar y el de la Selección.No tendréis por ahí un hígado de sobra?","twitter.com/Rocigaot/status/479416570037665792"
"18/6/2014 22:30:20","5","479360487436865536","6","Venga, Mediaset, algo de guarnición para cuando os comáis los derechos del Mundial. :Dpic.twitter.com/rga2W1Bkma","twitter.com/Rocigaot/status/479360487436865536"
"18/6/2014 22:28:17","","479359971638145026","","Es que el otro día hicieron el paripé de dejarse ganar para que los otros equipos se confiaran, y siguen metidos en el papel.","twitter.com/Rocigaot/status/479359971638145026"
"18/6/2014 22:24:12","","479358943341608961","","@Marmota_Maligna @PotiPotiInLove tres :D","twitter.com/Rocigaot/status/479358943341608961"
"18/6/2014 22:09:22","1","479355209169526786","1","@Marmota_Maligna yo si mañana me encuentro una oferta de prácticas para vender bragas en el mercadillo de mi barrio ni me sorprendo...","twitter.com/Rocigaot/status/479355209169526786"
"18/6/2014 21:44:30","","479348949858283521","","¿Ha vuelto a marcar Chile? Porque acabo de oír a los del bar decir 'hala, a tomar por culo' con voz de cabreo... #pobriños #NO","twitter.com/Rocigaot/status/479348949858283521"
"18/6/2014 21:37:24","1","479347163047395328","","@Squirrol @crow_ley vaya, hombre! Yo que ya tenía preparada la vuvuzela para joder a los vecinos futboleros pesad... para celebrarlo.","twitter.com/Rocigaot/status/479347163047395328"
"18/6/2014 21:32:09","3","479345841493536769","2","@crow_ley si España gana lo de la gimnasia rítmica puedo ir a pegar bocinazos con el coche hasta las tres de la mañana?","twitter.com/Rocigaot/status/479345841493536769"
"18/6/2014 21:29:12","","479345099080744960","5","Si conseguimos que cale la idea de que Felipe es gafe para la roja, los futboleros nos montan una revolución con guillotinas en un plis.","twitter.com/Rocigaot/status/479345099080744960"
"18/6/2014 20:58:42","","479337424259407873","","Ay, pues sí que ha funcionado!","twitter.com/Rocigaot/status/479337424259407873"
"18/6/2014 20:56:47","","479336943814447104","","Parece que ahora sí que se pueden subir gifs. Voy a probar con uno random.pic.twitter.com/7yb33JZbRy","twitter.com/Rocigaot/status/479336943814447104"
"18/6/2014 17:14:46","2","479281071251812352","1","@GalloManchego @PotiPotiInLove aunque echo de menos opciones como 'que coronen a Felipe pero que lo haga Khal Drogo', voto también por el ñu","twitter.com/Rocigaot/status/479281071251812352"
"18/6/2014 16:08:07","1","479264298259472384","","No sé, imagina que eres republicana, tu churri monárquico,y sales en su avatar mientras va diciendo que viva el Preparao. Yo lo llevaría mal","twitter.com/Rocigaot/status/479264298259472384"
"18/6/2014 16:05:41","","479263683982663680","","Los que salís con vuestra pareja wn wl avatar de TW o perfil de FB, ¿le comentáis a qué cosas vais a comentar o dar 'like' poniendo su cara?","twitter.com/Rocigaot/status/479263683982663680"
"18/6/2014 15:17:56","","479251668996206592","","Menos mal que se supone que todos adoramos al Preparao. Si no, directamente nos aplican lobotomía preventiva para quitarse de jaleos.","twitter.com/Rocigaot/status/479251668996206592"
"17/6/2014 23:49:19","","479017974951858176","","Sigue en pie lo de no arrestar a pocosfollower por enaltecimiento?Por ver si puedo hacer chistes sobre Viserys el día de la coronación.","twitter.com/Rocigaot/status/479017974951858176"
"17/6/2014 22:31:42","1","478998440131960832","","Queridos profes de la UNED: cuanto antes deis las notas, antes os quedará tiempo libre para ir a la playa o de cañas. #aversiasí","twitter.com/Rocigaot/status/478998440131960832"
"17/6/2014 21:32:44","1","478983602039181312","","Últimamente, cuando hacéis RT de algún monguer nuevo le hago block ya por no verle, a menos que tenga pinta de ir a dar un buen stendhal.","twitter.com/Rocigaot/status/478983602039181312"
"17/6/2014 20:59:56","1","478975348055748609","","Yo al caballo ese me lo crucé por donde el Lidl de A Grela. Está bien que haya fotos,temí que me hubiera dado demasiado sol en la cabeza...","twitter.com/Rocigaot/status/478975348055748609"
"17/6/2014 20:04:20","","478961354230226944","","@judgitanilla es el mismo que vi yo hace un rato! (Más preocupante sería que hubiera dos,por otra parte) @chorbito981","twitter.com/Rocigaot/status/478961354230226944"
"16/6/2014 23:28:15","","478650286639431681","","'Los salvajes del otro lado del muro son lumpen de clase inferior a la nuestra' #ColetascomentaGoT","twitter.com/Rocigaot/status/478650286639431681"
"16/6/2014 23:26:53","1","478649942698110976","","Qué comenta Coletas de Juego de Tronos? Daenerys es de la casta al descender de reyes y tener dragones, o es la alternativa molona?","twitter.com/Rocigaot/status/478649942698110976"
"16/6/2014 21:04:00","","478613982111367168","","Infojobs me sugiere usar una foto de perfil que transmita 'sensaciones positivas'. ¿Vale una de cañas en una terraza?","twitter.com/Rocigaot/status/478613982111367168"
"16/6/2014 19:28:08","1","478589858638999552","","@hijodelprofe que también tiene coleta (bueeeno,trenza más bien). Todo encaja.","twitter.com/Rocigaot/status/478589858638999552"
"16/6/2014 17:42:58","","478563392589160448","","@deploreibol o un pastor eléctrico XD","twitter.com/Rocigaot/status/478563392589160448"
"16/6/2014 17:27:51","","478559585599782913","","@Cascarelo qué mala hostia XDDD","twitter.com/Rocigaot/status/478559585599782913"
"16/6/2014 17:25:08","","478558904218312704","","@Cascarelo iso non soa tanto a oxímoron como 'Universidad Rey Froilán', as cousas como son.","twitter.com/Rocigaot/status/478558904218312704"
"16/6/2014 17:21:47","1","478558062446649344","","@Cascarelo eu vou ir rexistrando 'Universidad Reina Leonor', por se un día me da por ahí. E 'Universidad Rey Froilán', que nunca se sabe.","twitter.com/Rocigaot/status/478558062446649344"
"16/6/2014 17:07:51","1","478554555366793216","","Como al Preparao y Leti no les llueva para la coronación y a mí sí para el Derrame y San Juan me voy a enfadar mucho con el karma.","twitter.com/Rocigaot/status/478554555366793216"
"16/6/2014 16:59:08","1","478552361804517376","","Y sí, me encanta San Juan. Es mi único coruñesismo, creo.","twitter.com/Rocigaot/status/478552361804517376"
"16/6/2014 16:56:43","2","478551751776555009","","Estoy viendo que me llueve para San Juan. Va a ser el castigo kármico por reírme del llanto cofrade. :(","twitter.com/Rocigaot/status/478551751776555009"
"16/6/2014 15:26:54","1","478529147640500224","","@kalevorroka tiven un traballo no que o 1ºdía unha compañeira dixo 'yo es que soy super roja: estoy en juventudes socialistas y todo'.","twitter.com/Rocigaot/status/478529147640500224"
"16/6/2014 15:23:44","1","478528351167328256","","@kbcitalok sí, mejor no decir 'no pueden ser más penosos', que igual se lo toman como un reto.","twitter.com/Rocigaot/status/478528351167328256"
"16/6/2014 14:46:45","","478519045302808576","","@kbcitalok es la única explicación posible. Para parecer más penoso hay que currárselo mucho.","twitter.com/Rocigaot/status/478519045302808576"
"16/6/2014 14:21:49","1","478512770854686720","1","Relaxing coronation of Felipe and Leti in the Villa and Corte. Celebrate, madrileños, celebrate!","twitter.com/Rocigaot/status/478512770854686720"
"16/6/2014 14:17:01","","478511562383425536","","Confesad, PSOE, a Leguina lo habéis animado a presentarse para que el resto de candidatos parezcan menos penositos.","twitter.com/Rocigaot/status/478511562383425536"
"16/6/2014 14:14:04","1","478510819123396608","1","El bando madrileño ese de 'salid a aclamad al nuevo rey, plebeyos', lo habrán clavado en la puerta de las iglesias,¿no? #coherenciahistórica","twitter.com/Rocigaot/status/478510819123396608"
"16/6/2014 13:57:13","1","478506578564612096","","Círculo de Antidisturbios Podemos. Lo veo.","twitter.com/Rocigaot/status/478506578564612096"
"16/6/2014 13:54:04","2","478505785455280128","","Dicen que si pones al revés su canción de campaña electoral invocas a Satán...  http://www.eldiario.es/politica/imputacion-Elpidio-Silva-testigo-magia_0_271223016.html …","twitter.com/Rocigaot/status/478505785455280128"
"16/6/2014 13:46:16","1","478503825347973120","1","Que igual Fornet vio las coñas de 'círculo reiki Podemos' o 'círculo de transformación alquímica Podemos' y sólo quiere unirse a las risas.","twitter.com/Rocigaot/status/478503825347973120"
"16/6/2014 13:43:33","2","478503139856097280","","Si es verdad lo del Círculo Podemos de Policías creado por Sánchez Fornet, gana a todas nuestras coñas twitteras de círculos absurdos.","twitter.com/Rocigaot/status/478503139856097280"
"16/6/2014 13:10:48","","478494898472361984","","Entra otra señora en la cafetería con otro bebé. Las camareras le hacen monerías y él las mira con cara de Risto Mejide.","twitter.com/Rocigaot/status/478494898472361984"
"16/6/2014 13:04:34","","478493329555218433","","Señoras de la mesa de al lado: si estáis a gusto en vestido y chanclas,igual la chaqueta y gorro de lana de la niña son demasiado para junio","twitter.com/Rocigaot/status/478493329555218433"
"16/6/2014 11:31:17","","478469852534161409","","Las guapas son más egoístas, dice el ABC. Seguro que van teniendo reglas dolorosas para producir menos y joder a sus jefes, las muy brujas.","twitter.com/Rocigaot/status/478469852534161409"
"16/6/2014 2:20:49","","478331323925659649","","@PotiPotiInLove uf, yo ya me espero a mañana, que con sueño miento fatal.","twitter.com/Rocigaot/status/478331323925659649"
"16/6/2014 2:13:55","","478329586879840258","","Y ahora que me quiero ir a dormir se ponen a hablar de Drácula. Después del coñazo del dopaje olímpico que me tragué. #CuartoMilenio","twitter.com/Rocigaot/status/478329586879840258"
"16/6/2014 2:07:32","","478327983045083136","","En el Mundial del Misterio, si un futbolista se cae de golpe no está  haciendo teatro para fingir una falta, 'algo' paranormal le hizo caer.","twitter.com/Rocigaot/status/478327983045083136"
"16/6/2014 2:06:27","","478327708179775488","","En el Mundial del Misterio no habría árbitros comprados, habría auténticas conspiraciones con oscuros intereses más allá de la copa en sí.","twitter.com/Rocigaot/status/478327708179775488"
"16/6/2014 2:03:31","1","478326972771495936","","En serio, el Mundial cubierto a lo #CuartoMilenio molaría mucho más. Futbolistas alterados genéticamente, orbs, poltergeists en el estadio.","twitter.com/Rocigaot/status/478326972771495936"
"16/6/2014 2:01:45","","478326526103289856","","También te digo que si mandan a Friker y Robinson a cubrir 'el mundial del misterio', en vez del rollo cuñao de los Manolos, a mí me ganan.","twitter.com/Rocigaot/status/478326526103289856"
"16/6/2014 1:59:12","","478325886761328640","","Si me embarazo de gemelos en el futuro, que me los preparen genéticamente para poder hacer la catapulta infernal. #CuartoMilenio","twitter.com/Rocigaot/status/478325886761328640"
"16/6/2014 1:50:36","1","478323718851424256","","En la RDA, si se te movían las cosas solas en casa era la Stassi, no los poltergeists o fantasmas como aquí. #CuartoMilenio","twitter.com/Rocigaot/status/478323718851424256"
"16/6/2014 1:43:52","3","478322024121921536","","De momento, lo que más yuyu me ha dado de #CuartoMilenio ha sido descubrir en la publicidad que hay un 'balón solidario de los Manolos'.","twitter.com/Rocigaot/status/478322024121921536"
"16/6/2014 1:37:27","1","478320410128547840","1","'Son buenos tiempos para ser periodista'. Qué hostia con la mano abierta tenéis, Vodafone.","twitter.com/Rocigaot/status/478320410128547840"
"16/6/2014 1:12:31","1","478314137588858880","","@Tabernita vale, veo que ya te han contestao :D","twitter.com/Rocigaot/status/478314137588858880"
"16/6/2014 1:12:14","1","478314066403160064","","@Tabernita no es fake, lo subió un periodista de El Mundo y dice que va en el de mañanahttps://twitter.com/vicentelozano/status/478298544663965698 …¿Qué les pasa a los del PP con el tráfico? pic.twitter.com/nhhuDYqT5r","twitter.com/Rocigaot/status/478314066403160064"
"16/6/2014 0:57:30","","478310356096659456","","Al darse a la fuga para evitar una multa, Gallardón Jr está emulando a Espe, la archienemiga de papá. Contento tiene que estar el cejas...","twitter.com/Rocigaot/status/478310356096659456"
"16/6/2014 0:33:52","","478304409114644482","","@msabaris lo de 'iniesta de mi vida' ya me daba cosica en el otro mundial...","twitter.com/Rocigaot/status/478304409114644482"
"16/6/2014 0:25:20","","478302260976312320","","Al parecer es incompatible tener el carnet del PP y tener el carnet de conducir con todos sus puntos.","twitter.com/Rocigaot/status/478302260976312320"
"15/6/2014 23:51:20","","478293705993256961","","Parece que en  #CuartoMilenio repiten el especial 'piscópatas sueltos nos acechan' que sacaron en defensa de la doctrina Parot.","twitter.com/Rocigaot/status/478293705993256961"
"15/6/2014 23:44:37","","478292017832001536","","Ha acabado lo del Papa? Empieza Friker? Que ya no se me ocurren más memes de albondiguilla!","twitter.com/Rocigaot/status/478292017832001536"
"15/6/2014 23:15:29","","478284684498317313","","@LumpenPerro yo me lo he bajado pero todavía no me he puesto a trastear con él. Acabaré cayendo también. :P","twitter.com/Rocigaot/status/478284684498317313"
"15/6/2014 23:04:47","2","478281993617428480","","Creo que es la primera vez que uso un generador de memes. Habéis creado un monstruo.","twitter.com/Rocigaot/status/478281993617428480"
"15/6/2014 23:03:34","1","478281685805846528","","@Tawil quitádeme o xerador de memes, por piedade!","twitter.com/Rocigaot/status/478281685805846528"
"15/6/2014 23:02:09","1","478281328178520064","","Menos mal que ha salido este meme DESPUÉS de terminar exámenes..","twitter.com/Rocigaot/status/478281328178520064"
"15/6/2014 23:01:00","13","478281039186776064","22","Iba a dejarlo, pero como no hay Cuarto Milenio...pic.twitter.com/G2bghPL11E","twitter.com/Rocigaot/status/478281039186776064"
"15/6/2014 22:56:16","1","478279846574182400","","@LatveriasDoom la compartió Albondiguilla JR en su twitter.","twitter.com/Rocigaot/status/478279846574182400"
"15/6/2014 22:52:56","","478279008678072322","","@Tawil despois do do papa hai un Cuarto Milenio, pero supoño que será repetido :(","twitter.com/Rocigaot/status/478279008678072322"
"15/6/2014 22:22:32","12","478271359345500160","16","Ahora sí que ya lo dejo.pic.twitter.com/hCBaGTmtqx","twitter.com/Rocigaot/status/478271359345500160"
"15/6/2014 22:17:57","1","478270204632637441","","Esta y lo dejo.pic.twitter.com/ohhIwciLU2","twitter.com/Rocigaot/status/478270204632637441"
"15/6/2014 22:09:15","8","478268014690058242","10","Esto es un no parar.pic.twitter.com/CM8ldoqb53","twitter.com/Rocigaot/status/478268014690058242"
"15/6/2014 21:41:52","3","478261126556553216","","@MargaretCastor llego tarde?pic.twitter.com/W7SfTvhoZA","twitter.com/Rocigaot/status/478261126556553216"
"15/6/2014 20:08:20","1","478237588512600064","1","@undivaga en mi cole de monjas nos llegó una borrachísima un día a las 4de la tarde.Se metió a mear en el armario de material de mi clase :P","twitter.com/Rocigaot/status/478237588512600064"
"15/6/2014 19:58:36","","478235137227096066","","Ay, que no había visto lo de Carreño y los aborígenes australianos. Nivelazo, Mediaset.","twitter.com/Rocigaot/status/478235137227096066"
"15/6/2014 19:37:14","","478229759496040449","","Que me río de ella pero un jefe mío tenía su contraseña del mail apuntada en un post it pegado en el monitor de su ordenador. :D","twitter.com/Rocigaot/status/478229759496040449"
"15/6/2014 19:36:20","","478229534022844417","3","Pues a mí, más penosito aún que la metida de gamba de Carbo me parece tener como contraseña 'iniestademivida'... http://www.lavozlibre.com/noticias/ampliar/935255/sara-carbonero-la-lia-al-desvelar-en-su-blog-las-contrasenas-de-wifi-de-mediaset …","twitter.com/Rocigaot/status/478229534022844417"
"15/6/2014 19:34:32","1","478229079569620992","","@TaboadaLucia @SuperFalete igual ha sido Iker trasteando con el móvil de ella para desviar las críticas de sí mismo. :P","twitter.com/Rocigaot/status/478229079569620992"
"15/6/2014 15:31:08","2","478167825111326720","1","@MariCalpi @NewIlluminatus a mí esa vez lo que más me mató fue lo del novio asintiendo. Porque si yo fuera él, me daba por aludido. XD","twitter.com/Rocigaot/status/478167825111326720"
"15/6/2014 15:26:14","1","478166595756650496","2","@MariCalpi @NewIlluminatus a mí una me dijo un día que 'es que las solteras no asumís que hay que bajar el listón' mientras su novio asentía","twitter.com/Rocigaot/status/478166595756650496"
"15/6/2014 15:11:09","3","478162798502227968","","@El__Yayo @Tabernita @StarlessCrimson @miquintopino @undivaga @LatveriasDoom si me hacéis unfollow lo entenderé xD","twitter.com/Rocigaot/status/478162798502227968"
"15/6/2014 15:06:54","2","478161728547852288","","@Tabernita @StarlessCrimson @miquintopino @El__Yayo @undivaga @LatveriasDoom yo he tenido cassettes de Laura Pausini, superad eso xD","twitter.com/Rocigaot/status/478161728547852288"
"15/6/2014 14:26:02","1","478151442327670784","","@miquintopino @El__Yayo @undivaga @LatveriasDoom todos tenemos un pasado. :D","twitter.com/Rocigaot/status/478151442327670784"
"15/6/2014 14:20:56","4","478150158623186944","","@El__Yayo @undivaga @LatveriasDoom me estoy acordando de la mítica de Muchachada Nui donde Kenny G era Michael Bolton XD","twitter.com/Rocigaot/status/478150158623186944"
"15/6/2014 14:14:10","1","478148457602220032","","@undivaga @LatveriasDoom @El__Yayo y qué me decís de los míticos del CD de Kenny G para crear ambiente romántico?","twitter.com/Rocigaot/status/478148457602220032"
"15/6/2014 14:12:02","2","478147919791808512","","@undivaga @LatveriasDoom @El__Yayo a mí un compi de trabajo me dijo que 'Pereza son los Rolling españoles'. XD","twitter.com/Rocigaot/status/478147919791808512"
"15/6/2014 14:10:54","3","478147636307181568","","@LatveriasDoom @undivaga @El__Yayo Jajajajaja! Arriba las manos! Tengo el disco de Bulería, bulería y no dudaré en usarlo!","twitter.com/Rocigaot/status/478147636307181568"
"15/6/2014 14:08:54","3","478147131359125504","","@undivaga @LatveriasDoom @El__Yayo el que me dijo lo de ECDL como mejor grupo de rock es amigo de Carromero. XDD","twitter.com/Rocigaot/status/478147131359125504"
"15/6/2014 13:54:19","1","478143464119730176","1","@El__Yayo a mí me dijo un día uno de NNGG que eran el mejor grupo de rock español. El Canto del Loco, quiero decir, no NNGG. XD","twitter.com/Rocigaot/status/478143464119730176"
"15/6/2014 13:39:52","","478139824915107841","","@sil_loh por eso Froilán sería el auténtico monarca campechano, no el Preparao ni Leonor!","twitter.com/Rocigaot/status/478139824915107841"
"15/6/2014 13:36:44","1","478139038004957186","","'Los outfits más desenfadados de Froilán para emborracharse como un piojo en la Joy Eslava'. #PorfaPorfaPorfa","twitter.com/Rocigaot/status/478139038004957186"
"15/6/2014 13:35:32","","478138735906013184","","@sil_loh yo lo que quiero es un répor con los outfits más reshulones de Froilán para salir a chuzarse a la Joy Eslava #froilanismoobarbarie","twitter.com/Rocigaot/status/478138735906013184"
"15/6/2014 13:22:57","","478135570099863552","","Una cría de 8 años lleva looks 'frescos y juveniles'. Menos mal, ya estaba harta de tanto blazer y bolso de El Potro en el patio del cole.","twitter.com/Rocigaot/status/478135570099863552"
"15/6/2014 12:10:06","5","478117237103280129","2","@crow_ley tengo una prima que vive con un 'compañero de piso': todos sospechamos que son una pareja hetero,pero el tema no se toca, ya sabes","twitter.com/Rocigaot/status/478117237103280129"
"15/6/2014 12:03:55","3","478115678726406144","","@LatveriasDoom @crow_ley @FlanaganMcPhee Toda la adolescencia ocultando que eras hetero. Yo colgaba pósters de la Schiffer para disimular :(","twitter.com/Rocigaot/status/478115678726406144"
"15/6/2014 11:29:51","","478107107368402944","","@Marmota_Maligna y le funciona? por probar a hacer lo mismo! :D","twitter.com/Rocigaot/status/478107107368402944"
"14/6/2014 0:00:55","","477571342154612736","","@Tabernita yo casi las había olvidado, pero aquí cerca tengo un bar donde tienen arsenal... :P","twitter.com/Rocigaot/status/477571342154612736"
"13/6/2014 23:45:00","","477567336674000897","","Hoy me van a dejar dormir: ni claxon, ni petardos, ni vuvuzelas. #sanIker","twitter.com/Rocigaot/status/477567336674000897"
"13/6/2014 23:20:50","","477561254060777472","","@Tabernita Tal cual XD","twitter.com/Rocigaot/status/477561254060777472"
"13/6/2014 22:53:30","","477554374680776705","","Ya estáis los jodíos rojos gafando a la ídem.https://twitter.com/isanseba/status/477548660876906496 …Me voy. Alguien ha gafado a la Selección. Me reservo mi opinión personal sobre quien/es...","twitter.com/Rocigaot/status/477554374680776705"
"13/6/2014 22:51:09","","477553786504744961","","@galiciaenfureci no que queda de mundial da tempo a que Santiago empate.","twitter.com/Rocigaot/status/477553786504744961"
"13/6/2014 22:40:56","","477551212213334017","","Pero tanto se le ve el cartón a Iker? Que estoy haciendo RT de vuestras coñas al respecto sin contrastar ni ná.","twitter.com/Rocigaot/status/477551212213334017"
"13/6/2014 22:38:25","1","477550579691294720","","@undivaga han marcado el quinto? XDDDDD Estoy por vestirme y bajar a verle el careto a los cuñaos con vuvuzela del bar!","twitter.com/Rocigaot/status/477550579691294720"
"13/6/2014 22:15:09","1","477544726120648706","","@piezas @ComandanteVimes al final nos van a arrebatar la Copa Geller, y me voy a llevar un disgustazo!","twitter.com/Rocigaot/status/477544726120648706"
"13/6/2014 22:10:27","","477543541330427904","","@piezas @ComandanteVimes qué me perdí? Cuántos touchdowns llevan?","twitter.com/Rocigaot/status/477543541330427904"
"13/6/2014 21:45:58","1","477537382200537088","","@dodavazquez yo tampoco lo estoy viendo, pero con los gritos de los del bar de abajo me entero igual... :P","twitter.com/Rocigaot/status/477537382200537088"
"13/6/2014 20:49:16","1","477523111852924928","","@Marmota_Maligna eso sí,tengo a mi FB bien enseñao:0 nominaciones al reto, 3personas avisándome de la manifa froilanista en Santiago XD","twitter.com/Rocigaot/status/477523111852924928"
"13/6/2014 20:43:42","","477521712704417792","","@Marmota_Maligna es que la moda empezó por aquí, y la 1ªvez que alguien de mi FB subió un video yo ni sabía de qué iba.Imagina el trauma.XD","twitter.com/Rocigaot/status/477521712704417792"
"13/6/2014 20:41:37","","477521184905789441","","@Marmota_Maligna y eso por no contar con los que morimos de vergüenza ajena viendo los puñeteros videos... XD","twitter.com/Rocigaot/status/477521184905789441"
"13/6/2014 20:28:29","","477517881908166656","","@Hominidio ou até acabar co stock de tontos.","twitter.com/Rocigaot/status/477517881908166656"
"13/6/2014 19:23:48","","477501601620303872","","@Hominidio é outro digno candidato, pero o destes é máis de traca. Faltaba que palmasen estes e outro se estampase homenaxeándoos.","twitter.com/Rocigaot/status/477501601620303872"
"13/6/2014 19:20:58","","477500889968939008","","Vale que como sobrevivieron no se pueden llevar un Premio Darwin, pero qué menos que una mención de honor, ¿no? http://www.telecinco.es/informativos/sociedad/Benidorm-Dario-Barrio-Alvaro-Bulto_0_1811250463.html# …","twitter.com/Rocigaot/status/477500889968939008"
"13/6/2014 16:37:04","","477459641727987712","","@xoancastro @dorfun confeso que eso foi o primeiro que pensei ao ler o da identidade secreta antes de ver o outro vídeo!","twitter.com/Rocigaot/status/477459641727987712"
"13/6/2014 16:07:51","","477452291122163712","","@xoancastro @dorfun debín imaxinalo! nunca os vin xuntos no mesmo sitio!","twitter.com/Rocigaot/status/477452291122163712"
"13/6/2014 15:57:09","","477449597074546689","","@Tabernita tendrá una bula papal de esas de 'perdonados todos los pecados a priori'. XDD","twitter.com/Rocigaot/status/477449597074546689"
"13/6/2014 15:54:52","","477449024598188032","","@Biosbrd eso tamén, naturalmente. Pero se ademáis queres facer unha carreira que se considere 'con poucas saídas', xa a remataches.","twitter.com/Rocigaot/status/477449024598188032"
"13/6/2014 15:52:20","1","477448384874569728","","@Tabernita del Opus? pero no se ha divorciado y sale con Wert, divorciado también? Qué hipocritilla, que diría Flanders!","twitter.com/Rocigaot/status/477448384874569728"
"13/6/2014 15:43:14","","477446094486769664","","Que lo tomo a coña pero en parte será lo que pretenden: que sólo tengan acceso al crédito quienes estudien cosas que interesen a empresas.","twitter.com/Rocigaot/status/477446094486769664"
"13/6/2014 15:41:33","","477445674263658497","","@Tabernita uffff! na, si pinta de chunga tiene, y más cuando suelta alguna perla de estas...","twitter.com/Rocigaot/status/477445674263658497"
"13/6/2014 15:40:18","2","477445357325266944","1","Necesito que twitter ponga una opción de bloqueo 'porque es tan monguer que lo leo por RTs y me duele la vergüenza ajena'.","twitter.com/Rocigaot/status/477445357325266944"
"13/6/2014 15:38:07","4","477444807858855936","5","Creo que voy a pedir un préstamo de esos que dice Gormendio a devolver cuando tenga un trabajo con sueldo digno como filólogJAJAJAJA!","twitter.com/Rocigaot/status/477444807858855936"
"13/6/2014 15:24:53","","477441479154368512","","Creo que me voy a la playa, antes de que nos las privaticen también y cobren peaje... :P","twitter.com/Rocigaot/status/477441479154368512"
"13/6/2014 14:57:18","","477434535798665216","1","Podíamos ir haciendo la porra de los 'inversores estables' que van a seleccionar para AENA, ¿no?","twitter.com/Rocigaot/status/477434535798665216"
"13/6/2014 13:46:34","1","477416737026363392","","@El__Yayo ufff, con el pánico que yo les tengo ya estaba en la otra punta de la ciudad antes de que acabarais de decir 'avispero'... :P","twitter.com/Rocigaot/status/477416737026363392"
"13/6/2014 11:42:59","1","477385633485565952","1","@Tabernita @ComandanteVimes es que es un arma peligrosa: imagina que están lactando, podrían dispararle leche materna al ojo al cura! XD","twitter.com/Rocigaot/status/477385633485565952"
"12/6/2014 15:45:24","","477084252681818112","","@morganaskwlkr es que es una faena, te quedas sólo con un Zape y ya se te jodió el chiste. :(","twitter.com/Rocigaot/status/477084252681818112"
"12/6/2014 15:43:42","1","477083827509420032","1","@Pozuelen @morganaskwlkr decidme que le han trolleado la entrada de wikipedia. Esos nombres no pueden ser verdad!","twitter.com/Rocigaot/status/477083827509420032"
"12/6/2014 0:23:22","1","476852214670319616","","@Tabernita UNFOLLOW!!","twitter.com/Rocigaot/status/476852214670319616"
"11/6/2014 22:43:07","","476826987798200320","","@Biosbrd @Hominidio acabaredes coma os mesetarios, que din cousas como 'hoy no salimos, que llueve'. (llueve=dous chaparróns de 10 minutos)","twitter.com/Rocigaot/status/476826987798200320"
"11/6/2014 22:39:04","","476825966422290432","","@Biosbrd eu pasei 4 anos en Salamanca e o do inverno seco non o levaba mal. O meu trauma era o verán,sen baixar de 25º nin de noite... :(","twitter.com/Rocigaot/status/476825966422290432"
"11/6/2014 22:36:19","","476825274546655233","","@Biosbrd uf, eu despois do inverno que tivemos aquí, que case me saen membranas interdixitais, pártome cando vexo aos madrileños flipar.","twitter.com/Rocigaot/status/476825274546655233"
"11/6/2014 22:15:35","","476820060129230849","","'Leti, no te lo vas a creer. Me he liado, le he hecho un gintonic a Leonor y he llevado al cole a nuestros amigos sin servicio doméstico'.","twitter.com/Rocigaot/status/476820060129230849"
"11/6/2014 22:10:18","","476818728550936576","","Se queda solo con sus hijas, uuuuh, sin ayuda de una mujer. Y hasta puede prepararles una tortilla. O un gin tonic.","twitter.com/Rocigaot/status/476818728550936576"
"11/6/2014 22:09:07","","476818432315629568","","Me encanta que el ABC loe como notable que si no está la madre presente Felipe puede mantener a sus hijas con vida sin ayuda de cuidadoras.","twitter.com/Rocigaot/status/476818432315629568"
"11/6/2014 22:00:25","1","476816240573698048","","@El__Yayo y es capaz de mantener a sus hijas con vida sin ayuda de una cuidadora cuando no está la madre presente. OLEOLEOLE.","twitter.com/Rocigaot/status/476816240573698048"
"11/6/2014 21:49:34","2","476813512778723328","","Qué pesaditos os ponéis los madrileños para una vez que os cae un chaparrón... aquí os quería ver el pasado invierno, criando musgo.","twitter.com/Rocigaot/status/476813512778723328"
"11/6/2014 20:33:41","2","476794414590083073","2","Un programa de Divinity en el que el guardia civil peluquero de Felipe el Preparao te cambia de look.","twitter.com/Rocigaot/status/476794414590083073"
"11/6/2014 19:47:21","","476782755486126080","","Hay un borjamari con deportivo descapotable parado en mi calle. Justo en el sitio donde si aparcas te bombardean las cagadas de paloma. :D","twitter.com/Rocigaot/status/476782755486126080"
"11/6/2014 18:33:07","1","476764071560503296","","@Miguelman1 @El__Yayo mola,como una reunión tupperware del costo!","twitter.com/Rocigaot/status/476764071560503296"
"11/6/2014 18:27:56","1","476762770214760448","","@El__Yayo @Miguelman1 unos amigos míos tenían telecosto pero es que eran colegas, igual era servicio premium...","twitter.com/Rocigaot/status/476762770214760448"
"11/6/2014 18:19:50","4","476760729174163457","3","@El__Yayo es la ocasión de emprender y montar telefarlopa, que no sabes apreciar las oportunidades...#entrepreneurship #innovación","twitter.com/Rocigaot/status/476760729174163457"
"11/6/2014 13:54:11","","476693879077748736","","@xoancastro xa empezamos coas loitas dinásticas!","twitter.com/Rocigaot/status/476693879077748736"
"11/6/2014 13:44:59","","476691561649278976","","Vaya por dios, que dicen que es un fake. :( Demasiado bonito para ser verdad.","twitter.com/Rocigaot/status/476691561649278976"
"11/6/2014 13:23:28","2","476686145372581889","1","@Tabernita @ComandanteVimes @kaskaj0 serán las luchas sucesorias entre concebollistas y sincebollistas las que acaben con la monarquía!","twitter.com/Rocigaot/status/476686145372581889"
"11/6/2014 13:20:07","","476685302736896000","","King in the North! King in the North! http://praza.com/movementos-sociais/7341/o-partido-froilanista-convoca-unha-concentracion-en-defensa-do-dereitos-de-froilan-e-elena/?utm_source=dlvr.it&utm_medium=facebook …","twitter.com/Rocigaot/status/476685302736896000"
"11/6/2014 13:19:44","1","476685206728867840","1","@ComandanteVimes @kaskaj0 lo bueno es que si llega la república puede ir a algún reality tipo Master Chef para sacarse unas pelas :D","twitter.com/Rocigaot/status/476685206728867840"
"11/6/2014 11:44:21","","476661204518436864","","@ComandanteVimes @kalevorroka ni lo había leído, me había quedado obnubilada con lo de la tortilla. :D","twitter.com/Rocigaot/status/476661204518436864"
"11/6/2014 11:32:57","","476658333555101696","","@mimesacojea caerse todo el rato? A juzgar por cómo va en mi móvil, el Facebook para Android haría un rey apañao, entonces.","twitter.com/Rocigaot/status/476658333555101696"
"11/6/2014 11:30:39","","476657755399651328","3","@ComandanteVimes sabe hacer una tortilla? haberlo dicho antes, hombre! monarquía sí, viva el rey! XD","twitter.com/Rocigaot/status/476657755399651328"
"10/6/2014 21:33:26","2","476447061240717313","","@crow_ley @ComandanteVimes @PotiPotiInLove @Necropatata @islatempestad @Lasti_ adelante! y recuerda que si te dice 'no' es para que insistas","twitter.com/Rocigaot/status/476447061240717313"
"10/6/2014 20:36:57","","476432847029690368","","@PotiPotiInLove @laguiri @ComandanteVimes pray for CaballoMan :(","twitter.com/Rocigaot/status/476432847029690368"
"10/6/2014 20:25:56","1","476430074355654657","","@laguiri @PotiPotiInLove @ComandanteVimes na, ya sabrá que si se inscribe un tal CaballoMan debe vetarlo,como la de la lista de imbéciles XD","twitter.com/Rocigaot/status/476430074355654657"
"10/6/2014 18:51:49","","476406390597361664","","@medicblasto peluches de llamazares #ideaca","twitter.com/Rocigaot/status/476406390597361664"
"10/6/2014 17:10:28","","476380885332553728","","@Biosbrd aparte de que supostamente a ti traduciuche do italiano, mentres que o post da TVG o traduciu do portugués. XD","twitter.com/Rocigaot/status/476380885332553728"
"10/6/2014 17:07:01","","476380016327262208","","@Biosbrd eu deixaríao igual polas risas: traduciume o teu tweet por 'y no tienes STELLAMARIS de desactivalo!!!'","twitter.com/Rocigaot/status/476380016327262208"
"10/6/2014 17:03:19","","476379086047432705","","El traductor automático este del twitter puede dar momentazos. #clavoromano #uñadetemporadapic.twitter.com/cog8ilV9L5","twitter.com/Rocigaot/status/476379086047432705"
"10/6/2014 16:46:23","1","476374824038981633","","@Ika80Bcn y que los bebés nacidos en recesión son más sanos, y nosotros empeñados en que acabe la crisis. ¿Es que nadie piensa en los niños?","twitter.com/Rocigaot/status/476374824038981633"
"10/6/2014 16:42:26","","476373830307696640","","Ya sabéis, ahora si nos quedamos embarazadas y nos despiden al enterase, será por nuestro bien, para que el bebé esté sanote. #REDRUM","twitter.com/Rocigaot/status/476373830307696640"
"10/6/2014 16:13:42","","476366601764499456","","Los peperos de mi caralibro me dan ganas de defender a Coletas y todo. MIRA LO QUE ME HACÉIS HACER.","twitter.com/Rocigaot/status/476366601764499456"
"10/6/2014 14:30:35","1","476340649781112832","","@Tawil o outro día pillaron a un do PP que ía totalmente sobrio. Está suspendido de militancia mentres investigan se é un topo da esquetda.","twitter.com/Rocigaot/status/476340649781112832"
"10/6/2014 12:51:13","","476315643869147136","1","A lo mejor si el Mundial fuera como Eurovisión,y pudieras ir con el país que llevara la propuesta más freak, tendría otra gracia.","twitter.com/Rocigaot/status/476315643869147136"
"10/6/2014 12:46:59","1","476314576498458624","","-no me gusta el fútbol
-pero no es un equipo,es ESPAÑA
-yo es que de patriotismo voy justita
-ya estás politizando el deporte. 
#Dejavu","twitter.com/Rocigaot/status/476314576498458624"
"10/6/2014 12:44:16","","476313893443493888","","Cuántas broncas tendré durante este Mundial por decir que estoy de la selección hasta los ovarios? Yo digo sólo4, que estoy muy zen.","twitter.com/Rocigaot/status/476313893443493888"
"10/6/2014 11:51:56","1","476300724880822272","","@Rocigaot y con el tema no me refiero sólo a Parot, sino con todo ese discurso cuñao de 'las condenas en España son de risa' (y 4)","twitter.com/Rocigaot/status/476300724880822272"
"10/6/2014 11:42:33","","476298363059859456","","@Rocigaot pero poner de acuerdo ahí al que espera una opción de izquierdas con el 'Pablo dice verdades como puños' va a ser una risa (3)","twitter.com/Rocigaot/status/476298363059859456"
"10/6/2014 11:30:11","","476295250223595520","","@Rocigaot y no sé si el partido ha explicado abiertamente su postura para el tema, o si va a ser de esas cosas de 'ya votaremos luego' (2)","twitter.com/Rocigaot/status/476295250223595520"
"10/6/2014 11:25:21","","476294033263034368","","A raíz de un comment que vi me acabo de acordar de la defensa de la doctrina Parot que me hicieron amigos que ahora votan a Pablemos. (1)","twitter.com/Rocigaot/status/476294033263034368"
"10/6/2014 0:51:03","","476134405556416512","","@Biosbrd @Cascarelo XDD Eu teño visto algún caso así, pero sen ser eu parte implicada.","twitter.com/Rocigaot/status/476134405556416512"
"10/6/2014 0:43:31","1","476132511467458560","","@Biosbrd @Cascarelo eu coñezo unha que fixo FB á gata. Puxo que estaba 'en una relación con' a gata. E deulle a 'me gusta' co FB do micho.","twitter.com/Rocigaot/status/476132511467458560"
"10/6/2014 0:37:25","1","476130975664332800","","@Biosbrd @Cascarelo non, elas tiña de cando era xa adulta. Por iso non se riu comigo do tema. Foi un momento incómodo. XD","twitter.com/Rocigaot/status/476130975664332800"
"10/6/2014 0:35:09","","476130406182707200","","@Biosbrd @Cascarelo unha vez saquei esta conversa cunha amiga, ríndome de todas estas chorradas, e resulta que ela tíñaas TODAS.","twitter.com/Rocigaot/status/476130406182707200"
"10/6/2014 0:34:09","","476130156059557889","","@Biosbrd @Cascarelo foi unha moda breve, pero aquí si se viron. Iso, e o de facer a camiseta (ou bolso, ou o que fora) coa foto dos fillos.","twitter.com/Rocigaot/status/476130156059557889"
"10/6/2014 0:28:03","","476128618419351552","","@Biosbrd @Cascarelo e aquela moda noventeira de imprimirse camisetas cada un coa foto do outro?","twitter.com/Rocigaot/status/476128618419351552"
"10/6/2014 0:24:22","","476127691402248193","","@Cascarelo é case tan bonito coma a moda aquela das escravas de prata, cada unha co nome do outro gravada. The horror, the horror.","twitter.com/Rocigaot/status/476127691402248193"
"10/6/2014 0:20:22","5","476126687563087872","2","'Sin complejos' también se va perfilando como un gran indicador monguer, como 'políticamente incorrecto' o 'mourinhista'.","twitter.com/Rocigaot/status/476126687563087872"
"10/6/2014 0:16:38","1","476125747468587009","","@Cascarelo qué cansinez de moda. Por non falar do chungo que é simbolizar o amor cun candado.","twitter.com/Rocigaot/status/476125747468587009"
"10/6/2014 0:10:39","","476124240576790528","","@Cascarelo Federico, paga a ponte! Primeiro aviso!","twitter.com/Rocigaot/status/476124240576790528"
"9/6/2014 23:25:52","1","476112969483698176","","@MariCalpi En Olot han tenido lo suyo también....","twitter.com/Rocigaot/status/476112969483698176"
"9/6/2014 23:03:54","1","476107443483979777","","@ComandanteVimes 'Muerto por boybands comecarnes'. Sabía que moriría por culpa de algún grupo de esos,pero pensé que sería por oírlos cantar","twitter.com/Rocigaot/status/476107443483979777"
"9/6/2014 22:51:59","","476104441972916224","","@PatricioUPMA @ComandanteVimes eso sí,tienen los foros como muy dejaos, ¿no? Con mogollón de hilos de spam, y menos movimiento que con ZP.","twitter.com/Rocigaot/status/476104441972916224"
"9/6/2014 22:29:13","1","476098711832240128","","@mjdelrio @ComandanteVimes será que fue capaz de sobrevivir al adoctrinamiento rojo. En cambio mira lo que hicieron conmigo! XD","twitter.com/Rocigaot/status/476098711832240128"
"9/6/2014 22:19:21","","476096230725255170","","@mjdelrio @ComandanteVimes yo aún tengo algunos Super Humor,tengo que revisarlos a ver qué ideas de rojos inculcaron en mi pobre cabecita XD","twitter.com/Rocigaot/status/476096230725255170"
"9/6/2014 22:12:55","5","476094613779152896","1","@ComandanteVimes Hasta que te has leído El Capital, algo de Gramsci y un par de Mortadelos no te dan el carnet de comunista. Esto es así.","twitter.com/Rocigaot/status/476094613779152896"
"9/6/2014 22:10:49","","476094082436317184","","@Niha @ComandanteVimes @FriKitty en la página 3 alguien incluye los enlaces a las viñetas de nuevo XD","twitter.com/Rocigaot/status/476094082436317184"
"9/6/2014 22:08:43","","476093552670543872","","@ComandanteVimes ya he llegado a un 'que critique también a Mahoma'. Ya tardaba, voy por la 4ª página o así del hilo!","twitter.com/Rocigaot/status/476093552670543872"
"9/6/2014 22:06:51","","476093082984017920","","@FriKitty @ComandanteVimes  Ahí va. En la página 3 aparecen las terribles viñetas antiiglesia XD http://foro.hazteoir.org/viewtopic.php?f=13&t=12564&sid=25be94eb34bcb0cb15f4706ca345d51d …","twitter.com/Rocigaot/status/476093082984017920"
"9/6/2014 22:01:08","","476091646803980288","1","@ComandanteVimes 'Yo no dejaré que me laven el cerebro, ni censurando webs, ni sacando dibujos animados de zoofilias, gays...' ¿ZOOFILIAS?","twitter.com/Rocigaot/status/476091646803980288"
"9/6/2014 21:56:53","","476090576878977025","","@ComandanteVimes Cáscaras! A que salí atea perdida por todos los Mortadelos que me leí de pequeña? XD","twitter.com/Rocigaot/status/476090576878977025"
"9/6/2014 19:24:57","","476052342052515840","","@Marmota_Maligna juas! Estará desbordado de trabajo el pobre!","twitter.com/Rocigaot/status/476052342052515840"
"9/6/2014 19:22:44","","476051784562384896","","@Marmota_Maligna y que esté el chinovasco. De concejal de lo que sea.","twitter.com/Rocigaot/status/476051784562384896"
"9/6/2014 19:20:16","1","476051163104948225","2","Un reality da productora dos fillos tróspidos pra escoller novo goberno local pra Santiago. Eu veríao.","twitter.com/Rocigaot/status/476051163104948225"
"9/6/2014 17:10:08","","476018411781513216","","@PotiPotiInLove que yo ese y el de la energía nuclear de JimmyPokemon los habría metido como stendhal, pero es difícil elegir, a veces :D","twitter.com/Rocigaot/status/476018411781513216"
"9/6/2014 17:08:00","","476017877762727936","","@PotiPotiInLove será por esto que acaba de descubrir todo dios el grandioso tweet de los abortados en el 95 que no irán a la universidad? :D","twitter.com/Rocigaot/status/476017877762727936"
"9/6/2014 16:00:05","","476000785244110848","","@MariCalpi @ElHombreMalo mi favorita del mundo mundial es la de 'tenéis que sentir los colores'.","twitter.com/Rocigaot/status/476000785244110848"
"9/6/2014 15:59:26","1","476000621800488960","","@ElHombreMalo @MariCalpi era el mismo que se preocupó cuando empezó a haber buen ambiente en redacción y no se oía a la gente gritarse...","twitter.com/Rocigaot/status/476000621800488960"
"9/6/2014 15:55:50","","475999715285561344","1","@ElHombreMalo @MariCalpi tuve 1jefe que descartaba a los que preguntaban por el sueldo en la entrevista 'porque vienen por la pasta' #genio","twitter.com/Rocigaot/status/475999715285561344"
"9/6/2014 15:36:41","","475994898135785472","","@missultrasonica Síííí! Para lo que me va a servir el título, al menos que sea cuqui!","twitter.com/Rocigaot/status/475994898135785472"
"9/6/2014 15:31:23","1","475993562807820288","","@missultrasonica títulos universitarios firmados con bolis de esos de mogollón de colorines. Sería un puntazo.","twitter.com/Rocigaot/status/475993562807820288"
"9/6/2014 15:28:49","1","475992916499107840","","-Cari, ¿nos quedan condones?
-No, pero tengo la clave del Wi-fi
-Dale.","twitter.com/Rocigaot/status/475992916499107840"
"9/6/2014 15:22:13","1","475991255613468672","","@missultrasonica yo aún estoy a tiempo de que palme Preparao y me lo firme Leonor. Con una carita sonriente dentro de la 'o', o algo así :D","twitter.com/Rocigaot/status/475991255613468672"
"9/6/2014 15:17:11","3","475989990170984448","4","@Adroi_Bogui @MargaretCastor 'Clínica abortiva por wi-fi: interrumpa su embarazo mientras se baja el último capítulo de Game of Thrones'.","twitter.com/Rocigaot/status/475989990170984448"
"9/6/2014 14:46:01","1","475982144956035072","","@Marmota_Maligna yo tengo una familia viviendo al lado que me da ganas de ligarme las trompas con doble nudo marinero.","twitter.com/Rocigaot/status/475982144956035072"
"9/6/2014 14:33:56","","475979106379915266","","@Marmota_Maligna el pobre fue un incomprendido en su tiempo.","twitter.com/Rocigaot/status/475979106379915266"
"9/6/2014 13:48:10","3","475967585771880449","4","@SalidaPorLaIzq @El__Yayo ya tenemos dos monjas postulándose para Podemos? Gensanta, esto va a parecer Sister Act.","twitter.com/Rocigaot/status/475967585771880449"
"9/6/2014 13:07:54","","475957452853501952","","@MSLouzao sí, sí, republicano... tú déjale a él heredar y ser jefe supremo de las fuerzas armadas y veremos la que lía :D","twitter.com/Rocigaot/status/475957452853501952"
"9/6/2014 13:02:26","","475956078229065728","","@MSLouzao él es el que ataca a la familia con pinchos morunos y el que está en la lista de sucesión,pero sí, buscad al enemigo en twitter XD","twitter.com/Rocigaot/status/475956078229065728"
"9/6/2014 12:59:38","1","475955373401460736","","@Rocigaot vamos, lo que tendría que haber hecho y no hice con las fotos de la boda de Ana Aznar. Con los años una aprende.","twitter.com/Rocigaot/status/475955373401460736"
"9/6/2014 12:58:48","1","475955164650962945","3","Pienso comprarme la revista Hola! con las fotos de la coronación para hacer porra de qué invitados estarán en Soto del Real de aquí a 5años","twitter.com/Rocigaot/status/475955164650962945"
"9/6/2014 12:55:01","","475954211281453057","","Dicen que está la poli rastreando a ver si la ETA de Twitter trama algo por la coronación. Y luego dejarán ir a Froilán,sin cachearlo ni na.","twitter.com/Rocigaot/status/475954211281453057"
"9/6/2014 12:27:52","","475947378789593088","","Igual con 'banco de talentos' Pablemos se refiere a la unidad monetaria. Por completar el efecto Frente Popular de Judea, digo.","twitter.com/Rocigaot/status/475947378789593088"
"9/6/2014 11:57:10","1","475939651698827264","5","Círculo Podemos Popular de Judea #concepto","twitter.com/Rocigaot/status/475939651698827264"
"9/6/2014 11:55:19","1","475939189503299584","","@ComandanteVimes @shakesphobic yo dejé de leer los comentarios de esas entradas, me quitan las ganas de vivir. O de que viva según qué gente","twitter.com/Rocigaot/status/475939189503299584"
"9/6/2014 2:00:34","","475789515467284480","","@PotiPotiInLove Jajajajajajajajajajaja!","twitter.com/Rocigaot/status/475789515467284480"
"9/6/2014 1:36:43","","475783513791537152","","@ComandanteVimes 'el mundillo pseudoescéptico'. XD","twitter.com/Rocigaot/status/475783513791537152"
"9/6/2014 1:27:15","5","475781127928815616","2","Iker, si estábais en un descampado y vas a decir que oísteis gritos o gemidos, ya te adelanto que un fantasma NO era. #CuartoMilenio","twitter.com/Rocigaot/status/475781127928815616"
"9/6/2014 1:25:47","1","475780761631862784","","Iker acaba de hablar de sí mismo en tercera persona? #CuartoMilenio","twitter.com/Rocigaot/status/475780761631862784"
"9/6/2014 1:20:53","1","475779526333833217","","@Tabernita @LumpenPerro @paleofreak es que van pidiendo el trolleo a gritos!","twitter.com/Rocigaot/status/475779526333833217"
"9/6/2014 1:17:31","4","475778677981331456","1","@Tabernita @LumpenPerro @paleofreak Entonces,¿con crear perfil de FB puedo hacer 1círculo Podemos DE LO QUE SEA?Mmm..pic.twitter.com/Xun1WLMTf3","twitter.com/Rocigaot/status/475778677981331456"
"9/6/2014 1:06:13","","475775836390694912","","@Marmota_Maligna estos son de los que creen que puedes romper Internet si buscas Google en Google XD","twitter.com/Rocigaot/status/475775836390694912"
"9/6/2014 1:04:31","","475775410454953984","","Siempre que en #CuartoMilenio se habla de algo relacionado con Internet me acuerdo de Jen la de The IT Crowd, no sé por qué será. :P","twitter.com/Rocigaot/status/475775410454953984"
"9/6/2014 1:01:37","1","475774679698137088","","Nadie en esa mesa se ha leído nunca un BOE. Y uno es abogado y Friker periodista. Ole ahí. #CuartoMilenio","twitter.com/Rocigaot/status/475774679698137088"
"9/6/2014 0:59:53","1","475774241309483009","3","Hacéis llorar a los empresarios del IBEX 35 con vuestras coñitas y vuestros fotomontajes en twitter. No tenéis corazón. #CuartoMilenio","twitter.com/Rocigaot/status/475774241309483009"
"9/6/2014 0:59:04","","475774038804283392","","Cualquier persona puede preocupar a Botín o Amancio Ortega haciendo un video paródico y subiéndolo al Youtube, ojo. #CuartoMilenio","twitter.com/Rocigaot/status/475774038804283392"
"9/6/2014 0:57:33","1","475773655973380096","","Ahora la ETA de Twitter son cuatro becarios. LOL #CuartoMilenio","twitter.com/Rocigaot/status/475773655973380096"
"9/6/2014 0:56:26","","475773372648148992","","Este debate me empieza a parecer un claro caso de posesión. Marhuenda, abandona ese cuerpo! El poder de cristo te obliga! #CuartoMilenio","twitter.com/Rocigaot/status/475773372648148992"
"9/6/2014 0:54:07","1","475772793049866240","1","Ya han salido las denuncias falsas y Venezuela. Estoy viendo #CuartoMilenio o El gato al agua?","twitter.com/Rocigaot/status/475772793049866240"
"9/6/2014 0:51:45","","475772194967277568","","@Marmota_Maligna con fotos de animalitos disfrazados, para poner el toque cómico y que sea menos peñazo.","twitter.com/Rocigaot/status/475772194967277568"
"9/6/2014 0:50:33","3","475771891643580417","3","Espera, que eran agentes de élite super entrenados y el entrenamiento era UN POWER POINT. #CuartoMilenio","twitter.com/Rocigaot/status/475771891643580417"
"9/6/2014 0:39:42","","475769163349491712","","Igual la Acapulca era una espía del Mossad. A saber qué pérfido plan estaba detrás del consejo aquel de no usar champú. #CuartoMilenio","twitter.com/Rocigaot/status/475769163349491712"
"9/6/2014 0:36:47","1","475768431024037890","","Igual JimmyPokemon o Bigotitos son espías infiltrados de esos.Ya sabía yo que había una explicación, no podían ser tan tontos #CuartoMilenio","twitter.com/Rocigaot/status/475768431024037890"
"9/6/2014 0:34:07","5","475767756999393280","3","Mira, ya empieza la sección 'Internet es el mal' previa a la sección 'bájate estas apps tan chulas' #CuartoMilenio","twitter.com/Rocigaot/status/475767756999393280"
"9/6/2014 0:26:53","1","475765937099243520","1","'No sé qué pasa ahí, son niños que sólo gritan'. Te vas a Primark un sábado y oyes chillidos infantiles de esos a cascoporro. #CuartoMilenio","twitter.com/Rocigaot/status/475765937099243520"
"9/6/2014 0:11:50","2","475762150599057408","5","'Es como si alguien te saludase'. Si es que lo fantasma no quita lo cortés. #CuartoMilenio","twitter.com/Rocigaot/status/475762150599057408"
"9/6/2014 0:01:07","","475759455108628480","","@Marmota_Maligna yo tengo una amiga que usa salvaslips a modo de media plantilla, para cuando usa tacones :D","twitter.com/Rocigaot/status/475759455108628480"
"8/6/2014 23:42:32","","475754774743494656","","Yo digo que reclaman cuatro pero las pruebas sólo demuestran la parternidad de tres #PorraBastardosDelRey @mjdelrio @themarquesito","twitter.com/Rocigaot/status/475754774743494656"
"8/6/2014 23:13:18","1","475747421214240768","","¿Es que no van a analizar lo de los dibujos de Ignacio González? #berenjenasonriente #CuartoMilenio","twitter.com/Rocigaot/status/475747421214240768"
"8/6/2014 23:12:06","","475747118754562049","","Sigo echándole cuento en los comentarios de texto de mis asignaturas de literatura ahora, no os vayáis a pensar.","twitter.com/Rocigaot/status/475747118754562049"
"8/6/2014 23:11:19","1","475746921655848960","","Y pensaba que yo le echaba cuento cuando tenía que hacer comentarios de texto de Historia del Arte en COU... #CuartoMilenio","twitter.com/Rocigaot/status/475746921655848960"
"8/6/2014 23:02:42","","475744752487661568","","Gente que tengáis Historia del Arte en Selectividad, al loro con los análisis de #CuartoMilenio, que igual pilláis ideas... bueno, mejor no.","twitter.com/Rocigaot/status/475744752487661568"
"8/6/2014 22:57:24","","475743417864310784","","@perradesatan no me sorpende demasiado. Hasta me juego algo a que hay algún feto en el útero materno ya con facebook hecho...","twitter.com/Rocigaot/status/475743417864310784"
"8/6/2014 22:50:12","","475741607200047105","","He pillado el avance del programa de Risto Mejode de la próxima semana y saldrá Marhuendis diciendo que no es del PP.","twitter.com/Rocigaot/status/475741607200047105"
"8/6/2014 22:35:17","","475737854489137152","","En serio un fulano ha dicho en Salvados que quiere al Rey de Jefe de Estado para ir a bodas y a funerales?Os lo hago yo a mitad de precio!","twitter.com/Rocigaot/status/475737854489137152"
"8/6/2014 21:08:59","","475716134466236416","","Círculo Podemos Legionarios de Cristo.","twitter.com/Rocigaot/status/475716134466236416"
"8/6/2014 20:50:17","","475711428364890112","","@mjdelrio mi teoría era que igual Casillas y Carbonero se inventaron el embarazo para buscar casito y ahora salen del paso con un Nenuco :D","twitter.com/Rocigaot/status/475711428364890112"
"8/6/2014 20:48:36","","475711005289619456","","@mjdelrio (que no, no es el muñeco de vinilo, pero yo creo que si lo hacen el resultado no sería muy distinto XD)","twitter.com/Rocigaot/status/475711005289619456"
"8/6/2014 20:48:03","","475710866068099072","","@mjdelrio ahí va la foto, el photoshopazo de Semana a la izda,lo que supongo es la foto que mandaron ellos a la dcha.pic.twitter.com/Pro1NCTPJv","twitter.com/Rocigaot/status/475710866068099072"
"8/6/2014 20:40:20","","475708922993848320","","@mjdelrio anda, a ver si lo que creíamos que era el bebé de Carbonero super photoshopeado en Semana en realidad era la réplica en vinilo! XD","twitter.com/Rocigaot/status/475708922993848320"
"8/6/2014 17:31:08","","475661308831227904","","@PotiPotiInLove @MSLouzao @Adroi_Bogui sí, lo que faltaba, santos asesores con sueldos y nubes oficiales. La casta celestial.","twitter.com/Rocigaot/status/475661308831227904"
"8/6/2014 17:28:11","","475660566623956992","","@MSLouzao @Adroi_Bogui @PotiPotiInLove a la virgen no la liéis con esas chorradas que todavía tiene pendiente arreglarnos lo del paro!","twitter.com/Rocigaot/status/475660566623956992"
"8/6/2014 17:20:15","","475658570055573504","","@Cascarelo qué repelús dá...","twitter.com/Rocigaot/status/475658570055573504"
"8/6/2014 17:14:59","","475657245867659265","","@Adroi_Bogui @PotiPotiInLove ya te digo!Froilán ya puede liarla con un pincho moruno, imagina con el control de todos los ejércitos! XD","twitter.com/Rocigaot/status/475657245867659265"
"8/6/2014 17:09:24","","475655842646482944","","@Adroi_Bogui @PotiPotiInLove pues como Dios lo quiera en cosa de un año o dos...jefa suprema de las Fuerzas Armadas antes de empezar la ESO!","twitter.com/Rocigaot/status/475655842646482944"
"8/6/2014 17:05:23","","475654830783225856","","@LordTesla es un insulto genial para venir de un monguer. Creo que lo voy a empezar a usar XD","twitter.com/Rocigaot/status/475654830783225856"
"8/6/2014 16:48:35","","475650603256131584","","Se me ocurren tantas coñas a costa de lo de PedroJota y los brackets, y todas de tan dudoso gusto...","twitter.com/Rocigaot/status/475650603256131584"
"8/6/2014 16:27:47","1","475645366436917249","","@Tabernita me acaba de salir el café por la nariz XDDD","twitter.com/Rocigaot/status/475645366436917249"
"8/6/2014 16:08:22","1","475640481473650688","1","@Nieves_Rguez @Eu_Bullock o que máis me rompeu foi que dixeran 'hoy está el agua muy fría y la mar muy revuelta'. No Mar Menor. XD","twitter.com/Rocigaot/status/475640481473650688"
"8/6/2014 16:02:58","","475639120845627392","","@Nieves_Rguez @Eu_Bullock igual ela é murciana. Eu estiven unha semana santa alí a 30 graos e os autóctonos queixábanse do fresco que facía.","twitter.com/Rocigaot/status/475639120845627392"
"8/6/2014 15:51:47","1","475636308476706817","","Me he apuntado a un voluntariado de esos de hacer compañía a una persona mayor que esté sola y me ha tocado Juan Carlos I.","twitter.com/Rocigaot/status/475636308476706817"
"8/6/2014 15:40:07","3","475633371859931136","1","@XoseMorais ya le veo ligando por Meetic y las amigas de la elegida diciéndole: 'no te fíes, Paqui, ése va contigo por los papeles'.","twitter.com/Rocigaot/status/475633371859931136"
"8/6/2014 15:33:06","1","475631608754864129","","@NewIlluminatus @MargaretCastor habéis descartado la enfermedad de Crohn?","twitter.com/Rocigaot/status/475631608754864129"
"8/6/2014 15:30:58","1","475631067937140736","","En Madrid tiene que haber alguna discoteca que sea el equivalente al Chaston coruñés para que Juancar salga a ligar y rehaga su vida.","twitter.com/Rocigaot/status/475631067937140736"
"8/6/2014 15:16:27","1","475627416539639808","","@ComandanteVimes aún así gana Froilán, que es un broncas vocacional. Es un hombre hecho a sí mismo en eso de repartir hostias.","twitter.com/Rocigaot/status/475627416539639808"
"8/6/2014 15:13:29","","475626671551569920","","@ComandanteVimes lo dices porque sabes que ganaría Froilán!","twitter.com/Rocigaot/status/475626671551569920"
"8/6/2014 13:15:50","","475597063313698817","","@Irreductible igual aún sigue las premisas del movimiento Dogma, al Ártico las modas llegan tarde. :P","twitter.com/Rocigaot/status/475597063313698817"
"8/6/2014 12:45:02","","475589312609013761","","@MargaretCastor hombre, vista la utilidad que está teniendo, poner mi título universitario en el WC sería bastante coherente...","twitter.com/Rocigaot/status/475589312609013761"
"8/6/2014 11:55:02","","475576726421266433","","Juancar proponiendo a Antonio Banderas formar equipo para salir a ligar: 'tú eres el amigo guapo, yo el campechano'. #elreyestámuysolo","twitter.com/Rocigaot/status/475576726421266433"
"8/6/2014 11:53:38","","475576375001497600","","Juancar tirando de chorboagenda. 'Oye, Bárbara Rey, que cuánto tiempo,a ver si quedamos a tomar algo y nos ponemos al día' #elreyestámuysolo","twitter.com/Rocigaot/status/475576375001497600"
"8/6/2014 11:49:49","","475575413998387200","","Ahora es cuando se separan, Sofía se echa novio y él se pica y empieza a mandarle Whatsapps nostálgicos de borrachera. #elreyestámuysolo","twitter.com/Rocigaot/status/475575413998387200"
"8/6/2014 11:42:44","","475573632551620608","1","'Juancar, jubilado, en proceso de separación. Busca chica tan campechana como él para cazar elefantes y lo que surja'. #elreyestámuysolo","twitter.com/Rocigaot/status/475573632551620608"
"8/6/2014 11:23:49","","475568871941099522","","'Campechano69 ha visitado tu perfil de E-darling'. #Elreyestámuysolo","twitter.com/Rocigaot/status/475568871941099522"
"8/6/2014 11:12:23","","475565996619886592","","@PotiPotiInLove na, si pasas a dos velas el tiempo suficiente igual te revirginizas y puedes. XD","twitter.com/Rocigaot/status/475565996619886592"
"8/6/2014 1:19:37","","475416819264937984","","@Cascarelo estou agardando a que os froilanistas contraataquen cun comunicado na 'Nuevo Vale'.","twitter.com/Rocigaot/status/475416819264937984"
"7/6/2014 18:34:34","","475314885988196353","","@PotiPotiInLove me encanta lo de que pueden ayudar a otros jóvenes a vivir lo mismo. Me están dando unas ganas locas, sí. XD","twitter.com/Rocigaot/status/475314885988196353"
"7/6/2014 17:51:25","","475304027174232064","","@LumpenPerro @Subnorbook I WANT TO BELIEVE!","twitter.com/Rocigaot/status/475304027174232064"
"7/6/2014 17:48:51","","475303383382114305","","@LumpenPerro @Subnorbook confieso que me decepciona un poquito: de ser un monguer auténtico sería brutal! XD","twitter.com/Rocigaot/status/475303383382114305"
"7/6/2014 17:46:14","","475302722514989056","","@Subnorbook Jajajaja! Ya lo había visto más veces, pero, ¿no será una cuenta parodia?","twitter.com/Rocigaot/status/475302722514989056"
"7/6/2014 17:20:30","1","475296246874521600","","Hay unos en la calle gritando 'España, España'. ¿Está jugando la Roja? Por aprovechar e ir a hacer unas compras sin pillar cola.","twitter.com/Rocigaot/status/475296246874521600"
"7/6/2014 16:36:44","","475285232896466945","","'Siempre se van los mejores: los que no nos hacían el RT manual'. #esquelasTVE","twitter.com/Rocigaot/status/475285232896466945"
"7/6/2014 16:35:06","","475284823456894976","","@Tabernita espérate, que te pongo link: https://twitter.com/ikerarmentia/status/475275321571565568 …","twitter.com/Rocigaot/status/475284823456894976"
"7/6/2014 16:34:31","","475284676656246784","","@Tabernita Lo de Darío Barrio, TVE dio lo de su muerte en twitter refiriéndose a él como 'nuestro follower'.","twitter.com/Rocigaot/status/475284676656246784"
"7/6/2014 16:32:48","","475284243837636608","","'Era una bellísima persona, siempre retwitteaba'. #EsquelasTVE","twitter.com/Rocigaot/status/475284243837636608"
"7/6/2014 16:31:31","","475283919924109312","","'Falleció cristianamente el 7 de junio, a los 6000 tweets publicados. Sus followers ruegan FAV+RT por el descanso de su alma'. #esquelasTVE","twitter.com/Rocigaot/status/475283919924109312"
"7/6/2014 16:20:37","","475281175964291073","","A mí me pasa como a TVE, se me mueren los followers enseguida. No sé si es que los planto mal, que los riego poco...","twitter.com/Rocigaot/status/475281175964291073"
"7/6/2014 16:11:24","","475278858745548800","","Followers de TVE, dejad de moríos, por favor, que así no van a llegar a twitstars.","twitter.com/Rocigaot/status/475278858745548800"
"7/6/2014 15:48:56","1","475273203024408576","","@AntonioMaestre falta colocar al lado una noticia sobre la moda del 'steak tartar' para acabar de rematarlo.","twitter.com/Rocigaot/status/475273203024408576"
"7/6/2014 15:29:47","1","475268384297615361","","Todo lo que me gusta es ilegal, inmoral, o se fabrica sólo en tallas de hombre. http://www.reizentolo.es/camisetas-manga-corta/187-camiseta-emprendedor.html …","twitter.com/Rocigaot/status/475268384297615361"
"7/6/2014 15:28:35","","475268082517409792","","@Cascarelo Círculo Podemos Yahoo Answers. Concepto.","twitter.com/Rocigaot/status/475268082517409792"
"7/6/2014 15:25:46","2","475267371603865600","2","Con Podemos y 'la casta' pega igual que con el PP y ETA el chiste del abuelo Simpson:
-¡Ahí está!¡La casta!
-Abuelo, ese es el gato...","twitter.com/Rocigaot/status/475267371603865600"
"7/6/2014 14:48:06","","475257895739981826","","Cuando acabe la carrera, ¿seré de la casta filóloga?","twitter.com/Rocigaot/status/475257895739981826"
"7/6/2014 13:20:26","","475235833080184832","","@Tabernita él es el que la está insultando, él es el que se queda a dos velas, pero el cabrón es el otro tío y la tonta es ella. Claaaro. XD","twitter.com/Rocigaot/status/475235833080184832"
"7/6/2014 13:07:14","","475232511539548160","","@Tabernita me encanta cómo los Nice Guys echan mierda contra otros hombres para mendigar un polvo. Luego dicen que las mujeres nos odiamos!","twitter.com/Rocigaot/status/475232511539548160"
"7/6/2014 12:59:34","1","475230579269840896","2","@ComandanteVimes Y si mi fe para ser completa requiere sacrificar monguers a Cthulhu? Me dejan?","twitter.com/Rocigaot/status/475230579269840896"
"7/6/2014 12:55:10","","475229471705145344","","@Tabernita sí, yo he seguido muchos numeritos de FB muerta de vergüenza ajena. Es como lo que dicen de no poder evitar mirar un accidente.","twitter.com/Rocigaot/status/475229471705145344"
"7/6/2014 12:54:02","1","475229186479915008","","@TaboadaLucia Froilán acabará dando para reality de la MTV, y si no, al tiempo!","twitter.com/Rocigaot/status/475229186479915008"
"7/6/2014 12:52:01","","475228679241756672","","@Tabernita saca las palomitas y a ver el espectáculo :D","twitter.com/Rocigaot/status/475228679241756672"
"6/6/2014 23:00:35","1","475019444318912512","","Entusiasmo en #AcampadaMonarquía :Don Juan Carlos se acerca a salud...nah,es un friki que va a ver la nueva de X-Men disfrazado de Magneto","twitter.com/Rocigaot/status/475019444318912512"
"6/6/2014 22:53:22","","475017626289467392","","@callaquenoveo Fijo!","twitter.com/Rocigaot/status/475017626289467392"
"6/6/2014 22:52:13","1","475017338962841601","","@callaquenoveo los 3primeros días lo tienes liso por el champú, y los otros porque el peso de la grasa acumulada tira del pelo hacia abajo","twitter.com/Rocigaot/status/475017338962841601"
"6/6/2014 22:28:08","","475011278025805824","","@CaminoAna ás novas xeracións déronlles máis petisuis :D","twitter.com/Rocigaot/status/475011278025805824"
"6/6/2014 22:23:12","1","475010036025294849","2","Los de #AcampadaMonarquía ya han instalado las tiendas de campaña para pasar la noche. Las dos.","twitter.com/Rocigaot/status/475010036025294849"
"6/6/2014 22:02:57","1","475004940994482176","","La planta rodadora que se manifestó en Santiago envía su solidaridad también con los de la #AcampadaMonarquía de Sol.","twitter.com/Rocigaot/status/475004940994482176"
"6/6/2014 22:02:03","1","475004713814208512","4","Aviso desde #AcampadaMonarquía. 'Se nos ha acabado el Varón Dandy. Y empiezan a escasear las farias. Por favor RT'.","twitter.com/Rocigaot/status/475004713814208512"
"6/6/2014 21:59:01","2","475003949553315841","3","Abucheos a uno de Anonymous con la máscara de V de Vendetta. Hasta que resulta ser Froilán camino de la Joy Eslava. #AcampadaMonarquía","twitter.com/Rocigaot/status/475003949553315841"
"6/6/2014 21:57:34","2","475003583797407745","5","La Comisión de Estética de #AcampadaMonarquía organiza el taller 'aprende a peinarte como Doña Sofía'.","twitter.com/Rocigaot/status/475003583797407745"
"6/6/2014 20:50:02","","474986589916246016","","Esperade, que ahí vai o streaming da manifa pro monárquica en Santiago. http://stream1.gifsoup.com/view3/20140331/5009844/plantarodadora-o.gif …","twitter.com/Rocigaot/status/474986589916246016"
"6/6/2014 20:43:45","","474985009896759296","1","Han cantado ya en la manifa monárquica de Madrid lo de 'Feeeelipito, uve paliiito'?","twitter.com/Rocigaot/status/474985009896759296"
"6/6/2014 20:20:28","","474979147404824576","","Al parecer hay unas 50 personas en la manifa monárquica de Madrid. Unas 90 contando a los jinetes de los polos Ralph Lauren.","twitter.com/Rocigaot/status/474979147404824576"
"6/6/2014 13:52:21","","474881474572070912","","@undivaga @mjdelrio en mi casa ni se plantean nada que no sea PP. Les cabreó lo del IVA pero 'pa qué votar otra cosa si hacen todos igual'","twitter.com/Rocigaot/status/474881474572070912"
"6/6/2014 13:21:42","","474873762660495360","","@mjdelrio @undivaga yo tenía un abuelo falangista que tenía fotos de Primo de Rivera en plan belieber con posters del Justin, así que... :P","twitter.com/Rocigaot/status/474873762660495360"
"6/6/2014 13:18:09","1","474872868103548929","","@mjdelrio @undivaga qué chollo, tienes inmunidad diplomática para pecar XD!","twitter.com/Rocigaot/status/474872868103548929"
"6/6/2014 13:11:00","","474871070529716224","","@mjdelrio @undivaga y los míos! Y no me quejo, que tengo amigos mayores que yo con el combo orla+foto de jura de bandera. XD","twitter.com/Rocigaot/status/474871070529716224"
"6/6/2014 1:25:22","2","474693493152313345","","@PotiPotiInLove dicen que si te pones frente al espejo a medianoche con una vela, se te aparece MAR poniendo morritos para un selfie.","twitter.com/Rocigaot/status/474693493152313345"
"6/6/2014 1:23:00","","474692895396855810","1","Por culpa de @PotiPotiInLove he visto esto y llevo un rato balanceándome en posición fetal en un rincón. #traumahttps://twitter.com/belenbajo/status/474690908605415424 …Con @marodriguezb recordando viejos tiempos. Que jóvenes seguimos siendo! pic.twitter.com/9XgfwaRG0L","twitter.com/Rocigaot/status/474692895396855810"
"5/6/2014 21:12:29","1","474629851560034304","","Con tanto dibujante dejando El Jueves, tiene una oportunidad Ignacio González para que le saquen una tira de la berenjena sonriente aquella.","twitter.com/Rocigaot/status/474629851560034304"
"5/6/2014 14:23:56","","474527037160706048","","@Tabernita de todas formas, las servilletas tienen un puntillo republicano. Puedes limpiarte las babillas y echarle los paluegos al Preparao","twitter.com/Rocigaot/status/474527037160706048"
"5/6/2014 14:17:08","","474525326991949824","","@Tabernita papel higiénico con la cara del Preparao no han sacado? O kleenex?","twitter.com/Rocigaot/status/474525326991949824"
"5/6/2014 14:12:12","","474524081992519680","","@Tawil @Cascarelo ai, non lembraba iso! a miña memoria debeuno borrar, en plan amnesia de shock postraumático :P","twitter.com/Rocigaot/status/474524081992519680"
"5/6/2014 14:08:29","2","474523148399181824","1","@Tawil @Cascarelo cómo prepararían a Felipe VI el Preparao pra esas cousas do oficio?fixéronlle criar un can e logo matalo,rollo Unsullied?","twitter.com/Rocigaot/status/474523148399181824"
"5/6/2014 12:53:37","2","474504308860665856","2","@ComandanteVimes @laguiri hay posibilidades de recuperar la entrañable tradición de que caigan en cuartos para ahorrarnos parte del coñazo?","twitter.com/Rocigaot/status/474504308860665856"
"5/6/2014 12:39:26","","474500739063357440","","@xoancastro @VIVAANTES xa tes un gato estrela de Internet!","twitter.com/Rocigaot/status/474500739063357440"
"5/6/2014 12:35:16","1","474499688025321472","","@VIVAANTES onte no caralibro tiña a un dicindo que ese tío está 'perdendo diñeiro' ao traballar pra Felipe 'por amistad y lealtad' XD","twitter.com/Rocigaot/status/474499688025321472"
"5/6/2014 12:18:00","","474495343988838400","","@Biosbrd Ay, lloro! XDDDDD","twitter.com/Rocigaot/status/474495343988838400"
"5/6/2014 0:08:07","1","474311663123169280","1","@undivaga @mjdelrio hombre, algo le rebajarán de la condena por confesar lo de la diplomatura XD","twitter.com/Rocigaot/status/474311663123169280"
"4/6/2014 21:37:09","","474273673252044801","","Aún he visto hoy por 1ºvez el anuncio de Activia: supongo que llego tarde a proponer 'voy a hacer bailar a Shakira' como eufemismo de cagar.","twitter.com/Rocigaot/status/474273673252044801"
"4/6/2014 19:53:04","","474247475868749824","","@Tawil firmou en plan preferentes das caixas? XD","twitter.com/Rocigaot/status/474247475868749824"
"4/6/2014 19:49:45","","474246641663623168","","@Tawil fai 10 anos, no meu 1ªdía nun traballo,unha compañeira díxonos: 'yo es que soy super roja, estoy en Juventudes del PSOE y todo'. XD","twitter.com/Rocigaot/status/474246641663623168"
"4/6/2014 13:23:50","","474149523993161728","","@kirovast si es que a Los Planetas los tenemos más que oídos hasta los que pasamos mucho de Los Planetas.","twitter.com/Rocigaot/status/474149523993161728"
"4/6/2014 13:16:44","","474147737114791936","","De hecho, estamos a un par de décadas de que pinchen 'un buen día' al principio de los bailes de bodas 'para que los yayos bailen sus cosas'","twitter.com/Rocigaot/status/474147737114791936"
"4/6/2014 13:15:47","1","474147498450497536","","@undivaga @sincarisma ya hemos quemado demasiado los chistes de Juego de Tronos, pero es que cuesta no hacerlos XD","twitter.com/Rocigaot/status/474147498450497536"
"4/6/2014 13:15:07","","474147330573500417","","De 'Los Planetas' ya renegaban los modernos de mi facultad allá por el 2000 porque los conocía demasiada gente, pero vale, Leti es hipster.","twitter.com/Rocigaot/status/474147330573500417"
"4/6/2014 13:11:55","1","474146525048995841","","@undivaga me siento muy @sincarisma en este momento por haber hecho la coña. :P","twitter.com/Rocigaot/status/474146525048995841"
"4/6/2014 13:03:31","1","474144412243857408","","@kalevorroka segundo os arquivos -vamos, segundo a miniserie de Felipe e Leti-, Felipe VI El Preparado é máis de ritmos latinos e pachanga.","twitter.com/Rocigaot/status/474144412243857408"
"4/6/2014 13:00:11","","474143573274021888","","@undivaga anda, los Snow de los Borbones!","twitter.com/Rocigaot/status/474143573274021888"
"4/6/2014 12:57:44","6","474142956602277888","6","'Letizia, la reina hipster que ama a Los Planetas'. Hombre, El Mundo, Los Planetas a estas alturas, muy hipster tampoco son, eh.","twitter.com/Rocigaot/status/474142956602277888"
"4/6/2014 12:52:01","1","474141516907425792","","@Tawil @kalevorroka @acurrasf eu se hai un suricato, firmo!","twitter.com/Rocigaot/status/474141516907425792"
"4/6/2014 12:42:00","","474138997011128320","3","Algo rollo '¿es eficiente lo que pagamos a los Borbones si igual una ETT nos consigue una familia real por el 50%del presupuesto?'","twitter.com/Rocigaot/status/474138997011128320"
"4/6/2014 12:40:05","2","474138513848676352","3","Lo que me fascina es que los monárquicos de mi FB suelen ser LET. Un día les sugiero liberalizar el mercado de las casas reales, a ver.","twitter.com/Rocigaot/status/474138513848676352"
"4/6/2014 12:28:56","","474135708245172224","","'Es que si la gente que está venga a criticar la monarquía y al Rey es porque quiere que venga la República'. ¡Mierda, nos ha descubierto!","twitter.com/Rocigaot/status/474135708245172224"
"4/6/2014 12:22:33","","474134100073529344","","@mjdelrio desde esa discusión solemos limitarnos a ignorarnos y ya. Tengo otros que sí entran al trapo con frecuencia. XD","twitter.com/Rocigaot/status/474134100073529344"
"4/6/2014 12:19:27","1","474133321094815744","","@kbcitalok con el presupuesto que se nos va en mantener borbones, nos salen los sueldos de jardinero o fontanero caros de cojones.","twitter.com/Rocigaot/status/474133321094815744"
"4/6/2014 12:14:58","1","474132192957038592","","@mjdelrio es el mismo que me explicaba cuando palmó Fraga lo demócrata que era. Porque claro, qué sabremos los gallegos del tema. :P","twitter.com/Rocigaot/status/474132192957038592"
"4/6/2014 12:08:11","","474130487574011905","1","Hoy en mi FB, los mismos que piden cargarse las autonomías dicen que hay que conservar la monarquía porque Zarzuela da trabajo a fontaneros","twitter.com/Rocigaot/status/474130487574011905"
"4/6/2014 12:06:37","","474130093678542849","","@mjdelrio en mi FB uno dice que es que si no hubiera monarquía no tendrían trabajo fontaneros, jardineros y demás que curran para Zarzuela.","twitter.com/Rocigaot/status/474130093678542849"
"4/6/2014 11:53:00","1","474126663455113216","","A juzgar por los TT deduzco que hoy es mi santo. Que sea atea no significa que no acepte regalos, yo lo dejo caer.","twitter.com/Rocigaot/status/474126663455113216"
"4/6/2014 0:46:25","","473958914820558848","","@Tabernita @PotiPotiInLove y al listo que llega en plan 'alguien tiene resúmenes de TODO? Me los mandáis a este mail?'","twitter.com/Rocigaot/status/473958914820558848"
"4/6/2014 0:39:20","1","473957132509786112","","@PotiPotiInLove @Tabernita los foros son la oportunidad que nos da la UNED de calar en la distancia al pelota oficial de la clase. :P","twitter.com/Rocigaot/status/473957132509786112"
"4/6/2014 0:30:25","","473954887705694208","","@sil_loh no sé si conoces mi tumblr favorito de fotos inmobiliarias. Ese sería de los más normalitos. XD  http://terriblerealestateagentphotos.com/ ","twitter.com/Rocigaot/status/473954887705694208"
"4/6/2014 0:25:20","","473953609386688512","","@sil_loh pues tiene su ventaja, oye, cuando estás de resaca puedes pillar el aquarius y la pizza de ayer sin salir de cama. :D","twitter.com/Rocigaot/status/473953609386688512"
"3/6/2014 20:57:33","6","473901318810402817","4","@Marmota_Maligna toreemos reyes para que no se extingan!","twitter.com/Rocigaot/status/473901318810402817"
"3/6/2014 20:50:21","","473899506078322688","","@_SilverFace hombre, el pobre Ashley muy carismático nunca fue...","twitter.com/Rocigaot/status/473899506078322688"
"3/6/2014 20:36:35","","473896041906188288","","@_SilverFace saberlo lo sé por Ashley Wilkes de Lo que el viento se llevó. Pero suelo olvidarlo, así que podría cagarla yo también.","twitter.com/Rocigaot/status/473896041906188288"
"3/6/2014 19:19:01","","473876519174303744","","-Mariano, han hecho soplar a uno de tus asesores y ha dado 0,0       
-Cashpita! A que esh un rojo infiltrado?","twitter.com/Rocigaot/status/473876519174303744"
"3/6/2014 19:16:45","","473875951986954241","","A estas alturas, lo raro es que no tengan que dimitir y devolver el carnet del PP si les paran en un control de alcoholemia y dan negativo.","twitter.com/Rocigaot/status/473875951986954241"
"3/6/2014 16:17:07","1","473830745753268224","","Iba a hacer un tweet de ideas originales para coronaciones sacando a relucir a Viserys Targaryen, pero quita, que igual es enaltecer cosas.","twitter.com/Rocigaot/status/473830745753268224"
"3/6/2014 16:03:11","2","473827237620633601","","Gente, ya he acabado exámenes. Habéis empezado a mover lo de las guerras froilanistas de sucesión? Hay grupo de whatsapp para organizarlo?","twitter.com/Rocigaot/status/473827237620633601"
"3/6/2014 16:01:13","2","473826741677719552","1","@undivaga menos mal que dice que la bici le importa poco. Si le llega a importar os mata a todos y que Dios separe justos de pecadores.","twitter.com/Rocigaot/status/473826741677719552"
"3/6/2014 15:45:47","1","473822861166399489","","@Credendo_Vides1 yo iba a seguir la tertulia política de Gustavo y Triki sobre el tema, pero era hora de siesta y me rompía toda la agenda.","twitter.com/Rocigaot/status/473822861166399489"
"3/6/2014 15:36:14","","473820454965481472","","@Pozuelen anda, ¿estos no eran los que usaban fotos de la Carbonero para publicitar un puesto precario de reportera-tía buena?","twitter.com/Rocigaot/status/473820454965481472"
"3/6/2014 15:04:25","1","473812447573581825","","@kalevorroka e Felipe e Leti saíndo nas monedas de euro con gafas de pasta e cun bull dog francés.","twitter.com/Rocigaot/status/473812447573581825"
"3/6/2014 15:00:18","1","473811414168391681","","Modernizar la monarquía eliminando los lácteos de la dieta de la Familia Real y sirviendo sushi en las recepciones oficiales.","twitter.com/Rocigaot/status/473811414168391681"
"3/6/2014 14:56:23","","473810425717735424","","Modernizar la monarquía celebrando la coronación en el FIB.","twitter.com/Rocigaot/status/473810425717735424"
"3/6/2014 14:45:24","1","473807663558852608","","Modernizar la monarquía poniendo un Starbucks en Zarzuela.","twitter.com/Rocigaot/status/473807663558852608"
"3/6/2014 13:47:01","","473792968760246272","","@Pozuelen Claro que en ABC podrás hacer periodismo real:Los looks de Letizia, Felipe el preparao, Leonor en el cole... la realeza todita :D","twitter.com/Rocigaot/status/473792968760246272"
"3/6/2014 13:38:36","","473790852478017536","","Pues ya le he visto el mismo argumento a tres de mi edad. A ver, lo de 'yo recuerdo la EGB' venga y pase,pero esto ya da mucha vergüencita.","twitter.com/Rocigaot/status/473790852478017536"
"3/6/2014 13:28:48","1","473788384490831872","","Eso sí, los de 'sois demasiado jóvenes para poder criticar al Rey' se despachan con la II República. La recordarán de otra reencarnación.","twitter.com/Rocigaot/status/473788384490831872"
"3/6/2014 13:26:35","2","473787828070252544","","'Los que no habíais nacido el 23-F no entendéis el papel del Rey'.Claro, tú con 2 años seguiste la retransmisión de Coco desde el Congreso.","twitter.com/Rocigaot/status/473787828070252544"
"3/6/2014 13:11:50","","473784114840354816","","-El 23-F tú tenías 2años. Por eso no entiendes la importancia del Rey
-Oye, es que tú tenías 2años tamb...
-NANANANOTEOIGONANANANAVIVAESPAÑA","twitter.com/Rocigaot/status/473784114840354816"
"3/6/2014 13:06:29","1","473782770565910528","","Me dice uno de mi misma edad que no puedo criticar al Rey porque el 23F YO era demasiado pequeña para entender que nos salvó. LOL.","twitter.com/Rocigaot/status/473782770565910528"
"2/6/2014 23:14:06","1","473573294458040320","","@medicblasto ay, que no había descubierto ese hashtag. Por qué me hacéis esto, que yo tengo examen mañana a las 9.","twitter.com/Rocigaot/status/473573294458040320"
"2/6/2014 22:47:27","","473566586792861697","","'¿Y si nos hacemos república y sale de presidente Aznar, qué?'Claro, no estaría el rey para frenarlo si nos mete en una guerr...oh, wait!","twitter.com/Rocigaot/status/473566586792861697"
"2/6/2014 22:43:15","","473565531166216192","","¿Ningún canal de Mediaset ha aprovechado para poner hoy la miniserie de Felipe y Leti? No estáis a lo que estáis.","twitter.com/Rocigaot/status/473565531166216192"
"2/6/2014 21:48:47","1","473551822192660480","1","Mira que si en un par de meses se descubre que Felipe el Preparao también tenía chanchullos con Urdangui y ya no se le puede juzgar...","twitter.com/Rocigaot/status/473551822192660480"
"2/6/2014 21:24:04","","473545601167405056","","@xoancastro creo que o discurso foi grabado por medo a que fora en directo, dixera o da familia e entrase Sofi a darlle unha guantada.","twitter.com/Rocigaot/status/473545601167405056"
"2/6/2014 15:00:40","","473449117897990145","","Se ha pronunciado ya Peñafiel sobre lo de Letizia de reina o está tomándose lexatines a cucharadas como si fueran chococrispies?","twitter.com/Rocigaot/status/473449117897990145"
"2/6/2014 14:58:56","","473448679907414016","","Ahora que abdica, Juancar tendrá más tiempo libre para estar con Sofía.#LOL #No","twitter.com/Rocigaot/status/473448679907414016"
"2/6/2014 14:23:36","1","473439790499909633","","A ver cómo es la cacareada preparación de Felipe, que su hermana con carrera y máster en USA no sabía qué cosas se declaran a Hacienda.","twitter.com/Rocigaot/status/473439790499909633"
"2/6/2014 12:36:34","","473412851697467392","","'Tras hacerse con la corona en las guerra de Sucesión, Froilán I el Reshulón invadió UK porque Prince Harry le miró mal en la Joy Eslava'.","twitter.com/Rocigaot/status/473412851697467392"
"2/6/2014 12:17:13","","473407984367046657","1","@LordoLordor yo me acuerdo de amigos que antes del 15-M jamás se manifestaban quejándose de que se apuntaran 'los de la bandera republicana'","twitter.com/Rocigaot/status/473407984367046657"
"2/6/2014 11:03:19","4","473389387229958145","10","¿'Los carlistas del futuro se llamarán a sí mismos froilanistas' está dicho ya?","twitter.com/Rocigaot/status/473389387229958145"
"2/6/2014 11:02:01","6","473389059449298945","1","En serio,con lo vintage que estamos sería de lo más coherente ahora una guerra por derechos de sucesión.#Iguerrafroilanista","twitter.com/Rocigaot/status/473389059449298945"
"2/6/2014 10:46:56","","473385262312325120","","@xoancastro non me quites a ilusión! Se entro á misa en vez de ir ao bar espero ver cabezas dando voltas!","twitter.com/Rocigaot/status/473385262312325120"
"2/6/2014 10:44:34","4","473384668558266368","6","Dice Pablo Iglesias que está dispuesto a ser rey si la gente se lo pide.","twitter.com/Rocigaot/status/473384668558266368"
"2/6/2014 10:43:34","1","473384416103129088","","Felipe el Preparao de rey? A mí no me jodáis, o República o Froilán.","twitter.com/Rocigaot/status/473384416103129088"
"2/6/2014 1:01:04","","473237823282511873","","Llega la sección fotos! A ver si a alguien se le ha aparecido Coletas en una mancha de humedad a lo cara de bélmez! #CuartoMilenio","twitter.com/Rocigaot/status/473237823282511873"
"2/6/2014 0:48:12","","473234586529705984","1","'Cuando entraba en trance demoníaco hablaba sólo en inglés'. ¿Hay un proceso inverso al exorcismo?Para Ana Botella, digo. #CuartoMilenio","twitter.com/Rocigaot/status/473234586529705984"
"2/6/2014 0:40:17","2","473232596714147842","","Pues en verano tengo una boda y el cura es exorcista. Aún me caeré de los tacones, gritaré 'me cago en Dios' y me intentará sacar al maligno","twitter.com/Rocigaot/status/473232596714147842"
"2/6/2014 0:38:02","5","473232030084661252","5","Era demonólogo y ufólogo. ¿Hay doble titulación, como lo de ADE+Derecho? #CuartoMilenio","twitter.com/Rocigaot/status/473232030084661252"
"2/6/2014 0:36:17","2","473231590056005637","","Lo típico de que el diablo se hace pasar por buenorro para hacerte firmar la cesión de tu alma. #CuartoMilenio","twitter.com/Rocigaot/status/473231590056005637"
"2/6/2014 0:09:55","","473224953484312577","","Si llegan los aliens y nos piden que le llevemos ante nuestro líder yo los llevo a ver a Rajoy. Por las risas. #CuartoMilenio","twitter.com/Rocigaot/status/473224953484312577"
"2/6/2014 0:05:17","","473223785605496832","","Que la vida en la Tierra pudo empezar porque vinieron unos chavales aliens a fumigar cosas en una excursión del cole, dicen. #CuartoMilenio","twitter.com/Rocigaot/status/473223785605496832"
"1/6/2014 23:26:44","1","473214084352344064","","@Tawil é que até o nome da ganas de achuchalo. Eu quero un de mascota!","twitter.com/Rocigaot/status/473214084352344064"
"1/6/2014 23:25:35","","473213796262371328","","@Marmota_Maligna sí, están de capa caída últimamente...","twitter.com/Rocigaot/status/473213796262371328"
"1/6/2014 23:25:08","1","473213681090969600","","¿Se supone que el olinguito tiene que darnos miedo? Si se ve super achuchable! #CuartoMilenio","twitter.com/Rocigaot/status/473213681090969600"
"1/6/2014 23:24:11","","473213441550077952","","Si estará siendo coñazo el #CuartoMilenio de hoy que estoy por irme a estudiar...","twitter.com/Rocigaot/status/473213441550077952"
"1/6/2014 22:31:37","","473200216632754177","","@Cascarelo coido que nos restaurantes pra madrileños que temos aquí xunto a María Pita tamén poden colar.","twitter.com/Rocigaot/status/473200216632754177"
"1/6/2014 22:26:59","","473199050121293824","","@Cascarelo estou por avisar que non teño tempo pa videos ni pasta pra mariscadas. Que se lles vale,debo de ter 1 lata de mexillóns nalgures.","twitter.com/Rocigaot/status/473199050121293824"
"1/6/2014 22:23:30","","473198170764111872","","@Cascarelo no meu caralibro anda todo dios subindo videos deses e todavía non sei de qué vai a cousa.","twitter.com/Rocigaot/status/473198170764111872"
"1/6/2014 22:17:01","","473196538794348547","","Francisco González (BBVA) distingue entre ser gallego o ser normal. Claro que su idea de 'normal' es Rajoy, así que...","twitter.com/Rocigaot/status/473196538794348547"
"1/6/2014 21:54:43","3","473190929558679552","","@MargaretCastor 'En realidad no queremos decir lo mismo que UPyD, pero optamos por no aclararlo para ganar el voto cuñao'. O algo así.","twitter.com/Rocigaot/status/473190929558679552"