"date","fav","id","rt","text","url"
"31/5/2014 23:58:24","","472859668633882624","","Espera, que se ve que aún no he aprendido cómo se insertan los gifs aquí. :P","twitter.com/Rocigaot/status/472859668633882624"
"31/5/2014 23:49:27","1","472857412387749889","1","@LatveriasDoom ¿'Mira quién casta' ya está dicho?","twitter.com/Rocigaot/status/472857412387749889"
"31/5/2014 22:50:04","1","472842470670471168","","Que me alegro de que asciendan, pero más de 5horas de claxon y petardos son más de lo que mi paciencia aguanta. Sobre todo en exámenes.","twitter.com/Rocigaot/status/472842470670471168"
"31/5/2014 22:46:57","","472841683861012481","","Los pesaos de las vuvuzelas del bar de al lado podían irse a Cuatro Caminos a celebrar lo del depor. O a la mierda, ahí podían irse también.","twitter.com/Rocigaot/status/472841683861012481"
"31/5/2014 21:21:54","","472820281900564480","","@Pozuelen si no tuviera que estudiar los respetaría. Y hasta me uniría a la fiesta, que yo soy hincha de buenos tiempos. XD","twitter.com/Rocigaot/status/472820281900564480"
"31/5/2014 17:33:05","2","472762698972012544","","Estoy estudiando cerca de Riazor y hay serenata de claxon porque se ve que si te tiras pitando las 2horas previas al partido,ascienden.","twitter.com/Rocigaot/status/472762698972012544"
"31/5/2014 0:26:29","1","472504346572492800","","Con lo que odio a la humanidad en época de exámenes, raro es que cuando estudiaba y trabajaba a la vez no acabara montando un Puerto Hurraco","twitter.com/Rocigaot/status/472504346572492800"
"30/5/2014 13:30:14","1","472339197240823809","","@crow_ley el que lo huele, debajo lo tiene! :P","twitter.com/Rocigaot/status/472339197240823809"
"29/5/2014 23:14:04","","472123733118050305","","@Dr_Fleibur 'Abríamos el Messenger pero nos poníamos como 'no disponible' para evitar a los pesaos'. #los80 #EGB","twitter.com/Rocigaot/status/472123733118050305"
"29/5/2014 21:03:24","","472090850198302720","","@LordTesla se ve!","twitter.com/Rocigaot/status/472090850198302720"
"28/5/2014 18:33:07","1","471690642356461568","","@El_Citador para que se quede Espe el anillo yo optaría por el mal menor y se lo mandaría a Sauron directamente. En caja de regalo con lazo.","twitter.com/Rocigaot/status/471690642356461568"
"28/5/2014 10:55:15","1","471575416936095744","1","@perradesatan pero tenéis Eroski grande, que ya era ETA mucho antes que Alcampo!","twitter.com/Rocigaot/status/471575416936095744"
"27/5/2014 22:59:11","1","471395212041142272","1","@mjdelrio Es que los rojos son muy frikis todos, como son stanleenistas... #badumtss #enlacabezanoqueestoyestudiando","twitter.com/Rocigaot/status/471395212041142272"
"27/5/2014 22:50:08","","471392934781136897","","Que la caverna iba a llamar extrema izquierda a Pablemos tampoco es tan sorpresivo, eh. Que para ellos ZP ya era un rojazo.","twitter.com/Rocigaot/status/471392934781136897"
"27/5/2014 22:36:44","","471389562506592257","","@doctor_empacho @Marmota_Maligna mientras no le des yogures caducaos...","twitter.com/Rocigaot/status/471389562506592257"
"27/5/2014 22:26:55","","471387092833288193","","@Marmota_Maligna @doctor_empacho y qué hace que no crea el trigésimo cuarto partido para unificar la izquierda?","twitter.com/Rocigaot/status/471387092833288193"
"27/5/2014 22:22:33","","471385992461840384","","Ya queda poco para el Mundial, y para volver a ser ETA por decir que prefiero que la Roja caiga en cuartos y ahorrarme petarditos y bocinas.","twitter.com/Rocigaot/status/471385992461840384"
"27/5/2014 21:14:49","","471368948634894336","","Tengo a dos del PP en el caralibro que me están dando ganas de defender a Coletas y todo, no digo más.","twitter.com/Rocigaot/status/471368948634894336"
"27/5/2014 16:12:49","","471292947930292224","","@xoancastro @Cascarelo si, foi twittear o de Ally McBeal e lembrar isto. Non estou áxil estes días :(","twitter.com/Rocigaot/status/471292947930292224"
"27/5/2014 16:10:32","","471292371305771009","","@Cascarelo aquí procedía un chiste sobre Ally McBeal, pero estou espesa e non me sae ningún.","twitter.com/Rocigaot/status/471292371305771009"
"27/5/2014 15:50:50","","471287415903367168","","@Cascarelo eu voume facer fashion blogger, especializada en outfits antisistema.","twitter.com/Rocigaot/status/471287415903367168"
"27/5/2014 15:41:11","","471284985459400704","","@LumpenPerro @thelostdreamer que innoven ellos, que Pablemos ya nos lo habíamos pedido los del bando de reírnos.","twitter.com/Rocigaot/status/471284985459400704"
"27/5/2014 15:37:40","","471284103179149313","","A Hermann le pusieron para llevar la ginebra que sobró en la fiesta cancelada de Génova y sigue manteniendo el pedo desde el domingo.","twitter.com/Rocigaot/status/471284103179149313"
"27/5/2014 15:35:38","1","471283589800534017","","@El_Citador es que nadie les va a decir a ellos con cuantas copas de Soberano pueden mezclar el trankimazín.","twitter.com/Rocigaot/status/471283589800534017"
"27/5/2014 15:34:33","","471283317854453761","","@thelostdreamer @LumpenPerro los cabrones de ABC se quieren apropiar lo de 'Pablemos' para el bando demonizador, y por ahí no paso. :P","twitter.com/Rocigaot/status/471283317854453761"
"27/5/2014 13:14:00","1","471247945741135872","","@MargaretCastor a mí la última vez me dio negativo,pero me echaron una bronca por haber ido a cubrir mítines del PSOE sin protección.","twitter.com/Rocigaot/status/471247945741135872"
"27/5/2014 0:46:04","1","471059724897906688","","@El_Citador @LumpenPerro yo primero pensé en videoclip de karaoke, pero ahora que has dicho lo de la voz Chanante... :D","twitter.com/Rocigaot/status/471059724897906688"
"27/5/2014 0:38:08","","471057725791948800","","@CaminoAna pasei antes un rato rindo sola en casa con iso!","twitter.com/Rocigaot/status/471057725791948800"
"27/5/2014 0:29:07","1","471055455473926144","","Pues con la coña, Alcampo es TT. Ahora es cuando descubrimos que Podemos es un viral publicitario suyo. Como cuando la MTV con Amo a Laura.","twitter.com/Rocigaot/status/471055455473926144"
"27/5/2014 0:27:00","","471054925854961665","","Xa antes o retuiteei, pero o mesmo @CaminoAna perdeuse isto.https://twitter.com/Dr_Fleibur/status/471008714133352448 …JORGE MANRIQUE Y SU PADRE, VIVEN AVENTURAS, SON LOS MANRIQUE (8) Uno está vivo, el otro muertooooooooo (8) pic.twitter.com/4ER0z0fFgV","twitter.com/Rocigaot/status/471054925854961665"
"26/5/2014 22:49:54","1","471030490238300161","","@El__Yayo que le harán una ilusión bárbara si salen fans de Bisbal :D","twitter.com/Rocigaot/status/471030490238300161"
"26/5/2014 22:46:15","","471029570440028161","","@El__Yayo verás qué chasco cuando llegue a la lectura del testamento esperando heredar las fincas y las joyas familiares. No tienes corazón.","twitter.com/Rocigaot/status/471029570440028161"
"26/5/2014 22:42:16","","471028567946842112","","@El__Yayo igual se te hace fan de Bisbal (o su equivalente de la época) en la adolescencia, por lo de rebelarse y eso. :P","twitter.com/Rocigaot/status/471028567946842112"
"26/5/2014 22:24:40","1","471024137155010560","","@El__Yayo y este verano toca mundial. Esto es la historia de nunca acabar.","twitter.com/Rocigaot/status/471024137155010560"
"26/5/2014 22:16:34","","471022100887920640","","¿Soy más antisistema si llevo sudadera con capucha pero del Zara o sudadera de Alcampo pero sin capucha? #dilemasdemoda","twitter.com/Rocigaot/status/471022100887920640"
"26/5/2014 22:14:19","","471021535642517505","","Franquicia para la 'explotación comercial de periodistas'. Juas. http://www.iberempleos.es/empleo/madrid/se-necesitan-periodistas-0458104?utm_content=buffera5c83&utm_medium=social&utm_source=facebook.com&utm_campaign=buffer …","twitter.com/Rocigaot/status/471021535642517505"
"26/5/2014 22:05:15","","471019254234771458","","@Marmota_Maligna pues es una pena, nos quedaremos sin conocer sus secretos de belleza y su restaurante favorito! :D","twitter.com/Rocigaot/status/471019254234771458"
"26/5/2014 22:02:14","","471018491521564674","","@Marmota_Maligna no sé yo, no acabo de ver a Divinity como referente de la lucha feminista...","twitter.com/Rocigaot/status/471018491521564674"
"26/5/2014 22:01:12","1","471018230942011392","2","Pues a Arias Cañete el Test Divinity no se lo hicieron Mucho sectarismo veo ahí. :P","twitter.com/Rocigaot/status/471018230942011392"
"26/5/2014 21:05:52","","471004308029603840","","@mjdelrio pues de los yates ya no te sé decir. El cole no está en zona de costa, pero no sé en vacaciones qué sitios frecuentaba.","twitter.com/Rocigaot/status/471004308029603840"
"26/5/2014 20:46:37","","470999464376033280","","@mjdelrio era un personaje. Me habían dicho que una vez se había apostado el colegio en el casino, pero no sé si es leyenda urbana. XD","twitter.com/Rocigaot/status/470999464376033280"
"26/5/2014 20:43:38","3","470998712609951744","2","@Tabernita @LordoLordor 
-Luke, hay que encontrar un punto vulnerable donde atacar la Estrella de la Muerte de Calatrav..
-¿Uno?Escoge,anda","twitter.com/Rocigaot/status/470998712609951744"
"26/5/2014 20:42:01","","470998306223833090","","@xoancastro @Hominidio @doceasubio Yes, we can, digo, gato! (Na cabeza non, que estou de exames)","twitter.com/Rocigaot/status/470998306223833090"
"26/5/2014 20:39:45","3","470997733911040000","2","@LordoLordor una Estrella de la Muerte hecha por Calatrava. Blanca, con sus pinchos, sus goteras, sus grietas...","twitter.com/Rocigaot/status/470997733911040000"
"26/5/2014 20:37:55","","470997274987081728","","@mjdelrio me recuerda al director de un colegio de curas que conocí, que hablaba de sí mismo en 3ª persona y tratándose de 'don'.","twitter.com/Rocigaot/status/470997274987081728"
"26/5/2014 20:35:58","","470996782441185280","","Un colgao mata a 6personas porque no liga y hay peña diciendo que así aprenderemos las tías. Y a esos no les dará una bala perdida, oye.","twitter.com/Rocigaot/status/470996782441185280"
"26/5/2014 19:04:34","","470973781364985857","","Hitler salía de las rotondas desde el carril de dentro.","twitter.com/Rocigaot/status/470973781364985857"
"26/5/2014 16:56:57","2","470941666694955008","","Las primarias del PSOE serán abiertas a cualquiera? Voy a intentar petarlo con mi propuesta del gulag para coaches. #votadmeconilusión","twitter.com/Rocigaot/status/470941666694955008"
"26/5/2014 15:51:32","","470925202764087296","","@xoancastro sigamos á calabaza!","twitter.com/Rocigaot/status/470925202764087296"
"26/5/2014 15:48:32","","470924446438817792","1","Coletas es nuestro Mesías, y yo de esto entiendo que ya he seguido a varios.","twitter.com/Rocigaot/status/470924446438817792"
"26/5/2014 15:46:47","","470924008821911552","","@mjdelrio a mí me venía bien algo de cicuta ahora, pero en dosis no homeopáticas. :P","twitter.com/Rocigaot/status/470924008821911552"
"26/5/2014 15:42:11","1","470922848413167616","1","@NewIlluminatus tal cual. En mi FB, muchos de los que ahora votaron a Pablemos lo flipaban en su día con el speech aquel de Talegón.","twitter.com/Rocigaot/status/470922848413167616"
"26/5/2014 15:28:40","1","470919449424695296","","@NewIlluminatus yo es que veo a la gente en mi FB en plan 'Pablo nos salvará', lo veo a él con sus perlitas rollo 'los lumpen', y...","twitter.com/Rocigaot/status/470919449424695296"
"26/5/2014 15:23:24","","470918125278744576","","@NewIlluminatus yo estoy mirándole el lado positivo: al menos no le dio por montar un partido a Risto.","twitter.com/Rocigaot/status/470918125278744576"
"26/5/2014 13:17:25","2","470886419284918272","1","@lhermoso_ @SuperFalete 'Qué es comunista,preguntas mientras clavas en mi pupila...' : Gustavo Adolfo Monedero.","twitter.com/Rocigaot/status/470886419284918272"
"26/5/2014 2:05:39","1","470717364636758016","","@mjdelrio adelante! aquí hemos tenido a Paco Vázquez y ahora al PP, malo será que no puedas mejorar la cosa :D","twitter.com/Rocigaot/status/470717364636758016"
"26/5/2014 2:01:55","1","470716423317499905","1","@mjdelrio , Partido da Terra: 13 votos en la provincia de Soria (6 en la capital, los otros por ahí repartidos XD)","twitter.com/Rocigaot/status/470716423317499905"
"26/5/2014 1:28:48","1","470708090057543680","1","@mjdelrio Extremeños por Europa, 9 votos!","twitter.com/Rocigaot/status/470708090057543680"
"26/5/2014 1:26:26","1","470707495665954816","2","@mjdelrio lo acabo de consultar: En A Coruña ha habido 53 votos para Extremadura Unida y 14 para el Partido Andalucista :D","twitter.com/Rocigaot/status/470707495665954816"
"26/5/2014 1:18:39","4","470705533218213888","2","@XoseMorais Es uno de los seis que han ido a la fiesta cancelada de Génova y claro, han tocado a muuucho alcohol por cabeza.","twitter.com/Rocigaot/status/470705533218213888"
"26/5/2014 1:06:05","2","470702371761561600","2","@mjdelrio En Coruña hubo unos cuantos para Extremadura Unida XD","twitter.com/Rocigaot/status/470702371761561600"
"26/5/2014 0:55:18","","470699659670093824","","@El__Yayo Monta el Partido Lumpen! Yo te voto!","twitter.com/Rocigaot/status/470699659670093824"
"26/5/2014 0:37:32","1","470695186218356737","","@MargaretCastor Joder! Pobre ardilla!","twitter.com/Rocigaot/status/470695186218356737"
"26/5/2014 0:26:22","","470692376395399169","","Me iba a descojonar porque la caverna se cree que Pablemos es extrema izquierda,pero mira, si lo decían del PSOE, qué espero...","twitter.com/Rocigaot/status/470692376395399169"
"26/5/2014 0:21:39","","470691191127023616","","@SuperFalete @Barbijaputa @ObdemurianSenku no creas,conozco gente que votó a ambos por el discurso de 'la casta política'.","twitter.com/Rocigaot/status/470691191127023616"
"26/5/2014 0:13:10","1","470689055702003712","","@PotiPotiInLove es Rosa Díez Reloaded.","twitter.com/Rocigaot/status/470689055702003712"
"26/5/2014 0:06:14","","470687311983042560","","@A_Losada eu non fun, conste, que cando o comentaches xa fora a a votar! :D","twitter.com/Rocigaot/status/470687311983042560"
"25/5/2014 23:51:19","","470683555618906112","","Mira, @A_Losada , e iso que ao final non fun de apoderada!https://twitter.com/MarcosSanluis/status/470683089044525056 …Extremeños por Europa consigue 9 votos en #Coruña #estápasando","twitter.com/Rocigaot/status/470683555618906112"
"25/5/2014 23:40:33","","470680847050637313","","@Repelux en mi mesa electoral no había papeletas de eso! estoy a tiempo de impugnar??","twitter.com/Rocigaot/status/470680847050637313"
"25/5/2014 23:31:48","1","470678644046970880","","De verdad ,yo viviría más feliz si fuera capaz de creerme a Pablemos.","twitter.com/Rocigaot/status/470678644046970880"
"25/5/2014 23:25:40","","470677101038030848","","¿Soy la única que ya daba por hecho que VOX no se iba a comer un cagao?","twitter.com/Rocigaot/status/470677101038030848"
"25/5/2014 23:15:06","1","470674442591690753","","@PotiPotiInLove dame una tertulia y unos cartelitos de Facebook y moveré el mundo.","twitter.com/Rocigaot/status/470674442591690753"
"25/5/2014 22:45:23","1","470666963338141696","2","@mjdelrio yo creo que me voy a poner 'Pueblos del mundo, extinguíos' en bucle...","twitter.com/Rocigaot/status/470666963338141696"
"25/5/2014 22:15:03","","470659330635993088","","@PotiPotiInLove hay alguno que viene de votar antes a UPyD y descubrir que Rosa Díez sólo piensa en ella. Verás tú qué risa.","twitter.com/Rocigaot/status/470659330635993088"
"25/5/2014 22:00:10","","470655585097359360","","¿Hoy hay #CuartoMilenio o han decidido que un especial elecciones da más yuyu?","twitter.com/Rocigaot/status/470655585097359360"
"25/5/2014 21:42:38","","470651173696204802","","@PotiPotiInLove entre mis amigos de FB de 'me considero más de izquierdas pero los políticos son tós iguales', Podemos lo está petando.","twitter.com/Rocigaot/status/470651173696204802"
"25/5/2014 20:42:17","","470635984984739840","","@msabaris no sé si en todos los países ha sido igual de alta la abstención, pero madre mía...","twitter.com/Rocigaot/status/470635984984739840"
"25/5/2014 20:32:34","1","470633541425172481","1","Venga, sí, todos a votar a la ultraderecha, que con lo bien que funcionó eso en los años 30 qué puede salir mal ahora.","twitter.com/Rocigaot/status/470633541425172481"
"25/5/2014 20:19:36","","470630275341631489","","Pero no sé por qué me sorprende lo de LePen, con la de mails en cadena de 'esto no es racismo, es una verdad como un templo' que he sufrido","twitter.com/Rocigaot/status/470630275341631489"
"25/5/2014 20:13:32","","470628751077044224","","Jooooder, lo de Francia...","twitter.com/Rocigaot/status/470628751077044224"
"25/5/2014 14:16:08","1","470538808023609344","1","Ir a la Fiesta de la Democracia pero en plan tranqui y amanecer con resaca amnésica y la cara-logo de Pablemos tatuada en la nalga.","twitter.com/Rocigaot/status/470538808023609344"
"25/5/2014 14:13:14","","470538076591517696","","@callaquenoveo ir a la Fiesta de la Democracia arrastrada por tu amiga, que quiere ver si se encuentra allí al que le mola.","twitter.com/Rocigaot/status/470538076591517696"
"25/5/2014 13:16:42","","470523848686059520","","@mjdelrio yo por suerte no tengo orzuelo pero me ha venido la regla: espero que mis hormonas descontroladas no me obliguen a votar a Vox","twitter.com/Rocigaot/status/470523848686059520"
"25/5/2014 1:18:07","","470343013764718593","","@PotiPotiInLove @ComandanteVimes a mí me regalan eso en la pedida y hasta casi accedo a casarme por la iglesia, fíjate.","twitter.com/Rocigaot/status/470343013764718593"
"25/5/2014 1:01:37","2","470338860657147906","","@ComandanteVimes @PotiPotiInLove cofre en forma de barril de meta con todas las temporadas de Breaking Bad de pedida.","twitter.com/Rocigaot/status/470338860657147906"
"25/5/2014 0:49:27","","470335799456960512","1","@PotiPotiInLove yo nunca uso anillos; ¿llegado el caso lo podría canjear por un ordenador portátil de pedida, que lo iba a amortizar más?","twitter.com/Rocigaot/status/470335799456960512"
"25/5/2014 0:19:01","","470328140569399296","","@Credendo_Vides1 fuente no hay, pero son gente de recursos y se apañan para dar por culo igual a todo el barrio...","twitter.com/Rocigaot/status/470328140569399296"
"25/5/2014 0:08:07","","470325398866522113","","@CaminoAna coa cara de estreñido que pon, eu casi mellor tiráballe uns kiwis.","twitter.com/Rocigaot/status/470325398866522113"
"25/5/2014 0:00:08","1","470323388964405248","","Podéis dejar de retuitear ya la foto de Cristiano buscando casito, que ya me habéis convencido para sacarme los ojos.","twitter.com/Rocigaot/status/470323388964405248"
"24/5/2014 23:58:49","1","470323055903125504","","@robciria claramente!","twitter.com/Rocigaot/status/470323055903125504"
"24/5/2014 23:30:06","","470315830883155968","","@CaminoAna aquí cos petardos xa levan dende o gol do empate, se baixo e os pillo por banda igual invento a colonoscopia pirotécnica...","twitter.com/Rocigaot/status/470315830883155968"
"24/5/2014 23:25:37","1","470314703320010752","","¿Ha acabado ya la cosa esta? ¿Puedo irme a leer o ver la tele sin que me maten de un infarto los gritos/petardos de los de abajo?","twitter.com/Rocigaot/status/470314703320010752"
"24/5/2014 23:15:52","2","470312247819268096","3","@PotiPotiInLove @ComandanteVimes yo voto por bajar a pegar bocinazos y gritar 'Yo soy de Ankh-Morpork, de Ankh-Morpork, de Ankh-Morpork'","twitter.com/Rocigaot/status/470312247819268096"
"24/5/2014 23:04:03","3","470309275039170560","1","En serio, en la calle hay gente pegando gritos atacadísima. Estoy por ir a echarles lexatines como quien echa pan a las palomas.","twitter.com/Rocigaot/status/470309275039170560"
"24/5/2014 23:02:45","2","470308944737734656","","Si hablo por aquí de ir a meterle los petardos por el culo a los del bar de al lado es enaltecimiento de ese?","twitter.com/Rocigaot/status/470308944737734656"
"24/5/2014 11:50:04","","470139661747486721","","@CaminoAna @Cascarelo Algún listo haberá que diga 'te explico, yendo a Santander y pillando un barco llego antes, que me ahorro los atascos'","twitter.com/Rocigaot/status/470139661747486721"
"24/5/2014 11:46:10","","470138678892040192","","Yo me pasaré el finde encerrada en la biblioteca,pero los lisboetas lo pasarán aguantando hordas de hinchas madrileños. Salgo ganando yo.","twitter.com/Rocigaot/status/470138678892040192"
"23/5/2014 21:45:35","","469927140801413120","","@maiteolondriz @El__Yayo porque no vio el estudio, o regalaba chocolate con el logo de Pablemos para ganar el voto premenstrual. XD","twitter.com/Rocigaot/status/469927140801413120"
"23/5/2014 21:41:59","1","469926235347636224","","@maiteolondriz @El__Yayo pues no estoy segura, pero si se me adelanta al domingo lo mismo acabo votando a VOX, o a Cañete.","twitter.com/Rocigaot/status/469926235347636224"
"23/5/2014 21:35:36","2","469924625699602432","","@maiteolondriz @El__Yayo yo el primer día de regla, antes de tomarme el paracetamol, soy un poco de UPyD, sí...","twitter.com/Rocigaot/status/469924625699602432"
"23/5/2014 21:33:44","","469924156256321536","","@Tawil iso facíano nun capítulo de Friends e logo resultaba que a receita secreta da avoa viña no envoltorio das tabletas Nestlé :D","twitter.com/Rocigaot/status/469924156256321536"
"23/5/2014 21:18:23","","469920293633654784","","Enaltecimiento de matar al que estaba a mi lado en el examen tarareando y dando golpecitos con el boli. #REDRUM","twitter.com/Rocigaot/status/469920293633654784"
"23/5/2014 15:01:54","2","469825551105294336","","@mvizaguirre @Cascarelo Spoiler!!","twitter.com/Rocigaot/status/469825551105294336"
"23/5/2014 1:02:01","1","469614183433379840","","@PotiPotiInLove habría que ir creando Enaltecedores Anónimos. 'Me llamo CaballoMan y enaltezco cosas'. 'Hola CaballoMan, te queremos'.","twitter.com/Rocigaot/status/469614183433379840"
"23/5/2014 0:55:57","","469612660204793858","","@PotiPotiInLove yo mañana tengo examen también. Que he estado repasando, pero tocaba hacer la pausa para enaltecer cosas.","twitter.com/Rocigaot/status/469612660204793858"
"22/5/2014 21:57:09","","469567662675464193","","Ya está Cañete demostrando en Twitter por qué el partido quería que siguiera calladito.","twitter.com/Rocigaot/status/469567662675464193"
"22/5/2014 20:45:45","2","469549695044710400","2","Como ya hay más alegría en las calles, a Montoro lo han deleitado con un 'happening' de la escena de la lapidación de 'La vida de Brian'.","twitter.com/Rocigaot/status/469549695044710400"
"22/5/2014 15:04:38","","469463847217397760","","@Tawil aparatiños de clear blue coa cara de Cañete","twitter.com/Rocigaot/status/469463847217397760"
"22/5/2014 14:35:39","","469456556648837120","","@StarmanCB @soydelbierzo pensé que tendrían la cara de Coletas,como los diafragmas de Marge Simpson!","twitter.com/Rocigaot/status/469456556648837120"
"21/5/2014 22:12:00","","469209009791438849","","@mjdelrio @robciria @crow_ley oye, igual esa también coloca. Nunca he probado pero todo es ponerse (nunca mejor dicho)","twitter.com/Rocigaot/status/469209009791438849"
"21/5/2014 22:11:14","1","469208817033814016","","@Tabernita @mjdelrio @robciria @crow_ley yo les dije que cada 1de enero miramos el DOG a ver cuánto nos dan por cabeza ese año...","twitter.com/Rocigaot/status/469208817033814016"
"21/5/2014 22:09:15","1","469208319576801280","","@mjdelrio @robciria @crow_ley na, le dije que ya había gastado mi parte de lo que nos dan a cada gallego anualmente por ley XD","twitter.com/Rocigaot/status/469208319576801280"
"21/5/2014 22:06:03","1","469207513339281409","","@mjdelrio @robciria @crow_ley aunque la mejor que me pasó allí es que me quisieran comprar farlopa unos de clase porque'como eres gallega'..","twitter.com/Rocigaot/status/469207513339281409"
"21/5/2014 22:03:21","1","469206836785459201","","@crow_ley @robciria qué grande! recuerdo un tiroteo en Ávila,que mis amigos de allá decían que tenían las armas escondidas en alcantarillas","twitter.com/Rocigaot/status/469206836785459201"
"21/5/2014 21:50:05","2","469203497817505793","","@Tabernita @LumpenPerro Juas! Tu padre es tó reshulón!","twitter.com/Rocigaot/status/469203497817505793"
"21/5/2014 21:49:36","2","469203373766737920","1","@robciria @crow_ley y a mí que en Salamanca en el 97 me preguntaban si en Galicia teníamos internet, autopistas y centros comerciales..","twitter.com/Rocigaot/status/469203373766737920"
"21/5/2014 21:46:49","","469202673267638274","","@Tabernita @LumpenPerro en mi caso es más bien mi madre. Mi padre aún no se apaña ni para contestar al móvil cuando le llamas. XD","twitter.com/Rocigaot/status/469202673267638274"
"21/5/2014 21:38:02","1","469200462173208576","","¿Hay algún grupo de apoyo para hijos de gente que ha descubierto ahora el whatsapp, sus cadenitas y sus videos chorras?","twitter.com/Rocigaot/status/469200462173208576"
"21/5/2014 21:07:37","2","469192809803939841","","@LumpenPerro a ver, que lo de Carromero no es sólo suerte, que el muchacho tiene cabeza :D","twitter.com/Rocigaot/status/469192809803939841"
"21/5/2014 20:57:16","","469190203874508802","","@LumpenPerro yo tengo un amigo común con Carromero y todo, supera eso XD. Y varios 'los sindicatos son el mal pero Amancio es un filántropo'","twitter.com/Rocigaot/status/469190203874508802"
"21/5/2014 20:53:15","1","469189191394676736","","@LumpenPerro a mí me salió uno ahí también hace unos meses. Y al tener a conocidos y familia son más difíciles de erradicar que en twitter.","twitter.com/Rocigaot/status/469189191394676736"
"21/5/2014 15:29:59","","469107840398131200","","Tocará ir tirando para la biblioteca, que tengo un examen en dos días y no es plan de pasarme la tarde aquí, enalteciendo cosas.","twitter.com/Rocigaot/status/469107840398131200"
"21/5/2014 15:19:33","","469105216533835776","","@PotiPotiInLove por supuesto! con cerveza al lado y twitter abierto para ir comentando, como con Cuarto Milenio!","twitter.com/Rocigaot/status/469105216533835776"
"21/5/2014 14:55:11","","469099084385902592","","@PotiPotiInLove el día pensado abre un canal de youtube con sus consejos de belleza :D","twitter.com/Rocigaot/status/469099084385902592"
"21/5/2014 14:51:28","1","469098145880997888","","@PotiPotiInLove a mí que Ussía se sienta en condiciones de criticar el atractivo físico ajeno es algo que me ha fascinado siempre...","twitter.com/Rocigaot/status/469098145880997888"
"21/5/2014 14:44:31","","469096400098435072","","Ay, si a los monguers en la vida real se les pudiera hacer block como en twitter...","twitter.com/Rocigaot/status/469096400098435072"
"21/5/2014 14:39:47","","469095209595584512","","@pipigonorrea ok, vale. Creo que te voy a bloquear ya, que yo no tengo la paciencia de otros para hacer de susurradora de monguers.","twitter.com/Rocigaot/status/469095209595584512"
"21/5/2014 14:32:47","","469093444389199872","","Para sudarte la polla bien vas mirando quiénes nos descojonamos de la seducción científica para contestarnos, @pipigonorrea .","twitter.com/Rocigaot/status/469093444389199872"
"20/5/2014 22:05:58","","468845104506339328","","@PotiPotiInLove ¿y el eclipse de sol? ¿Es otro mito, o ese sí que existe de verdad?","twitter.com/Rocigaot/status/468845104506339328"
"20/5/2014 21:30:51","","468836267749572608","","@callaquenoveo es que los venden ilegalmente a gente que los usa para reservar sitios en el metro o el bus...","twitter.com/Rocigaot/status/468836267749572608"
"20/5/2014 21:26:12","","468835096020418561","1","@mjdelrio y da mucha visibilidad porque te ven en todas las procesiones. A menos que seas cofrade de los de capuchón, que entonces na.","twitter.com/Rocigaot/status/468835096020418561"
"20/5/2014 21:24:24","1","468834644876861442","1","@mjdelrio llevan palio oficial. Pero es más ecológico porque se mueve a cofrades en vez de a gasolina, eso sí.","twitter.com/Rocigaot/status/468834644876861442"
"20/5/2014 21:22:06","","468834066796937217","1","@mjdelrio esto es un problema de autonomías: en cada sitio ponen a su virgen o santa autóctona y eso no es eficiente. Con Vox no pasaría XD","twitter.com/Rocigaot/status/468834066796937217"
"20/5/2014 21:19:18","","468833362476802048","1","@mjdelrio lo mismo nos la pone de secretaria de Estado de Empleo para ayudar a Báñez,que la del Rocío se está escaqueando mucho...","twitter.com/Rocigaot/status/468833362476802048"
"20/5/2014 20:43:54","","468824452621672448","","@Biosbrd ¿Enaltecimiento de cornada?","twitter.com/Rocigaot/status/468824452621672448"
"20/5/2014 15:37:24","2","468747318779740160","","@robciria @mjdelrio @Tabernita @nnggalbacete yo voy por la calle fingiendo mirar  el móvil para esquivar a empresarios ávidos por contratar","twitter.com/Rocigaot/status/468747318779740160"
"20/5/2014 15:24:50","2","468744155125276672","2","@Cascarelo paréceme fatal que vendan fiambres en negro cando as tendas de cadáveres teñen que cobrarche o IVA e pagar autónomos :P","twitter.com/Rocigaot/status/468744155125276672"
"20/5/2014 15:10:09","","468740461172367360","","@fjsmc @natxox Pero Elpidio le puede ganar en el casting de la Voz, que tiene canción compuesta y todo. :D","twitter.com/Rocigaot/status/468740461172367360"
"20/5/2014 15:07:23","","468739766222323712","1","@natxox @fjsmc na, un buen corte y el champú ese para caballos de las blogueras y listo. Aunque igual le coindide con el casting de La Voz.","twitter.com/Rocigaot/status/468739766222323712"
"20/5/2014 14:55:24","1","468736751117537280","2","@fjsmc @natxox Pablo Iglesias se presenta también a Miss España.Si no consigue hacerse con la corona, al menos espera ser 'Miss Pelo Bonito'","twitter.com/Rocigaot/status/468736751117537280"
"20/5/2014 14:52:23","","468735992288268288","","Hala, se me ha vuelto a reventar el gilipollómetro. No sé cuántos llevo ya.https://twitter.com/juanrallo/status/468492326957252608 …Por qué es antipatriota q un ahorrador saque su capital dl país si no está seguro pero no q un trabajador salga dl país si no tiene trabajo?","twitter.com/Rocigaot/status/468735992288268288"
"20/5/2014 14:36:44","","468732050623971328","","@nebulina creo que he engordado tres kilos sólo con ver la foto... :P","twitter.com/Rocigaot/status/468732050623971328"
"20/5/2014 10:25:29","1","468668823353434112","","@SuperFalete yo si es para criticarlo, aún pase. Pero como lo enseñe porque le ha molado, qué bochorno. Me quedo sin amigos...","twitter.com/Rocigaot/status/468668823353434112"
"20/5/2014 8:57:49","1","468646762371375104","","@undivaga es que el producto le parecía bueno que te cagas XD","twitter.com/Rocigaot/status/468646762371375104"
"19/5/2014 23:57:26","","468510768796024832","","@natxox es que es muy demencial esto, hasta para libertad digital y similares...","twitter.com/Rocigaot/status/468510768796024832"
"19/5/2014 23:48:52","3","468508612152008705","5","@undivaga Segundo comentario de esta página XD http://www.maquillalia.com/sleek-makeup-colorete-pomegranate-pr-5108.html?page=2 …","twitter.com/Rocigaot/status/468508612152008705"
"19/5/2014 22:05:23","1","468482568699281408","","También me vale que las bloggers lo saquen en un review de 'últimas adquisiciones'. 'Este finde fui a la Complu y me compré este difunto'.","twitter.com/Rocigaot/status/468482568699281408"
"19/5/2014 22:03:15","1","468482035380924418","4","Me creeré lo de la venta de cadáveres de la Complutense cuando en la Cuore saquen a Sara Carbonero comprando uno.","twitter.com/Rocigaot/status/468482035380924418"
"19/5/2014 21:58:49","1","468480917808611328","","@XoseMorais @xaviconde pero paypal me deja aplazar los pagos, si cuando me llega no es de la raza que encargué,lo devuelvo y no me cobran :P","twitter.com/Rocigaot/status/468480917808611328"
"19/5/2014 21:57:00","1","468480462948954112","","@XoseMorais @xaviconde yo compro online para que me los entreguen a domicilio, que viviendo en un 5ºsin ascensor subir un fiambre es chungo.","twitter.com/Rocigaot/status/468480462948954112"
"19/5/2014 20:45:32","1","468462475269378048","2","@VictorMPozuelo Este me lo guardé hace tiempo para subir a FB, a ver si pillaban la indirecta. (No funcionó)pic.twitter.com/ilKm4gdFYe","twitter.com/Rocigaot/status/468462475269378048"
"19/5/2014 20:21:47","2","468456498512035840","2","@VictorMPozuelo con la filosofía de 'que hablen de mí aunque sea mal', alguna empresa se acabará pasando al video viral snuff de gatitos...","twitter.com/Rocigaot/status/468456498512035840"
"19/5/2014 1:20:36","","468169309320400897","","Aún venderán los penes de la suerte en colorines, como los chinitos que estaban de moda en los 80 #CuartoMilenio","twitter.com/Rocigaot/status/468169309320400897"
"19/5/2014 1:16:32","","468168285637603328","","@Marmota_Maligna aquí hay unas cuantas, por suerte donde vivo ahora me pillan más lejos que en mi ex barrio y me paso menos!","twitter.com/Rocigaot/status/468168285637603328"
"19/5/2014 1:15:41","5","468168075360350208","4","Me había distraído de #CuartoMilenio, pero me ha parecido oír 'cuando vemos un pene, sonreímos'.","twitter.com/Rocigaot/status/468168075360350208"
"19/5/2014 1:14:15","","468167711315722240","","@Marmota_Maligna la pillé en una tienda que hay aquí de tés e infusiones, que los venden al peso. Procuro ir poco, que es un vicio XD","twitter.com/Rocigaot/status/468167711315722240"
"19/5/2014 1:11:20","1","468166978977665024","","@Marmota_Maligna Roibóos con sabor 'naranja y chocolate'. Si es que me olvido la información importante. :P","twitter.com/Rocigaot/status/468166978977665024"
"19/5/2014 1:08:51","1","468166352923275265","","Acabo de echar la infusión por la nariz:https://twitter.com/Antiintermedio/status/468108831978160128 …Quiero denunciar a la @Guardiacivil062 y la @policia q una organización declarada terrorista por la AN @ResistenciaGZ tiene cuenta d twitter","twitter.com/Rocigaot/status/468166352923275265"
"19/5/2014 0:17:24","4","468153406784557056","","@shakesphobic @kalevorroka @Tawil @PotiPotiInLove @ComandanteVimes aunque aquí no llegó Internet y twitteamos a lo Yoani, con botes de yogur","twitter.com/Rocigaot/status/468153406784557056"
"19/5/2014 0:10:11","1","468151589661065217","1","Entonces, si hago caso al ABC y a #CuartoMilenio, si me coincide la regla en luna llena puedo cargarme a alguien que culpa mía no es, ¿no?","twitter.com/Rocigaot/status/468151589661065217"
"18/5/2014 23:59:56","","468149008146632705","","@medicblasto sí, y me hice ilusiones de un colocón a costa de la sanidad pública, pero na, ni me enteré :(","twitter.com/Rocigaot/status/468149008146632705"
"18/5/2014 23:56:04","2","468148039283400704","","@shakesphobic @PotiPotiInLove @ComandanteVimes lo del lumpen se lo podían perdonar, pero los gatos son sagrados!","twitter.com/Rocigaot/status/468148039283400704"
"18/5/2014 23:53:23","","468147363031568385","","@Credendo_Vides1 maja, pues tú eres bióloga, ahí tienes tema por si te animas a doctorarte!","twitter.com/Rocigaot/status/468147363031568385"
"18/5/2014 23:52:05","1","468147035489959938","1","@medicblasto es como cuando me operaron y el anestesista me dijo que 'con esto se pegaba unos viajes chulos Michael Jackson' :D","twitter.com/Rocigaot/status/468147035489959938"
"18/5/2014 23:50:30","","468146634522894337","","@Credendo_Vides1 nos revelarán que son bichos muy chungos que son capaces de DEVORAR a otros insectos.","twitter.com/Rocigaot/status/468146634522894337"
"18/5/2014 23:47:47","","468145953246298112","","A mí se me coló una araña muy parecida a esa hace unas semanas. Descanse en paz. #CuartoMilenio","twitter.com/Rocigaot/status/468145953246298112"
"18/5/2014 23:46:13","1","468145558184808449","","Me estoy riendo de Friker, pero tuve una jefa que me hizo llevar a portada la evacuación de un alérgico por picadura de abeja #CuartoMilenio","twitter.com/Rocigaot/status/468145558184808449"
"18/5/2014 23:45:09","1","468145289648697344","1","¿Arañas que se esconden en armarios y otros sitios oscuros? Oh, dios mío, eso no se había visto nunca. #CuartoMilenio","twitter.com/Rocigaot/status/468145289648697344"
"18/5/2014 23:43:29","2","468144869429760001","","EL GOBIERNO ANDALUZ NOS ESTÁ OCULTANDO LA EXISTENCIA DE ARAÑAS. ¡¡CONSPIRACIÓN!! #CuartoMilenio","twitter.com/Rocigaot/status/468144869429760001"
"18/5/2014 23:39:00","1","468143743892471808","1","Atención, fenómeno paranormal y misterioso en #CuartoMilenio : las arañas pican.","twitter.com/Rocigaot/status/468143743892471808"
"18/5/2014 23:26:56","1","468140706796929024","","@VictorMPozuelo @kalevorroka yo no sé si me los miran, yo sí cotilleo. Hasta ahora no me he encontrado nada grave, rollo biografía de Aznar.","twitter.com/Rocigaot/status/468140706796929024"
"18/5/2014 23:23:32","","468139851557396481","","@VictorMPozuelo hombre, no compares!","twitter.com/Rocigaot/status/468139851557396481"
"18/5/2014 23:20:22","","468139052932546560","1","@VictorMPozuelo  Yo soy defensora de cotillear los libros del ligue antes de rematar la faena.¿Y si descubres tras follar que lee a Pío Moa?","twitter.com/Rocigaot/status/468139052932546560"
"18/5/2014 23:13:48","1","468137398984245248","","@MariCalpi @ComandanteVimes @Yolanbirubi eso del argumentario para que cambies de opinión es taaan guión de telemarketing...","twitter.com/Rocigaot/status/468137398984245248"
"18/5/2014 23:04:39","","468135096583991296","1","@Yolanbirubi @ComandanteVimes a mí una vez me intentó atizar uno por ser 'muy borde' con él. Luego que si somos amables porque queremos tema","twitter.com/Rocigaot/status/468135096583991296"
"18/5/2014 22:57:08","2","468133205695291392","","@Tawil @ComandanteVimes Chulis no sé, pero frescos van a quedar un rato cuando los mandemos pal gulag...","twitter.com/Rocigaot/status/468133205695291392"
"18/5/2014 22:53:10","1","468132206343647232","","Creo que hay gente hablándome que cree que espero a ver #CuartoMilenio porque me tomo en serio lo que cuentan :D","twitter.com/Rocigaot/status/468132206343647232"
"18/5/2014 22:49:14","","468131215963611136","","Exijo que acabe lo de Risto y empiece #CuartoMilenio y ni un minuto tardan en hacerme caso. Qué influyente soy. :P","twitter.com/Rocigaot/status/468131215963611136"
"18/5/2014 22:47:34","","468130798378696704","","En Cuatro está Risto entrevistando a Pedro Jota. O empieza #CuartoMilenio ya o voy haciendo un pedido a TeleCicuta.","twitter.com/Rocigaot/status/468130798378696704"
"18/5/2014 22:46:07","2","468130433000284161","","@mjdelrio @greenfinc http://www.reactiongifs.com/volunteer/ ","twitter.com/Rocigaot/status/468130433000284161"
"18/5/2014 22:44:29","","468130023908835328","","@mjdelrio 'Es la excusa para quitarse de en medio a los babosos'. ¿¿Y si lo saben por qué no dejan de babosear??","twitter.com/Rocigaot/status/468130023908835328"
"18/5/2014 22:43:06","","468129676356231170","","@VictorMPozuelo XDDD Sé que muchas historias de estas son fakes como los Yahoo Answers, pero I WANT TO BELIEVE","twitter.com/Rocigaot/status/468129676356231170"
"18/5/2014 22:17:32","1","468123239395655683","","@El__Yayo yo tengo previsto malcriar a los sobris (postizos)pero en plan low cost: chuches,tebeos. Regalos de 300 euros ni a un crío propio","twitter.com/Rocigaot/status/468123239395655683"
"18/5/2014 21:58:25","","468118428768034817","","@mjdelrio @ComandanteVimes yo ya procuro no leer los comentarios de tu blog, que siempre acabo así.pic.twitter.com/9LMw9v90zb","twitter.com/Rocigaot/status/468118428768034817"
"18/5/2014 21:46:52","1","468115523818254337","2","@El__Yayo hace años me llegó unas 5 veces un mail que llevaba por asunto:'no es racismo, es una verdad como un templo'(Spoiler: era racismo)","twitter.com/Rocigaot/status/468115523818254337"
"18/5/2014 16:21:08","","468033548507959296","","@LumpenPerro @PotiPotiInLove na, el PP está muy avanzado y entiende que la mujer casada quiera trabajar. Incluso durante la baja maternal.","twitter.com/Rocigaot/status/468033548507959296"
"18/5/2014 15:43:18","2","468024028406771712","2","@PotiPotiInLove Feminismo es votar a Espe,trabajar (en casa y fuera) y criticar a los musulmanes por el velo. Lo demás ya es feministaje. :P","twitter.com/Rocigaot/status/468024028406771712"
"18/5/2014 11:33:20","1","467961122222796801","","@morganaskwlkr avísame si cuela para usarlo yo la próxima vez...","twitter.com/Rocigaot/status/467961122222796801"
"18/5/2014 11:28:14","1","467959840112144384","","@Cascarelo @Biosbrd claro, era a grammarnazi que levo dentro, que xa estaba en pleno desenrolo...","twitter.com/Rocigaot/status/467959840112144384"
"18/5/2014 11:27:28","1","467959646696013824","","@Biosbrd @Cascarelo tamén che digo que se os toureiros levan leggins con brillos os touros poden levar minifalda sen que quede raro...","twitter.com/Rocigaot/status/467959646696013824"
"18/5/2014 11:23:36","","467958673642635264","","@Cascarelo @Biosbrd sabes que de pequena facíame gracia a canción porque cría que era 'no me gusta que a los toros LES pongas la minifalda?'","twitter.com/Rocigaot/status/467958673642635264"
"18/5/2014 11:21:50","1","467958228337590272","","@LumpenPerro es que claro,tendrán que recomponer las familias que se rompieron cuando ZP nos obligó a todos a contraer matrimonio homosexual","twitter.com/Rocigaot/status/467958228337590272"
"18/5/2014 11:18:26","","467957372179476480","","@Biosbrd gramatical, digo. Levo só un café a estas horas e estou disléxica perdida :P","twitter.com/Rocigaot/status/467957372179476480"
"18/5/2014 11:18:01","","467957268945051648","","@Biosbrd pensará que fala do xénero garmatical, que é o argumento cuñao típico cando sae o tema.","twitter.com/Rocigaot/status/467957268945051648"
"18/5/2014 11:12:32","","467955885839753217","","Ay, que no había leído a Mariano diciendo que el PP está comprometido con la lucha contra la discriminación por orientación sexual. XD","twitter.com/Rocigaot/status/467955885839753217"
"17/5/2014 23:59:31","","467786516421689345","","@mvizaguirre vou pensar que Zuckerberg ten algo contra min, porque tanto empeño en ofenderme non pode ser casual.","twitter.com/Rocigaot/status/467786516421689345"
"17/5/2014 23:56:33","1","467785770020126721","3","Un respeto a los de la seducción científica,que lo suyo es una ciencia tan digna como puede ser la homeopatía o la lectura de hojas de té.","twitter.com/Rocigaot/status/467785770020126721"
"17/5/2014 23:54:36","1","467785280884592640","","@mvizaguirre a min soe acertarme mais ben pouco. Coronouse suxeríndome un grupo de runners veganos. E facerme amiga de Carromero.","twitter.com/Rocigaot/status/467785280884592640"
"17/5/2014 23:50:11","","467784167053594626","","@mvizaguirre Non te queixes, a min suxíreme constantemente darlle 'me gusta' á discoteca Fabrik de Madrid. :P","twitter.com/Rocigaot/status/467784167053594626"
"17/5/2014 23:45:15","","467782927422873601","","@hematocritico pero tenía mucha visibilidad.","twitter.com/Rocigaot/status/467782927422873601"
"17/5/2014 23:38:00","","467781102984519681","","@natxox vamos, posible cuenta fake del Alvarito haciendo de cliente satisfecho con sus cursos...","twitter.com/Rocigaot/status/467781102984519681"
"17/5/2014 23:37:25","","467780953981853696","","Dejad de retwittear a los monguer PUA, por lo que más queráis, que me dan ganas de entrar al trapo y no quiero interactuar con esa peña.","twitter.com/Rocigaot/status/467780953981853696"
"17/5/2014 23:24:16","2","467777647914020864","","@japArtero @ComandanteVimes 'contigo ni muerta','no hay suficiente alcohol en el mundo','ni aunque me cayera en la marmita de la burundanga'","twitter.com/Rocigaot/status/467777647914020864"
"17/5/2014 23:21:28","1","467776942960558080","","Gastarte una pasta en un curso de 'seducción' y llevar la palabra 'gonorrea' en tu nombre de usuario de Twitter. Dinero bien invertido.","twitter.com/Rocigaot/status/467776942960558080"
"17/5/2014 23:13:41","1","467774983985696769","1","@ComandanteVimes aunque acabarías teniendo que responder a todos 'mira el link de la bio' y estarías en las mismas, eso sí.","twitter.com/Rocigaot/status/467774983985696769"
"17/5/2014 23:12:53","","467774782457786368","","@PotiPotiInLove me mata el 'sabes cuándo insistirle a una mujer y cuándo no'. No, no lo saben. Que todas sabemos lo que es sufrir a pesaos.","twitter.com/Rocigaot/status/467774782457786368"
"17/5/2014 23:11:45","","467774497744224256","","@ComandanteVimes Te sale más a cuenta hacer un FAQ con las definiciones de infraseres y poner el link en la bio,que la gente es vaga...","twitter.com/Rocigaot/status/467774497744224256"
"17/5/2014 22:54:38","","467770187287375872","","@mjdelrio @PotiPotiInLove de verdad que si no fueran unos machistas acosadores me daría hasta penita cómo los timan XD","twitter.com/Rocigaot/status/467770187287375872"
"17/5/2014 22:17:42","","467760896132255744","","A mi promesa electoral del gulag para coaches,sumo la del aborto retroactivo forzoso para seductores científicos #dominaciónmundial #vótame","twitter.com/Rocigaot/status/467760896132255744"
"17/5/2014 22:12:41","","467759632501727232","","@mjdelrio @delaCreu medidas drásticas, sí señor! espero que no lo vean por aquí,que ya ha habido alguna campaña de 'galegas, procreade máis'","twitter.com/Rocigaot/status/467759632501727232"
"17/5/2014 22:05:41","","467757871145709568","","@delaCreu @mjdelrio y puedes aprovechar el momento de hacer la cobra para pillar impulso e ir con más fuerza. Lo veo, sí. XD","twitter.com/Rocigaot/status/467757871145709568"
"17/5/2014 22:03:05","","467757216184156160","","@delaCreu @mjdelrio na, cuando están en pose de copa en una mano, la otra apoyada en la pared para arrinconarte, tienen la huevera indefensa","twitter.com/Rocigaot/status/467757216184156160"
"17/5/2014 21:59:21","","467756275208818689","","@mjdelrio que mira que me da pena, que yo soy más de hablarlo,pero que no se diga que por ser de letras me niego a usar la ciencia :P","twitter.com/Rocigaot/status/467756275208818689"
"17/5/2014 21:54:21","","467755017878114306","1","@mjdelrio igual como son científicos no aceptan como rechazo un 'no' verbal. Necesitan una prueba empírica,rollo rodillazo en los huevos","twitter.com/Rocigaot/status/467755017878114306"
"17/5/2014 21:42:56","","467752144427569152","","Qué bien, los vecinos han decidido compartir sus discos de grandes éxitos de reaggetón con todo el barrio. #REDRUM","twitter.com/Rocigaot/status/467752144427569152"
"17/5/2014 15:39:08","2","467660589880598528","1",". @PPopular @mdcospedal es que vosotros sois feministas también, pero en simulado y diferido, y claro, la gente no se entera. @LordoLordor","twitter.com/Rocigaot/status/467660589880598528"
"17/5/2014 15:37:36","","467660207754342400","","@SalidaPorLaIzq @Adroi_Bogui @alvarodaygame bueno, más que educada, 'cómoda'. La excusa para ahorrarte media hora de 'jo, venga, tía, venga'","twitter.com/Rocigaot/status/467660207754342400"
"17/5/2014 15:35:04","","467659566722080770","2","@SalidaPorLaIzq @Adroi_Bogui @alvarodaygame que alguien les diga que lo del falso 'tengo novio' es la forma educada de librarte de un pesao","twitter.com/Rocigaot/status/467659566722080770"
"17/5/2014 15:23:37","","467656688649396224","","@xoancastro igual é que os compra por palés e claro, de cando en cando algún solto queda.","twitter.com/Rocigaot/status/467656688649396224"
"17/5/2014 10:37:11","","467584603424030720","","@Irreductible Habrá alguien tan enfermito como para pagar 82 euros por una foto de -presuntamente- Soraya de comunión?","twitter.com/Rocigaot/status/467584603424030720"
"17/5/2014 10:27:16","2","467582107242741760","","Dice el ABC que a las mujeres infieles les gusta ir a tomar café. Si eso es signo de infidelidad mis ex estarán aún limándose los cuernos.","twitter.com/Rocigaot/status/467582107242741760"
"17/5/2014 10:24:56","1","467581522246393856","","@Cascarelo Decathlon mandou un mail dicindo que 'celebramos el domingo el Día de las Letras Gallegas'.Menuda festa pra os traballadores, si.","twitter.com/Rocigaot/status/467581522246393856"
"17/5/2014 10:05:16","","467576569574465536","","@cristina_pardo pero no lo ha dicho en un tuit, ¿no? Todo bien, entonces.","twitter.com/Rocigaot/status/467576569574465536"
"16/5/2014 23:44:41","1","467420396233719808","1","Entonces,para que no les llamen machistas,los del PP ahora se sacan fotos con mujeres,en plan 'mirad, si no nos da asco tocarlas'. ENTIENDO.","twitter.com/Rocigaot/status/467420396233719808"
"16/5/2014 21:15:50","","467382936061616129","","@medicblasto igual interpreta los report spam y los formularios de denuncia como que nos estamos haciendo las estrechas, ojo.","twitter.com/Rocigaot/status/467382936061616129"
"16/5/2014 21:09:58","","467381459343671296","","@PotiPotiInLove me desorino! Lo has metido en el listado como stendhal o has creado categoría para monguers-lobo?","twitter.com/Rocigaot/status/467381459343671296"
"16/5/2014 15:19:42","1","467293311628509184","","Con tanta noticia machista junta se me ha cruzado el cable y me estoy imaginando a Cañete dando un curso de seducción científica. #thehorror","twitter.com/Rocigaot/status/467293311628509184"
"16/5/2014 15:08:55","1","467290600300363777","","Igual me apunto a un curso de verano de los de la UNED en la cárcel de Teixeiro. Para ir haciendo amigos por si me entrullan por tuitera.","twitter.com/Rocigaot/status/467290600300363777"
"16/5/2014 14:43:33","1","467284216129265665","","@judgitanilla eso sí, luego discuten con tíos y siguen ocultando su capacidad intelectual. Para no salirse del personaje, claro.","twitter.com/Rocigaot/status/467284216129265665"
"16/5/2014 14:39:40","","467283238277640192","1","Me han llamado sectaria en FB por criticar a Cañete. Pero fue un tío,igual estaba bajando el nivel dialéctico porque soy una chica, o algo.","twitter.com/Rocigaot/status/467283238277640192"
"16/5/2014 10:39:16","1","467222738525241344","4","-Si discuto con una mujer debo contener mi superioridad intelectual...
-Que sí, Cañete, que sí. Deja ese yogur caducao, anda. Yogur caca.","twitter.com/Rocigaot/status/467222738525241344"
"16/5/2014 0:41:26","2","467072290690441216","1","Que o único de Rosalía de Castro que tivo Feijóo na súa vida foi algún billete de 500 pesetas xa o tiñamos claro de antes, non?","twitter.com/Rocigaot/status/467072290690441216"
"16/5/2014 0:27:26","","467068766929838080","","@uxialopez os Massive Atrack fixeron versión tamén, pero era en plan música por ordenador, e molaba menos que a de Carmiña.","twitter.com/Rocigaot/status/467068766929838080"
"16/5/2014 0:24:07","","467067933739745282","","@uxialopez A eses poemas púxolles música Carmiña Burana, a célebre cantante galega que lle molaba a Pérez Varela, non?","twitter.com/Rocigaot/status/467067933739745282"
"15/5/2014 21:44:50","","467027848839319552","1","Tengo una estrategia por si tengo que mostrarle a uno de seducción científica que si digo NO es NO.La llamo 'patada en los huevos empírica'","twitter.com/Rocigaot/status/467027848839319552"
"15/5/2014 20:48:52","","467013764353888256","","@Biosbrd dende que teño twitter lémbrome moito do personaxe do 'bonico del to' de Muchachada Nui...","twitter.com/Rocigaot/status/467013764353888256"
"15/5/2014 20:47:30","1","467013420903313409","","@Biosbrd estaba bebendo auga mentras vía isto. Vou por unha servilleta pra secar o monitor.","twitter.com/Rocigaot/status/467013420903313409"
"15/5/2014 20:43:39","1","467012450429456385","","Meter en el apartado de Formación de tu currículum de Linkedin el curso de 'seducción científica' por el que pagaste 900 pavos.","twitter.com/Rocigaot/status/467012450429456385"
"15/5/2014 20:42:54","","467012260477820928","","La próxima vez que salga de bares a ver cómo distingo a los seductores científicos de los pesaos de toda la vida.¿Les dan un diploma o algo?","twitter.com/Rocigaot/status/467012260477820928"
"15/5/2014 20:33:43","19","467009952385880064","30","-MUEREN POCAS
-¿Políticas?
-Na, tías que abandonan a sus novios/maridos.
-Qué susto, ya creí que tenía que detenerte por incitar al odio.","twitter.com/Rocigaot/status/467009952385880064"
"15/5/2014 0:59:16","1","466714389387956225","","@Tabernita @mjdelrio @medicblasto os robo el Godzilla Facepalm, que sé que le voy a sacar partido...","twitter.com/Rocigaot/status/466714389387956225"
"15/5/2014 0:31:51","","466707490286346240","4","El odio envenena las redes sociales, pero menos mal que está ABC para esparcir buen rollo y mesura por doquier.","twitter.com/Rocigaot/status/466707490286346240"
"15/5/2014 0:27:45","","466706459330621440","","@Rocigaot y la tilde que falta en 'sé' no me la he comido yo: se la comió la serpiente de la arroba. :P","twitter.com/Rocigaot/status/466706459330621440"
"15/5/2014 0:26:05","1","466706037677244417","","Militantes del PP que me sigáis,no es mi intención envenenaros con odio. No matéis a cargos del partido, que luego pringamos los twitteros.","twitter.com/Rocigaot/status/466706037677244417"
"15/5/2014 0:18:38","4","466704165633536000","2","ABC, yo diría que matar a la presidenta provincial de tu partido conlleva más 'envenenamiento de odio' que twittear,pero vamos, qué se yo.","twitter.com/Rocigaot/status/466704165633536000"
"14/5/2014 22:52:28","","466682480586940417","","@Marmota_Maligna soy muy fan de Moss!","twitter.com/Rocigaot/status/466682480586940417"
"14/5/2014 16:55:12","1","466592573071822848","","Aquí,pasándolo mal (adjuntar foto de pies en la playa desde Instagram) #TuiteaParaEvitarElTalego","twitter.com/Rocigaot/status/466592573071822848"
"13/5/2014 22:20:07","","466311952655216641","","@SalidaPorLaIzq @NewIlluminatus Love is in the air!","twitter.com/Rocigaot/status/466311952655216641"
"13/5/2014 21:41:13","","466302162218536962","","@mjdelrio no, si visto así...","twitter.com/Rocigaot/status/466302162218536962"
"13/5/2014 21:38:04","","466301370522689536","","@mjdelrio animalicos... igual convencía llevarlos engañados pensando que van a hacer un curso de esos de ligar y alfabetizarlos a traición.","twitter.com/Rocigaot/status/466301370522689536"
"13/5/2014 21:36:31","","466300980238508032","","@natxox @mjdelrio pues oye, ya que el ABC lo ha puesto tan a huevo, yo no descarto alegarlo como atenuante si un día la lío parda...","twitter.com/Rocigaot/status/466300980238508032"
"13/5/2014 21:33:36","","466300243987161088","","@mjdelrio lo bueno es que tienen pinta de que los puedes espantar si llevas encima un libro y se lo enseñas. Rollo ajo para los vampiros.","twitter.com/Rocigaot/status/466300243987161088"
"13/5/2014 21:15:55","","466295795764170753","","@mjdelrio es que cómo va a saber una mujer mejor que el fulano que cobra por los cursos si a las mujeres nos gusta o no que nos acosen...","twitter.com/Rocigaot/status/466295795764170753"
"13/5/2014 18:16:13","1","466250572417761280","","Si van a detener tuiteros, ya puestos que vayan a por los que lanzan hashtags tipo 'películasconpepino'","twitter.com/Rocigaot/status/466250572417761280"
"13/5/2014 14:43:33","","466197052482129922","4","Lo de investigar tweets sobre Isabel Carrasco es para ver si somos del brazo armado del PP de Astorga?","twitter.com/Rocigaot/status/466197052482129922"
"13/5/2014 1:28:41","","465997016712368129","","@Tabernita @mjdelrio @ComandanteVimes na, esto fue en un bar de hipsters,pero igual les da por reivindicar la tuna irónicamente :P","twitter.com/Rocigaot/status/465997016712368129"
"13/5/2014 1:24:55","","465996070745821185","","@mjdelrio @Tabernita @ComandanteVimes yo una vez vi tunos en un bar de hipsters.No sé si se habían perdido o si era un rollo irónico de esos","twitter.com/Rocigaot/status/465996070745821185"
"13/5/2014 1:21:58","","465995325468327936","","@mjdelrio @Tabernita @ComandanteVimes y no hay una edad tope en la que dejar de vestirse con leotardos y terciopelo?","twitter.com/Rocigaot/status/465995325468327936"
"13/5/2014 1:20:09","2","465994869945950208","1","@mjdelrio @Tabernita @ComandanteVimes De todas formas ser tuno es muy como ser de NNGG, puedes tirarte ahí hasta los cuarentaytontos.","twitter.com/Rocigaot/status/465994869945950208"
"13/5/2014 1:18:14","2","465994387827478528","","@mjdelrio @Tabernita @ComandanteVimes Si me saliera un hijo tuno le querría igual. Además, seguro que eso se cura con electroshock o algo.","twitter.com/Rocigaot/status/465994387827478528"
"13/5/2014 1:16:51","","465994039729618945","","@Tabernita @mjdelrio @ComandanteVimes aquí tuvimos hace un par de semanas reunión de tunas por un festival benéfico. The horror, the horror.","twitter.com/Rocigaot/status/465994039729618945"
"13/5/2014 1:15:58","","465993819545403392","","@mjdelrio @Tabernita @ComandanteVimes pero llevan cintas de colores, a lo brazalete reflectante de los runners para que los veas y huyas :D","twitter.com/Rocigaot/status/465993819545403392"
"13/5/2014 1:14:59","1","465993572119232512","","@ComandanteVimes @Cascarelo na, de esas también sospecho que van a ayunar bastante, pobrecicos...","twitter.com/Rocigaot/status/465993572119232512"
"13/5/2014 1:11:55","","465992798505009152","","@ComandanteVimes @Cascarelo si esa es su esperanza para alimentarse, como escuela de seducción no, pero como dieta puede ser eficaz.","twitter.com/Rocigaot/status/465992798505009152"
"13/5/2014 1:08:09","1","465991849900253184","","@Tabernita @ComandanteVimes pero al menos el tuno va uniformado para que le veas venir y huyas a tiempo. :P","twitter.com/Rocigaot/status/465991849900253184"
"13/5/2014 1:07:36","","465991710452232192","","@Cascarelo @ComandanteVimes y habrá algún desesperadito que se gaste 900 pavos en eso?","twitter.com/Rocigaot/status/465991710452232192"
"13/5/2014 1:06:29","","465991431627476993","1","@ComandanteVimes @Tabernita les sale más a cuenta meterse a tunos. Serán igual de babosos pero oye, aprenderán a tocar la bandurria.","twitter.com/Rocigaot/status/465991431627476993"
"13/5/2014 0:56:14","","465988849748164610","","@xoancastro o espíritu do avó de ZP posúe a unha militante do PP pra facer que asesine á presidenta da Deputación. Marhuenda meets Friker.","twitter.com/Rocigaot/status/465988849748164610"
"13/5/2014 0:48:50","1","465986989846986752","1","Habiendo sido en León, hasta me sorprende que la prensa de la caverna no sugiera que el asesinato lo cometió ZP con peluca.","twitter.com/Rocigaot/status/465986989846986752"
"13/5/2014 0:41:37","","465985174732165120","3","@ComandanteVimes lo he leído y sigo respirando, lo que prueba que es  imposible morir por vergüenza ajena. Si se pudiera, ya estaría fiambre","twitter.com/Rocigaot/status/465985174732165120"
"12/5/2014 23:03:52","","465960574577573888","1","@PotiPotiInLove o cuando Espe empezó a arrollar polis... si es que no supieron ver las señales de alarma.","twitter.com/Rocigaot/status/465960574577573888"
"12/5/2014 22:08:31","1","465946646015397888","5","@LatveriasDoom Si la hubiera arrollado la mismísima Espe con el coche a lo Farruquito dirían que es que antes la había mordido un rojo.","twitter.com/Rocigaot/status/465946646015397888"
"12/5/2014 21:13:25","","465932779080138752","1","@mjdelrio @MSLouzao Dios mío? Hubo supervivientes??","twitter.com/Rocigaot/status/465932779080138752"
"12/5/2014 0:48:30","","465624518720229376","1","Mira, otro clasicazo de gorro de papel de aluminio: los chemtrails. #CuartoMilenio","twitter.com/Rocigaot/status/465624518720229376"
"11/5/2014 23:55:45","","465611242150064128","","@xoancastro @Cascarelo vaia, ho! pois molaba máis 'Asmodeus', pero pra nena igual quedaba raro...","twitter.com/Rocigaot/status/465611242150064128"
"11/5/2014 23:36:38","1","465606432495513601","","¿Cómo era de estricto el unicornio con la virginidad?¿Si tenías el himen intacto pero tenías sexo oral, se te acercaba o no? #CuartoMilenio","twitter.com/Rocigaot/status/465606432495513601"
"11/5/2014 23:32:29","","465605387404996609","","Al hilo del RT que acabo de hacer, si llevaba polo podía ser cualquiera del PP, que son muy de estamparse con el coche. #CuartoMilenio","twitter.com/Rocigaot/status/465605387404996609"
"11/5/2014 23:28:49","","465604465593425920","","@VIVAANTES lembro o programa aquel dos matrimonios que presentaba Jesús Puente, con preguntas sobre a súa vida sexual. E o de Gil, claro.","twitter.com/Rocigaot/status/465604465593425920"
"11/5/2014 23:24:53","","465603472746749953","","@Cascarelo @xoancastro somos mala xente, aquí facendo coñas á costa da futura adolescencia traumática de Asmodeus...","twitter.com/Rocigaot/status/465603472746749953"
"11/5/2014 23:23:31","2","465603131657973760","1","@Cascarelo @xoancastro 
-Dónde estabas, Asmodeus?
-Jugando a la ouija, mamá
-No mientas, que te vio la vecina en lo de Escépticos en el Pub","twitter.com/Rocigaot/status/465603131657973760"
"11/5/2014 23:21:36","","465602649799548928","","@VIVAANTES hostia!unha desas cousas dos 90 que a miña memoria bloqueara por evitarme traumas!","twitter.com/Rocigaot/status/465602649799548928"
"11/5/2014 23:18:21","1","465601831046225920","","@Cascarelo @xoancastro o pobre comprará revistas de ciencias e as esconderá dentro do Playboy pra que non lle boten a bronca.","twitter.com/Rocigaot/status/465601831046225920"
"11/5/2014 23:15:35","2","465601133332168705","1","@Cascarelo @xoancastro todos os días lle pregunta se ve algún espíritu. E cando o crío di que non síntese moi decepcionado con él.","twitter.com/Rocigaot/status/465601133332168705"
"11/5/2014 23:11:19","1","465600061301592064","","@xoancastro @Cascarelo certo! o igual Carmen pintoulle uns estigmas mentres el non miraba, pra non quitarlle a ilusión ao pobre...","twitter.com/Rocigaot/status/465600061301592064"
"11/5/2014 23:10:16","","465599795881836544","","@Tawil @Cascarelo vos rídevos, pero ese crío vai necesitar homeschooling porque o van matar a collejas cando chegue co gorro de papel albal","twitter.com/Rocigaot/status/465599795881836544"
"11/5/2014 23:08:55","1","465599454645854208","","@lauralruiz los padres con revisarlos para ver si el sistema les puso un chip mientras estaban en clase ya habrá cumplido, supongo...","twitter.com/Rocigaot/status/465599454645854208"
"11/5/2014 23:05:58","1","465598713797545984","","@Cascarelo coido que teñen un (ou unha), pero que aínda non está en idade escolar. Farano ir co gorro de aluminio na cabeza á guardería.","twitter.com/Rocigaot/status/465598713797545984"
"11/5/2014 23:05:08","","465598506179510274","","@xoancastro estaba entre ese momentazo e o 'es que nadie va a pensar en los niños?' da señora Lovejoy...","twitter.com/Rocigaot/status/465598506179510274"
"11/5/2014 23:04:38","1","465598377699581952","","El punto de vista femenino es la creatividad. Ya se sabe, nosotras pensamiento lógico el justito. #jeje #cuñaos #cuartomilenio","twitter.com/Rocigaot/status/465598377699581952"
"11/5/2014 23:02:55","","465597945388486656","","'Si un niño es muy inquieto te lo meten en un centro médico'. Nos hemos documentado bien, ¿eh, Iker? #CuartoMilenio","twitter.com/Rocigaot/status/465597945388486656"
"11/5/2014 23:01:56","1","465597698130059264","","Vale, ya nos están metiendo la milonga del homeschooling. Ahora tocará Waldorf, ¿no? #CuartoMilenio","twitter.com/Rocigaot/status/465597698130059264"
"11/5/2014 23:01:12","2","465597513488408577","","La educación es muy importante, así que lo suyo es que lo trate Friker entre un reportaje de orbs y uno de fantasmas #CuartoMilenio","twitter.com/Rocigaot/status/465597513488408577"
"11/5/2014 22:58:46","1","465596903011651584","","'El sistema ha conseguido que los adolescentes no se interesen'.Ya,les inocula la tontería de la edad del pavo con una vacuna #CuartoMilenio","twitter.com/Rocigaot/status/465596903011651584"
"11/5/2014 22:54:31","1","465595833208299520","2","Y ya ha salido Papá Estado que es el enemigo.Friker,de esa posesión por Ayn Rand podéis hacer una recreación de las vuestras. #CuartoMilenio","twitter.com/Rocigaot/status/465595833208299520"
"11/5/2014 22:50:50","10","465594905335586816","5","Yo de más jovencita tenía amigos que tras un par de porros se montaban los mismos debates que los expertos de #CuartoMilenio . Calcaos,oye.","twitter.com/Rocigaot/status/465594905335586816"
"11/5/2014 16:39:29","","465501450505031680","","@Cascarelo porque xa non está Conde Roa en Santiago, que se non, aí mesmo. A superar o momentazo do baile co burro e as mama noel...","twitter.com/Rocigaot/status/465501450505031680"
"11/5/2014 16:11:33","","465494422629924864","","Lo de Ruth Lorenzo mismamente era algo de personaje, que eso de una murciana mojada por un chaparrón no se ha visto en lustros.","twitter.com/Rocigaot/status/465494422629924864"
"11/5/2014 16:09:23","2","465493877135527937","2","Conchita es un personaje creado para dar el cante y tener votos,pero las polacas mostraban su día a día en alguna granja cerca de Varsovia.","twitter.com/Rocigaot/status/465493877135527937"
"11/5/2014 1:29:37","","465272475979624448","","@LordoLordor y donde 'Spain' se pronuncia 'Espein'...","twitter.com/Rocigaot/status/465272475979624448"
"11/5/2014 1:05:50","6","465266490435203072","1","@Tawil e o bailarín ucraniano vai por Kiev adiante rodando no seu xoguete pra hamsters...","twitter.com/Rocigaot/status/465266490435203072"
"11/5/2014 0:47:11","","465261799928258560","","Gente escandalizada porque 'un maricón' (sic) gane Eurovisión, que dónde se ha visto. Homófobos, sí, pero bonicos del tó.","twitter.com/Rocigaot/status/465261799928258560"
"11/5/2014 0:26:52","","465256685146488833","","@beblas son muuuy sositos...","twitter.com/Rocigaot/status/465256685146488833"
"11/5/2014 0:24:16","1","465256031590031360","","Me alegro por Conchita,pero me esperaba más para Islandia. Molaban mucho más que los intensitos holandeses, no me digáis. #trospidvision","twitter.com/Rocigaot/status/465256031590031360"
"11/5/2014 0:20:57","","465255195195498497","1","Tras las votaciones de España, Ana Botella TT en 3, 2... #trospidvision","twitter.com/Rocigaot/status/465255195195498497"
"11/5/2014 0:19:58","1","465254950411706368","4","Reconocí a la española sin verla por el acentaco. #relaxingpointinplazamayor  #trospidvisión","twitter.com/Rocigaot/status/465254950411706368"
"11/5/2014 0:14:37","1","465253603054452737","","¿Qué hace Terelu en Moldavia? #trospidvision","twitter.com/Rocigaot/status/465253603054452737"
"11/5/2014 0:11:43","4","465252873778253824","16","Los vecinos portugueses han pasado de España y han votado a Conchita. 'Tomad coñitas de mujeres bigotudas, cabronazos'. #trospidvision","twitter.com/Rocigaot/status/465252873778253824"
"11/5/2014 0:08:12","1","465251986389344256","1","Massiel no tiene el record de 'Las' en una canción de Eurovisión. Se sirve otra ginebra. #trospidvision","twitter.com/Rocigaot/status/465251986389344256"
"10/5/2014 23:48:58","","465247148276461568","","@sil_loh vaya por dios, qué chasco!","twitter.com/Rocigaot/status/465247148276461568"
"10/5/2014 23:45:11","2","465246195955556352","3","¿Las votaciones de España las dará Mariló Montero? Que llevamos una temporada sin conflicto diplomático. #trospidvision","twitter.com/Rocigaot/status/465246195955556352"
"10/5/2014 23:44:08","1","465245931454365696","","@Cascarelo a estas horas xa estará rulando polos grupos de whatsapp de cuñados.","twitter.com/Rocigaot/status/465245931454365696"
"10/5/2014 23:41:53","2","465245363113590784","2","Mucha coña de 'qué marrón besar a Conchita si gana' y vosotros vais con barba de rabino ortodoxo porque los hipsters lo pusieron de moda.","twitter.com/Rocigaot/status/465245363113590784"
"10/5/2014 23:39:38","","465244798535086080","","@ComandanteVimes yo lo hacía con mis antiguos vecinos. Aunque luego no parecían tener muy en cuenta mis opiniones.","twitter.com/Rocigaot/status/465244798535086080"
"10/5/2014 23:11:30","","465237716977074178","","Servidora va con los Parchís islandeses y con Conchita.   #trospidvisión","twitter.com/Rocigaot/status/465237716977074178"
"10/5/2014 22:57:13","","465234122831839232","","@sil_loh es que la muchacha es murciana, no lo tiene muy controlado. En el norte estamos más puestos en tema paraguas...","twitter.com/Rocigaot/status/465234122831839232"
"10/5/2014 22:55:32","3","465233699744006144","4","Yo al ver la almeja gigante casi me esperaba el 'la mar está fresquíbiris' de Estela Reynolds. Y mucho peor no habría sido. #trospidvisión","twitter.com/Rocigaot/status/465233699744006144"
"10/5/2014 22:53:17","","465233135266201600","2","El año que viene mandamos a Russian Red, que vean que aquí también tenemos indies intensitos como en Holanda. #trospidvisión","twitter.com/Rocigaot/status/465233135266201600"
"10/5/2014 22:52:02","1","465232819112144896","","Los que se tiran toda la canción sonriendo me recuerdan a Lisa cuando hacía claqué y la Pequeña Vicky le grapaba la sonrisa #trospidvisión","twitter.com/Rocigaot/status/465232819112144896"
"10/5/2014 22:47:39","","465231715297132544","","@sil_loh y con los calcetines blancos a lo Michael Jackson cuando era negro. Muy vintage todo.","twitter.com/Rocigaot/status/465231715297132544"
"10/5/2014 22:45:34","","465231193907425281","","Otra boyband. Ya son los 90 en  #trospidvisión","twitter.com/Rocigaot/status/465231193907425281"
"10/5/2014 22:32:05","","465227800128270337","","@asoria73 ya he visto, ya! :D","twitter.com/Rocigaot/status/465227800128270337"
"10/5/2014 22:29:19","","465227104356163584","","Estoy oyendo a la Ruth por primera vez ahora. El principio de la canción es muy peli Disney, ¿no? #trospidvisión","twitter.com/Rocigaot/status/465227104356163584"
"10/5/2014 22:15:06","","465223525738237952","","Las gemelas rusas acabarán haciendo Fusión, a lo Dragon Ball, ¿no?  #trospidvision","twitter.com/Rocigaot/status/465223525738237952"
"10/5/2014 21:51:24","","465217561664450561","","Grecia, esperaba más de ti después del 'Alcohol is free' del año pasado. #trospidvisión","twitter.com/Rocigaot/status/465217561664450561"
"10/5/2014 21:48:17","","465216778608848896","2","Polonia trae porno soft de pastorcillas, o algo así. #trospidvisión","twitter.com/Rocigaot/status/465216778608848896"
"10/5/2014 21:33:30","2","465213054326943744","6","Noruegos con canciones de bajona para que Ana Rosa pueda decir que allí viven deprimidos por no tener sol ni terrazas. #trospidvisión","twitter.com/Rocigaot/status/465213054326943744"
"10/5/2014 21:31:41","4","465212598129291264","2","No soy la única que aprovecha las baladas para ir al baño o a picar algo a la cocina, ¿no? #trospidvision","twitter.com/Rocigaot/status/465212598129291264"
"10/5/2014 21:30:38","","465212333045075969","","@beblas sí, de hecho el de Lordi fue el primer año en ni se sabe cuanto tiempo que vi Eurovisión. Y la única vez que ganó quien yo apoyaba!","twitter.com/Rocigaot/status/465212333045075969"
"10/5/2014 21:28:21","1","465211759637573632","","Si los islandeses han mandado a un miembro del Parlamento,el año que viene podíamos mandar a Toni Cantó con el rap suyo aquel #trospidvisión","twitter.com/Rocigaot/status/465211759637573632"
"10/5/2014 21:27:18","","465211493815169027","","@beblas son grandérrimos! siempre acabo yendo con algún país nórdico, quitando el año pasado que fui con los griegos!","twitter.com/Rocigaot/status/465211493815169027"
"10/5/2014 21:26:45","1","465211356489457664","","Ahí está Islandia! #muyfan #trospidvisión","twitter.com/Rocigaot/status/465211356489457664"
"10/5/2014 21:14:57","2","465208389388476416","2","Empiezan con el hombre-hamster de Ucrania! #Trospidvisión","twitter.com/Rocigaot/status/465208389388476416"
"10/5/2014 21:09:08","","465206922522923008","","Yo en principio, y a falta de ver a los que entran directos y a los de la segunda eliminatoria, voy con Islandia. #trospidvisión","twitter.com/Rocigaot/status/465206922522923008"
"10/5/2014 21:02:28","","465205247909330945","","Aviso que voy a ver y comentar #trospidvisión . Estáis a tiempo de hacerme unfollow.","twitter.com/Rocigaot/status/465205247909330945"
"10/5/2014 20:42:45","","465200285183643648","","@PotiPotiInLove sólo menstruamos por joder a los hombres. Y para poder quedarnos embarazadas y abortar por deporte, claro.","twitter.com/Rocigaot/status/465200285183643648"
"9/5/2014 0:08:24","","464527263854526465","","'Descubre las últimas tendencias del mercado laboral', me dice Infojobs por mail. Esa me la sé, falsos autónomos y becarios hasta los 30.","twitter.com/Rocigaot/status/464527263854526465"
"9/5/2014 0:06:04","","464526674445762560","","Qué bien que empieza la campaña y los partidos ya pueden pedirnos el voto. Un billete de avión a Kuala Lumpur no tendréis pa regalarme, ¿no?","twitter.com/Rocigaot/status/464526674445762560"
"7/5/2014 21:42:45","","464128218619211776","","@callaquenoveo na, tranquila, ningún juez puede condenarte por eso.","twitter.com/Rocigaot/status/464128218619211776"
"7/5/2014 21:35:06","","464126295233003520","","Oye, twitter, quítame de una vez el aviso de nueva mención, que :A)La vi en el móvil en su momento. B)No me sale ya porque bloqueé al fulano","twitter.com/Rocigaot/status/464126295233003520"
"6/5/2014 22:58:20","","463784852626497536","","@VictorMPozuelo si me ganas con los ejemplares que he mencionado, pobrecito de ti :P","twitter.com/Rocigaot/status/463784852626497536"
"6/5/2014 22:42:36","","463780893379661824","","@VictorMPozuelo a mí una amiga quiso liarme con un legionario. Y otra, con uno al que resultó que Dios le hablaba. Creo que gano yo. :P","twitter.com/Rocigaot/status/463780893379661824"
"6/5/2014 22:38:01","","463779741221543936","","@VictorMPozuelo estoy haciendo repaso mental de la gente con la que me han intentado emparejar a lo largo de los años y eeeemmm, NO.","twitter.com/Rocigaot/status/463779741221543936"
"6/5/2014 22:34:46","","463778921800941569","","@VictorMPozuelo le confío antes la llave del mueble bar a Tersch que un Tinder pa mí a uno de mis amigos... :P","twitter.com/Rocigaot/status/463778921800941569"
"6/5/2014 21:02:25","","463755683519680513","","@RubenGaldon esa tiene delito también!","twitter.com/Rocigaot/status/463755683519680513"
"6/5/2014 20:58:03","1","463754585493233664","","Mientras tomaba café,la de al lado ha dicho 'huele a canela'.Toda la tarde en la biblio con esto en bucle en mi mente http://www.youtube.com/watch?v=AArMdj35xlM …","twitter.com/Rocigaot/status/463754585493233664"
"5/5/2014 23:34:11","","463431487875194880","","@LumpenPerro @DEF_CON_DOS síííí, salió en los periódicos! Es basado en hechos reales!","twitter.com/Rocigaot/status/463431487875194880"
"5/5/2014 22:44:57","","463419099570507776","","@Cascarelo hai outra grabación disto con peor calidade de son pero onde se ven as caras da intérprete de signos. Íalle mal, á pobre.","twitter.com/Rocigaot/status/463419099570507776"
"5/5/2014 22:41:21","1","463418193105920000","1","Está @Cascarelo a falar de Stephen Fry e lembrei a mítica serenata de Molly Lewis ofrecéndolle facer de nai de aluger http://www.youtube.com/watch?v=w1bXy5pSGJE …","twitter.com/Rocigaot/status/463418193105920000"
"5/5/2014 22:11:44","1","463410737608937472","1","@Cascarelo son algo machistas,pero hai que recoñecer a súa aportación pra integrar a cegos e daltónicos no sector do deseño de moda.","twitter.com/Rocigaot/status/463410737608937472"
"5/5/2014 21:34:41","","463401415998963712","","@sil_loh aunque oye, era un preparativo para algo muy común en la profesión: trabajar con (y para) borrachos y enfarlopaos! XD","twitter.com/Rocigaot/status/463401415998963712"
"5/5/2014 21:33:45","","463401178265845760","","@sil_loh creo que directamente no fui, si no al menos recordaría haber ido a la conferencia de algún fulano y pirarme porque estaba pedo...","twitter.com/Rocigaot/status/463401178265845760"
"5/5/2014 21:22:17","","463398296191762432","","@sil_loh No! Supongo que no fui a ese congreso porque me acordaría, fijo!","twitter.com/Rocigaot/status/463398296191762432"
"5/5/2014 21:15:02","","463396470448979968","","Tertsch defiende al cura de Canena. Claro, dijo que emborracharse y liarse a hostias son valores cristianos, y le ha llegado a la patata.","twitter.com/Rocigaot/status/463396470448979968"
"5/5/2014 15:41:35","","463312555264716800","","@mjdelrio tomo nota, por si se presenta la ocasión de sacar los valores cristianos a pasear... :P","twitter.com/Rocigaot/status/463312555264716800"
"5/5/2014 15:39:13","","463311957496713217","","@mjdelrio entonces, si alguien le pegara una hostia al cura que lo vistiera de flamenca, ¿serían valores cristianos al no llegar a matarlo?","twitter.com/Rocigaot/status/463311957496713217"
"5/5/2014 0:52:14","","463088740827934720","","@CaminoAna e irán convencidos de que pon 'Sabiduría y confianza', ou algo así...","twitter.com/Rocigaot/status/463088740827934720"
"5/5/2014 0:49:31","1","463088059710722048","","¡OVNIS en la Catedral de Salamanca! Pues espera a que encuentren el astronauta... #CuartoMilenio","twitter.com/Rocigaot/status/463088059710722048"
"4/5/2014 23:54:44","","463074272345616384","2","En Marbella el fantasma de una niña es el mal menor. Se te puede aparecer Gil en bañador, como salía en 'Ay,qué calor!' #CuartoMilenio","twitter.com/Rocigaot/status/463074272345616384"
"4/5/2014 23:44:37","","463071724461109251","","@ComandanteVimes @mjdelrio @LosPajarosPican Ay! A este de dónde lo habéis sacado? Es rebonico!","twitter.com/Rocigaot/status/463071724461109251"
"4/5/2014 23:26:19","","463067120763686912","","@PutoPaleto un actimel al día para sobrevivir al ébola!","twitter.com/Rocigaot/status/463067120763686912"
"4/5/2014 23:21:20","","463065864192143360","","Era un mapache de Springfield, como el pez Guiñitos. #CuartoMilenio","twitter.com/Rocigaot/status/463065864192143360"
"4/5/2014 16:06:55","","462956540144910337","","@mjdelrio @ComandanteVimes en uno de mis ex trabajos a veces especulábamos sobre quién sería el 1º en volverse loco y montar un Columbine...","twitter.com/Rocigaot/status/462956540144910337"
"4/5/2014 16:04:04","","462955826479894528","","@mjdelrio @ComandanteVimes me volvería a loca y un día llegaría con el rifle, a lo USA. En vez de a Marilyn Manson culparían a Juan Magan XD","twitter.com/Rocigaot/status/462955826479894528"
"4/5/2014 15:46:05","1","462951296929382400","2","@ComandanteVimes yo soy fácilmente torturable también: con deporte, cosquillas o canciones del verano en diez minutos delato a todo dios.","twitter.com/Rocigaot/status/462951296929382400"
"2/5/2014 20:35:58","1","462299476196343808","2","@PotiPotiInLove ya ves, a un vecino mío lo mandaron al psiquiatra porque Dios le hablaba, y Jorge Fernández con lo mismo está de ministro...","twitter.com/Rocigaot/status/462299476196343808"
"2/5/2014 0:25:39","1","461994889719582720","","@Subnorbook el término igual no, pero que descienda él mismo de varias generaciones de apareamientos entre primos hermanos no lo descarto.","twitter.com/Rocigaot/status/461994889719582720"
"2/5/2014 0:19:05","","461993234194235394","","@Subnorbook  'Son genéticamente más débiles los mestizos'.Por eso las familias reales son tan de bodas entre primos,que dan resultados guays","twitter.com/Rocigaot/status/461993234194235394"
"1/5/2014 23:25:04","29","461979643923668992","31","Que se estudie a Lorca en el cole pero sin politizar, que su biografía y su obra estuvieron marcadas sobre todo por su afición a la petanca.","twitter.com/Rocigaot/status/461979643923668992"
"1/5/2014 18:39:14","1","461907710146256896","","@LumpenPerro los coaches cuentan como raza? Porque en ese caso, mira, aún lo puedo considerar...","twitter.com/Rocigaot/status/461907710146256896"
"1/5/2014 16:52:16","","461880790788620289","","@VictorMPozuelo yo aún descubrí esta semana lo que es el Tinder. Soy viejuna ya pa estas cosas.","twitter.com/Rocigaot/status/461880790788620289"
"1/5/2014 16:50:13","","461880276617273344","","@VictorMPozuelo tú eras el del móvil anterior a la época smartphone? Es que con la gente del twitter me hago un lío :P","twitter.com/Rocigaot/status/461880276617273344"
"1/5/2014 16:48:16","","461879785153921026","","@VictorMPozuelo tú no tenías whatsapp, no? porque lo suyo es mirar fecha de última conexión para comprobar si sigue vivo :P","twitter.com/Rocigaot/status/461879785153921026"
"1/5/2014 16:25:48","1","461874129155919873","","Varios autores que estudié en Lite Irlandesa murieron justo después de vacaciones de Semana Santa de 1916, que diría la editorial Anaya.","twitter.com/Rocigaot/status/461874129155919873"
"1/5/2014 12:59:11","","461822132767711232","","Ha empezado a hacer calor y he tenido que quitarme la parka con capucha.Cuando saca tve las tendencias primavera-verano de moda antisistema?","twitter.com/Rocigaot/status/461822132767711232"