"date","fav","id","rt","text","url"
"1/3/2014 0:26:20","","439542110350757888","","Ha pasado la poli local y ni se ha coscado. O ha pasado de ellos porque los críos  con petardos son jurisdicción de María Santísima.","twitter.com/Rocigaot/status/439542110350757888"
"1/3/2014 0:21:35","","439540918279225345","","@Marmota_Maligna les voy a decir que si se los meten encendidos por el culo se multiplican diez veces más, a ver si cuela.","twitter.com/Rocigaot/status/439540918279225345"
"1/3/2014 0:19:29","1","439540388253405185","","¿Pero cuántos petardos tienen los pequeños monstruitos estos, que llevan dos horas sin parar y aún no los han agotado?","twitter.com/Rocigaot/status/439540388253405185"
"28/2/2014 23:59:50","","439535441898139648","","Tengo a los niños tocahuevos de los petardos justo a la puerta. Estoy por tirarles un barreño de agua o algo.","twitter.com/Rocigaot/status/439535441898139648"
"28/2/2014 23:34:51","2","439529154598699008","","Eso sí, es un disfraz que no admite versión sexy. '¿De qué te disfrazas?' 'Voy de Miguel Ángel Rodríguez sexy'. No hay manera.","twitter.com/Rocigaot/status/439529154598699008"
"28/2/2014 23:33:13","1","439528744563539969","","La putada si es un disfraz de grupo es para el que le toque ir de Carromero, que la cabeza puede ser algo incordio en los bares, pero bueno.","twitter.com/Rocigaot/status/439528744563539969"
"28/2/2014 23:32:12","","439528489088454656","","Mola, te imprimes la careta del miembro del PP de turno, te cuelgas por ahí un volante de desguace o de juguete, agarras la botella,y listo!","twitter.com/Rocigaot/status/439528489088454656"
"28/2/2014 23:29:15","1","439527746600202240","1","Pues @Marmota_Maligna me ha inspirado para un disfraz guay:los autos locos del PP. Con Carromero, MAR, la edil que atropelló a una vieja...","twitter.com/Rocigaot/status/439527746600202240"
"28/2/2014 23:19:41","","439525340185395200","","@Marmota_Maligna a escala 1:1, quería decir.","twitter.com/Rocigaot/status/439525340185395200"
"28/2/2014 23:19:16","","439525235671699458","","@Marmota_Maligna iba a disfrazarme de Carromero, pero si hago la cabeza del disfraz a escala no entra en mi Clio :(","twitter.com/Rocigaot/status/439525235671699458"
"28/2/2014 23:17:11","","439524711702487040","","@Marmota_Maligna no me dés ideas, que me monto un disfraz de 'Farruquito Justiciero' en cero coma...","twitter.com/Rocigaot/status/439524711702487040"
"28/2/2014 23:15:53","","439524382776786944","","Y estoy en un sinvivir porque mi pobre coche está aparcado a medio camino entre los de la pelea y los niños tocahuevos de los petardos...","twitter.com/Rocigaot/status/439524382776786944"
"28/2/2014 23:07:43","","439522325814603776","","A ver, chungos del bar. Si os vais a hostiar, hostiaros ya y ahorradnos las dos horas de gritos y 'porque me están agarrando, eh'. Cansinos.","twitter.com/Rocigaot/status/439522325814603776"
"28/2/2014 23:05:43","2","439521824138076160","","Y aparte de los críos porculeros de los petardos,hay pelea en el bar de siempre. Noche completita, hoygan.","twitter.com/Rocigaot/status/439521824138076160"
"28/2/2014 22:39:50","","439515308815286272","","Pero qué ganas de ir a abortar retroactivamente a los críos que están tirando petardos en mi calle...  Herodes, qué incomprendido fuiste.","twitter.com/Rocigaot/status/439515308815286272"
"28/2/2014 21:39:56","","439500234214105088","","@Ika80Bcn @EnElAireAB entre risa y miedo, sí...","twitter.com/Rocigaot/status/439500234214105088"
"28/2/2014 21:12:26","","439493314195517440","","¿El video de Flos Mariae es ya lo suficientemente viral para poder hacer disfraz de ellas estos carnavales y que la gente lo pille?","twitter.com/Rocigaot/status/439493314195517440"
"28/2/2014 18:29:18","1","439452262826774529","1","@PotiPotiInLove @Tawil va a estar complicado: hay zonas por el área de la nuca donde ni los sherpas se aventuran...","twitter.com/Rocigaot/status/439452262826774529"
"28/2/2014 18:18:20","","439449500634345473","","@bestilheiro é tal, teñen un emporio de webs católicas, seica...","twitter.com/Rocigaot/status/439449500634345473"
"28/2/2014 18:00:39","","439445049840238592","","@bestilheiro voume rexistrar xa! fascíname a naturalidade que teñen os presentadores en todos os seus videos...","twitter.com/Rocigaot/status/439445049840238592"
"28/2/2014 17:53:40","","439443295148986369","","Si yo fuera el de Hermano Mayor admitiría que Coca Cola me paga por la publi. Que pensar que ese rollo fanboy es real da más penita aún.","twitter.com/Rocigaot/status/439443295148986369"
"28/2/2014 17:47:37","","439441772457263104","","@RubenGaldon se supone que es un donut con cosas por encima? aquí creo que aún estamos con la moda del cupcake.","twitter.com/Rocigaot/status/439441772457263104"
"28/2/2014 17:28:02","1","439436841906102272","1","@VIVAANTES é que cando a Cristo lle da polo feng-shui ponse pesadiño...","twitter.com/Rocigaot/status/439436841906102272"
"28/2/2014 15:42:02","","439410167831343104","","@SorSebastian ¿las de Flos Mariae? Son el híbrido entre la familia Phelps y Papá Levante...","twitter.com/Rocigaot/status/439410167831343104"
"28/2/2014 15:39:38","","439409564010954752","","Viendo lo del 'hermano mayor' y Coca Cola me reafirmo en mi promesa electoral de un gulag para coaches cuando domine el mundo.","twitter.com/Rocigaot/status/439409564010954752"
"28/2/2014 14:43:49","","439395515453935616","","@xoancastro habería que estudialo porque son sectores moi conectados, é coma a influencia do crack do ladrillo nos puticlubs...","twitter.com/Rocigaot/status/439395515453935616"
"28/2/2014 14:35:11","","439393342594772992","","@xoancastro esa era eu cando curraba en Xornal se tomaba menos de 4 cafés...","twitter.com/Rocigaot/status/439393342594772992"
"28/2/2014 14:00:59","","439384737984282625","","He recorrido la casa buscando el móvil que sonaba... desde el bolsillo de la bata que llevo puesta. 1café en toda la mañana no es bastante,","twitter.com/Rocigaot/status/439384737984282625"
"28/2/2014 11:29:57","1","439346730665250816","","@LatveriasDoom @randymeeks @ChuckDraug es que es un puntazo. Mario Casas sin camiseta,la publi cortando el climax, Loleskyler León... XD","twitter.com/Rocigaot/status/439346730665250816"
"28/2/2014 11:21:09","","439344515502333952","","@randymeeks @ChuckDraug @LatveriasDoom @Pancraciopelaez me lo pasaron hace unos meses y casi me desorino...","twitter.com/Rocigaot/status/439344515502333952"
"28/2/2014 11:19:20","1","439344058369318912","1","@randymeeks @ChuckDraug @LatveriasDoom Breaking Bad a la española ya se ha hecho! XD http://www.youtube.com/watch?v=5c8c2XhcYiE …","twitter.com/Rocigaot/status/439344058369318912"
"28/2/2014 1:01:15","","439188512521605120","","@Adroi_Bogui @El__Yayo no teníamos bastantes imágenes mentales chungas hoy con las spice girls ultracatólicas?","twitter.com/Rocigaot/status/439188512521605120"
"28/2/2014 1:00:31","","439188327896739840","","@PotiPotiInLove yo lo descubrí en FB de un ex compi de clase y acabamos unos cuantos en un bucle tremendo de ver los grandes hits del grupo","twitter.com/Rocigaot/status/439188327896739840"
"28/2/2014 0:56:04","","439187205119295489","","@Adroi_Bogui @PotiPotiInLove aquí sufrimos todos al descubrir esta maravilla. Y lo compartimos para no sufrir solos. :P","twitter.com/Rocigaot/status/439187205119295489"
"28/2/2014 0:54:12","","439186738217779200","","@PotiPotiInLove aunque es difícil escoger, creo que esa es mi favorita de sus canciones en solitario.","twitter.com/Rocigaot/status/439186738217779200"
"28/2/2014 0:53:35","","439186582902702080","","@Adroi_Bogui @PotiPotiInLove lo mejor es que son hermanos pero a ratos se tratan de usted para mantener la ficción de 'entrevista seria'.","twitter.com/Rocigaot/status/439186582902702080"
"28/2/2014 0:51:56","1","439186168589352960","","@mjdelrio @PotiPotiInLove @Adroi_Bogui @El__Yayo lo voy a poner en mi anuncio del Badoo católico:busco chico pa ligar,abortar y lo que surja","twitter.com/Rocigaot/status/439186168589352960"
"28/2/2014 0:50:48","","439185881061392385","","@mjdelrio @Adroi_Bogui @PotiPotiInLove @El__Yayo de Cataluña, creo, porque tenían por ahí una canción en catalán subtitulada en español.","twitter.com/Rocigaot/status/439185881061392385"
"28/2/2014 0:47:19","2","439185003633975296","1","@mjdelrio @Adroi_Bogui @PotiPotiInLove @El__Yayo pero tienen apartado de Badoo cristiano para buscar novio, igual me apunto y todo XD","twitter.com/Rocigaot/status/439185003633975296"
"28/2/2014 0:43:29","1","439184040605011968","","@mjdelrio @Adroi_Bogui @PotiPotiInLove @El__Yayo al parecer es una familia católica con 16 hijos que lleva esto: http://www.catholicosonline.com/quienes_somos/conocenos.html …","twitter.com/Rocigaot/status/439184040605011968"
"27/2/2014 21:18:15","","439132393157701633","","@El__Yayo son un poco rollo 'las vírgenes suicidas', pero aquí quien se acaba suicidando es el que ve sus videos... :","twitter.com/Rocigaot/status/439132393157701633"
"27/2/2014 21:07:24","","439129662724517889","","@DMarzal @XoseMorais @AntonioMaestre @quiquepeinado  la estoy viendo ahora! Hay que hacer un Change org para mandarlas a Eurovisión! XD","twitter.com/Rocigaot/status/439129662724517889"
"27/2/2014 21:02:56","1","439128536834908160","","@XoseMorais @AntonioMaestre @DMarzal @quiquepeinado lo de catolicos on line se ve que lo lleva esa familia en pleno! http://www.catholicosonline.com/quienes_somos/conocenos.html …","twitter.com/Rocigaot/status/439128536834908160"
"27/2/2014 20:49:20","","439125115906064384","","@XoseMorais son las spice girls cristianas XD","twitter.com/Rocigaot/status/439125115906064384"
"27/2/2014 20:47:39","1","439124691371171840","","@XoseMorais @AntonioMaestre Otra artistaza del mismo grupo. Estoy LLORANDO. https://www.youtube.com/watch?v=con4CgM5Rt0 …","twitter.com/Rocigaot/status/439124691371171840"
"27/2/2014 16:37:11","","439061659785494528","","@callaquenoveo pero.. pero... WTF???","twitter.com/Rocigaot/status/439061659785494528"
"27/2/2014 16:21:19","","439057667483385857","2","@LordoLordor porque hasta el 20/11/11 era todo culpa del malvado ZP. Pero ahora, si estamos en paro o nos desahucian,nos lo hemos buscado.","twitter.com/Rocigaot/status/439057667483385857"
"27/2/2014 16:12:31","","439055452408913920","1","@Marmota_Maligna asesor energético= timar viejas a puerta fría para subcontratas de las compañías eléctricas. #traductorofertaslaborales","twitter.com/Rocigaot/status/439055452408913920"
"26/2/2014 15:28:06","","438681885292908545","","@Marmota_Maligna si has tardado 31 años en enterarte,tan deforme no estará, mujer!","twitter.com/Rocigaot/status/438681885292908545"
"25/2/2014 14:11:16","1","438300163074183168","","Queridos modernos: llamarlas 'selfies' no hace vuestras autofotos más cools que las fototuenti de los canis de los que os reís. #denada","twitter.com/Rocigaot/status/438300163074183168"
"25/2/2014 13:41:11","1","438292589322973185","1","@ComandanteVimes @laguiri ¿vender humo lo bastante bien para colársela a alguien que se coma el marrón cuando estalle la burbuja de turno?","twitter.com/Rocigaot/status/438292589322973185"
"24/2/2014 23:39:41","","438080820352647169","","Tuvimos un boom de ventas después de que sacaras en la tele lo del ratón muerto de nuestro lavaplatos. #chicotequefuede","twitter.com/Rocigaot/status/438080820352647169"
"24/2/2014 22:04:03","2","438056753532796928","3","¿Y en qué departamento policial curra María Santísima? Siendo virgen, estará en antivicio, ¿no? #nomepeguéis","twitter.com/Rocigaot/status/438056753532796928"
"24/2/2014 21:51:54","","438053695650295808","","Apatrullando la ciudá, apatrullando la ciudá, con mi manto y con mi aureola, apatrullo la ciudá...","twitter.com/Rocigaot/status/438053695650295808"
"24/2/2014 21:51:00","","438053470642655232","1","@medicblasto igual fue la que se le apareció en Las Vegas a Fernández Díaz, yo ahí veo amiguismo...","twitter.com/Rocigaot/status/438053470642655232"
"24/2/2014 21:47:07","","438052492602261504","","Ojalá una peli de esas de parejas de polis opuestos entre sí con Torrente y María Santísima.","twitter.com/Rocigaot/status/438052492602261504"
"24/2/2014 21:24:40","","438046843004792832","","Si el Gobierno va a seguir condecorando vírgenes, podía darle una medallita también al Flying Spaghetti Monster, para compensar.","twitter.com/Rocigaot/status/438046843004792832"
"24/2/2014 15:34:27","","437958708933697536","","@sil_loh aquí en verano el look marinero nos ayuda a identificar a los turistas de secano. Madrileños, principalmente :D","twitter.com/Rocigaot/status/437958708933697536"
"21/2/2014 10:53:43","","436800894576111616","","Al final mi vecino de asiento se ha cambiado ahora. Leería mis tweets cagándome en él y en su mochila?","twitter.com/Rocigaot/status/436800894576111616"
"21/2/2014 8:53:11","","436770563689021440","","Si es que no solo va espatarrado,encima ha plantado la mochila,no sea que me deje algo de sitio. A esta peña la criaron los lobos?","twitter.com/Rocigaot/status/436770563689021440"
"21/2/2014 8:50:57","","436769998653374464","","@Eleder_ me cambiare en la proxima,q va el bus en marcha y estoy arrinconada en la ventana..","twitter.com/Rocigaot/status/436769998653374464"
"21/2/2014 8:48:02","1","436769264616620032","","El bus casi vacío y me sientan a un fulano al lado. Seis horas encogida pa que quepan él y su mochila. Gracias, alsa.","twitter.com/Rocigaot/status/436769264616620032"
"21/2/2014 7:47:28","","436754023333773312","","Por favor diosito,que no se suban a mi bus los que están poniendo reaggetón en el móvil para toda la estación. Graciasdeantebrazo.","twitter.com/Rocigaot/status/436754023333773312"
"21/2/2014 0:25:50","","436642883098382336","","@xoancastro pero foi en nada, que fai dos anos pasei dúas semanas en Dublín en inverno con equipaxe de man de aeroliña lowcost...","twitter.com/Rocigaot/status/436642883098382336"
"21/2/2014 0:18:43","","436641092029915136","","¿Cómo me he convertido en una persona que necesita llevar la maleta cuando se va de viaje de fin de semana? ¡Antes con una mochila apañaba!","twitter.com/Rocigaot/status/436641092029915136"
"20/2/2014 19:45:35","1","436572355209732097","","Buscando el cargador de la cámara he encontrado una agenda telefónica de cuando tenía 13 ó 14 años. De la Super Pop. #todostenemosunpasado","twitter.com/Rocigaot/status/436572355209732097"
"20/2/2014 18:31:03","","436553597745377280","","@DavidLombao a da esquerda de todo dame medo. Máis medo aínda, quero dicir.","twitter.com/Rocigaot/status/436553597745377280"
"19/2/2014 17:09:25","","436170666211946496","","@VictorMPozuelo sospecho que no #spoiler","twitter.com/Rocigaot/status/436170666211946496"
"19/2/2014 17:07:43","","436170238376153088","","@VictorMPozuelo hay un chiste con este tweet y las fotos de Espe y de Mariano con las Google Glass, pero no sé si quiero darle forma :P","twitter.com/Rocigaot/status/436170238376153088"
"19/2/2014 16:12:00","2","436156218231377920","1","@ComandanteVimes @ilse0001 @itobesur @PotiPotiInLove @PelirrojaEnfure hala, unas bolas chinas de fetitos! XD","twitter.com/Rocigaot/status/436156218231377920"
"19/2/2014 15:59:42","1","436153124193972225","","@El__Yayo hasta voy a agradecer a Capriles & CIA que los tengan entretenidos con esto, que si no igual estaban cantando...","twitter.com/Rocigaot/status/436153124193972225"
"19/2/2014 15:32:13","","436146205194604544","","@Adroi_Bogui @ComandanteVimes @PotiPotiInLove si nos damos vidilla la sacamos a tiempo para ser canción del verano! XD","twitter.com/Rocigaot/status/436146205194604544"
"19/2/2014 15:22:09","1","436143671813996544","","@ComandanteVimes @PotiPotiInLove Me lo estoy imaginando a lo canción de King Africa: 'Tragozarrrrrrrrrrrrrrrr!'","twitter.com/Rocigaot/status/436143671813996544"
"19/2/2014 15:17:39","2","436142540069154817","","@TallulahBeesley @ComandanteVimes ¡Empréndela a hostias!","twitter.com/Rocigaot/status/436142540069154817"
"19/2/2014 14:29:13","","436130353980252160","","@PixelRobot estoy por hacer un reportaje sobre una terapia alternativa inventada por mí y vendérsela a la revista esa, a ver si cuela. XD","twitter.com/Rocigaot/status/436130353980252160"
"19/2/2014 14:22:30","","436128660542607360","","@PixelRobot ¡oye, que si una revista 'científica' que explica que el ajo cura el cáncer dice que los chemtrails son malos, eso va a  misa!","twitter.com/Rocigaot/status/436128660542607360"
"19/2/2014 13:53:01","3","436121240860782592","","He caído en el error de leer comentarios de una noticia en prensa digital y ahora estoy escuchando 'Pueblos del mundo, extinguíos' en bucle.","twitter.com/Rocigaot/status/436121240860782592"
"19/2/2014 13:29:04","","436115213973061633","","@callaquenoveo Bueno, y Arancha del Sol, para cubrir la cuota de retorno a los 90...","twitter.com/Rocigaot/status/436115213973061633"
"19/2/2014 12:58:45","","436107583472930816","","@callaquenoveo será para ir acordes con la calidad de la serie... (Joder, ¿Roser sigue existiendo como personaje farandulero? ¿En 2014?)","twitter.com/Rocigaot/status/436107583472930816"
"19/2/2014 1:42:38","","435937434493136897","","@casiesceptika @Tawil show must go on!","twitter.com/Rocigaot/status/435937434493136897"
"18/2/2014 22:27:46","2","435888393847701504","","@kalevorroka ese master pódeche abrir moitas portas: se usas o diploma coma se fose unha radiografía pra forzar a cerradura, claro.","twitter.com/Rocigaot/status/435888393847701504"
"18/2/2014 20:27:35","","435858152047640576","4","@El__Yayo Creo que Carromero se ha ofrecido a ir de ruta en coche por Venezuela con Capriles y él le ha dicho que ya luego si eso. XD","twitter.com/Rocigaot/status/435858152047640576"
"18/2/2014 16:49:16","1","435803208963727360","1","¿Nadie ha creado aún la versión española de @YesYoureRacist ? Porque materia prima nos sobra!","twitter.com/Rocigaot/status/435803208963727360"
"18/2/2014 16:15:47","","435794782552461312","","@PotiPotiInLove @ComandanteVimes @TallulahBeesley Soy muy fan del concepto 'tragozar'. Puede ser el nuevo 'pitufar'.","twitter.com/Rocigaot/status/435794782552461312"
"18/2/2014 16:12:52","1","435794048851275777","1","@ComandanteVimes @PotiPotiInLove @TallulahBeesley al final me lo tirarán abajo, como mi proyecto del Linkedin para buscar sicarios. :(","twitter.com/Rocigaot/status/435794048851275777"
"18/2/2014 16:10:47","4","435793524882038785","3","@ComandanteVimes @TallulahBeesley Quiero montar un gulag para expertos en coaching.Y encerrarlos al grito de 'mirad cómo emprendo,cabrones!'","twitter.com/Rocigaot/status/435793524882038785"
"18/2/2014 15:05:45","","435777159223713793","1","@Tabernita @ComandanteVimes bueno, da tiempo a que monten un par de juergas, Marichalar sufra otro marichalazo y Cris le releve del cargo!","twitter.com/Rocigaot/status/435777159223713793"
"18/2/2014 15:00:09","","435775746972188672","1","@ComandanteVimes Una monarquía con Froilán rey y Cris 'no sé nada' de regente molaría incluso más que una con Froilán y Marichalar! :P","twitter.com/Rocigaot/status/435775746972188672"
"18/2/2014 14:48:55","","435772921798066177","","@ComandanteVimes muero XD. Oye, y si Marichalar sufre otro jamacuco siendo Froilán rey menor de edad, ¿podría ser regente tita Cris?","twitter.com/Rocigaot/status/435772921798066177"
"18/2/2014 0:53:31","1","435562687171289089","","@undivaga y 'estár más en forma'. Bien grande en la home. Mucho pedir bilingües, pero con alguien que supiera castellano ya ganaban...","twitter.com/Rocigaot/status/435562687171289089"
"18/2/2014 0:49:00","1","435561548975599616","1","@undivaga el becario bilingüe tendrá la ocasión de aprender a las órdenes de un fulano que no sabe poner las tildes. Grandioso todo.","twitter.com/Rocigaot/status/435561548975599616"
"17/2/2014 23:50:03","","435546713068019712","","@dmartingu @sil_loh @InfoJobs @fape_fape 'serás parte en un emprendimiento social'. ¿WTF?","twitter.com/Rocigaot/status/435546713068019712"
"17/2/2014 23:30:31","","435541798904033280","","@RubenGaldon yo recurriría directamente al encantador de perros...","twitter.com/Rocigaot/status/435541798904033280"
"17/2/2014 23:20:51","","435539366799085568","","Al final he tenido que quitar lo de B&B. Es que sólo a mí se me ocurre ponerme a verlo sin tener alcohol a mano.","twitter.com/Rocigaot/status/435539366799085568"
"17/2/2014 22:58:13","","435533668266700800","","Entonces, ¿en la revista esa están todos emparentados entre sí? #ByB","twitter.com/Rocigaot/status/435533668266700800"
"17/2/2014 22:56:32","","435533245027856384","","Luisa Martín, en un nuevo desafío interpretativo, hace de la asistenta en la serie de periodistas de Tele5. Esta vez, SIN acento andaluz.","twitter.com/Rocigaot/status/435533245027856384"
"17/2/2014 22:45:00","","435530342783397888","","@RubenGaldon en #ladeperiodistas resulta que los protas,que tendrán que currar juntos,HABÍAN SIDO NOVIOS. Inesperado giro argumental.","twitter.com/Rocigaot/status/435530342783397888"
"17/2/2014 22:30:09","","435526606774214656","","@deploreibol yo en Inditex suelo pillar la M así de media, y unas veces caben 2 como yo, y otras casi tienen que excarcelarme los bomberos.","twitter.com/Rocigaot/status/435526606774214656"
"17/2/2014 22:19:39","","435523963003731969","","@RubenGaldon no sé de qué va Velvet, pero sospecho que la de periodistas puede ser un descojone muy grande...","twitter.com/Rocigaot/status/435523963003731969"
"17/2/2014 22:07:58","","435521024730206208","","El otro día me quedé atrapada en un jersey talla M, hoy me he llevado uno de la S porque no había XS. Inditex y su loquísimo tallaje.","twitter.com/Rocigaot/status/435521024730206208"
"17/2/2014 16:25:55","","435434943888388097","","Los de Google Street han pillado a @PotiPotiInLove ! https://twitter.com/GoogIeStreets/status/435433456990830592/photo/1/large …","twitter.com/Rocigaot/status/435434943888388097"
"17/2/2014 15:54:11","1","435426960286560256","","@The_Morwen a mí esa opción me ha salvado de acabar montando un Puerto Hurraco, fijo.","twitter.com/Rocigaot/status/435426960286560256"
"17/2/2014 15:47:31","","435425281336033281","","@PotiPotiInLove 'Hay poca cultura del despido'. Ya se nota, sí.","twitter.com/Rocigaot/status/435425281336033281"
"17/2/2014 13:59:45","1","435398162312753152","","@Cascarelo eu entre o do tempo e o de que Mari Cielo Pajares se metera a escritora non descarto a apocalipse, non te creas.","twitter.com/Rocigaot/status/435398162312753152"
"16/2/2014 19:58:07","","435125957188255744","","Aunque no debería avisar, que es divertido ver si a alguien le cuelan el desembarco de Normandía como una revuelta venezolana en 2014...","twitter.com/Rocigaot/status/435125957188255744"
"16/2/2014 19:54:57","","435125162359263233","1","En serio, arrastrar una foto a la ventana de Google Imágenes y ver dónde ha salido antes os librará de tragaros muuuchos fakes.","twitter.com/Rocigaot/status/435125162359263233"
"16/2/2014 19:47:52","1","435123378630819840","4","@medicblasto @Tawil a este manifestante lo han matado los antidisturbios chavistas!pic.twitter.com/C0ziFcU3y9","twitter.com/Rocigaot/status/435123378630819840"
"16/2/2014 13:20:56","1","435026003757236224","","@mjdelrio @El__Yayo @R4v3NStark @medicblasto el desayuno de los campeones!","twitter.com/Rocigaot/status/435026003757236224"
"16/2/2014 0:30:08","","434832024243675136","","@PotiPotiInLove ¿malvadas feminazis que abortan contra el deseo del padre y se comen el feto en escabeche?","twitter.com/Rocigaot/status/434832024243675136"
"15/2/2014 18:45:30","","434745295507693569","","Bueno, mientras no hayan vetado Cthulhu... http://www.elperiodico.com/es/noticias/internacional/estado-mexicano-sonora-prohibe-ley-padres-llamen-hijos-hitler-escroto-twitter-harry-potter-3104409 …","twitter.com/Rocigaot/status/434745295507693569"
"15/2/2014 18:28:50","1","434741100142555136","2","@mjdelrio la virgen del pilar dice que bien pensado sí que quiere ser francesa, que en España hay mucho freak.","twitter.com/Rocigaot/status/434741100142555136"
"15/2/2014 0:59:25","","434477006202232832","","@medicblasto Creo que he despertado a los vecinos de la carcajada que acabo de soltar. XD","twitter.com/Rocigaot/status/434477006202232832"
"14/2/2014 23:56:29","","434461169860882432","","Cuando empiezan con la cantinela de 'rojos pero con iPhone' me pregunto si es que los Nokia los fabrica una cooperativa de comercio justo.","twitter.com/Rocigaot/status/434461169860882432"
"14/2/2014 23:26:05","","434453518091436032","1","@OzoPerozo @YofuiaEGB poniendo una foto del sol y un 'dale a like si recuerdas qué es esto'.","twitter.com/Rocigaot/status/434453518091436032"
"14/2/2014 19:33:22","","434394955478351872","","En serio, el post de la Carbonero sobre la muerte de Mandela era un relato de Nadine Gordimer comparado con lo de Cósima.","twitter.com/Rocigaot/status/434394955478351872"
"14/2/2014 19:21:56","1","434392076155756544","","@javisalas te odio por descubrirme esto. Si mañana encuentran mi cadáver ante el ordenador sabed que morí de vergüenza ajena.","twitter.com/Rocigaot/status/434392076155756544"
"14/2/2014 19:17:39","","434390997456269312","","El blog de Cósima me hace descubrir nuevos horizontes de vergüencita ajena. Y eso que sólo lleva dos posts.","twitter.com/Rocigaot/status/434390997456269312"
"14/2/2014 18:31:39","1","434379420850085889","","@kirovast Me acabas de recordar esta tira de Mafalda y Susanita...pic.twitter.com/r0J7A9unuO","twitter.com/Rocigaot/status/434379420850085889"
"14/2/2014 17:18:06","1","434360914897166336","","@OzoPerozo ¿Ese en qué Consejo de Ministros se lo cargaron? :P","twitter.com/Rocigaot/status/434360914897166336"
"14/2/2014 17:00:32","","434356492934737921","","@Marmota_Maligna normalmente diría que no porque mucho calor me agobia, pero una temporadita, hasta que se me vaya el musgo, acepto...","twitter.com/Rocigaot/status/434356492934737921"
"14/2/2014 16:57:11","","434355651322462208","","Si me queréis, irse a hacerme la compra, que me da perecita vestirme e ir al super con este tiempo. (Y paso de pagar el envío a domicilio).","twitter.com/Rocigaot/status/434355651322462208"
"14/2/2014 13:22:43","1","434301675386310657","","@El__Yayo a mí una vez me intentaron empaquetar a un legionario. ¡Supera eso! XD","twitter.com/Rocigaot/status/434301675386310657"
"14/2/2014 12:35:48","","434289872073801729","","¿Han empezado ya los hipsters a celebrar San Valentín irónicamente porque odiarlo se ha vuelto muy mainstream?","twitter.com/Rocigaot/status/434289872073801729"
"14/2/2014 11:03:42","","434266693540397056","","Tumblr no, búsqueda de gifs de tumblr, pero pal caso...","twitter.com/Rocigaot/status/434266693540397056"
"14/2/2014 10:59:43","","434265689210109952","","A los que, como yo, tengáis poca tolerancia a moñeces y cursilerías, igual este tumblr os resulta útil hoy. #denada  http://www.tumblr.com/tagged/puke-rainbows …","twitter.com/Rocigaot/status/434265689210109952"
"13/2/2014 20:46:52","","434051062979244032","","@mvizaguirre @Albertoenserie vista a sinopse e o extracto que sae na web, ten pintaza de ser unha xoia...","twitter.com/Rocigaot/status/434051062979244032"
"13/2/2014 17:04:26","","433995087232512000","","@Cascarelo @VIVAANTES Intereconolievers.","twitter.com/Rocigaot/status/433995087232512000"
"13/2/2014 16:26:36","","433985566850297856","","@El__Yayo @Adroi_Bogui lo mejor es que luego subo cosas de estas y todo dios le da a 'me gusta'...pic.twitter.com/rdv7Z6k2M6","twitter.com/Rocigaot/status/433985566850297856"
"13/2/2014 16:24:41","2","433985083096064000","2",". @rsazafatas una amiga busca vestido de novia. No pagaría,pero le daría mucha visibilidad entre sus invitados.Igual 1de vuestro desfile...","twitter.com/Rocigaot/status/433985083096064000"
"13/2/2014 16:22:13","1","433984461340811264","2","@Adroi_Bogui @El__Yayo pones una frase con un tópico que suene a indignado en 1cartelito y es viral en FB así lo firme el Dr Menguele.","twitter.com/Rocigaot/status/433984461340811264"
"13/2/2014 16:12:03","","433981902978961409","1","@Adroi_Bogui @El__Yayo sííí, en mi FB lo está compartiendo mucha gente que se considera de izquierdas y creo que no sabe quién es Rand...","twitter.com/Rocigaot/status/433981902978961409"
"13/2/2014 15:14:43","","433967473591721985","1","@medicblasto ¿pero cierra de verdad, o es lo del cambio de canales ese en el que se pasaba al lugar de la MTV y Real Madrid TV al suyo?","twitter.com/Rocigaot/status/433967473591721985"
"13/2/2014 12:49:00","","433930806071816192","","@MariCalpi yo he tenido jefes que se ofendían si un potencial empleado preguntaba por el sueldo porque 'es que sólo les importa el dinero'.","twitter.com/Rocigaot/status/433930806071816192"
"13/2/2014 12:30:01","","433926026423328768","","@MariCalpi es como lo de 'tenéis que sentir los colores' que nos decía un jefecillo...","twitter.com/Rocigaot/status/433926026423328768"
"13/2/2014 12:26:37","","433925169732542464","","@MariCalpi 'Ilusión por formar parte de un proyecto estable en el que es imprescindible implicarse'. Ganas de matar aumentando,aumentando...","twitter.com/Rocigaot/status/433925169732542464"
"12/2/2014 21:58:22","1","433706668472295424","","@El__Yayo da gracias a que fuiste adolescente pre-Internet. Imagina que aún rulara por ahí tu canal youtube adolescente tocando Clavelitos!","twitter.com/Rocigaot/status/433706668472295424"
"12/2/2014 21:49:44","2","433704498188390400","","@mvizaguirre @kalevorroka @complejodewendy hoxe? e que fai Google adicando o seu doodle á Campoamor en vez de conmemorar tal efeméride?","twitter.com/Rocigaot/status/433704498188390400"
"12/2/2014 15:45:26","","433612815492861952","1","@VictorMPozuelo no te cierres puertas, que a ver si te vetan por culpa de twitter y te vas a quedar sin colaboración pagada en visibilidad..","twitter.com/Rocigaot/status/433612815492861952"
"12/2/2014 15:43:16","1","433612273421004801","","Joder, he visto 'cebolla' en los TT y pensé que había empezado la guerra mundial que romperá twitter sobre la tortilla con o sin...","twitter.com/Rocigaot/status/433612273421004801"
"12/2/2014 15:12:57","1","433604641473830912","","@missultrasonica @MargaretCastor yo un día creí ver a un ex en twitter con un avatar de NNGG. Falsa alarma, pero aún me dura el susto.","twitter.com/Rocigaot/status/433604641473830912"
"12/2/2014 1:57:02","","433404343564238848","","A los méritos de los Monty Python hay que añadir el de haber profetizado Twitter con 'La vida de Brian'.","twitter.com/Rocigaot/status/433404343564238848"
"11/2/2014 22:28:21","","433351827422056449","","@El__Yayo no, si ya digo que por principios no, pero como estrategia de cara a las próximas elecciones sí que vi viable algún voto en contra","twitter.com/Rocigaot/status/433351827422056449"
"11/2/2014 22:24:46","","433350927202787328","","@El__Yayo yo pensé que habría algún 'voto rebelde' para tener a quien vendernos como opción moderada en 2015. Por principios ni de coña.","twitter.com/Rocigaot/status/433350927202787328"
"11/2/2014 22:22:49","","433350435894591488","","Y no se me ocurre nada más que decir sobre este tema. Bueno se me ocurren muchas cosas, pero por todas me podrían denunciar, creo.","twitter.com/Rocigaot/status/433350435894591488"
"11/2/2014 22:14:30","6","433348340365815808","8","Al final todo el PP ha votado lo mismo. Al menos nos queda bien clarito,por si en elecciones pretenden vendernos a algún moderado de centro.","twitter.com/Rocigaot/status/433348340365815808"
"11/2/2014 21:34:51","2","433338362980622336","","@kalevorroka que me dis? é un ximnasio pra princesas traviesas?","twitter.com/Rocigaot/status/433338362980622336"
"11/2/2014 21:32:02","1","433337656341057536","","@kalevorroka pero podes baixar os podcasts e metelos no mp3 pra oílos no ximnasio...","twitter.com/Rocigaot/status/433337656341057536"
"11/2/2014 14:43:22","","433234808857042944","","@mjdelrio vistas las fotos, casi venía mejor lo del trineo!","twitter.com/Rocigaot/status/433234808857042944"
"11/2/2014 14:31:33","","433231838291558400","","@mjdelrio vas en coche o en trineo tirado por perros esquimales?","twitter.com/Rocigaot/status/433231838291558400"
"11/2/2014 14:25:23","","433230285061107712","","@deploreibol no es mala idea. Voy a buscar a mi ex jefe el que en 2004 no conocía aún Google, que a ese le colamos lo que sea...","twitter.com/Rocigaot/status/433230285061107712"
"11/2/2014 14:18:49","","433228632123658243","","@deploreibol yo en su día fui la experta por pasar archivos de la grabadora digital al PC (un complejo proceso que incluía un cable USB).","twitter.com/Rocigaot/status/433228632123658243"
"10/2/2014 23:10:30","","433000046900953088","","@ilse0001 sí, antes las de número grande lo teníais peor, ahora creo que lo tenemos más chungo las de pie enano...","twitter.com/Rocigaot/status/433000046900953088"
"10/2/2014 23:04:05","","432998433079566336","","@ilse0001 es un coñazo del 15, tengo una boda en abril y me veo yendo en vestidito y con las botas moteras...","twitter.com/Rocigaot/status/432998433079566336"
"10/2/2014 23:00:09","","432997440132624384","","@ilse0001 sí, supuestamente llevo el 35, pero cada vez me pasa más cuando voy a zapaterías que todos los que me pruebo me bailan :(","twitter.com/Rocigaot/status/432997440132624384"
"10/2/2014 22:30:05","","432989876732964864","","¿Es cosa mía o los zapatos tallan enorme últimamente?En algunas marcas necesitaría la 34, como antes del cambio al tallaje europeo...","twitter.com/Rocigaot/status/432989876732964864"
"10/2/2014 22:21:25","","432987694512087040","","@Marmota_Maligna y la miniserie 'Felipe y Mariló' sería incluso mejor que 'Felipe y Letizia'.","twitter.com/Rocigaot/status/432987694512087040"
"10/2/2014 22:15:50","1","432986288367493120","","@Marmota_Maligna Felipe se casó con la periodista equivocada: tener a Mariló de princesa de Asturias sería un LOL tras otro.","twitter.com/Rocigaot/status/432986288367493120"
"10/2/2014 20:45:52","4","432963649913626624","11","Visto o seu lío co Miño e o Nilo, esperade a que Mariló Montero descubra que en Boiro hai un lugar chamado Exipto.","twitter.com/Rocigaot/status/432963649913626624"
"10/2/2014 20:40:29","1","432962293123391488","","@_Sprocket_ @ComandanteVimes @M4ryu54m4 y si ya tienes novio del insti,sirve para estar en el campus con él y evitar que te lo roben, claro.","twitter.com/Rocigaot/status/432962293123391488"
"10/2/2014 16:55:36","","432905701292118016","","@alitecarlito y en cuanto llegaran les dirían: 'vosotros muy rojos pero bien que os pagáis un máster'. Lo veo.","twitter.com/Rocigaot/status/432905701292118016"
"10/2/2014 16:49:42","","432904214147112960","","La verdad es entiendo a la chica del gif que aplaudía sin ganas en los Goya: pasar ese coñazo sin twitter tuvo que ser la muerte en bolsitas","twitter.com/Rocigaot/status/432904214147112960"
"10/2/2014 15:41:02","","432886934961016832","","@DavidLombao @telediario_tve o vencedor será o primeiro en marcarse un 'Puerto del Sonido', supoño...","twitter.com/Rocigaot/status/432886934961016832"
"10/2/2014 15:37:46","1","432886111610736640","","@repollo_ te lo robo, que sé que le voy a dar mucho uso en discusiones de Facebook...","twitter.com/Rocigaot/status/432886111610736640"
"10/2/2014 14:42:42","1","432872254020399105","","Un Change .org para que vuelva Muchachada Nui y haga un Celebrities de Mariló Montero. Aunque sería difícil superar a la original.","twitter.com/Rocigaot/status/432872254020399105"
"10/2/2014 13:13:49","","432849885990117376","","Spotify, creí que a estas alturas de nuestra relación me conocerías lo bastante como para no sugerirme escuchar a Kiko Rivera.","twitter.com/Rocigaot/status/432849885990117376"
"10/2/2014 1:19:11","","432670044732932096","","@CaminoAna é que tiñan o número musical preparado dende a festa de fin de curso de 5º de Primaria, e había que aproveitalo...","twitter.com/Rocigaot/status/432670044732932096"
"10/2/2014 0:46:13","1","432661747950817280","","Me da pena haberme perdido a David Trueba, pero tras el numerito musical era quitar la gala o sacarme los ojos y clavarme algo en los oídos","twitter.com/Rocigaot/status/432661747950817280"
"10/2/2014 0:42:02","","432660694073217025","","@natxox aparte de que igual Penélope tenía también algo que opinar sobre el parto, que juraría que ella también es parte implicada..","twitter.com/Rocigaot/status/432660694073217025"
"9/2/2014 23:16:02","","432639049359036416","","Igual Wert se escaqueó de la gala porque se vio venir el número musical, y nosotros aquí poniéndolo podre.","twitter.com/Rocigaot/status/432639049359036416"
"9/2/2014 23:14:15","","432638601952632832","","Había cambiado de cadena,vuelvo a poner los Goya y pillo numerito musical. ¿Por qué se empeñan en hacerlos si siempre dan vergüencita ajena?","twitter.com/Rocigaot/status/432638601952632832"
"9/2/2014 22:06:58","","432621668163268608","","@kalevorroka a pena é limpar esa parte: se todo tivera roña por igual podía parecer que estaba limpo e que a da roña era a súa cor orixinal.","twitter.com/Rocigaot/status/432621668163268608"
"9/2/2014 21:59:52","","432619882014715904","","@kalevorroka as bañeiras hai que fregalas?? non se van lavando co xel e o champú que cae mentres te duchas????","twitter.com/Rocigaot/status/432619882014715904"
"9/2/2014 21:31:06","2","432612641723256833","","@TaboadaLucia pues mira, sería la primera vez que Mariló hiciera una pregunta pertinente...","twitter.com/Rocigaot/status/432612641723256833"
"9/2/2014 20:31:14","","432597578064986112","","Supongo que los flashes serán los que hacen que posen con cara de ciervo paralizado por las luces largas. O eso o van ya pedo. #PremiosGoya","twitter.com/Rocigaot/status/432597578064986112"
"9/2/2014 20:11:03","","432592497840107520","","¿Quiénes son los que van de Helena Bonham-Carter y Tim Burton de marca blanca? #misojos #alfombraroja","twitter.com/Rocigaot/status/432592497840107520"
"8/2/2014 19:49:18","","432224638181978112","","@CoMidon e por doce euriños, até lles deixo levarse o vaso de Nocilla de souvenir, pra usalo tamén en casa irónicamente.","twitter.com/Rocigaot/status/432224638181978112"
"8/2/2014 19:15:28","","432216121345716225","","@VictorMPozuelo no puede ser! XD Dime que al menos era en tu ciudad y no viajaste ni reservaste hotel!","twitter.com/Rocigaot/status/432216121345716225"
"8/2/2014 18:57:07","","432211503484510208","","Ajuste de cuentas en la mafia de los hombres-bolsa...pic.twitter.com/vGvfx2yPIc","twitter.com/Rocigaot/status/432211503484510208"
"8/2/2014 18:21:30","9","432202542185861120","24","La Infanta ha usado lo que en Derecho se conoce como la Defensa Bryan Adams: 'Everything I do, I do it for you.'","twitter.com/Rocigaot/status/432202542185861120"
"8/2/2014 18:16:59","","432201406104092672","","¿Se ha arrancado ya la Infanta a cantar 'I would do anything for love' en plena declaración, a lo capítulo de Ally McBeal?","twitter.com/Rocigaot/status/432201406104092672"
"8/2/2014 17:46:23","","432193706188214272","1","@medicblasto 'Fue el primo Froilán, en la sala VIP de la Joy Eslava, con un pincho moruno'.","twitter.com/Rocigaot/status/432193706188214272"
"8/2/2014 16:36:31","","432176123103821825","","@nebulina pero luego contestas a las ofertas para 'liberador de almas' de Infojobs y todas te piden tener un par de años de experiencia :P","twitter.com/Rocigaot/status/432176123103821825"
"8/2/2014 15:12:02","1","432154861811937281","","@shakesphobic @PotiPotiInLove pero las de mi clase hacían guateques con los de Dominicos y Salesianos. Sí, guateques. En los años 90, sí.","twitter.com/Rocigaot/status/432154861811937281"
"8/2/2014 15:09:03","","432154110456893441","","@VIVAANTES debería rexistrala antes de que alguén ma roube, que logo lúcranse outros cos meus plans de #emprendemento","twitter.com/Rocigaot/status/432154110456893441"
"8/2/2014 15:08:31","","432153975010234368","","@PotiPotiInLove @shakesphobic yo hasta tuve clase sólo de niñas. El pack 'Cuéntame' completo. XD","twitter.com/Rocigaot/status/432153975010234368"
"8/2/2014 15:06:15","4","432153403272073219","1","@VIVAANTES vou montar un 'bar de vellos' irónico para hipsters. Con serrín no chan, calendario de taller mecánico e solysombras a dez euros.","twitter.com/Rocigaot/status/432153403272073219"
"8/2/2014 14:11:25","","432139607795183617","","'Que el servicio doméstico estaba contratado por Aizoon? Ni idea, señoría, yo pensaba que eran súdbitos rindiéndonos vasallaje'.","twitter.com/Rocigaot/status/432139607795183617"
"8/2/2014 14:01:17","1","432137054823006209","1","Muy sobrevalorados están los másters en USA, que la Infanta hizo uno y al parecer casi firmaba con la huella dactilar lo que decía Iñaki.","twitter.com/Rocigaot/status/432137054823006209"
"8/2/2014 13:55:57","","432135712855445505","","@Irreductible yo a veces me levanto y está toda la casa ordenada, señoría, pero creía que es que tenía polstersgeists muy majos.","twitter.com/Rocigaot/status/432135712855445505"
"8/2/2014 13:48:03","1","432133727104163840","","@shakesphobic @PotiPotiInLove yo también conocí 1ºla cutre de misa. Era un hit comparable a la versión de misa del 'Blowin' in the wind'.","twitter.com/Rocigaot/status/432133727104163840"
"7/2/2014 14:39:44","","431784344265310208","","@asuarezg igual te dan un palo para chupar cuando te dé el ansia de comer...","twitter.com/Rocigaot/status/431784344265310208"
"7/2/2014 12:16:44","1","431748356532998144","","@SalidaPorLaIzq @El__Yayo @Adroi_Bogui es horrible, yo una vez vi 1/2hora de Disney Channel y casi me caso con una señora de Albacete.","twitter.com/Rocigaot/status/431748356532998144"
"7/2/2014 11:42:01","","431739621899137024","","@SalidaPorLaIzq @El__Yayo @Adroi_Bogui ¿los homosexualizadores son gente que tiene un rayo homosexualizador para volver a la gente gay?","twitter.com/Rocigaot/status/431739621899137024"
"6/2/2014 23:26:33","","431554535278903296","","@VictorMPozuelo @kalevorroka si lo sé te pido que me mangues alguno,que la biblio de mi centro de la uned no está muy surtida en Filo! XD","twitter.com/Rocigaot/status/431554535278903296"
"6/2/2014 23:08:38","","431550023822618624","","@VictorMPozuelo ya,yo pocas veces he salido por allí, pero cuando lo he hecho me han dado ganas de ir con la petaca en el bolso...","twitter.com/Rocigaot/status/431550023822618624"
"6/2/2014 22:59:24","","431547702376030208","","@VictorMPozuelo Juas! Aunque sabiendo lo que es, sigo viéndolo carillo, si es de kalimotxo...","twitter.com/Rocigaot/status/431547702376030208"
"6/2/2014 22:51:36","","431545739194269696","","@VictorMPozuelo es mejor 1amiga madrileña que pidió1mini en Sevilla. Le pusieron 1chupito de kalimotxo porque 'es el vaso +mini que tenemos'","twitter.com/Rocigaot/status/431545739194269696"
"6/2/2014 22:47:04","","431544595889917952","","@VictorMPozuelo yo lo de 'macetas' se lo oí por 1ªvez a unas extremeñas de mi residencia cuando me fui a Salamanca. Aquí son litros.","twitter.com/Rocigaot/status/431544595889917952"
"6/2/2014 16:40:15","","431452286351851520","","1/2hora para el oral de japo. O sufro una posesión demoníaca de las de ponerte a hablar en otras lenguas, o voy a suspender a lo grande.","twitter.com/Rocigaot/status/431452286351851520"
"6/2/2014 15:37:58","7","431436613285969920","10","Pues sí envejecen bien los discos de Alejandro Sanz: Me parecen igual de mierda ahora que cuando se puso de moda en los 90.","twitter.com/Rocigaot/status/431436613285969920"
"6/2/2014 14:54:57","","431425786394836992","","@PotiPotiInLove Y ya con su nombre actual tiene letrazas como 'compartiendo las miradas/con las luces apagadas'. Eso es arte intemporal XD","twitter.com/Rocigaot/status/431425786394836992"
"6/2/2014 14:48:47","","431424235613863936","","@PotiPotiInLove rediós, qué huevacos! pero oye, discos como 'los chulos son pa cuidarlos' son clasicazos. XDpic.twitter.com/V0JGM1ZoGQ","twitter.com/Rocigaot/status/431424235613863936"
"6/2/2014 14:42:25","","431422633742065664","","@PotiPotiInLove ¿¿¿En serio que lo ha dicho???","twitter.com/Rocigaot/status/431422633742065664"
"5/2/2014 23:31:45","","431193456384282625","","@worldwidetwist @amaliorodriguez nazis disléxicos?","twitter.com/Rocigaot/status/431193456384282625"
"5/2/2014 22:14:20","","431173974077079553","1","@lara_grana creo que los lumpen aquellos de clase más baja que la suya le dieron en la cabeza aunque estaba estudiando, y claro...","twitter.com/Rocigaot/status/431173974077079553"
"5/2/2014 22:07:15","","431172190151512065","1","Rosa Díez, abandona el cuerpo de Coletas. ¡El poder de cristo te obliga!https://twitter.com/ahorapodemos/status/431168089921953792 …' tras la caída del muro de Berlín ya no existe la lógica de la derecha y la izquirrda' Pablo Iglesias","twitter.com/Rocigaot/status/431172190151512065"
"5/2/2014 20:49:19","1","431152577980272640","","Llevar tapones a los exámenes de la UNED, mano de santo, oigan. Hoy parece que pillaron a uno copiando en la fila de atrás y ni me cosqué.","twitter.com/Rocigaot/status/431152577980272640"
"5/2/2014 0:25:48","","430844669157588992","","@Marmota_Maligna yo fui a alguna entrevista de trabajo que resultó ser para mierdas piramidales o timos de esos. Ahora ya las huelo a leguas","twitter.com/Rocigaot/status/430844669157588992"
"5/2/2014 0:19:08","","430842992279035904","1","@Marmota_Maligna para ir timando abueletes para las eléctricas a puerta fría. Contarán con la desesperación de los parados sin prestación...","twitter.com/Rocigaot/status/430842992279035904"
"4/2/2014 23:47:26","2","430835015362936832","","@mvizaguirre @complejodewendy @kalevorroka gensanta, eu xa estaba na universidade cando naceu! qué depresión!","twitter.com/Rocigaot/status/430835015362936832"
"4/2/2014 23:21:29","1","430828481362931712","","@kalevorroka @complejodewendy @mvizaguirre xa fodiches a túa marca personal.","twitter.com/Rocigaot/status/430828481362931712"
"4/2/2014 23:14:47","5","430826798729789440","1","@kalevorroka rematar a presentación da túa tese doctoral chamando aos do tribunal PRINCESAS TRAVIESAS.","twitter.com/Rocigaot/status/430826798729789440"
"4/2/2014 23:13:07","","430826379412639744","","@mvizaguirre @kalevorroka eu non sei ningunha canción súa, pero teño pesadelos dende que vin a foto. Parece un maniquí ochenteiro!","twitter.com/Rocigaot/status/430826379412639744"
"4/2/2014 23:10:04","1","430825609787219968","","¿Estoy de exámenes y nadie se digna contarme la última de Mariló? #Requiemporuncalamar http://www.lavozdegalicia.es/noticia/television/2014/02/04/marilo-montero-pregunta-calamares-gigantes-museo-luarca-vivos/00031391505797696334663.htm …","twitter.com/Rocigaot/status/430825609787219968"
"4/2/2014 23:01:39","","430823490959069184","","@mvizaguirre que te poña @kalevorroka a foto do símbolo das princesas... XD","twitter.com/Rocigaot/status/430823490959069184"
"4/2/2014 22:54:28","","430821683084021760","","En los 70 nadie sabía lo que era la heroína, dice Marta Rivera de la Cruz. ¿Pero dónde vivía esta tía? https://twitter.com/MartaRiveraCruz/status/430118524418129920 …","twitter.com/Rocigaot/status/430821683084021760"
"4/2/2014 21:41:22","","430803287818768384","","@_Sprocket_ @undivaga @El__Yayo @Tabernita aquí hace un par de veranos abrieron unas 6, no sé cuántas siguen...","twitter.com/Rocigaot/status/430803287818768384"
"4/2/2014 21:34:17","2","430801506552406016","","@_Sprocket_ @undivaga @El__Yayo @Tabernita hay gulags siberianos que transmiten más calidez que ese restaurante... XD","twitter.com/Rocigaot/status/430801506552406016"
"4/2/2014 21:30:25","","430800531561279489","","@VictorMPozuelo na, términos filológicos de alto nivel...","twitter.com/Rocigaot/status/430800531561279489"
"4/2/2014 21:25:22","","430799263413460992","","@undivaga @El__Yayo @Tabernita yo el otro día descubrí que en Eroski las venden precocinadas :P . Que igual llevan años y no me había fijado","twitter.com/Rocigaot/status/430799263413460992"
"4/2/2014 21:17:44","","430797338680913920","","@VictorMPozuelo y ya si los sujetos y predicados concuerdan y los signos de puntuación están bien usados es para nota.","twitter.com/Rocigaot/status/430797338680913920"
"4/2/2014 21:14:13","1","430796457466028032","","@El__Yayo @Tabernita mierda! claro,nos ponemos a hablarlo en twitter sin registrarlo ni nada... :P","twitter.com/Rocigaot/status/430796457466028032"
"4/2/2014 17:33:57","","430741022159962112","","@hematocritico na, uniformes de neopreno para los críos y tirando millas!","twitter.com/Rocigaot/status/430741022159962112"
"4/2/2014 0:19:58","","430480814007017472","","@ilse0001 yo creo que  @callaquenoveo es bastante más pipiola que yo. A mí me caen las 35 castañas en breve...","twitter.com/Rocigaot/status/430480814007017472"
"4/2/2014 0:16:44","","430480001348018176","","@alitecarlito @Arezno no descartaría que volviera Al salir de clase. Y que siguieran los del reparto original. Aún en el instituto.","twitter.com/Rocigaot/status/430480001348018176"
"4/2/2014 0:08:08","","430477835635929089","","@callaquenoveo @ilse0001 qué grande!yo cuando caigo en lo de 'cómo son los críos de hoy', recuerdo a las del compás de mi época y se me pasa","twitter.com/Rocigaot/status/430477835635929089"
"4/2/2014 0:06:12","","430477347205025793","","@ilse0001 @callaquenoveo igual los lías con Take That que era de principios. Las de mi clase se 'tatuaban' el logo con la aguja del compás.","twitter.com/Rocigaot/status/430477347205025793"
"3/2/2014 23:57:29","1","430475157090480128","","@alitecarlito @Arezno yo he descubierto hoy que han vuelto los Backstreet Boys, así que igual también vuelven los GRAPO. Peor no va a ser.","twitter.com/Rocigaot/status/430475157090480128"
"3/2/2014 23:55:53","","430474751614529536","","@callaquenoveo no? yo empecé la universidad en el 97,y juraría que ya existían cuando estaba en BUP. (Aunque igual los lío con otra boyband)","twitter.com/Rocigaot/status/430474751614529536"
"3/2/2014 23:53:15","","430474089854009344","","@callaquenoveo a mí Spotify me ha dicho que Backstreet Boys 'se están poniendo de moda en tu zona'. Todo son señales del viaje en el tiempo.","twitter.com/Rocigaot/status/430474089854009344"
"3/2/2014 23:52:10","1","430473815185821696","","@CaminoAna contraataca: 'ese grano que tes parece o peñón de Gibraltar'. 'Hai que ventilar a habitación despois das pallas', etc...","twitter.com/Rocigaot/status/430473815185821696"
"3/2/2014 23:49:01","1","430473024555335681","","@Subnorbook @mjdelrio yo tengo un hipnosapo entrenado para tal fin.","twitter.com/Rocigaot/status/430473024555335681"
"3/2/2014 20:50:33","1","430428113353199616","","@El__Yayo yo tengo amigos que van a votar de reenganche. Habría que ver si lo hace mucha gente,que explicaría muchos resultados electorales","twitter.com/Rocigaot/status/430428113353199616"
"3/2/2014 18:41:20","","430395593585082368","","Si los endemoniados hablan otras lenguas como dice Friker,me habría venido bien una posesión en el examen de comprensión oral de japo...","twitter.com/Rocigaot/status/430395593585082368"
"3/2/2014 1:25:27","1","430134906782355457","","@PotiPotiInLove JAJAJAJAJAJAJAJA! Ay, que me da algo!","twitter.com/Rocigaot/status/430134906782355457"
"3/2/2014 0:47:18","","430125304497991680","","@xoancastro igual chamando a Sandro Rey, pra preguntar se algunha vez lle darán un premio literario os malditos galenazis.","twitter.com/Rocigaot/status/430125304497991680"
"3/2/2014 0:41:29","","430123840748797952","","@xoancastro na, está cuñadeando por twitter. Á tele non a levan nin de público a La ruleta de la fortuna...","twitter.com/Rocigaot/status/430123840748797952"
"3/2/2014 0:30:15","","430121013116817408","","Entonces, ¿los no gallegos estáis descubriendo aún ahora las perlitas de sabiduría de Marta Rivera de la Cruz?","twitter.com/Rocigaot/status/430121013116817408"
"2/2/2014 23:52:43","1","430111565870690304","","Que si Paloma dice que a alguien se lo han cargado con un cuchillo, es que se lo han cargao, cojones hombre ya. #CuartoMilenio","twitter.com/Rocigaot/status/430111565870690304"
"2/2/2014 23:50:22","30","430110976382218240","26","Que dice Friker que las mujeres tenemos más sensibilidad para detectar fantasmas. Demasiado a huevo nos pone el chiste. #CuartoMilenio","twitter.com/Rocigaot/status/430110976382218240"
"2/2/2014 23:48:08","","430110415276613633","","Lo de ese papel pintado no es jurisdicción vuestra, Paloma, es más para los gemelos canadienses o para Hillary. #CuartoMilenio","twitter.com/Rocigaot/status/430110415276613633"
"2/2/2014 23:36:00","","430107359747125248","","'Algoritmo'. ¡Chupito! #CuartoMilenio","twitter.com/Rocigaot/status/430107359747125248"
"2/2/2014 15:29:41","2","429984976734396416","","@NewIlluminatus @El__Yayo pobres, no han aprendido a crear su marca personal. Que alguna ONG les lleve libros de marketing y coaching.","twitter.com/Rocigaot/status/429984976734396416"
"2/2/2014 14:10:27","1","429965034563702784","","Como ahora mi twitter hace follows y unfollows a su bola, cada vez que sale Percival en mi TL me llevo un susto antes de ver que es un RT.","twitter.com/Rocigaot/status/429965034563702784"
"2/2/2014 2:18:04","1","429785756396027905","1","@El__Yayo y mira que me dijeron que no hacía falta porque los que me criticaron son chusma, pero ¡eh! Así de humilde soy.","twitter.com/Rocigaot/status/429785756396027905"
"2/2/2014 2:05:55","","429782699641802752","","@natxox @Adroi_Bogui @El__Yayo esa foto estará editada por un aristócrata o un nazi que le han metido el cartón con Photoshop.","twitter.com/Rocigaot/status/429782699641802752"
"2/2/2014 1:52:56","","429779432765521920","","@El__Yayo @Adroi_Bogui @delaCreu @natxox @beoyno2 ya,pero como vayas de sobradillo guay y des con uno al que no le importe mancharse...","twitter.com/Rocigaot/status/429779432765521920"
"2/2/2014 1:48:58","","429778435733344256","","@Adroi_Bogui @delaCreu @El__Yayo @natxox @beoyno2 lo que me cuesta creer es que yendo tan de sobrado esa haya sido la única pelea de su vida","twitter.com/Rocigaot/status/429778435733344256"
"2/2/2014 1:36:59","","429775418359443456","","Fanon, manifiéstate para que Coletitas no use tu nombre para ir de perdonavidas. Y sóplame vía ouija en el examen del miércoles, ya puestos.","twitter.com/Rocigaot/status/429775418359443456"
"2/2/2014 1:12:53","","429769353408425984","1","@ComandanteVimes yo le comentaría, pero estoy demasiado ocupada analizando la discografía de Milli Vanilli según los postulados de Bhabha...","twitter.com/Rocigaot/status/429769353408425984"
"2/2/2014 0:17:19","","429755370634887168","","@Adroi_Bogui @El__Yayo @natxox @beoyno2 a mí es que me parece bastante peor la 'explicación' que la sobrada del video en sí.","twitter.com/Rocigaot/status/429755370634887168"
"2/2/2014 0:11:58","2","429754024963739648","","@El__Yayo @natxox @beoyno2 acabo de leerlo. Se ha cubierto de gloria, el chaval.","twitter.com/Rocigaot/status/429754024963739648"
"1/2/2014 23:56:54","","429750231043801088","","Las chuletas en kana fingiendo tatuajes las usaré para los exámenes de Filo Inglesa, claro. Para el examen de japonés obviamente no cuelan.","twitter.com/Rocigaot/status/429750231043801088"
"1/2/2014 23:52:43","","429749178214801408","","Voy a suspender japonés miserablemente,pero al menos haber aprendido los kanas me valdrá para hacerme chuletas simulando tatuajes orientales","twitter.com/Rocigaot/status/429749178214801408"
"1/2/2014 23:45:12","2","429747288945078272","","@shakesphobic @kalevorroka está ben sabelo: eu cando os meus amigos veganos din que comen fetos sempre creo que falan de seitán fetiforme.","twitter.com/Rocigaot/status/429747288945078272"
"1/2/2014 23:37:04","1","429745239490703360","","@kalevorroka @shakesphobic eu tamén diría que proteína. Seguro que até son aptos pra dieta Dukan. Aínda que non pra veganos, claro.","twitter.com/Rocigaot/status/429745239490703360"
"1/2/2014 23:19:11","1","429740741242257408","1","@shakesphobic ou usar os fetos pra mollar no hummus. Así evitas pasarte co pan.","twitter.com/Rocigaot/status/429740741242257408"
"1/2/2014 22:36:29","","429729995779358720","","@VictorMPozuelo Ya con leer 'MTV' y 'jebis' en la misma frase se teme una lo peor... XDDD","twitter.com/Rocigaot/status/429729995779358720"
"1/2/2014 2:07:58","","429420828719972353","","@Adroi_Bogui @El__Yayo como pa no! es que da mucho miedo!","twitter.com/Rocigaot/status/429420828719972353"
"1/2/2014 1:59:09","3","429418611522801664","1","@El__Yayo @Adroi_Bogui tiene sonrisa de 'os voy a matar a todos porque las voces de mi cabeza me lo ordenan'.","twitter.com/Rocigaot/status/429418611522801664"