"date","fav","id","rt","text","url"
"30/3/2014 22:08:06","","450363860722384896","","@PotiPotiInLove rediós! tendría que haberse puesto ese conjunto para posar en el #calendariomonguer","twitter.com/Rocigaot/status/450363860722384896"
"30/3/2014 21:50:28","","450359421898874880","","Avisad a Fernández-Armesto de que están echando Harry Potter, que al menos haga el truqui de ver la peli antes de volver a escribir del tema","twitter.com/Rocigaot/status/450359421898874880"
"29/3/2014 16:33:31","","449932373929779201","1","@julianhb_ @ComandanteVimes @abc_es pero que quede claro que normalmente los caballeros manchegos sí te rescatan del pozo después de follar.","twitter.com/Rocigaot/status/449932373929779201"
"29/3/2014 15:55:06","","449922702472925184","","-Oiga, es que yo al niño quería ponerle Manuel, como su difunto abuelo.
-Anda, calle, antidemócrata. Adolfosuárez, yo te bautizo...","twitter.com/Rocigaot/status/449922702472925184"
"29/3/2014 15:40:54","1","449919131991949312","1","Ojo, que creo que han inaugurado una pista de petanca en un pueblo de Albacete y NO le han puesto de nombre Adolfo Suárez.","twitter.com/Rocigaot/status/449919131991949312"
"29/3/2014 12:48:35","","449875763870068736","","¿Vosotros sois de los que a partir de mañana llevaréis el reloj del coche atrasado o de los que empezáis el medio año de llevarlo en hora?","twitter.com/Rocigaot/status/449875763870068736"
"29/3/2014 12:44:48","","449874811930832896","","He decidido que pa qué voy a leerme los libros que me entran en examen este cuatrimestre si puedo hacer el análisis a lo Fernández-Armesto.","twitter.com/Rocigaot/status/449874811930832896"
"29/3/2014 12:37:31","","449872980961918976","","@ComandanteVimes @Adroi_Bogui ya estáis hablando de Harry Potter, mataviejos? (Modo Armesto ON)","twitter.com/Rocigaot/status/449872980961918976"
"28/3/2014 23:07:40","","449669176236711937","","@Adroi_Bogui es mucho más eficiente que andar con administraciones y sistemas distintos para cada planeta, dónde va a parar...","twitter.com/Rocigaot/status/449669176236711937"
"28/3/2014 22:40:59","","449662460732391424","","@Adroi_Bogui Con Palpatine había más seguridad. Y mucho menos paro, que había trabajo de sobra construyendo la Estrella de la Muerte.","twitter.com/Rocigaot/status/449662460732391424"
"28/3/2014 22:29:53","","449659667929894912","","@medicblasto haz sushi de espinacas :P","twitter.com/Rocigaot/status/449659667929894912"
"28/3/2014 22:10:22","1","449654755187761154","","@El__Yayo Hay que ser voluntario de Cáritas para que te den Etapuntos o con hacer donaciones llega?Me faltan 10 para tener derecho a regalo.","twitter.com/Rocigaot/status/449654755187761154"
"28/3/2014 21:09:01","","449639317091393537","1","@medicblasto y aún menos mal que no dijo que tenian que leer a Kipling, como hizo Harold Bloom en su berrinche anti-Potter...","twitter.com/Rocigaot/status/449639317091393537"
"28/3/2014 16:12:55","1","449564801409482752","","@PotiPotiInLove @Marmota_Maligna 'líder en el sector de periódicos bimensuales de Alba de Tormes especializados en cosplay de Pokemon' Y así","twitter.com/Rocigaot/status/449564801409482752"
"28/3/2014 14:59:53","1","449546422132944897","","Pongo en mi bio 'políticamente incorrecto' porque 'procedo de generaciones de bodas entre primos hermanos' ocupa muchos caracteres.","twitter.com/Rocigaot/status/449546422132944897"
"28/3/2014 14:35:35","","449540307039055872","1","@ComandanteVimes @jacobodopico será para no coartar el espíritu emprendedor de los críos que quieran dedicarse a ello, hombre... :P","twitter.com/Rocigaot/status/449540307039055872"
"28/3/2014 14:29:53","","449538869315510272","","@VictorMPozuelo @Flamenca_Stone seguro que somos Europe-Low y no Europe-Shit?","twitter.com/Rocigaot/status/449538869315510272"
"28/3/2014 13:51:50","1","449529294105350144","","Facebook me recomienda la página de una revista de homeopatía. Es casi tan bueno como cuando me sugería aquel grupo de runners veganos.","twitter.com/Rocigaot/status/449529294105350144"
"28/3/2014 13:31:48","1","449524255043354624","1","@ipatolorente @kalevorroka ponte pesas en las piernas para tonificar que la ropa las esconde SI VISTES COMO UNA MUJER DECENTE @abcdesevilla","twitter.com/Rocigaot/status/449524255043354624"
"27/3/2014 23:50:39","","449317604784898048","","Entre lo de Cósima y el de A-cero metido a fashion blogger, me va a explotar el mamarrachómetro.","twitter.com/Rocigaot/status/449317604784898048"
"27/3/2014 23:47:04","","449316701759610880","","@estefaldina @mikelblasco nunca sugeriría tal cosa, que se caiga Orbyt si miento!","twitter.com/Rocigaot/status/449316701759610880"
"27/3/2014 23:41:44","","449315359221616641","","@estefaldina @mikelblasco al menos da empleo al encargado de censurar comentarios: ni una crítica ni un trolleo, oigan.","twitter.com/Rocigaot/status/449315359221616641"
"27/3/2014 22:31:58","","449297801974136832","","Lo peor del post de Cósima es que no explica un punto clave:¿su madre fue a la capilla ardiente...vestida de persona o con un diseño propio?","twitter.com/Rocigaot/status/449297801974136832"
"27/3/2014 22:11:00","","449292528060477440","","@alitecarlito Enjoy: http://www.elmundo.es/yodona/blogs/laviacosmica/ …","twitter.com/Rocigaot/status/449292528060477440"
"27/3/2014 22:08:15","2","449291836050644993","","Habría que hacer una lectura comentada en twitter de los posts del blog de Cósima, como la de 50 sombras de Grey. Serían las risas.","twitter.com/Rocigaot/status/449291836050644993"
"27/3/2014 22:05:20","","449291100986281984","","Cósima, la capilla ardiente de Suárez y un bot que genera adjetivos random en los textos, supongo. http://www.elmundo.es/yodona/blogs/laviacosmica/2014/03/25/en-el-velatorio-de-suarez.html …","twitter.com/Rocigaot/status/449291100986281984"
"27/3/2014 21:36:10","1","449283761218519040","","@dodavazquez con menos de diez matas a los padres, por cursis.","twitter.com/Rocigaot/status/449283761218519040"
"27/3/2014 20:14:17","1","449263152375820288","","@dodavazquez tampoco se lo reprocharía,llevar cosas de kitty pasados los diez años es para que te eutanasien.","twitter.com/Rocigaot/status/449263152375820288"
"27/3/2014 20:11:36","","449262478820909056","","@Hominidio e encima galego, eres unha célula itinerante de Resistencia Galega, seguro!","twitter.com/Rocigaot/status/449262478820909056"
"27/3/2014 20:03:54","","449260539865481216","","Si voy a una manifa con camiseta de hello kitty me descalifican por no llevar la equipación oficial de antisistema?","twitter.com/Rocigaot/status/449260539865481216"
"27/3/2014 16:03:47","","449200114100600833","","@Marmota_Maligna supongo que si papá conoce en algo a sus vástagos, el seguro será siempre a todo riesgo...","twitter.com/Rocigaot/status/449200114100600833"
"27/3/2014 15:59:54","","449199134760005632","","@Marmota_Maligna luego había dilemas tipo 'papá me ha prometido un coche por aprobar selectividad.¿Me recomendáis Mercedes o BMW?'","twitter.com/Rocigaot/status/449199134760005632"
"27/3/2014 15:53:19","","449197480018989056","","@Marmota_Maligna no me extraña, si aún recuerdo la perla y han pasado unos 10 años desde que cotilleábamos ese foro...","twitter.com/Rocigaot/status/449197480018989056"
"27/3/2014 15:49:26","1","449196500489629696","","@Marmota_Maligna 'los pobres no saben qué es trabajar.Yo sí lo sé,porque es lo que hizo Papá para que ahora tengamos de todo'. Verídico.","twitter.com/Rocigaot/status/449196500489629696"
"27/3/2014 15:44:17","","449195208350384128","","@Marmota_Maligna llegó un momento en que se corrió la voz y había más gente trolleando que pijos verídicos, así que acabó perdiendo gracia.","twitter.com/Rocigaot/status/449195208350384128"
"27/3/2014 15:38:47","1","449193822141304833","","@MariCalpi También mola. A ver cuándo las bloggers nos hacen sus propuestas de streetstyle para manifas.","twitter.com/Rocigaot/status/449193822141304833"
"27/3/2014 15:34:52","9","449192838103064577","3","A miña sudadeira con capucha de antisistema leva una cara de pingüín estampada porque son do comando cuqui de Resistencia Galega.","twitter.com/Rocigaot/status/449192838103064577"
"27/3/2014 15:31:22","","449191956942708736","","@Marmota_Maligna hace años descubrimos un foro de jóvenes de La Moraleja y todo eran comentarios de ese palo. Era una mina, aquello.","twitter.com/Rocigaot/status/449191956942708736"
"27/3/2014 15:28:19","","449191187296317440","","@Tabernita alguna (y alguno) habrá, que hay gente que está muy mal de lo suyo...","twitter.com/Rocigaot/status/449191187296317440"
"27/3/2014 15:22:15","","449189662578724864","","@Tabernita pena que al no ser de aquí no dejen presentarse a Justin como candidato por el Círculo Belieber de Podemos. Lo petaba.","twitter.com/Rocigaot/status/449189662578724864"
"27/3/2014 15:20:53","","449189319136522241","","Igual el telediario explica el estilismo antisistema para que los infiltrados de la UIP recuerden quitarse la pulserita de la bandera.","twitter.com/Rocigaot/status/449189319136522241"
"27/3/2014 15:06:47","","449185769794859008","","Rafa Mora, candidato a las europeas por el Círculo Tronista de Podemos. Oye, podría ser.","twitter.com/Rocigaot/status/449185769794859008"
"27/3/2014 14:52:07","1","449182077268000768","1","@ebichuh @Tabernita 'La Guanábana, la fruta que sustituye a la quimio, patrocina la gala de entrega de los Premios Darwin'.","twitter.com/Rocigaot/status/449182077268000768"
"27/3/2014 0:14:53","1","448961314174828545","1","@KatieSony @El__Yayo @mjdelrio harán cartel de Coletas vestido de soldadito, como el de la fiesta del Círculo LGTB?","twitter.com/Rocigaot/status/448961314174828545"
"27/3/2014 0:09:22","2","448959926229278721","2","@KatieSony @El__Yayo @mjdelrio la leche, hacía yo el otro día la coña del Círculo Opus Dei de Podemos, pero al paso que vamos...","twitter.com/Rocigaot/status/448959926229278721"
"26/3/2014 23:56:10","1","448956605758197760","1","¿Lo del círculo de Fuerzas Armadas de Podemos va en serio o es otra coña de @El__Yayo ? Que yo ya me creo cualquier cosa...","twitter.com/Rocigaot/status/448956605758197760"
"26/3/2014 22:43:34","1","448938335722287105","","@takeshi_pts @MargaretCastor 
-Yo soy Adolfo Suárez!
-Yo soy Adolfo Suárez!
-Yo soy Adolfo Suárez, y mi mujer también! #lavidadeAdolfoSuárez","twitter.com/Rocigaot/status/448938335722287105"
"26/3/2014 22:39:42","5","448937361188323328","3","@MargaretCastor Qué Adolfo Suárez estáis todos con lo de llamar Adolfo Suárez a todas las Adolfo Suárez. Me tenéis hasta el Adolfo Suárez.","twitter.com/Rocigaot/status/448937361188323328"
"26/3/2014 22:26:52","1","448934131653967873","","Tras ver lo de #COMANDOSETO he seguido cotilleando el tumblr de @callaquenoveo y he descubierto mi nuevo gif favorito http://internetisforsillystuff.tumblr.com/post/69789885140 …","twitter.com/Rocigaot/status/448934131653967873"
"26/3/2014 22:20:37","","448932560673202176","","@callaquenoveo ya les explicaron que era un físico, así que ahora están peinando la facultad de los de INEF para darle de hostias...","twitter.com/Rocigaot/status/448932560673202176"
"26/3/2014 21:59:45","1","448927305680031744","","@callaquenoveo polis combatiendo al antisistema más violento de todos: la fuerza de gravedad. :D","twitter.com/Rocigaot/status/448927305680031744"
"26/3/2014 13:50:57","","448804296822624256","","Un blablacar con Carromero ya estará dicho, ¿no?","twitter.com/Rocigaot/status/448804296822624256"
"26/3/2014 13:48:32","","448803690514628609","","Mirade o que lle requisou á poli o 22M aos de Resistencia Galega. Ía camuflada coma un bote de Galicola.pic.twitter.com/S0J1GxSRju","twitter.com/Rocigaot/status/448803690514628609"
"26/3/2014 13:05:21","","448792819734704128","","Pra o de antisistema a soldo dos sindicatos que di El Correo Gallego fanche contrato en condicións?Porque se é de falsa autónoma, paso.","twitter.com/Rocigaot/status/448792819734704128"
"26/3/2014 10:53:37","","448759669411295232","","@Cascarelo @VIVAANTES mola o de 'antisistema a sueldo'. Sabes canto se cobra? Fan contrato ou tes que poñerte de autónomo?","twitter.com/Rocigaot/status/448759669411295232"
"26/3/2014 0:26:59","1","448601971763593216","","Habrá que dejar de meterse con Carromero, que ha escrito un libro. Hay que tener mucha cabeza para hacer eso.pic.twitter.com/QR4dESRn0T","twitter.com/Rocigaot/status/448601971763593216"
"25/3/2014 18:40:17","","448514721311129601","","¡Por cierto, estoy oyendo en Spotify a los Rolling con el gif del macetero antisistema en bucle y se sincroniza con cualquier canción!","twitter.com/Rocigaot/status/448514721311129601"
"25/3/2014 18:35:55","1","448513621757530112","","Anda, pues sí que hay gif! http://cdn.makeagif.com/media/3-25-2014/SHmx3r.gif …","twitter.com/Rocigaot/status/448513621757530112"
"25/3/2014 17:44:39","","448500721240248322","","@PotiPotiInLove @SorSebastian mi parte favorita del #22MsegúnMerlos es cuando llegó Cifuentes y mató al rey de los nazgul.","twitter.com/Rocigaot/status/448500721240248322"
"25/3/2014 16:59:53","","448489457725882368","","La policía sigue mostrando armas requisadas a los manifestantes del 22Mpic.twitter.com/Tj0tsIAEd5","twitter.com/Rocigaot/status/448489457725882368"
"25/3/2014 16:26:50","1","448481139494100992","1","@alexizag @undivaga me comunican que a otro radical del 22M le han intervenido otra arma oculta.pic.twitter.com/RvHSHOAlSJ","twitter.com/Rocigaot/status/448481139494100992"
"25/3/2014 16:24:08","","448480461090992129","","@deploreibol y pidiéndole que le des a 'me gusta' a las páginas de sus proyectos. O de las cosas a las que hacen de community manager. :P","twitter.com/Rocigaot/status/448480461090992129"
"25/3/2014 16:22:00","","448479922521407488","","¿Habemus gif de la maceta antisistema del 22M?","twitter.com/Rocigaot/status/448479922521407488"
"25/3/2014 16:20:49","1","448479622788022272","","@ComandanteVimes @PotiPotiInLove Malditos maceteros radicales de extrema izquierda!","twitter.com/Rocigaot/status/448479622788022272"
"25/3/2014 15:42:43","1","448470036064522240","","@medicblasto ¿y para qué te van a explicar el ciclo menstrual a los 11 años? Con lo divertido que es que te pille por sorpresa,mira 'Carrie'","twitter.com/Rocigaot/status/448470036064522240"
"25/3/2014 15:36:47","","448468543844388864","","@medicblasto también nos daba ciencias naturales (6ºEGB) y el tema del aparato reproductor se lo saltaba siempre, porque pa qué.","twitter.com/Rocigaot/status/448468543844388864"
"25/3/2014 15:35:38","","448468254173175808","","@medicblasto naturalmente, con 11/12 años que teníamos entonces no éramos conscientes de la inquina de la Iglesia al control de natalidad...","twitter.com/Rocigaot/status/448468254173175808"
"25/3/2014 15:34:08","","448467875230416896","","@medicblasto sí, nos soltaba unas chapas tremendas sobre lo malcriados que éramos quienes no teníamos hermanos. Un amor, la tía.","twitter.com/Rocigaot/status/448467875230416896"
"25/3/2014 15:30:02","1","448466844937355264","1","@OzoPerozo pero eso tiene su punto de humor negro, y tiene que ver con la aviación, que por eso optaba yo por 'Barajas-Carrero Blanco'...","twitter.com/Rocigaot/status/448466844937355264"
"25/3/2014 15:28:01","","448466335505612800","","@Marmota_Maligna la Campos y Marta Sánchez hablando sobre manifas. Tremendo combo.","twitter.com/Rocigaot/status/448466335505612800"
"25/3/2014 15:27:31","","448466211689738240","","@medicblasto me dio clase una monja que se negaba a resolvernos dudas a las hijas únicas porque 'sólo preguntáis para tener protagonismo'.","twitter.com/Rocigaot/status/448466211689738240"
"25/3/2014 15:20:31","","448464449834602496","","@Marmota_Maligna ay, viendo la noticia sí que me suena la historia. Gensanta, qué lumbrerita, la tía.","twitter.com/Rocigaot/status/448464449834602496"
"25/3/2014 15:17:09","","448463601201078273","","@Marmota_Maligna ¿Marta Sánchez también montó el pollo? ¡De eso no me enteré!","twitter.com/Rocigaot/status/448463601201078273"
"25/3/2014 15:15:12","1","448463111289577472","2","Espero que no hayan cortado calles en Madrid por el cortejo fúnebre de Suárez, que no sé si Isabel Durán podrá soportar otro atasco.","twitter.com/Rocigaot/status/448463111289577472"
"25/3/2014 1:50:29","","448260596522569728","","Viendo como están ahora con Suárez,igual el día que palme ZP va la plana mayor del PP a cantar 'cuando un amigo se va' a la capilla ardiente","twitter.com/Rocigaot/status/448260596522569728"
"24/3/2014 22:33:22","","448210993064460289","","@callaquenoveo yo ayer hice el juego de 'chupito por cada amigo de FB que suba video de Libertad sin ira'.Un hígado de sobra no tendrás,¿no?","twitter.com/Rocigaot/status/448210993064460289"
"24/3/2014 21:50:02","","448200088301887488","2","@El__Yayo Yo este finde me voy de ejercicios espirituales con el Círculo Opus Dei de Podemos.","twitter.com/Rocigaot/status/448200088301887488"
"24/3/2014 21:35:05","1","448196322827726849","","@Xuxipc na, según se vayan muriendo ex presidentes ya se le van añadiendo sus nombres hasta que alcance la longitud perfecta.","twitter.com/Rocigaot/status/448196322827726849"
"24/3/2014 21:33:14","2","448195858123997185","1","@El__Yayo Círculo Podemos Testigos de Jehová!","twitter.com/Rocigaot/status/448195858123997185"
"24/3/2014 20:39:34","1","448182351508819968","","@Hominidio eu agora estou temendo que aquí nos encasqueten o Aeropuerto Alvedro-Paco Vázquez cando o susodicho a palme...","twitter.com/Rocigaot/status/448182351508819968"
"24/3/2014 20:13:03","","448175680283742209","","@Eleder_ pues 'cabinas de teletransportación Barajas-Adolfo Suárez', o Barajas-Aznar, o el que toque.","twitter.com/Rocigaot/status/448175680283742209"
"24/3/2014 20:01:43","1","448172829146886146","","¿Y Barajas va a ser ya Adolfo Suárez para siempre,o cuando palme otro ex presidente y resulte que todos le adorábamos se rebautiza?","twitter.com/Rocigaot/status/448172829146886146"
"24/3/2014 17:47:17","3","448138995500077057","6","El chiste de que puestos a ponerle nombre de ex presidente sería más lógico 'Aeropuerto Carrero Blanco' ya está hecho, ¿no?","twitter.com/Rocigaot/status/448138995500077057"
"24/3/2014 1:38:22","3","447895159909650432","","¿Por qué siempre meten publi de Meetic durante #CuartoMilenio? ¿Asumen que tienes que estar muy solo en la vida para estar viendo a Friker?","twitter.com/Rocigaot/status/447895159909650432"
"24/3/2014 1:28:03","2","447892565594230785","1","'¡Niiiiiños, niiiiños
Futuuuro, Futurooo!'
 #CuartoMilenio","twitter.com/Rocigaot/status/447892565594230785"
"24/3/2014 1:17:16","1","447889849161621504","7","'Hitler se encariñó con la Dama de Elche'.¿Os imagináis si gana la guerra el III Reich?Todas con peinado de fallera #CuartoMilenio #distopía","twitter.com/Rocigaot/status/447889849161621504"
"24/3/2014 1:13:04","","447888795124658176","","@MargaretCastor lo mejor es que con las ganas que tiene de carguito no declinaba la propuesta ni de coña, se lo iban a comer con patatas  :D","twitter.com/Rocigaot/status/447888795124658176"
"24/3/2014 1:11:47","1","447888471295016960","1","@MargaretCastor ¿qué habrá sido de él? Yo que quería proponerlo como candidato en la web de Partido X...","twitter.com/Rocigaot/status/447888471295016960"
"24/3/2014 1:07:00","1","447887267110322177","1","@ComandanteVimes pero les puedes hacer las ingles brasileñas :)","twitter.com/Rocigaot/status/447887267110322177"
"24/3/2014 1:05:59","1","447887012180557824","1","@ComandanteVimes en las clínicas de depilación definitiva?","twitter.com/Rocigaot/status/447887012180557824"
"24/3/2014 1:03:06","1","447886283986448384","","@Xuxipc el muy cabrón les hizo RT manual.","twitter.com/Rocigaot/status/447886283986448384"
"24/3/2014 0:50:18","3","447883062945542144","2","'¿Cómo podríamos ver en imagen televisiva a la Dama de Elche?' Chistes sobre la princesa Leia en tres, dos.. #CuartoMilenio","twitter.com/Rocigaot/status/447883062945542144"
"24/3/2014 0:47:34","","447882377915035648","","Mi gran pregunta sobre el tema Suárez es: ¿hará mañana Mariló Montero alguna disertación al respecto? (¡sí, porfa!)","twitter.com/Rocigaot/status/447882377915035648"
"24/3/2014 0:34:02","","447878970760261632","1","¿Pero no decíais el domingo pasado que Hitler había pasado por Galicia? Friker, os contradecís. #CuartoMilenio","twitter.com/Rocigaot/status/447878970760261632"
"24/3/2014 0:22:19","1","447876023049523200","","@Marmota_Maligna sonreíd y saludad, chicos, sonreíd y saludad!","twitter.com/Rocigaot/status/447876023049523200"
"24/3/2014 0:09:58","2","447872915036729344","1","@ComandanteVimes el otro día me crucé a uno con boina roja y me llevé sustaco. Resulta que estaba repartiendo folletos de Vodafone #noescoña","twitter.com/Rocigaot/status/447872915036729344"
"24/3/2014 0:04:24","2","447871511643557888","2","@El__Yayo igual cuentan todos los óvulos y espermatozoides de los presentes, como personas en potencia.","twitter.com/Rocigaot/status/447871511643557888"
"23/3/2014 23:21:22","","447860685486448640","","@somofrates @NewIlluminatus hasta los cargos políticos de su Régimen eran demócratas convencidos, y mira...","twitter.com/Rocigaot/status/447860685486448640"
"23/3/2014 22:21:27","","447845605692690432","","Estoy leyendo mi muro de Facebook y es como el 'What would Brian Boitano do?' de South Park, pero con Suárez.","twitter.com/Rocigaot/status/447845605692690432"
"23/3/2014 22:05:12","","447841515868811264","","@CaminoAna é dicir, que nos salvou el soíño dunha invasión alieníxena.","twitter.com/Rocigaot/status/447841515868811264"
"23/3/2014 21:57:21","","447839539177213952","","Supongo que en #CuartoMilenio contactarán vía ouija con el espíritu de la Transición, para no salirse del monotema.","twitter.com/Rocigaot/status/447839539177213952"
"23/3/2014 20:27:05","","447816822814162945","","Que con esa variante del juego también da para una borrachera de grado 7 en la escala Massiel, no creáis.","twitter.com/Rocigaot/status/447816822814162945"
"23/3/2014 20:26:02","","447816558560432130","","El chupito por 'artífice de la democracia' es mortal de necesidad. Me limitaré a chupito por cada pésame con video de Jarcha en FB.","twitter.com/Rocigaot/status/447816558560432130"
"23/3/2014 16:32:47","","447757861524107265","","'Bueno, pero el partido no se suspende, ¿NO?' #porraRajoy","twitter.com/Rocigaot/status/447757861524107265"
"23/3/2014 16:28:11","1","447756702067490816","","@Joansinmiedo @LordoLordor #porraRajoy yo digo que se equivoca y le llama Antonio, o Alfonso.","twitter.com/Rocigaot/status/447756702067490816"
"23/3/2014 16:25:29","","447756024175681536","","@soydelbierzo el material va incluido en la matrícula y te lo mandan a casa o lo tienes que comprar aparte como los libros de la UNED?","twitter.com/Rocigaot/status/447756024175681536"
"23/3/2014 16:23:47","","447755597392650240","","@soydelbierzo El comando e-learning de ETA!","twitter.com/Rocigaot/status/447755597392650240"
"23/3/2014 16:13:26","","447752990603354112","","@CaminoAna pero polo menos xa iredes avisados da miña previsible morte por cirrosis, pra ir sacando os obituarios de antemano!","twitter.com/Rocigaot/status/447752990603354112"
"23/3/2014 16:10:26","","447752234948775936","","Si ahora la tele aprovecha para programar el telefilme de Suárez,veréis cuando palmen Felipe o Leti y alguien rescate la serie de Telecinco","twitter.com/Rocigaot/status/447752234948775936"
"23/3/2014 16:01:45","","447750051209953281","","@judgitanilla no sé yo si mi hígado resistirá el trance, que serían muchas botellas y una tiene ya una edad...","twitter.com/Rocigaot/status/447750051209953281"
"23/3/2014 16:00:13","","447749665489182721","","¿Hago desconexión informativa o pillo el vodka y chupito pa dentro por cada 'espíritu de la Transición' o 'demócrata convencido'?","twitter.com/Rocigaot/status/447749665489182721"
"23/3/2014 0:05:30","","447509400509743104","","@medicblasto ¿Eso son más o menos que los subsaharianos invandiéndonos por Ceuta y Melilla? Que yo a partir de billion billion me pierdo.","twitter.com/Rocigaot/status/447509400509743104"
"22/3/2014 23:28:59","2","447500213243367424","1","Con lo de la campaña de abrazos del PSOE, deduzco que su candidato a las europeas va a ser Tinky Winky. #Gensanta","twitter.com/Rocigaot/status/447500213243367424"
"22/3/2014 18:52:23","","447430605358518273","","@Ika80Bcn si aprendí yo con lo manazas que soy... que igual me ve un japo y se descojona de cómo los cojo,pero usar los uso!","twitter.com/Rocigaot/status/447430605358518273"
"22/3/2014 18:46:55","1","447429226418155522","","@Ika80Bcn maaal! Hay que aprender a usar los palillos! :D","twitter.com/Rocigaot/status/447429226418155522"
"21/3/2014 23:33:05","1","447138855830167554","","Igual los medios están sacando ya obituarios de Suárez para quitárselo de encima y que no les pille en domingo a hora de cierre,como Fraga.","twitter.com/Rocigaot/status/447138855830167554"
"21/3/2014 18:12:13","1","447058106187804672","","@silviabroome @NewIlluminatus yo les coloco el cuento de la pequeña cerillera de Andersen, que supongo que era autónoma...  :P","twitter.com/Rocigaot/status/447058106187804672"
"20/3/2014 16:32:15","","446670563973799936","","Entre el spam que me manda Infoempleo,me llega una 'guía de los mejores colegios de España' que es mierda de la buena.","twitter.com/Rocigaot/status/446670563973799936"
"20/3/2014 15:48:09","","446659464348057600","","'Aquí está el selfie de mi programa/congreso/empresa/asociación'. UNFOLLOW+REPORT SPAM+ENVÍO DE SICARIO","twitter.com/Rocigaot/status/446659464348057600"
"20/3/2014 15:30:44","","446655081141002240","","@PotiPotiInLove ya podían pillar la indirecta de Dios de una vez y dejarse de procesiones,para que los demás podamos ir a la playa esos días","twitter.com/Rocigaot/status/446655081141002240"
"19/3/2014 23:22:51","3","446411506268532736","3","@apuente la pregunta es: si tuvierais que llevar a Bruselas a Vestrynge, a Villarejo o a un ficus, ¿llevaríais uno natural o de plástico?","twitter.com/Rocigaot/status/446411506268532736"
"19/3/2014 22:24:18","","446396771523379200","","Entre Podemos y el Partido X me han plagiado la idea del 'talent' show para cuñados. Tengo que dejar de airear mis proyectos en twitter.","twitter.com/Rocigaot/status/446396771523379200"
"19/3/2014 21:29:17","2","446382924473307136","","@El__Yayo @undivaga ¡quéjate! en mi familia el elemento disidente soy yo, todo lo demás es PP hasta donde alcanza la vista...","twitter.com/Rocigaot/status/446382924473307136"
"18/3/2014 20:54:18","","446011733757677568","","Mucho nos reímos de ella, pero si de pura potra el avión malasio apareciera donde dijo Courtney Love, explota twitter.","twitter.com/Rocigaot/status/446011733757677568"
"18/3/2014 14:44:08","","445918580123910144","","@ComandanteVimes quita, a ver si se molan, luego se reproducen y la liamos...","twitter.com/Rocigaot/status/445918580123910144"
"18/3/2014 13:31:54","","445900401913909248","","¿Sabemos si Frances Cobain ha hecho también la coña de 'a que va mi madre y lo encuentra' con el avión malasio?  http://www.avclub.com/article/courtney-love-thinks-shes-found-malaysia-airlines--202286 …","twitter.com/Rocigaot/status/445900401913909248"
"18/3/2014 1:02:23","","445711778140651520","","@mvizaguirre eu se non lembro mal paseille o ferro a un vestido o verán pasado!","twitter.com/Rocigaot/status/445711778140651520"
"18/3/2014 0:35:49","1","445705092722077696","","@mvizaguirre iso non é nada: a miña curmá pásalle o ferro ás bragas. E cando vai de viaxe leva as súas propias sabas (planchadas, claro).","twitter.com/Rocigaot/status/445705092722077696"
"18/3/2014 0:20:44","","445701297321570304","","A mí cuando hicieron la 1ªtemporada de Supervivientes me pareció una idea genial.Luego vi que al final los traían a todos de vuelta,y ya no.","twitter.com/Rocigaot/status/445701297321570304"
"17/3/2014 22:37:56","","445675424996397056","","¿Que Podemos ha elegido como candidato a Pablo Iglesias?? http://www.reactiongifs.com/wp-content/uploads/2013/12/friends004.gif …","twitter.com/Rocigaot/status/445675424996397056"
"17/3/2014 21:08:34","1","445652938070175744","","@beblas @franjarraez @juan_revenga ese fijo que es trolleo,pero + de un farlopero me ha dicho 'yo no tomo gluten/leche/etc ,que no es sano'","twitter.com/Rocigaot/status/445652938070175744"
"17/3/2014 15:18:49","1","445564916892975104","2","@Dr_Fleibur @ComandanteVimes Yo votaba por 'solo en casa'.","twitter.com/Rocigaot/status/445564916892975104"
"17/3/2014 15:01:42","1","445560609942540288","","Si me queréis, hacerse un crowdfunding y pagarme un billete a Dublín para esta noche. #StPatrick #aversicuela","twitter.com/Rocigaot/status/445560609942540288"
"17/3/2014 0:51:14","","445346583773999104","2","¿Los espíritus y poltergeists nunca van a pisos amueblados rollo IKEA? #CuartoMilenio","twitter.com/Rocigaot/status/445346583773999104"
"17/3/2014 0:16:30","","445337842978664448","1","@ilse0001 @mjdelrio @DR_roldi yo paso de unirme a la cadena de oración por eso, es mucha presión,a ver si dejo a alguien con media pierna...","twitter.com/Rocigaot/status/445337842978664448"
"17/3/2014 0:14:23","","445337311057043456","3","@ilse0001 @mjdelrio @DR_roldi y si crecen según rezas y por lo que sea dejas de rezar antes de tiempo,dejas a alguien con un brazo a medias?","twitter.com/Rocigaot/status/445337311057043456"
"17/3/2014 0:10:38","2","445336366667534338","2","@mjdelrio @ilse0001 @DR_roldi pero hay que rezar el 18 de abril, o vamos rezando ya para que el 18 de abril broten piernas como geranios?","twitter.com/Rocigaot/status/445336366667534338"
"16/3/2014 23:50:29","","445331296286695424","","Mojar el pan en el uranio. #CuartoMilenio","twitter.com/Rocigaot/status/445331296286695424"
"16/3/2014 21:22:36","","445294081397501952","","@MargaretCastor El área metropolitana de Peleas de Abajo.","twitter.com/Rocigaot/status/445294081397501952"
"16/3/2014 15:18:08","","445202357400653824","","Obama lleva a Mariano a tomar M&M's y hamburguesas, pero luego olvida ir a sus partidos de baseball #papádivorciado  http://www.abc.es/espana/20140115/abci-hamburguesa-para-presidente-201401142120.html …","twitter.com/Rocigaot/status/445202357400653824"
"16/3/2014 13:54:56","4","445181419586060288","2","@VictorMPozuelo @obdriftwood Obama primero le regala M&M's y luego le lleva a comer hamburguesa. En la próxima visita ya toca Disneyland.","twitter.com/Rocigaot/status/445181419586060288"
"15/3/2014 20:29:12","","444918253409038336","","@nebulina qué fue de la entrañable costumbre pirata de pasar a la gente por la quilla?","twitter.com/Rocigaot/status/444918253409038336"
"15/3/2014 16:15:42","1","444854459257323520","2","@kalevorroka 'Testigo fetal'. 'Útero bajo sospecha'. 'Gestación fatal'. E pra o finde, comedias familiares: 'este nasciturus está moi vivo'","twitter.com/Rocigaot/status/444854459257323520"
"15/3/2014 16:05:24","","444851864073670657","1","@medicblasto 'mira este video de 20 desconocidos a los que hemos pedido que se besen tras comer fideuá con alioli'.","twitter.com/Rocigaot/status/444851864073670657"
"15/3/2014 15:36:46","","444844661782609920","","@callaquenoveo 'llamamos a alguna it girl y le decimos: 50pavos si te dejas ver con esto puesto, a ver cuántas pardillas pican y te imitan'","twitter.com/Rocigaot/status/444844661782609920"
"15/3/2014 13:59:02","1","444820063561211904","","@callaquenoveo esto salió de una borrachera muy grande de los diseñadores de Adidas, que acabó en apuesta de las de '¿ A que no hay huevos?'","twitter.com/Rocigaot/status/444820063561211904"
"14/3/2014 16:43:56","","444499176660156416","","@CaminoAna @xoancastro eu aproveitarei que me sei os silabarios xaponeses pra camuflar as chuletas da uned coma tatuaxes canis. :P","twitter.com/Rocigaot/status/444499176660156416"
"14/3/2014 16:37:49","","444497636138438657","","@CaminoAna é a power balance dos exames! pero penso que sería máis efectiva se fora máis grande, que caberían chuletas máis detalladas.","twitter.com/Rocigaot/status/444497636138438657"
"14/3/2014 16:25:06","","444494434601009152","","Igual si lo llamo 'prácticas no remuneradas de cleaning manager' consigo alguien que me limpie la casa gratis. ¡Lo que aprendo en Infojobs!","twitter.com/Rocigaot/status/444494434601009152"
"14/3/2014 16:16:00","","444492144376815617","","@kalevorroka a némesis definitiva da lencería sexy.","twitter.com/Rocigaot/status/444492144376815617"
"14/3/2014 16:04:50","","444489335203987456","","@ilse0001 pues no sé a cuántos he leído alabar su 'perfecto inglés'. Yo voy a poner en el CV que tengo nivel nativo,que se ve que cuela.","twitter.com/Rocigaot/status/444489335203987456"
"13/3/2014 22:06:20","2","444217920978452481","","¿Os va a durar mucho la tontería de los selfies? ¿Y la tontería de llamarle selfie a cualquier foto de grupo aunque la haga uno que no sale?","twitter.com/Rocigaot/status/444217920978452481"
"13/3/2014 21:25:04","1","444207536557023232","","@MariCalpi @PixelRobot Antes tienen que aceptar capquéic.","twitter.com/Rocigaot/status/444207536557023232"
"13/3/2014 16:12:20","","444128834787749888","1","@callaquenoveo 'Esta es mi cuenta de Badoo y la de mi equipo'.","twitter.com/Rocigaot/status/444128834787749888"
"13/3/2014 1:04:53","","443900468478353409","","@PotiPotiInLove @RosierBelen pues sí, yo creo que es la primera vez desde que tengo esta tele que miro el teletexto!","twitter.com/Rocigaot/status/443900468478353409"
"13/3/2014 1:03:32","3","443900128890720256","","@RosierBelen @PotiPotiInLove lo acabo de mirar! Alguien que está muy convencido de que lo que escribe no lo lee ni dios, fijo!","twitter.com/Rocigaot/status/443900128890720256"
"13/3/2014 0:54:53","","443897952835485696","","Mientras hacéis chistes,yo ya he pensado un negociete para vender(más cara) coca sin gluten,coca Dukan y coca rica en fibra. #emprendimiento","twitter.com/Rocigaot/status/443897952835485696"
"13/3/2014 0:40:37","","443894360611229696","","Y de modernas que se ponen de coca hasta el culo pero dan la chapa sobre lo antinatural que es beber leche de vaca he perdido la cuenta ya..","twitter.com/Rocigaot/status/443894360611229696"
"13/3/2014 0:38:21","1","443893790861168640","1","La de la cocaína sin gluten será un fake, pero yo he oído a un farlopero decir: '¿te vas a comer un Tigretón?¡Que a saber qué mierda lleva!'","twitter.com/Rocigaot/status/443893790861168640"
"13/3/2014 0:35:59","","443893196863860736","","Cocaína especial dieta Dukan.","twitter.com/Rocigaot/status/443893196863860736"
"13/3/2014 0:22:54","1","443889903768981504","","@PotiPotiInLove Cocaína con bífidus activo.","twitter.com/Rocigaot/status/443889903768981504"
"12/3/2014 22:14:14","","443857520516673536","","@mikeliturriaga igual hay farlopa Hacendado para celíacos, que en Mercadona les ha dado mucho por las cosas sin gluten...","twitter.com/Rocigaot/status/443857520516673536"
"12/3/2014 21:46:36","","443850566893330432","","@alitecarlito @apuente ¡Ay, que yo había pensado lo mismo!","twitter.com/Rocigaot/status/443850566893330432"
"12/3/2014 17:13:06","1","443781738138185729","","@echeoqhai @twitter e da gracias que cho pon en 'a quen seguir' e non en 'similares a ti'...","twitter.com/Rocigaot/status/443781738138185729"
"12/3/2014 17:11:23","","443781306569465856","","@PotiPotiInLove si los de Bangladesh hubieran aprendido a mangar como papá, no estarían ahí explotados. #LET #meritocracia","twitter.com/Rocigaot/status/443781306569465856"
"11/3/2014 16:04:18","","443402038442213376","","@mvizaguirre @Cascarelo @xoancastro @Xioskhov @ghanito pois o dos calzoncillos nude é certo, eu tampouco os vin xamais! (nin falla que fai)","twitter.com/Rocigaot/status/443402038442213376"
"11/3/2014 2:35:57","","443198609157529600","","@xoancastro @mvizaguirre na, nas vodas sempre hai rolletes, haxa damas de honor ou non!","twitter.com/Rocigaot/status/443198609157529600"
"10/3/2014 23:56:51","","443158570138632192","","No puedo dejar pasar el hashtag de #AcebesMintió sin recordar un clásico de su alter ego de Polònia. https://www.youtube.com/watch?v=h7huhi1d5lw …","twitter.com/Rocigaot/status/443158570138632192"
"10/3/2014 23:37:11","","443153623259021313","","@xoancastro Animaliños! Aínda lles estaba ben que lles cagasen encima a eles!","twitter.com/Rocigaot/status/443153623259021313"
"10/3/2014 23:35:07","","443153101454065664","","@xoancastro @mvizaguirre polo que vexo no FB está a poñerse de moda aquí o das damas. Menos mal que as miñas amigas pasan...","twitter.com/Rocigaot/status/443153101454065664"
"10/3/2014 21:21:47","","443119548582354945","","Quien sea que está alimentando a las palomas y gaviotas de mi barrio con Activia y All-Bran, que pare, que me han dejado el coche bonito...","twitter.com/Rocigaot/status/443119548582354945"
"10/3/2014 15:21:13","1","443028808606965760","","Partidos por la unidad de la izquierda: ¡hazte con todos!","twitter.com/Rocigaot/status/443028808606965760"
"9/3/2014 19:58:47","1","442736270624980992","","@kalevorroka que me dis! pois eu metinme nisto pra que me trouxera a fama e fortuna que inexplicablemente non conseguín con Audiovisual...","twitter.com/Rocigaot/status/442736270624980992"
"8/3/2014 16:37:24","","442323203013488640","","@mjdelrio me fascina lo de la poca equidad de reclamar el aborto. Será que tenemos que reclamar también el derecho del hombre a abortar. :P","twitter.com/Rocigaot/status/442323203013488640"
"8/3/2014 16:19:10","","442318614407151616","","It's raining monguers, hallelujah!","twitter.com/Rocigaot/status/442318614407151616"
"8/3/2014 1:29:21","","442094684639621121","","Y de momento sólo he visto el cartel de Rosie the Riveter para vendernos tampax, pero espero un 'Coletas the Riveter' a lo largo del día.","twitter.com/Rocigaot/status/442094684639621121"
"8/3/2014 1:27:38","","442094253997432832","","Ni un 8 de marzo sin anuncios que me den ganas de #MATAR, sí señor!pic.twitter.com/O5DBVmqvvS","twitter.com/Rocigaot/status/442094253997432832"
"7/3/2014 22:58:27","","442056711361552384","","@thelindywest Thank God they warn us: I was about to show the film in a primary school because I thought all the penises were white...","twitter.com/Rocigaot/status/442056711361552384"
"7/3/2014 22:01:44","3","442042438568648704","","@mjdelrio @El__Yayo @Ptraci @_Sprocket_ @maiteolondriz estaba yo comparando los egos de ambos pablos también, ¿será cosa del nombre?","twitter.com/Rocigaot/status/442042438568648704"
"7/3/2014 22:00:36","","442042150839406592","","@Cascarelo creo que directamente poden sacar os PabloIglesias, tipo Barbies, cos seus modelitos: PabloIglesias Drag,PabloIglesias Lumpen...","twitter.com/Rocigaot/status/442042150839406592"
"7/3/2014 21:55:53","1","442040965164191745","","Creo que a estas alturas ya podemos dejar de medir el ego en 'grados PabloMotos' y pasar a medirlo en 'grados PabloIglesias'.","twitter.com/Rocigaot/status/442040965164191745"
"7/3/2014 21:48:01","","442038985708548096","","Supongo que para el 8 de marzo, Podemos hará un fotomontaje con la cara de Coletas en la imagen de Rosie the Riveterhttps://twitter.com/ahorapodemos/status/442034136677486592 …El círculo Podemos LGTBI organiza una fiesta el próximo sábado en Madrid. Estáis tod@s invitad@s. pic.twitter.com/eUWSFC39js","twitter.com/Rocigaot/status/442038985708548096"
"7/3/2014 21:43:18","","442037800125603841","","@El__Yayo WTF? Yo les voto si me pasan de gratis lo que se fuman ellos, en serio...","twitter.com/Rocigaot/status/442037800125603841"
"7/3/2014 21:40:32","","442037103179104256","","@El__Yayo Qué ha sido esta vez, que yo me quedé en lo de las citas de Gandalf?","twitter.com/Rocigaot/status/442037103179104256"
"7/3/2014 21:26:31","","442033576641830912","","@araceligonda @burelao eu vin xente na praia en bañador, non digo mais; e mentres polo paseo marítimo, algunha con abrigo e bufanda.","twitter.com/Rocigaot/status/442033576641830912"
"7/3/2014 19:51:29","","442009657197211648","","@pmarsupia Han hecho una web para que la gente sugiera candidatos y a quien no le interese tiene que pedirles que lo quiten de la lista.","twitter.com/Rocigaot/status/442009657197211648"
"7/3/2014 17:42:44","","441977257696186368","","@El__Yayo solías venir aquí? na,unos temporales más y llega nuestra playa a Alcalá, no te preocupes XD","twitter.com/Rocigaot/status/441977257696186368"
"7/3/2014 17:32:57","","441974796562464768","","@El__Yayo aquí con tanto temporal (y que parte de la ciudad es terreno robado al mar) casi llega la playa a la salida de la autopista :P","twitter.com/Rocigaot/status/441974796562464768"
"7/3/2014 17:25:17","","441972868306706432","","@El__Yayo yo voy a pegarme una buena caminata junto a la playa,que es el 2ºdía aquí que no llueve desde diciembre.A ver si se me va el musgo","twitter.com/Rocigaot/status/441972868306706432"
"7/3/2014 16:55:57","","441965484133871617","","@PotiPotiInLove @Adroi_Bogui hay que eliminar competencias celestiales autonómicas:que si el patrón de tal y cual sitio,eso no es eficiente!","twitter.com/Rocigaot/status/441965484133871617"
"7/3/2014 15:45:30","","441947754232041474","","@PotiPotiInLove ¿No llegaban la Virgen y S. Teresa? Mucho criticar las CCAA pero el PP tiene tropecientos sistemas de intercesión divina!","twitter.com/Rocigaot/status/441947754232041474"
"7/3/2014 2:25:28","","441746420622585859","","@Marmota_Maligna @PotiPotiInLove Y como ahora los ayuntamientos van mal de pelas, igual alguno busca patrocinio de Divinity o Cosmo. Lo veo.","twitter.com/Rocigaot/status/441746420622585859"
"7/3/2014 2:23:19","1","441745877300805632","1","@PotiPotiInLove @Marmota_Maligna cualquier año nos sorprenden con un 'Miss mujer bonita que lucha' para el 8 de marzo y se quedan tan anchos","twitter.com/Rocigaot/status/441745877300805632"
"7/3/2014 2:17:29","","441744412175896578","","@Marmota_Maligna le estoy cogiendo miedo a ese día, cada año me pillo unos cabreos y paso cada vergüenza ajena que pa qué...","twitter.com/Rocigaot/status/441744412175896578"
"6/3/2014 22:42:59","1","441690428497494017","","@El__Yayo que ahora que recuerdo, tampoco le gusta el chocolate. Empiezo a plantearme si es humano o es un reptiliano infiltrado :D","twitter.com/Rocigaot/status/441690428497494017"
"6/3/2014 22:40:47","1","441689876057325569","","@El__Yayo na, tampoco, pero sí que le decimos a veces que no es de fiar. Es como la gente a la que no le gusta el chocolate :P","twitter.com/Rocigaot/status/441689876057325569"
"6/3/2014 22:36:53","","441688894040735745","","@El__Yayo yo conozco uno! Estoy por pasarle el enlace XD","twitter.com/Rocigaot/status/441688894040735745"
"6/3/2014 22:19:09","","441684430550499328","1","Ojo, que los de Vox pueden hacer que los de UPyD parezcan casi normales, y todo.","twitter.com/Rocigaot/status/441684430550499328"
"6/3/2014 22:07:48","2","441681574925709314","1","@El__Yayo yo endulzo el café con sangre de pequeño pony, que es más natural que las mierdas de edulcorantes químicos.","twitter.com/Rocigaot/status/441681574925709314"
"6/3/2014 21:49:35","","441676991444844544","","@medicblasto  Es que lo ponen TAN a huevo...    http://www.youtube.com/watch?v=wOiOFxMwD9s …","twitter.com/Rocigaot/status/441676991444844544"
"6/3/2014 15:57:33","2","441588401138327552","","Igual el próximo paso de los de 'Hipsters from Spain' es montar un Badoo solo para hipsters, como el de Católicos on line.","twitter.com/Rocigaot/status/441588401138327552"
"6/3/2014 15:52:36","","441587154469548032","1","@mjdelrio yo me prestaría a verlo, con palomitas y todo. Sería un poco como ver la Hora Chanante.","twitter.com/Rocigaot/status/441587154469548032"
"6/3/2014 15:49:24","1","441586348450131968","2","@mjdelrio hay que montar una ponencia sobre energía YA con este fulano y JimmyPokemon con su 'los rojos bien que usan el sol'.","twitter.com/Rocigaot/status/441586348450131968"
"6/3/2014 15:47:23","2","441585839437799426","","@annakosmonaut @ComandanteVimes @TallulahBeesley estoy impaciente ya por ver con qué maravillas me deleitan este año. #NO","twitter.com/Rocigaot/status/441585839437799426"
"6/3/2014 15:40:18","1","441584060692185088","","@TallulahBeesley @ComandanteVimes @annakosmonaut el año pasado en mi FB uno lo dedicó 'a las madres,por anteponer a su familia a sí mismas'","twitter.com/Rocigaot/status/441584060692185088"
"6/3/2014 13:54:32","","441557442753986560","","@xoancastro onte xa estivemos comentando o momento 'You shall not pass' de Iglesias cando ían os lumpen a roubarlle a mesa de mezclas...","twitter.com/Rocigaot/status/441557442753986560"
"6/3/2014 1:22:50","","441368271452135424","","@PotiPotiInLove @Adroi_Bogui @ComandanteVimes ¿a que sí? Se le nota la clase baja, normal que Coletas acabase tan quemado...","twitter.com/Rocigaot/status/441368271452135424"
"6/3/2014 1:21:37","","441367962373857281","","@Adroi_Bogui @ComandanteVimes @PotiPotiInLove Esperad, aquí va el momento exacto 'Coletas vs el lumpen' http://www.youtube.com/watch?v=BYnLIEZAHco …","twitter.com/Rocigaot/status/441367962373857281"
"6/3/2014 1:18:55","1","441367283840344066","","@Adroi_Bogui @ComandanteVimes @PotiPotiInLove 'Entraron unos lumpen a robarnos la mesa de mezclas y les dije: You shall not pass!'","twitter.com/Rocigaot/status/441367283840344066"
"6/3/2014 1:17:22","","441366894671847424","","¿Cómo nadie me avisa hasta ahora de este tweet de Podemos citando a Gandalf? (Brutal el combo Delacroix+Tolkien)https://twitter.com/ahorapodemos/status/440942956208324608 …Nos identifican con la Rev, Francesa, pero solo 'podemos elegir qué hacer con el tiempo que se nos ha dado'(Gandalf) pic.twitter.com/xLgjvUR9ye","twitter.com/Rocigaot/status/441366894671847424"
"6/3/2014 1:14:42","","441366224530702337","","@ComandanteVimes @PotiPotiInLove AY, MADRE!pic.twitter.com/6e1wdVDlMA","twitter.com/Rocigaot/status/441366224530702337"
"6/3/2014 1:07:33","","441364424079994880","","@PotiPotiInLove @ComandanteVimes ¿Alguien de Podemos ha citado a Gandalf?","twitter.com/Rocigaot/status/441364424079994880"
"5/3/2014 22:40:03","","441327305336434688","","@MariCalpi yo probablemente me caería como Jennifer Lawrence y en el aterrizaje rompería el Oscar. Los programas de zapping me iban a adorar","twitter.com/Rocigaot/status/441327305336434688"
"5/3/2014 22:38:18","","441326864779341824","","@MariCalpi mira, como Sergio Ramos con la Copa del Rey...","twitter.com/Rocigaot/status/441326864779341824"
"5/3/2014 21:51:40","","441315129414541312","","@PotiPotiInLove Ah,ya decía yo. Es que si no confiamos en el criterio de alguien que rima 'frío' con 'partío', no sé qué nos queda.","twitter.com/Rocigaot/status/441315129414541312"
"5/3/2014 21:43:03","","441312961190043648","","@PotiPotiInLove ¿Tantas fuentes autorizadas necesitas? ¿Es que no era bastante cuando lo dijo Alejandro Sanz?","twitter.com/Rocigaot/status/441312961190043648"
"5/3/2014 17:03:17","","441242554244157440","","@Ika80Bcn es que los niños aquí juegan a prepararse oposiciones a subalterno mientras los yankis andan vendiendo limonada, y eso no pué ser","twitter.com/Rocigaot/status/441242554244157440"
"5/3/2014 16:55:01","1","441240472967602176","","@Marmota_Maligna mujer, es que de música todo lo que hay que saber son las canciones de misa, y eso lo puedes aprender en Religión :P","twitter.com/Rocigaot/status/441240472967602176"
"5/3/2014 16:41:14","","441237006757011456","","Que llamadme loca,pero igual de crío debes ver si te gustan las ciencias,el arte,la literatura... no si querrás contrato laboral o mercantil","twitter.com/Rocigaot/status/441237006757011456"
"5/3/2014 16:38:49","","441236398020894722","1","Porque se ve que como no nos enseñaban a emprender en el cole, soñábamos con ser auxiliares administrativos del Grupo D. Cosas de críos,vaya","twitter.com/Rocigaot/status/441236398020894722"
"5/3/2014 16:32:33","2","441234820253769728","1","A ver cuanto tardan en soltarme en FB lo de 'es que hay que animar a emprender, que no puede ser que los niños quieran ser funcionarios'.","twitter.com/Rocigaot/status/441234820253769728"
"5/3/2014 16:17:59","","441231154826338306","","@callaquenoveo ese caballo tiene cara de mala gente, seguro que fue él el que le susurró lo de ir a por los gays.","twitter.com/Rocigaot/status/441231154826338306"
"5/3/2014 16:11:05","1","441229416803229696","","@xoancastro @Cascarelo pero non é dabondo,  mentres os nosos nenos non monten postos de limonada no xardín non estaremos saíndo da crise :P","twitter.com/Rocigaot/status/441229416803229696"
"5/3/2014 15:54:26","1","441225227595292672","5","'Espíritu emprendedor' e 'iniciativa empresarial' en el currículo de Ed. Primaria. Qué ganas de emprenderla a hostias http://www.boe.es/boe/dias/2014/03/01/pdfs/BOE-A-2014-2222.pdf …","twitter.com/Rocigaot/status/441225227595292672"
"5/3/2014 1:42:50","","441010914691518464","","@Tabernita pues igual funcionaba 'aparecerte' al de Interior cuando esté pedo, que se piense que está teniendo otra visión como en Las Vegas","twitter.com/Rocigaot/status/441010914691518464"
"5/3/2014 1:36:02","1","441009204317274112","","@Tabernita oye, pues me estás dando una idea para sacar provecho de la racha que llevo para pillar carguito...","twitter.com/Rocigaot/status/441009204317274112"
"4/3/2014 21:56:57","","440954071160070144","","80.000 subsaharianos haciendo un 'caballo de Troya' y cruzando la frontera dentro de un sobre de Bárcenas.","twitter.com/Rocigaot/status/440954071160070144"
"4/3/2014 21:55:01","","440953584042004481","","@El__Yayo Yo creo que si se apoyan todos y empujan, tumban la valla y se ahorran saltar. Y más si esperan unas horitas y llegan al millón.","twitter.com/Rocigaot/status/440953584042004481"
"4/3/2014 21:36:31","","440948929073385472","1","@LordoLordor LO NECESITO!!","twitter.com/Rocigaot/status/440948929073385472"
"4/3/2014 20:38:36","","440934353233657857","","@PixelRobot además,¿y si yo en serio quiero proponer a la letrista de las Flos Mariae?¿Cómo saben que eso es coña y lo de Niño Becerra no?","twitter.com/Rocigaot/status/440934353233657857"
"4/3/2014 20:31:12","1","440932490794921984","","@LatveriasDoom @El__Yayo ya en su día sacó pañuelos palestinos cuquis en rosa, bien pueden seguir completando el look.","twitter.com/Rocigaot/status/440932490794921984"
"4/3/2014 20:29:02","","440931945912872960","","@PixelRobot tengo curiosidad por saber cómo determinan qué candidaturas se presentan en coña, que como dicen que esas las vetan...","twitter.com/Rocigaot/status/440931945912872960"
"4/3/2014 19:57:16","","440923950567010304","","Lo de acabar de precandidato de Partido X porque la gente lo reclama, sin tú haberlo pedido, lo imagino un poco así:  http://www.youtube.com/watch?v=6iQyuD0byTY …","twitter.com/Rocigaot/status/440923950567010304"
"4/3/2014 18:48:16","","440906586710503424","","@callaquenoveo y como yo era algo mayor y ya sabía de dónde salía el bebé, me dijeron que no me chivara,que era para que no tuviera celos :D","twitter.com/Rocigaot/status/440906586710503424"
"4/3/2014 18:30:04","","440902007520374786","","@callaquenoveo a una amiga cuando nació su hermano le compraron no recuerdo qué y le dijeron que se lo había traído el bebé de la luna XD","twitter.com/Rocigaot/status/440902007520374786"
"4/3/2014 17:50:18","","440891998082322432","1","@Adroi_Bogui @ComandanteVimes pantuflas de sextuitero! #concepto","twitter.com/Rocigaot/status/440891998082322432"
"4/3/2014 17:06:58","","440881091566530560","","Junto a la valla de Melilla hay 1 hamaca clonadora como la de Homer para ir multiplicando a los subsaharianos invasores #FernandezDíazFacts","twitter.com/Rocigaot/status/440881091566530560"
"4/3/2014 16:27:51","","440871247472115712","3","@El__Yayo Diez (mil millones de) negritos. Jorge Fernández Díaz feat. Agatha Christie.","twitter.com/Rocigaot/status/440871247472115712"
"4/3/2014 15:24:07","","440855210978574336","","@El__Yayo Tendrán una hamaca fabricadora de clones, como la de Homer Simpson.","twitter.com/Rocigaot/status/440855210978574336"
"4/3/2014 15:20:45","","440854361711710208","","@Marmota_Maligna  EN UN NEGOCIO LLENO DENUEVAS ESPECTATIVAS, ojo.","twitter.com/Rocigaot/status/440854361711710208"
"4/3/2014 14:10:18","1","440836635291164672","","@ElMocitoHappy supongo que para el menú también habrá web de propuestas.","twitter.com/Rocigaot/status/440836635291164672"
"3/3/2014 23:46:31","","440619256200196096","","@RubenGaldon yo ahí veo grandes ejemplos de lo que pasa por animar a la gente a emprender a lo loco, de lo que sea, conozca el negocio o no.","twitter.com/Rocigaot/status/440619256200196096"
"3/3/2014 23:40:59","","440617861459898370","","@PotiPotiInLove la misma!","twitter.com/Rocigaot/status/440617861459898370"
"3/3/2014 23:23:22","","440613429665996800","","@ComandanteVimes no des ideas, que igual aún tiene Telecinco los derechos del pressing catch femenino que emitía en los 90...","twitter.com/Rocigaot/status/440613429665996800"
"3/3/2014 23:16:35","","440611724039692289","","@PotiPotiInLove o como la lista de imbéciles de vuestra amiga la loca!","twitter.com/Rocigaot/status/440611724039692289"
"3/3/2014 23:03:55","","440608536309940224","","@VictorMPozuelo con mi promesa electoral estrella de crear un gulag para coaches ganaría muchos votos, eso no lo dudes!","twitter.com/Rocigaot/status/440608536309940224"
"3/3/2014 23:00:44","","440607734375776256","","@VictorMPozuelo qué he hecho yo ahora? :P","twitter.com/Rocigaot/status/440607734375776256"
"3/3/2014 22:59:20","","440607380728852480","","#CandidatosPartidoX Puri Medeiros.","twitter.com/Rocigaot/status/440607380728852480"
"3/3/2014 22:56:44","","440606726971092992","","#CandidatoPartidoX Kodos, que Kang ya se vio que no era buena idea.","twitter.com/Rocigaot/status/440606726971092992"
"3/3/2014 22:55:33","","440606428265340929","","@VictorMPozuelo encima fijo que él daba el visto bueno a su candidatura, con las ganas que tiene de pillar carguito!","twitter.com/Rocigaot/status/440606428265340929"
"3/3/2014 22:53:12","1","440605836675543040","","#CandidatoPartidoX El 35 matrículas, que ya tiene los vídeos y la web hechos y le mola lo de gestionar la cosa pública.","twitter.com/Rocigaot/status/440605836675543040"
"3/3/2014 22:47:59","1","440604526932803584","","#CandidatoPartidoX Mocito Feliz.","twitter.com/Rocigaot/status/440604526932803584"
"3/3/2014 22:45:54","","440604001252278273","","Mola que Partido X tenga a uno respondiendo a todos con copypaste que no es un fraude. Hasta a los que nos reímos sin decir que lo fuera.","twitter.com/Rocigaot/status/440604001252278273"
"3/3/2014 22:44:30","","440603649836736512","1","Si mis amigos tuvieran palabra y no cancelaran planes a última hora, las risas a costa del Partido X que me estaría perdiendo.","twitter.com/Rocigaot/status/440603649836736512"
"3/3/2014 22:42:55","","440603251918909440","",".@dani_mejia no he dicho que sea fraude, he dicho que es una patochada. Aunque al copiar y pegar la respuesta a todos los que nos reímos...","twitter.com/Rocigaot/status/440603251918909440"
"3/3/2014 22:29:26","","440599856420093952","","Yo creo que la ocurrencia de los candidatos de Partido X la copiaron de aquí: http://www.namemydaughter.com/ ","twitter.com/Rocigaot/status/440599856420093952"
"3/3/2014 22:27:02","1","440599251689558016","","#CandidatoPartidoX El chinovasco del reality de la Corina.","twitter.com/Rocigaot/status/440599251689558016"
"3/3/2014 22:26:18","","440599068411043840","","@Hominidio certo, non me acordaba xa dese fulano!","twitter.com/Rocigaot/status/440599068411043840"
"3/3/2014 22:21:29","","440597856013922304","","@Hominidio como mínimo agardo ver de candidato a Rafa Mora.","twitter.com/Rocigaot/status/440597856013922304"
"3/3/2014 22:20:17","","440597554770624512","","#CandidatoPartidoX Leonardo diCaprio, a ver si por fin gana algo el chaval.","twitter.com/Rocigaot/status/440597554770624512"
"3/3/2014 21:40:19","","440587495814602752","","Juraría que yo ya había retwitteado ya lo de la cucharilla de @MargaretCastor . Twitter, ¿le estás quitando RTs para impedir que lo haga?","twitter.com/Rocigaot/status/440587495814602752"
"3/3/2014 21:22:21","2","440582972966596608","5","¿Puedo proponer a las Flos Mariae en candidatura conjunta al Partido X, o tengo que elegir a una?","twitter.com/Rocigaot/status/440582972966596608"
"3/3/2014 21:17:48","","440581830278774785","","Igual aparte de plantarme el último día con el disfraz ya listo mi amiga me ha apuntado a precandidata del Partido X, ya para joder del todo","twitter.com/Rocigaot/status/440581830278774785"
"3/3/2014 21:13:17","","440580695191076864","","@ComandanteVimes @LatveriasDoom ya ves, sin comerlo ni beberlo, como su primo Will en Bel Air XD","twitter.com/Rocigaot/status/440580695191076864"
"3/3/2014 20:42:31","","440572951394394112","","No sé cómo mi amiga doña 'excusas para el plantón' no amplía su manido catálogo con innovaciones tipo 'estoy atrapada en un sharknado'.","twitter.com/Rocigaot/status/440572951394394112"
"3/3/2014 20:39:47","2","440572262970716160","","@ComandanteVimes @LatveriasDoom es como las elecciones a delegado en mi antigua clase: en 1ª vuelta ganó Alfonso Ribeiro, alias Carlton :P","twitter.com/Rocigaot/status/440572262970716160"
"3/3/2014 20:24:11","","440568338385600512","","La cara de cuando mi amiga la de los plantones de última hora me está explicando la excusa que toca esta vez.pic.twitter.com/Z89QD01yJV","twitter.com/Rocigaot/status/440568338385600512"
"3/3/2014 15:20:14","1","440491843470381056","","@Marmota_Maligna La combinación 'alerta roja por olas+cámaras reflex' está haciendo muchísimo por la selección natural de la especie.","twitter.com/Rocigaot/status/440491843470381056"
"3/3/2014 14:23:39","","440477604919795712","","Pues nada, voy a empaquetar lo del disfraz:al menos el año que viene ya lo tengo  listo y no me preparo otro sin saber si va a ser pa na.","twitter.com/Rocigaot/status/440477604919795712"
"3/3/2014 13:01:51","","440457020001374208","","Lo bueno de hacer el disfraz con lo que tienes por casa y cuatro añadidos es que palmas menos pasta cuando te cancelan el plan a última hora","twitter.com/Rocigaot/status/440457020001374208"
"3/3/2014 12:47:13","","440453335364014081","","@RubenGaldon El gif del bailecito de Meryl es grandioso también!","twitter.com/Rocigaot/status/440453335364014081"
"3/3/2014 12:34:42","","440450187970883584","","@RubenGaldon A Cumberbatch le salió mejor que a Liza Minelli lo de colarse en foto ajena! XD","twitter.com/Rocigaot/status/440450187970883584"
"3/3/2014 1:53:09","","440288735855263744","","Una que se va a dormir. Mañana ya veré quién ganó y si se puso de parto Elsa Pataky en plena gala.","twitter.com/Rocigaot/status/440288735855263744"
"3/3/2014 1:51:01","","440288199370211328","","@callaquenoveo lo mejor, la colleja-tirón de pelo que le pega a la que va delante al intentar frenar la caída...","twitter.com/Rocigaot/status/440288199370211328"
"3/3/2014 1:44:57","","440286674421944320","","Empatizo con Jennifer Lawrence porque lo de ir tan guay por la alfombra roja y caerte es lo típico que me pasaría a mí de ir a los Oscar.","twitter.com/Rocigaot/status/440286674421944320"
"3/3/2014 0:53:37","1","440273752987688961","","@xoancastro  Si, pero dou fe de que falan de trepanación. O tutorial de Carmen Porter non deixaba lugar á dúbida","twitter.com/Rocigaot/status/440273752987688961"
"3/3/2014 0:48:59","","440272589122854912","","@xoancastro eu tamén. É que non sei de qué vale ser twitstar se non podes trollear aos teus fans enfervorecidos animándoos a autotrepanarse.","twitter.com/Rocigaot/status/440272589122854912"
"3/3/2014 0:46:44","1","440272021700608000","","@crow_ley acabo de echar la cerveza por la nariz de la carcajada al ver el teléfono. XD","twitter.com/Rocigaot/status/440272021700608000"
"3/3/2014 0:44:28","","440271449433980928","","@xoancastro non descarto que algún twitstar o recomende algún día por trollear, en plan 'imos ver até qué punto me siguen estes pardillos'.","twitter.com/Rocigaot/status/440271449433980928"
"3/3/2014 0:42:08","","440270864278253568","","@xoancastro máis quixera eu: polo que vexo en FB, se vai nun carteliño e leva a foto dun señor ilustre ao lado, vai a misa.","twitter.com/Rocigaot/status/440270864278253568"
"3/3/2014 0:31:54","","440268290124808192","","O mejor aún: suben un cartel a FB recomendando autotrepanarse, y lo hacéis rular cual cita célebre falsa.  #CuartoMilenio","twitter.com/Rocigaot/status/440268290124808192"
"3/3/2014 0:29:15","1","440267621703766017","","Os reís porque es #CuartoMilenio, pero alaba la autotrepanación vuestro twitstar favorito y os falta tiempo para pillar martillo y cincel.","twitter.com/Rocigaot/status/440267621703766017"
"3/3/2014 0:28:00","1","440267306849939456","","'Autotrepanarse es bueno'. Lo típico: haz ejercicio, toma 5piezas de fruta al día y perfórate el cráneo regularmente #CuartoMilenio","twitter.com/Rocigaot/status/440267306849939456"
"3/3/2014 0:24:05","1","440266321519845376","1","Carmen en plan gurú youtubera haciéndonos un tutorial de trepanación. #CuartoMilenio","twitter.com/Rocigaot/status/440266321519845376"
"3/3/2014 0:08:03","","440262288491040768","1","Aquí ya podemos tener el Hum ese, ya, que entre las ciclogénesis y las granizadas cualquiera oye una mierda... #CuartoMilenio","twitter.com/Rocigaot/status/440262288491040768"
"2/3/2014 23:15:07","2","440248966978871296","","Mira que ben, poño #CuartoMilenio a tempo pra ver a sección 'Los gayegos dan mazo miedo' ® @Tawil","twitter.com/Rocigaot/status/440248966978871296"
"2/3/2014 21:16:55","1","440219221662765056","1","@alitecarlito las hipster arrasando con los vestidos de fiesta de Fórmula Joven Corte Inglés tras ver a Flos Mariae en 1blog de streetstyle","twitter.com/Rocigaot/status/440219221662765056"
"2/3/2014 20:44:24","1","440211034490429440","","@alitecarlito Flos Mariae al Primavera Sound!","twitter.com/Rocigaot/status/440211034490429440"
"2/3/2014 14:07:49","","440111232679280641","","Voy a hacerme bloguera de moda friki, a ver si los de qwertee me regalan camisetas como hacen otras marcas con las it-girls... :P","twitter.com/Rocigaot/status/440111232679280641"
"2/3/2014 14:04:00","1","440110274264043520","1","@LatveriasDoom cuando sepamos sacar energía de la cutrez pija en mi ciudad desembarcan los marines para 'traernos la democracia', fijo.","twitter.com/Rocigaot/status/440110274264043520"
"2/3/2014 2:26:49","1","439934822606073856","","Gente que os disfrazáis en pareja: no sé qué hacéis que no copiáis esta ideaca.  http://www.coolest-homemade-costumes.com/coolest-the-shining-diy-halloween-costume.html …","twitter.com/Rocigaot/status/439934822606073856"
"2/3/2014 2:17:24","2","439932450492252160","3","He visto por Internet un disfraz muy chulo de Pai Mei, el de Kill Bill. Y además puedes reutilizar las cejas para ir otro día de Gallardón.","twitter.com/Rocigaot/status/439932450492252160"
"1/3/2014 18:28:42","2","439814497956818944","1","@Cascarelo @el_pais vou pillar unha máscara de Guy Fawkes e un pincho moruno e disfrazarme de Froilán este Antroido. De Froilán sexy.","twitter.com/Rocigaot/status/439814497956818944"
"1/3/2014 18:24:53","1","439813538778202112","","@Cascarelo @el_pais Isto é o lobby froilanista que xa está metendo mano en El País pra facer campaña polos seus dereitos sucesorios...","twitter.com/Rocigaot/status/439813538778202112"
"1/3/2014 16:39:56","5","439787127656574976","3","@MargaretCastor ...'entonces vinieron a por los sincebollistas, y ya no quedaba nadie que dijera nada' :(","twitter.com/Rocigaot/status/439787127656574976"
"1/3/2014 13:49:44","1","439744296074625024","","He ido a por un disfraz de policía sexy pero ya sólo les quedaban de policía Virgen Santísima del Amor. Otros carnavales a dos velas.","twitter.com/Rocigaot/status/439744296074625024"