"date","fav","id","rt","text","url"
"31/7/2014 15:52:41","","494843089899761664","","@Pozuelen mis amigos jebis a veces me recuerdan demasiado a las fans de Take That con las que compartía clase a los 13 añitos :D","twitter.com/Rocigaot/status/494843089899761664"
"31/7/2014 15:28:56","1","494837116401360896","","@Pozuelen oh, los clásicos exámenes orales donde te preguntan hasta el nombre de la 1ªmascota del batería si llevas camiseta de un grupo XD","twitter.com/Rocigaot/status/494837116401360896"
"31/7/2014 12:39:54","1","494794575400411136","","@mjdelrio @El__Yayo otro clasicazo!","twitter.com/Rocigaot/status/494794575400411136"
"31/7/2014 12:33:23","2","494792936463540224","2","@El__Yayo es como el clásico 'que los profes hagan huelga el domingo'.","twitter.com/Rocigaot/status/494792936463540224"
"30/7/2014 22:17:09","2","494577457706827776","","Verano Azul, José Luis Moreno y Ana Obregón, hoy Chiquito... Está TVE de un renovador que ni el PSOE.","twitter.com/Rocigaot/status/494577457706827776"
"30/7/2014 22:11:59","1","494576156008390657","","@El__Yayo calla,que conozco a una chica que tiene un canal de youtube sobre maquillaje. Me estás dando una ideaza para #emprender XD","twitter.com/Rocigaot/status/494576156008390657"
"30/7/2014 13:02:00","2","494437750234677248","2","@mjdelrio @LatveriasDoom @Subnorbook @undivaga ay, la web XDpic.twitter.com/AJKhIci3Q2","twitter.com/Rocigaot/status/494437750234677248"
"30/7/2014 12:59:03","2","494437007930949632","","@Subnorbook @mjdelrio @LatveriasDoom @undivaga en FB tengo conocidos que hicieron curso y ofrecen coaching gratis para hacer las prácticasXD","twitter.com/Rocigaot/status/494437007930949632"
"30/7/2014 12:37:47","4","494431654895955968","1","@Subnorbook @LatveriasDoom @undivaga una secta o un infeliz al que colaron un máster en coaching e intenta ejercer. Cuesta distinguirlos.","twitter.com/Rocigaot/status/494431654895955968"
"30/7/2014 1:38:24","1","494265714900217856","","@Tawil @eleptric las cortinas? Y el papel de la pared, con ese dibujo que parecen ositos colgados de globos?","twitter.com/Rocigaot/status/494265714900217856"
"30/7/2014 0:14:36","1","494244627168653312","","@kalevorroka eu teño 35 e non perdín a esperanza :P","twitter.com/Rocigaot/status/494244627168653312"
"29/7/2014 21:51:18","1","494208566933598208","","@LatveriasDoom The horror, the horror.","twitter.com/Rocigaot/status/494208566933598208"
"29/7/2014 19:52:12","1","494178591610245120","","@gmit3 aunque le hagas unos agujeritos en la caja para que respire? :D","twitter.com/Rocigaot/status/494178591610245120"
"29/7/2014 18:43:25","","494161282925621249","","Debería comentarle a los ciclaos que están poniendo música con el móvil para toda la playa que se han inventado los auriculares.","twitter.com/Rocigaot/status/494161282925621249"
"29/7/2014 14:30:45","","494097696429707264","","@PotiPotiInLove @Tawil es que Alerta Digital es ya nivel pro de fachamonguerismo.","twitter.com/Rocigaot/status/494097696429707264"
"29/7/2014 14:27:23","","494096851411673090","","@PotiPotiInLove yo me los imagino twitteando orgullosísimos de su ingenio. 'Arturito,jojo!Qué chispa has tenido siempre,Borja Luis'","twitter.com/Rocigaot/status/494096851411673090"
"29/7/2014 14:19:22","","494094831883665408","","@PotiPotiInLove tengo uno del PP en el caralibro que cuando quiere hacer alarde de chispa e ingenio, en vez de 'Arturo' usa 'Arturito'. XD","twitter.com/Rocigaot/status/494094831883665408"
"29/7/2014 13:27:29","","494081773949960192","","@StarlessCrimson es una cuenta parodia, la l de Kaplan es una i mayúscula. Que tampoco es que el de verdad sea mucho más normal, pero...","twitter.com/Rocigaot/status/494081773949960192"
"29/7/2014 12:45:00","","494071083084296192","","@deploreibol y de un tirón super limpio, ni restos de carne, ni sangre ni ná. Como quien quita el mantel de un tirón sin tirar los vasos.","twitter.com/Rocigaot/status/494071083084296192"
"28/7/2014 23:51:15","","493876364291080193","","@Pozuelen hay opción de registrarte para cotillear pero bloquear que la gente te hable? (no sé por qué hay gente que me llama borde XD)","twitter.com/Rocigaot/status/493876364291080193"
"28/7/2014 23:43:58","","493874531589980160","","@Pozuelen cada vez estoy más convencida para probar Tinder #NO","twitter.com/Rocigaot/status/493874531589980160"
"28/7/2014 23:09:06","1","493865754371321856","","@El__Yayo si te consuela, a mí el facebook me mete anuncios de las oposiciones a policía nacional :P","twitter.com/Rocigaot/status/493865754371321856"
"28/7/2014 23:07:10","1","493865267513294848","","@El__Yayo 'Que no me entere yo de que ese culito policromado pasa hambre!'","twitter.com/Rocigaot/status/493865267513294848"
"28/7/2014 17:37:09","","493782217546805248","","@Tawil pois por aquí vai fresquiño.","twitter.com/Rocigaot/status/493782217546805248"
"28/7/2014 16:18:29","","493762422512312320","","@mjdelrio @tonapou @editora @formentera6 ya estáis los viejos verdes XD","twitter.com/Rocigaot/status/493762422512312320"
"28/7/2014 16:16:40","","493761964867612672","","@mjdelrio @tonapou @editora @formentera6 yo no hice captura,pero chico al final de su adolescencia, universitario y con los ojos grandes XD","twitter.com/Rocigaot/status/493761964867612672"
"28/7/2014 16:14:35","1","493761439086424064","","@editora @tonapou @formentera6 @mjdelrio yo lo hice y tampoco, soy un chaval en los años finales de su adolescencia! :P","twitter.com/Rocigaot/status/493761439086424064"
"28/7/2014 15:53:19","","493756088140169217","","@mjdelrio @formentera6 @editora @tonapou sí, que lo tengo que comprar ya!que voy por ahí en un coche sin gancho pa bolso y es una temeridad!","twitter.com/Rocigaot/status/493756088140169217"
"28/7/2014 15:49:07","","493755030143774720","","@formentera6 @editora @mjdelrio @tonapou qué diferencia habrá entre el beig glam y el beige normal de toda la vida de dios?","twitter.com/Rocigaot/status/493755030143774720"
"28/7/2014 14:39:47","","493737580656336896","","Amazon @buyvip me manda un mail de ofertas. En el apartado 'mujer' meten las sartenes. Aún llegan rápidos sus envíos para venir desde 1950.","twitter.com/Rocigaot/status/493737580656336896"
"28/7/2014 0:57:17","1","493530592915783680","","@morganaskwlkr las tres preguntas clave para saber si está wachapeando ella sola o te da cuerda porque se está descojonando con sus colegas.","twitter.com/Rocigaot/status/493530592915783680"
"28/7/2014 0:44:18","3","493527324080738304","2","@Pozuelen voy a escribir mi propio libro de 'las 100 mejores frases bordes para cortarle el rollo a los de los cursos de follar'.","twitter.com/Rocigaot/status/493527324080738304"
"28/7/2014 0:33:55","","493524712925167616","","@natxox @play_buzz lo mismo me ha salido a mí! Qué puntería, hoygan! :D","twitter.com/Rocigaot/status/493524712925167616"
"28/7/2014 0:17:52","","493520674326315008","2","Eso es un gorro de los de hacerte las mechas, Iker. #CuartoMilenio","twitter.com/Rocigaot/status/493520674326315008"
"28/7/2014 0:03:50","2","493517142592352256","2","En #CuartoMilenio están repitiendo el de 'tapad la webcam con esparadrapo para que la CIA no os vea haciéndoos pajas'.","twitter.com/Rocigaot/status/493517142592352256"
"27/7/2014 21:30:15","","493478490562641920","","@R4v3NStark @laguiri @undivaga @mjdelrio lo más cerca que tuve 1víbora fue a unos 3m.Me alejé pero sin hacer un sprint como con las avispas.","twitter.com/Rocigaot/status/493478490562641920"
"27/7/2014 21:18:54","","493475634749145088","","@laguiri @undivaga @R4v3NStark @mjdelrio igual si un día me pican digo 'pues no es pa tanto' y me pasa la fobia.Pero no me apetece probar :P","twitter.com/Rocigaot/status/493475634749145088"
"27/7/2014 20:38:55","","493465574820024320","","@undivaga @mjdelrio @R4v3NStark a mí me pasa igual. Nunca me han picado,pero les tengo pánico. Se me acerca una y adelanto a Ussian Bolt :P","twitter.com/Rocigaot/status/493465574820024320"
"27/7/2014 13:56:11","4","493364222869659648","2","'Ponérselo fácil a los clientes,empezando por el nombre'.Dicen tras cambiárselo más veces que Tamara-Ambar-Yurena.pic.twitter.com/olECVugRAG","twitter.com/Rocigaot/status/493364222869659648"
"27/7/2014 12:17:28","1","493339380107730944","","@crow_ley @ComandanteVimes mmmm. mermelada...pic.twitter.com/VynEIHQcEG","twitter.com/Rocigaot/status/493339380107730944"
"26/7/2014 15:19:27","","493022790023651328","","@missultrasonica soy ultrafan de estas tías. Tienen una llamada 'Ironically' sobre lo chungo de enamorarse de un gafapasta que es... XDDD","twitter.com/Rocigaot/status/493022790023651328"
"26/7/2014 13:09:00","4","492989958844870656","1","Sobre relaciones y posterior chasco en twitter, más que con lo de la GQ, me quedo con este temazo. https://www.youtube.com/watch?v=GqfIxOnAFig …","twitter.com/Rocigaot/status/492989958844870656"
"25/7/2014 16:45:07","","492681960209534976","","@Pozuelen Jajajajajaja! ¿De qué relato de la Nuevo Vale habrán plagiado esto?","twitter.com/Rocigaot/status/492681960209534976"
"25/7/2014 16:27:36","3","492677550066659328","","@delocoprimo @Pozuelen @morganaskwlkr ahora cuando me manden una gilipollez por whatsapp me preguntaré :'¿habrá pagado por esta mierda?'","twitter.com/Rocigaot/status/492677550066659328"
"25/7/2014 16:16:34","","492674774079115265","","@delocoprimo @Pozuelen @morganaskwlkr muy fan de los tweets dialogados,que nunca contemplan la respuesta 'Quítateme de delante, pesao.","twitter.com/Rocigaot/status/492674774079115265"
"25/7/2014 15:59:25","","492670457762820096","","@Pozuelen @morganaskwlkr juas!lo que twittea son las frasecitas que enseñan en los cursos de seducción?Qué dinero más bien invertido! #NO","twitter.com/Rocigaot/status/492670457762820096"
"25/7/2014 15:09:43","","492657952688713728","","@laguiri @LatveriasDoom @mom0_o gracias, lo buscaré! :D","twitter.com/Rocigaot/status/492657952688713728"
"25/7/2014 0:49:31","","492441475998056449","","@ComandanteVimes 'La fórmula de la infatuación'. Esto a mí me suena a hechizo de Harry Potter.","twitter.com/Rocigaot/status/492441475998056449"
"25/7/2014 0:40:28","2","492439198306430976","","@Pozuelen @morganaskwlkr 'Cómo ligar por WhatsApp desde tu Alcatel One Touch Easy'. (Tan eficaz como el original).","twitter.com/Rocigaot/status/492439198306430976"
"25/7/2014 0:35:52","","492438040225538051","1","@ComandanteVimes la culpa es de la traducción, claro. Con los libros de SMS para follar y con la poesía siempre se pierden matices.","twitter.com/Rocigaot/status/492438040225538051"
"25/7/2014 0:25:58","","492435548553084929","","@ComandanteVimes vamos, como cuando tienes que usar un guión para colocarle a alguien un ADSL de Movistar.","twitter.com/Rocigaot/status/492435548553084929"
"25/7/2014 0:21:08","1","492434332452392961","1","@ComandanteVimes hombre, las cosas como son:sospecho que a mí esos mensajes me harían reír. Desorinarme a lo Espeonza, concretamente.","twitter.com/Rocigaot/status/492434332452392961"
"25/7/2014 0:10:00","","492431530669899776","","@laguiri @LatveriasDoom @mom0_o ¿sabes el título?Porque me gustaría leerla, que me lo pasé genial con esa parte de Hªde Inglaterra!","twitter.com/Rocigaot/status/492431530669899776"
"25/7/2014 0:00:53","","492429234624024577","","@LatveriasDoom @laguiri @mom0_o la 2ªdecapitada fue también por supuesta infidelidad.Si no recuerdo mal, era pariente de Ana Bolena.","twitter.com/Rocigaot/status/492429234624024577"
"24/7/2014 17:03:07","1","492324101303070720","","@deploreibol @sovcolor @Tawil @NewIlluminatus al menos llegaste a verlo, no te llevaste la sorpresa cuando te cayó en la cabeza! :D","twitter.com/Rocigaot/status/492324101303070720"
"24/7/2014 17:00:49","1","492323523151798272","","@sovcolor @deploreibol @Tawil @NewIlluminatus la leche! aunque a mí no me importaría que se me colara uno en casa si se come a las arañas.","twitter.com/Rocigaot/status/492323523151798272"
"24/7/2014 15:49:25","","492305554597883904","","@missultrasonica @Pozuelen @MariCalpi yo igual, pero es que en la vida real tampoco me empano nunca de los cotilleos. Vivo en la inopia. :D","twitter.com/Rocigaot/status/492305554597883904"
"24/7/2014 15:44:12","","492304239834984448","","@Pozuelen @MariCalpi @missultrasonica yo de estas cosas me entero más en FB porque claro, ahí la gente no te da la opción de no enterarte :P","twitter.com/Rocigaot/status/492304239834984448"
"24/7/2014 15:41:28","","492303555731390464","","@Pozuelen @MariCalpi @missultrasonica no es leyenda urbana lo de la gente que liga por aquí?Como yo nunca me entero de los cotilleos..","twitter.com/Rocigaot/status/492303555731390464"
"24/7/2014 15:38:15","1","492302744901144576","","@MariCalpi @missultrasonica @Pozuelen conste que para ligar en internet twitter me da menos repeluco que las webs específicas para tal fin.","twitter.com/Rocigaot/status/492302744901144576"
"24/7/2014 15:33:13","","492301479496409088","","@missultrasonica @MariCalpi @Pozuelen a mí me hacen coña pero ya digo que hay fases que tendrían que haber desarrollado más. XD","twitter.com/Rocigaot/status/492301479496409088"
"24/7/2014 15:24:34","","492299298919694336","","@Pozuelen @MariCalpi desarrollan todo el tonteo previo pero nada de las fases entre el'estamos empezando' y el 'olvidaminombreypegalavuelta'","twitter.com/Rocigaot/status/492299298919694336"
"24/7/2014 5:30:10","","492149713333157890","","Y aquí estoy, 5:30 de la mañana y sin pegar ojo. Necesito un interruptor para poner la cabeza en off. Y que el vecino se calle,eso también.","twitter.com/Rocigaot/status/492149713333157890"
"23/7/2014 23:53:34","","492065006029393922","","@nebulina oye, como premio era mejor que la fotocopia aquella que le dieron a la finalista el año pasado.","twitter.com/Rocigaot/status/492065006029393922"
"23/7/2014 23:52:10","","492064655779852289","1","@mjdelrio la que ha ganao MasterChef","twitter.com/Rocigaot/status/492064655779852289"
"23/7/2014 23:51:13","","492064413911097344","","@xoancastro http://gifsoup.com/view/4879692/rachels-trifle.html …","twitter.com/Rocigaot/status/492064413911097344"
"23/7/2014 23:44:54","3","492062826178289664","2","Seguro que el postre de Vicky está rico?Porque el Roca pone la misma cara que los de Friends con el pastel de nata y ternera de Rachel","twitter.com/Rocigaot/status/492062826178289664"
"23/7/2014 23:24:37","1","492057720586248192","1","@Marmota_Maligna les podían poner un pesebre directamente. XD","twitter.com/Rocigaot/status/492057720586248192"
"23/7/2014 21:44:32","","492032533476167680","","@davidurgell @mcalpena pone que se puede rellenar con agua caliente o fría.Mi duda es:¿se le irá yendo el dibujo con los lavados post-uso?","twitter.com/Rocigaot/status/492032533476167680"
"23/7/2014 21:28:19","1","492028453278212097","","@mcalpena 'El Lancero de Talavera', ná menos. :D","twitter.com/Rocigaot/status/492028453278212097"
"23/7/2014 21:25:10","1","492027659468406784","","@mcalpena esta noticia en su origen tuvo que ser una nota de prensa digna de estar en ese tumblr: http://www.eldigitalcastillalamancha.es/a-la-venta-el-primer-juguete-sexual-made-in-castillala-mancha-vea-la-foto-164023.htm …","twitter.com/Rocigaot/status/492027659468406784"
"23/7/2014 21:11:31","","492024224153088000","","@Rocigaot cosas tipo 'lo del concurso de karaoke de las fiestas titúlalo El Justin Bieber de Matalascañas pa que hagan click las beliebers'","twitter.com/Rocigaot/status/492024224153088000"
"23/7/2014 21:09:54","","492023821034352641","","¿Ahora Google es el mal para la prensa?Porque anda que no he tenido que cambiar titulares para meter palabras que trajeran visitas por ahí.","twitter.com/Rocigaot/status/492023821034352641"
"23/7/2014 21:02:26","","492021941600276480","1","@El__Yayo @mjdelrio si de hecho se suele titular(y meter noticias chorras de personajes de moda)pensando en atraer visitas vía Google.","twitter.com/Rocigaot/status/492021941600276480"
"23/7/2014 20:49:32","3","492018693162143745","4","@crow_ley si el feto está fresco no hace falta cebolla ni na para que esté bueno. Ya otra cosa es con los congelaos que te sirven por ahí.","twitter.com/Rocigaot/status/492018693162143745"
"23/7/2014 20:45:58","","492017797074259968","","@mcalpena va haciendo falta un tumblr de notas de prensa tróspidas.","twitter.com/Rocigaot/status/492017797074259968"
"23/7/2014 20:43:53","1","492017270567481344","","@callaquenoveo la leche! es digno de Awkward Family Photos!","twitter.com/Rocigaot/status/492017270567481344"
"23/7/2014 16:36:02","","491954896401612800","","Espero que Letizia sea @MargaretCastor. Que así tiene fácil acceso a Rajoy para lo de la cucharilla.http://www.lavozdegalicia.es/noticia/vidadigital/2014/06/20/buscando-letizia-ortiz-twitter/00031403260421344996366.htm …","twitter.com/Rocigaot/status/491954896401612800"
"23/7/2014 12:00:18","4","491885507455254528","2","Parece que por fin la ONU se va a poner firme con Israel: les va a mandar el emoticono de Whatsapp del cabreado que echa humo por la nariz.","twitter.com/Rocigaot/status/491885507455254528"
"23/7/2014 1:04:58","","491720588134993920","","@PotiPotiInLove sí, pero en aquella época lo puso muy de moda Fedeguico entre la rama pro-Espe del PP. ¡Llevaba años sin oírlo!","twitter.com/Rocigaot/status/491720588134993920"
"23/7/2014 0:55:52","","491718297315196928","","@PotiPotiInLove eso de 'maricomplejines' es taaaaaaan de 2007...","twitter.com/Rocigaot/status/491718297315196928"
"22/7/2014 21:41:44","2","491669440267059200","","@El__Yayo @undivaga @ana_dponce o convertirte en una estrella del Instagram :D","twitter.com/Rocigaot/status/491669440267059200"
"22/7/2014 21:40:24","2","491669106555650049","","@El__Yayo @undivaga @ana_dponce puedes subirla sin camisa, y combinas el fototetas con el fotobarbafloreada :D","twitter.com/Rocigaot/status/491669106555650049"
"22/7/2014 17:02:12","","491599094780297217","","@ComandanteVimes @LatveriasDoom na, vi la foto porque hematocrítico le hizo RT manual, que yo a jeremías le hice block+report hace siglos...","twitter.com/Rocigaot/status/491599094780297217"
"22/7/2014 16:59:37","1","491598444730265600","","@gmit3 jajajajaja! al menos la muchacha va de frente y sale bebiendo en la foto,para que sepamos en qué estado iba cuando lo escribió.","twitter.com/Rocigaot/status/491598444730265600"
"22/7/2014 16:56:00","","491597534058786816","","@gmit3 la Acapulca se ha unido a la causa antiColetas? LOL","twitter.com/Rocigaot/status/491597534058786816"
"22/7/2014 16:46:11","1","491595066272935936","","@ComandanteVimes @LatveriasDoom yo gracias a este revival he descubierto el pisazo donde hacen el 'summercamp'. ¿Será la casa de la abuela?","twitter.com/Rocigaot/status/491595066272935936"
"22/7/2014 15:59:04","","491583206840623104","","@bestilheiro confeso que o probei, pero iso non había quen o tragara. Ademáis, no meu grupiño tiñamos viño mangado da despensa das monxas :D","twitter.com/Rocigaot/status/491583206840623104"
"22/7/2014 14:48:11","","491565367157067776","","@bestilheiro unhas compañeiras da residencia onde vivín en 1º de carreira facíanse os cubatas con Nenuco se non tiñan bebida a man. :D","twitter.com/Rocigaot/status/491565367157067776"
"21/7/2014 22:26:44","3","491318380696453120","","@El__Yayo @ana_dponce si llegas a 2.500 seguidores, en vez de otra fototetas subes foto con florecitas de verdad en la barba!","twitter.com/Rocigaot/status/491318380696453120"
"21/7/2014 21:46:30","","491308254354751488","","@LordoLordor ni idea, entonces, habrán metido un patrocinado sin indicarlo...","twitter.com/Rocigaot/status/491308254354751488"
"21/7/2014 21:42:29","","491307244613812225","","@LordoLordor mira si no lo estás siguiendo sin saberlo.A mí a veces twitter me hace follow automático de cuentas que me empiezan a seguir :P","twitter.com/Rocigaot/status/491307244613812225"
"21/7/2014 21:07:40","2","491298482549190656","","@dramatictone @mjdelrio @ComandanteVimes @PotiPotiInLove foto no, dibujo, debió de eclipsarme tanto realismo de la historia XDDDD","twitter.com/Rocigaot/status/491298482549190656"
"21/7/2014 21:07:18","","491298388416397312","","@dramatictone @mjdelrio @ComandanteVimes @PotiPotiInLove en la petición de change org","twitter.com/Rocigaot/status/491298388416397312"
"21/7/2014 21:05:32","","491297945304961025","","@mjdelrio @ComandanteVimes @dramatictone @PotiPotiInLove y esa foto de superpapá con los niños colgados de sus musculosos brazos?","twitter.com/Rocigaot/status/491297945304961025"
"21/7/2014 21:03:19","1","491297386829197314","1","@ComandanteVimes tres años en twitter y aún no he aprendido a tener al lado una bayetita para estos casos.","twitter.com/Rocigaot/status/491297386829197314"
"21/7/2014 20:59:07","","491296328702758912","","@ComandanteVimes sí, claro, como no tienes tú que venir a limpiarme el teclado... XDDD","twitter.com/Rocigaot/status/491296328702758912"
"21/7/2014 20:57:51","","491296011248500736","","@ComandanteVimes me ha salido la infusión por la nariz. xDDD","twitter.com/Rocigaot/status/491296011248500736"
"21/7/2014 20:57:21","1","491295885192863744","1","@ComandanteVimes @PotiPotiInLove ¿pero al final los que existen quiénes son?¿los cocineros malditos, los homosexuales o los opel zafira?","twitter.com/Rocigaot/status/491295885192863744"
"21/7/2014 15:09:18","1","491208293495635968","","@kalevorroka eu estou moi esperanzada de que a filoloxía me procure a fama e a fortuna que non me deu Comunicación Audiovisual :D","twitter.com/Rocigaot/status/491208293495635968"
"21/7/2014 15:08:14","1","491208027933274112","","@Dr_Fleibur Hazte un comic de eso! :D","twitter.com/Rocigaot/status/491208027933274112"
"21/7/2014 1:50:48","1","491007346655903744","","Entonces, ¿el fantasma es una vieja del visillo que vuelve de ultratumba para seguir cotilleando al vecino? #CuartoMilenio","twitter.com/Rocigaot/status/491007346655903744"
"21/7/2014 1:28:50","4","491001816331862017","","Un papel pintado de los 70 puede acojonar mucho más en una casa que cualquier pintada satánica. #CuartoMilenio","twitter.com/Rocigaot/status/491001816331862017"
"21/7/2014 1:22:38","","491000257954975744","1","Anda, si este es el programa en el que Carmen nos hacía el tutorial de la trepanación, en plan gurú DIY de Youtube! #CuartoMilenio","twitter.com/Rocigaot/status/491000257954975744"
"21/7/2014 1:18:35","8","490999239380832256","4","'Me llamo de Vicente, no de Vidente'. ¡Este nos lee en twitter! #CuartoMilenio","twitter.com/Rocigaot/status/490999239380832256"
"21/7/2014 1:10:39","","490997243403845632","","@perradesatan @robciria totalmente, digo.","twitter.com/Rocigaot/status/490997243403845632"
"21/7/2014 1:10:29","","490997198474469377","","@perradesatan pues le doy la razón totalmenet. :D  @robciria","twitter.com/Rocigaot/status/490997198474469377"
"21/7/2014 1:09:07","1","490996855963402240","","@robciria leí una vez,creo que a @perradesatan ,que casualmente la Virgen siempre se aparece a pastores, que tienen setas a mano.Pues igual.","twitter.com/Rocigaot/status/490996855963402240"
"21/7/2014 1:06:10","1","490996115270299648","","@robciria y a mí lo del hum me recuerda al zumbido ese de oídos tan molesto que te queda si vas a una discoteca. YO NO DIGO NA.","twitter.com/Rocigaot/status/490996115270299648"
"21/7/2014 1:01:25","2","490994917573799936","","Sangrado nasal, alteraciones del sueño... es cosa mía, o el Hum tiene efectos secundarios similares a la farlopa? #CuartoMilenio","twitter.com/Rocigaot/status/490994917573799936"
"21/7/2014 0:54:57","","490993289945157632","","Esto del Hum creo que ya lo había visto. Y que ya me había parecido un coñazo la primera vez. #CuartoMilenio","twitter.com/Rocigaot/status/490993289945157632"
"21/7/2014 0:45:16","","490990855260741632","","Si cuando digo que la moda del selfie se está yendo un poquito de las manos...","twitter.com/Rocigaot/status/490990855260741632"
"21/7/2014 0:19:16","1","490984311416713216","2","Si esto va de que hay fantasmas en un pub, lo sobrenatural es ir a un pub y no encontrar a ninguno. #CuartoMilenio","twitter.com/Rocigaot/status/490984311416713216"
"21/7/2014 0:17:15","","490983802400169985","","@gmit3 o intentan apagar el fuego echándole la garrafa de ginebra de Miguel Ángel Rodríguez.","twitter.com/Rocigaot/status/490983802400169985"
"21/7/2014 0:16:20","2","490983574993375234","1","'Mezcla entre mayúsculas y minúsculas, así que no distingue el bien y el mal'. Tuenti debe de ser un nido de psicópatas. #CuartoMilenio","twitter.com/Rocigaot/status/490983574993375234"
"21/7/2014 0:11:44","1","490982416853794816","","@gmit3 la coña es que el PP está consiguiendo que desde la izquierda se critique menos a Podemos (aunque sea para que no nos plagien ellos).","twitter.com/Rocigaot/status/490982416853794816"
"21/7/2014 0:02:24","1","490980067879960576","1","Mira que me jode que los fachamonguers se hayan apropiado del término Pablemos,que ya usábamos aquí antes de que les entrara la Coletasfobia","twitter.com/Rocigaot/status/490980067879960576"
"20/7/2014 23:58:19","","490979037414973440","","@Marmota_Maligna pues no se me ocurrió, pero si nos hubiéramos organizado todas las que éramos...","twitter.com/Rocigaot/status/490979037414973440"
"20/7/2014 23:57:04","","490978725035786241","","@Marmota_Maligna en 1ºde carrera, que estaba en residencia, nos vinieron a tocar un día. Y no me dejaron tirarles un barreño de agua. :(","twitter.com/Rocigaot/status/490978725035786241"
"20/7/2014 23:54:28","","490978070992801793","","@Marmota_Maligna huímos a un bar heavy, que ahí no se meten. Es como ir a un sitio con cruces si te persigue un vampiro. :P","twitter.com/Rocigaot/status/490978070992801793"
"20/7/2014 23:52:26","","490977559820378112","","Uy, los hombres de sal estos no me suenan. A que están repitiendo un #CuartoMilenio que no he visto?","twitter.com/Rocigaot/status/490977559820378112"
"20/7/2014 23:51:30","","490977324616392705","","@Marmota_Maligna aquí tuvimos hace unos meses una especie de reunión de tunos de toa España. The Walking Dead daba menos yuyu.","twitter.com/Rocigaot/status/490977324616392705"
"20/7/2014 23:49:18","","490976771731628032","","@perradesatan hay un Cuarto Milenio repe, pero aún no ha empezado.","twitter.com/Rocigaot/status/490976771731628032"
"20/7/2014 23:48:37","","490976596296482816","","@Marmota_Maligna también es verdad, mucho mejor para todos, donde va a parar!","twitter.com/Rocigaot/status/490976596296482816"
"20/7/2014 23:47:45","1","490976379169931264","","@Marmota_Maligna yo consigo un día pasta para viajar a Tokio,y me encuentro un tuno allí cantando clavelitos, y me hago el seppuku.","twitter.com/Rocigaot/status/490976379169931264"
"20/7/2014 23:45:21","","490975774980464640","","@Marmota_Maligna has visto al tuno?","twitter.com/Rocigaot/status/490975774980464640"
"20/7/2014 23:41:23","","490974777512062977","","@Marmota_Maligna las canciones en español que han puesto son todas muy ETA.","twitter.com/Rocigaot/status/490974777512062977"
"20/7/2014 23:23:12","","490970202981806080","","@mjdelrio @laguiri @undivaga @ChacheNaguer yo supongo que los veía pero me he quedado solo con la imagen esa, el argumento ni lo recordaba.","twitter.com/Rocigaot/status/490970202981806080"
"20/7/2014 23:19:27","","490969257786621952","","@manuporca la cebolla es una pijadita opcional más. :P","twitter.com/Rocigaot/status/490969257786621952"
"20/7/2014 23:18:43","","490969073325715456","","@mjdelrio @laguiri @undivaga @ChacheNaguer yo de esos tengo un recuerdo ligero. Salía en la intro montado en un ganso o algo así, ¿no?","twitter.com/Rocigaot/status/490969073325715456"
"20/7/2014 23:13:37","2","490967788832714752","2","Los que están enseñando a preparar tortilla de patatas a las japonesas son concebollistas, por lo que veo.  #FogonesLejanos","twitter.com/Rocigaot/status/490967788832714752"
"20/7/2014 22:55:13","","490963158367227904","","Eso de poner a monos de camareros lo ve Chicote y monta un Puerto Hurraco. #FogonesLejanos","twitter.com/Rocigaot/status/490963158367227904"
"20/7/2014 22:53:54","","490962829978390528","","@RubenGaldon ni viajando a Tokio se puede una librar de los tunos, gensanta.","twitter.com/Rocigaot/status/490962829978390528"
"20/7/2014 20:41:20","","490929467884593152","","@morganaskwlkr @Pozuelen las aplicaciones de ligar tipo Tinder permiten preguntas filtro a lo Infojobs?Puedes meter esa y vas sobre seguro","twitter.com/Rocigaot/status/490929467884593152"
"20/7/2014 20:37:52","1","490928593329852416","","@morganaskwlkr @Pozuelen complicado entonces, que ni lo conocí. Además, han pasado 13 años, a saber si aún es comunista y buenorro.","twitter.com/Rocigaot/status/490928593329852416"
"20/7/2014 20:34:53","1","490927845087412224","","@morganaskwlkr @Pozuelen ni idea, yo al buenorro ni llegué a verlo. Del pesao le puedo preguntar al colega común que teníamos. :D","twitter.com/Rocigaot/status/490927845087412224"
"20/7/2014 20:30:16","","490926682061406209","","@Pozuelen @morganaskwlkr luego el chaval las estuvo llamando por teléfono unos días para ponerles La Internacional, a ver si se animaban. XD","twitter.com/Rocigaot/status/490926682061406209"
"20/7/2014 20:27:31","1","490925991020478464","","@Pozuelen @morganaskwlkr pero fuimos y el buenorro no estaba, sólo un amigo pesado de un colega nuestro,así que dijeron 'ya nos lo pensamos'","twitter.com/Rocigaot/status/490925991020478464"
"20/7/2014 20:25:11","2","490925400592502784","","@morganaskwlkr unas amigas en la universidad casi entran en Juventudes Comunistas por un tío.Me llevaron 'por si nos preguntan de comunismo'","twitter.com/Rocigaot/status/490925400592502784"
"20/7/2014 20:06:27","","490920686110920704","","El Correo Gallego mete la muerte de Álex Angulo en 'Tendencias'. Yo creía que morirse ya era muy mainstream.  http://www.elcorreogallego.es/tendencias/ecg/fallece-a-los-61-anos-de-edad-el-actor-alex-angulo-tras-sufrir-un-accidente-de-trafico/idEdicion-2014-07-20/idNoticia-881232/ …","twitter.com/Rocigaot/status/490920686110920704"
"20/7/2014 19:39:59","","490914027556859904","","Que además,¿qué sentido tiene que te 'paguen' tus padres, aunque puedan, si el que se está beneficiando de tu trabajo es el empresario?","twitter.com/Rocigaot/status/490914027556859904"
"20/7/2014 19:34:26","1","490912630346113024","","No es que a los 23 años puedas cobrar 500euros porque vives con tus padres. Es tienes que vivir con ellos porque sólo cobras 500euros.","twitter.com/Rocigaot/status/490912630346113024"
"20/7/2014 19:30:02","5","490911524719165440","1","¿Cómo es lo de que Marhuendis 'casi' sirvió cafés de joven?¿No consiguió desentrañar el misterio del complejo funcionamiento de la cafetera?","twitter.com/Rocigaot/status/490911524719165440"
"20/7/2014 16:11:53","1","490861655270899712","","@echeoqhai esa sería a intención que levaban, pero eu o que vexo ahí tira mais a 'banderita, tú eres fucsia, banderita tú eres gualda'. :D","twitter.com/Rocigaot/status/490861655270899712"
"20/7/2014 13:14:45","1","490817079411761152","","@LatveriasDoom 'feo de cine' vs 'feo, feo', que le decían al pobre Moe XD","twitter.com/Rocigaot/status/490817079411761152"
"20/7/2014 13:13:11","","490816685193322496","","@LatveriasDoom o ella supuestamente es fea pero al final se le ocurre quitarse las gafas y ponerse un vestido mono y descubre que está buena","twitter.com/Rocigaot/status/490816685193322496"
"20/7/2014 3:47:21","","490674289570766848","","Se han dado puñetazos y patadas un ratito, se han empujado contra los coches aparcados, y ahora ya están mansitos otra vez fumando un piti.","twitter.com/Rocigaot/status/490674289570766848"
"20/7/2014 3:45:53","","490673920757202944","","Pues a lo tonto me había quedado dormida en el sofá. Menos mal que se han liado a hostias en el bar de siempre y me han despertado. :P","twitter.com/Rocigaot/status/490673920757202944"
"20/7/2014 1:09:23","","490634533747036160","","@araceligonda é cousa miña, ou o pobriño ten cara así coma de tertuliano de 13TV ou similares?","twitter.com/Rocigaot/status/490634533747036160"
"20/7/2014 0:59:19","","490632001737990144","","@hec_toret na, lo quité tras colgar Espe.Para aguantar a Inda tendría que haber empezado a beber a eso de las 15:30. Y no haber parado aún.","twitter.com/Rocigaot/status/490632001737990144"
"20/7/2014 0:55:47","","490631111442460672","","@hec_toret yo llevo una sola, pero porque sólo puse un cachito del Pablemos-Condesa. Si lo viera entero ya tendría cirrosis.","twitter.com/Rocigaot/status/490631111442460672"
"20/7/2014 0:34:19","","490625712576290818","","Moraleja de las palabras de Espe: Para que aceptemos a Cuba debe renegar de Castro o dejarnos producir allí con sueldos de miseria.","twitter.com/Rocigaot/status/490625712576290818"
"20/7/2014 0:31:46","2","490625070050856960","9","Lo de Espe de condenar a China, pero lo justico, que pa algo se puede sacar tajada económica allí, ha sido apoteósico.","twitter.com/Rocigaot/status/490625070050856960"
"20/7/2014 0:30:33","2","490624761933090816","","Ya he apagado, que ni tomándome un chupito por cada 'ETA' de Espe me anestesio como para aguantar a Inda.","twitter.com/Rocigaot/status/490624761933090816"
"20/7/2014 0:24:19","1","490623195058569216","","Que la gente está encantada con la gestión privada de servicios públicos, dice Espe. Si con 'gente' se refiere a las concesionarias...","twitter.com/Rocigaot/status/490623195058569216"
"20/7/2014 0:19:25","1","490621960351907840","","Al final he acabado poniendo el pressing catch Coletas-Espe. Si es que me va la marcha.","twitter.com/Rocigaot/status/490621960351907840"
"19/7/2014 23:57:47","","490616515017072640","","Casi me estáis dando ganas de poner La Sexta Noche. Ojo, he dicho 'casi'.","twitter.com/Rocigaot/status/490616515017072640"
"19/7/2014 13:27:39","","490457939749404672","","@LordoLordor no sólo la astur:de becaria tuve que dedicar portada (edición comarcal,eso sí)a'vecino alérgico evacuado por picadura de abeja'","twitter.com/Rocigaot/status/490457939749404672"
"19/7/2014 13:12:46","1","490454193858424832","","@sergglm mira que la ponían en los bares cuando yo tenía 19 o 20 años. Menos mal que entonces podía beber mucho más que ahora...","twitter.com/Rocigaot/status/490454193858424832"
"19/7/2014 13:03:24","","490451836613443584","","@sergglm tocaron 'te di mi corazón arroba love punto com'? XD","twitter.com/Rocigaot/status/490451836613443584"
"19/7/2014 12:59:12","1","490450781045551104","1","@sergglm tu máquina del tiempo ha funcionado!","twitter.com/Rocigaot/status/490450781045551104"
"18/7/2014 22:02:19","","490225071609622528","","Ni me atrevo a hacer coñas sobre lo de 'Pablemos es Khaleesi' por miedo a que las aproveche el PP para sus mierdas.Hasta eso me han quitado.","twitter.com/Rocigaot/status/490225071609622528"
"18/7/2014 21:07:05","","490211172566970368","","@CaminoAna eu estou por facer unfollow a todos os que están veña a queixarse da calor.","twitter.com/Rocigaot/status/490211172566970368"
"18/7/2014 20:45:24","2","490205714947002368","1","Si los que han secuestrado al Santísimo también son ETA, del rescate que se encargue McGyver, que ya tiene experiencia. #FreeElSantisimo","twitter.com/Rocigaot/status/490205714947002368"
"18/7/2014 18:57:39","2","490178599245594624","1","@Marmota_Maligna @_Quimi_ ha quedado claro que Lidl Francia es concebollista, eso sí.","twitter.com/Rocigaot/status/490178599245594624"
"18/7/2014 18:26:51","","490170848360542208","","@ComandanteVimes esa pensé en hacerla también, pero caería fácilmente en la Ley de Poe. XD","twitter.com/Rocigaot/status/490170848360542208"
"18/7/2014 18:23:52","3","490170094862217216","3","@ComandanteVimes Tenía que hacerlo.pic.twitter.com/mP7o5alben","twitter.com/Rocigaot/status/490170094862217216"
"18/7/2014 14:33:43","","490112175646998528","1","@LordoLordor todo lo del caso Gowex me tiene enamoradita. El wifiman, el twitter de Jenaro, los pijos con MBA que metieron toda su pasta...","twitter.com/Rocigaot/status/490112175646998528"
"18/7/2014 14:24:25","","490109836844359681","1","@mjdelrio sospecho que la ONU discrimina según el dios, porque lo de darme Japón como me prometió Cthulhu lo tienen muy parado.Yo te aviso.","twitter.com/Rocigaot/status/490109836844359681"
"18/7/2014 13:55:34","","490102574469890048","","@StarlessCrimson Son cada 6 meses?Ufff, a mí que una vez al año ya me da una pereza tremenda... y a mi bolsillo ni te cuento.","twitter.com/Rocigaot/status/490102574469890048"
"18/7/2014 13:53:20","","490102016275152896","","@StarlessCrimson Si parece que no hace nada que lo llevé por última vez, un año pasa volando. :(","twitter.com/Rocigaot/status/490102016275152896"
"18/7/2014 13:50:39","1","490101337716432896","","Si me queréis, llevarse mi coche a lo de la ITV por mí.","twitter.com/Rocigaot/status/490101337716432896"
"18/7/2014 13:31:26","1","490096504607358976","","@mejillonsuicida @vigalondo Internet->vídeos de gatitos->las brujas tenían gato->en los aquelarres las brujas adoraban a Satán. TODO CUADRA.","twitter.com/Rocigaot/status/490096504607358976"
"18/7/2014 11:37:21","","490067794453868544","","@MariCalpi @Coponnnn sí que se da un aire, sí! a ver si va a ser descendiente, con eso Dan Brown tiene para una trilogía mínimo. :P","twitter.com/Rocigaot/status/490067794453868544"
"17/7/2014 20:57:27","","489846358539771904","","@Marmota_Maligna hay gente teniendo hijos a la que no le dejaba yo cuidar ni de un tamagochi...","twitter.com/Rocigaot/status/489846358539771904"
"17/7/2014 17:42:22","1","489797265847246848","","@Marmota_Maligna esa es otra. Pero claro,es que si te mudas igual esperas que el sueldo te dé para pagar vivienda, dónde se ha visto...","twitter.com/Rocigaot/status/489797265847246848"
"17/7/2014 17:08:06","","489788639946481665","","@Marmota_Maligna yo alguno sigo teniendo,pero ni comparación. Cuento anécdotas de la universidad y la peña cree que las invento. XD","twitter.com/Rocigaot/status/489788639946481665"
"17/7/2014 16:58:47","1","489786295934541824","","@Marmota_Maligna no lo tengo muy claro. Igual es sólo que al ser mayor y reducirse la vida social, se reduce el % de freaks circundantes.","twitter.com/Rocigaot/status/489786295934541824"
"17/7/2014 16:50:52","","489784302478295040","","@Marmota_Maligna era un personaje de cuidado. Claro que en aquella época mi imán de freaks estaba en su apogeo. Conocía a un percal...","twitter.com/Rocigaot/status/489784302478295040"
"17/7/2014 16:46:53","","489783302937931776","","@Marmota_Maligna ay, espera, que me he liado,esto iba de mi entrevista del año pasado. El tío del banco ni idea, le perdí la pista hace años","twitter.com/Rocigaot/status/489783302937931776"
"17/7/2014 16:45:41","1","489783000226627584","","@Marmota_Maligna no, de vender libros a mamás primerizas de una base de datos que no sé yo si cumpliría la LOPD. Algo facilísimo de colocar","twitter.com/Rocigaot/status/489783000226627584"
"17/7/2014 16:40:29","1","489781689888309248","","@Marmota_Maligna vamos, que currito mileurista que se entrampa por un C2para ir a currar, mal. Empresario que necesita un audi por imagen,ok","twitter.com/Rocigaot/status/489781689888309248"
"17/7/2014 16:39:03","","489781328586760192","","@Marmota_Maligna y él me decía que no, que es que eso son gente que se mueven en ciertas esferas donde hay que tener cosas caras, los pobres","twitter.com/Rocigaot/status/489781328586760192"
"17/7/2014 16:37:42","","489780990043496448","","@Marmota_Maligna yo decía que en según qué curros te exigen coche,que peor los que se entrampan por un Audi pudiendo pagar un Clio (2)","twitter.com/Rocigaot/status/489780990043496448"
"17/7/2014 16:35:58","","489780555404566528","","@Marmota_Maligna recuerdo una bronca con uno que curraba en un banco, y se indignaba con los precarios que pedían préstamos pa un coche(1)","twitter.com/Rocigaot/status/489780555404566528"
"17/7/2014 16:33:45","","489779994424782848","","@Marmota_Maligna o tienen un cochazo de la hostia que cambian cada dos años porque 'es que soy empresario, no voy a ir en un Clio'.","twitter.com/Rocigaot/status/489779994424782848"
"17/7/2014 16:28:39","","489778713203335169","","@Marmota_Maligna es como lo de 'hay poca movilidad'. Si el sueldo me da para pagarme piso me mudo,pero irme a Madrid ganando 600euros...","twitter.com/Rocigaot/status/489778713203335169"
"17/7/2014 16:22:21","","489777125512458240","","@Marmota_Maligna yo en las últimas que tuve siempre fue para ponerme de autónoma. Una de ellas a comisión y sin parte fija, un chollazo.XD","twitter.com/Rocigaot/status/489777125512458240"
"17/7/2014 16:18:54","1","489776260571492352","1","Es más, a un empresario normal le debería interesar saber al principio si al candidato le interesan las condiciones. Así nadie pierde tiempo","twitter.com/Rocigaot/status/489776260571492352"
"17/7/2014 16:16:24","","489775631916609536","","@Marmota_Maligna sí, supongo que la gente ya está quemada de ir a entrevistas y descubrir que no van a ganar ni para ir de casa al trabajo.","twitter.com/Rocigaot/status/489775631916609536"
"17/7/2014 16:13:25","","489774881035542528","","@Marmota_Maligna lo sé, pero aún así me pone de muy mala leche.","twitter.com/Rocigaot/status/489774881035542528"
"17/7/2014 16:09:26","1","489773875052687361","","Que yo he tenido un jefe que decía lo mismo. Y era para preguntarle: '¿en serio crees que estamos aquí porque es nuestro puesto soñado?'","twitter.com/Rocigaot/status/489773875052687361"
"17/7/2014 16:07:25","5","489773369592934401","12","'Es que si preguntas el sueldo van a pensar que estás ahí por el dinero'. ¿Gente que busca trabajo porque necesita pasta? NO JODAS.","twitter.com/Rocigaot/status/489773369592934401"
"17/7/2014 16:04:57","3","489772747707674624","13","Que dicen en Infojobs que preguntar en la entrevista si el sueldo te dará para comer queda feo.http://orientacion-laboral.infojobs.net/preguntas-entrevista-de-trabajo …","twitter.com/Rocigaot/status/489772747707674624"
"17/7/2014 15:52:26","","489769597005201408","","@delocoprimo a mí me toca este curso, a ver.Agradeceré a las webs de descargas de ebooks,que me han ahorrado una pasta importante estos años","twitter.com/Rocigaot/status/489769597005201408"
"17/7/2014 15:45:24","1","489767830402129920","","@delocoprimo ¿se meten agradecimientos?En el mío me marcaré un Almodóvar, entonces:'y la virgen de nosequé y la virgen de nosecuántos'...","twitter.com/Rocigaot/status/489767830402129920"
"17/7/2014 15:42:49","","489767177093132288","","@laguiri @JuanGomezJurado he visto RT de varias portadas de ese periódico y aún no tengo claro si van en serio o es un 'mundo today' local.","twitter.com/Rocigaot/status/489767177093132288"
"17/7/2014 15:39:02","1","489766226672226304","1","Claro que con su vida laboral,igual le vendieron lo de una web para buscar curro como la novedad del milenio y Báñez se lo tragó.","twitter.com/Rocigaot/status/489766226672226304"
"17/7/2014 15:33:53","1","489764930565189632","1","Fátima Báñez nos ofrece una página desde donde ir a Infoempleo o Monster a ver ofertas,que igual los parados no sabíamos que existían.","twitter.com/Rocigaot/status/489764930565189632"
"17/7/2014 14:35:06","","489750138730999809","","Pidamos a la gente que nos diga cómo criticar a Pablemos. Así los de la izquierda le dejarán en paz por no dárnoslo hecho. Brillante, PP.","twitter.com/Rocigaot/status/489750138730999809"
"17/7/2014 12:48:04","","489723201602473984","","@El__Yayo vente pa Galicia. El verano fue ayer, así que ya te libras.","twitter.com/Rocigaot/status/489723201602473984"
"17/7/2014 12:40:01","1","489721173807476737","","De hecho hacen que me pase con Coletas como con ZP en su día.Los ataques son tan demenciales que aunque no te guste le acabas defendiendo.","twitter.com/Rocigaot/status/489721173807476737"
"17/7/2014 12:37:19","","489720498113499137","1","Pues a lo tonto, el PP le está haciendo la campaña a Pablemos. A los de NNGG los tiene convencidísimos de no votar a Coletas, eso sí.","twitter.com/Rocigaot/status/489720498113499137"
"17/7/2014 1:00:13","1","489545066315513857","","Entonces, ¿si alguien le dice a Marhuendis 'te voy a partir la cara' y se la parte, no es agresión porque avisó antes? #porsaber","twitter.com/Rocigaot/status/489545066315513857"
"16/7/2014 23:39:07","","489524656898994177","","¿Pero al final las esposas son excelentísimas o no, que no se aclaran? #cuñaosinthekitchen","twitter.com/Rocigaot/status/489524656898994177"
"16/7/2014 23:37:51","2","489524338073149442","2","Chupito por cada 'el excelentísimo señor' o 'la excelentísima señora'? #cuñaosinthekitchen #cirrosishepática","twitter.com/Rocigaot/status/489524338073149442"
"16/7/2014 23:36:21","","489523961428865025","2","Ojo, que podemos tener conflicto diplomático si Pepe se zampa la ración de un embajador. #cuñaosinthekitchen","twitter.com/Rocigaot/status/489523961428865025"
"16/7/2014 23:30:21","1","489522449130606592","","@MargaretCastor es mejor que no recuerdo qué famosilla que tenía en su bio el enlace a su cuenta de twitter.","twitter.com/Rocigaot/status/489522449130606592"
"16/7/2014 23:19:06","","489519618847809539","","@sil_loh @MasterChef_es yo la verdad es que lo empecé a ver hace tres programas. Aunque en la 1ªedición empecé en la final, así que... :D","twitter.com/Rocigaot/status/489519618847809539"
"16/7/2014 23:09:41","","489517247333822465","","Pero cuántos años tiene Mateo?No está en edad de sobrevivir a pasta con atún y sandwiches en algún piso de estudiantes? #cuñaosinthekitchen","twitter.com/Rocigaot/status/489517247333822465"
"16/7/2014 23:03:28","1","489515682380251136","1","Ya tiene que estar malo para que Pepe le deje comerse la mitad de su parte.  #cuñaosinthekitchen","twitter.com/Rocigaot/status/489515682380251136"
"16/7/2014 22:46:14","","489511349005737984","","@Marmota_Maligna entonces ya sí, que pasadas las bodas y la temporada de bikini puedo cebarme de nuevo XD","twitter.com/Rocigaot/status/489511349005737984"
"16/7/2014 22:43:46","","489510727418265600","","@Marmota_Maligna noooo, que tengo que adelgazar de aquí a septiembre o me toca comprar vestido para el bodorrio que tengo!","twitter.com/Rocigaot/status/489510727418265600"
"16/7/2014 22:42:33","","489510422131662848","","@Marmota_Maligna los hago, los hago. Maldito el día que me descubrieron esa 'receta'.","twitter.com/Rocigaot/status/489510422131662848"
"16/7/2014 22:37:51","","489509237094371328","","Bueno, mejor no me lo traigáis,que el mes pasado comí más que Arias Cañete con la solitaria y aún estoy luchando por volver a mi ser natural","twitter.com/Rocigaot/status/489509237094371328"
"16/7/2014 22:35:19","1","489508600810061824","1","#cuñaosinthekitchen me está dando antojo de Pantera Rosa. ¡Si me queréis, irse a pillarme una al Opencor!","twitter.com/Rocigaot/status/489508600810061824"
"16/7/2014 22:18:57","1","489504482729160704","","¿Animar a alguien que conozco a hacerse twitter sólo para que desbanque a JimmyPokemon como mongstar es ser muy mala persona?","twitter.com/Rocigaot/status/489504482729160704"
"16/7/2014 20:50:08","","489482129211150336","2","@ComandanteVimes claro, es que las universidades deberían dejar los cuchitriles sin luz para actividades secundarias, como dar clase.","twitter.com/Rocigaot/status/489482129211150336"
"16/7/2014 20:16:54","","489473767362818048","","Sí, antes pedía un botón de 'enviar sicario', pero lo mismo es enaltecimiento de algo.","twitter.com/Rocigaot/status/489473767362818048"
"16/7/2014 20:16:19","","489473618469203968","","Dos cosas le pido a Facebook: que deje meter gifs animados en actualizaciones y comentarios, y un botón de 'qué colleja tienes'.","twitter.com/Rocigaot/status/489473618469203968"
"16/7/2014 16:29:10","","489416456598487040","","@DavidLombao no voso caso supoño que se escribides correctamente é cousa da EGB, se non sodes desastriños da LOGSE :P","twitter.com/Rocigaot/status/489416456598487040"
"16/7/2014 16:20:06","2","489414171646496768","1","De hecho, más de uno que oigo ahora 'que si la Logse' se cabreaba si en la facultad le descontaban puntos por faltas en carrera de ciencias.","twitter.com/Rocigaot/status/489414171646496768"
"16/7/2014 16:14:22","1","489412732752769025","","Digo, porque yo tengo amigos mayores que yo, de EGB, BUP y COU, con carrera universitaria, que no distinguen 'hecho' de 'echo', por ejemplo.","twitter.com/Rocigaot/status/489412732752769025"
"16/7/2014 16:13:26","2","489412494562447360","","¿La gente que menciona la LOGSE cada vez que ve a alguien con carrera cometer faltas ortográficas cree que los de EGB nos hemos jubilado ya?","twitter.com/Rocigaot/status/489412494562447360"
"16/7/2014 15:37:32","1","489403460647780353","","@Tawil estou rememorando os momentos de bar dos meus anos de universidade (da 1ª,cando era nova) e por delicadeza non me sae nada. XD","twitter.com/Rocigaot/status/489403460647780353"
"16/7/2014 15:25:49","","489400510773202944","","@mcalpena @eleptric 'estaba renovando la cultura de bar' suena mejor que el clásico 'es que me sentaron mal unas patatas bravas'.","twitter.com/Rocigaot/status/489400510773202944"
"16/7/2014 15:21:04","1","489399317778931714","1","@mcalpena @eleptric pena que no se me ocurrió lo del momento G&T  y long drink cuando de jovencita me pilló mi madre llegando borracha...","twitter.com/Rocigaot/status/489399317778931714"
"16/7/2014 14:45:21","","489390328487878656","","@apuente estamos seguros-seguros-seguros de que no es algún tipo de parodia? :D","twitter.com/Rocigaot/status/489390328487878656"
"15/7/2014 23:05:11","","489153726784237569","1","@aberron En la quinta de la tercera fila hasta pone morritos y todo!","twitter.com/Rocigaot/status/489153726784237569"
"15/7/2014 20:44:19","","489118276262592512","","@el_messi @Biosbrd por lo que estoy viendo, parece que están en alguna especie de charla o similar sobre community management XD","twitter.com/Rocigaot/status/489118276262592512"
"15/7/2014 20:19:32","1","489112040410456064","","@sandrace_ @Tawil yo ahora si me vienen amigos esa noche les digo que si se piran con alguien avisen, no sea que la liemos y salgamos en TV","twitter.com/Rocigaot/status/489112040410456064"
"15/7/2014 19:50:39","1","489104774185627648","","@KaisserXose @adiplotti si es que es como comer pipas!","twitter.com/Rocigaot/status/489104774185627648"
"15/7/2014 19:49:39","2","489104518656057344","","@sandrace_ @Tawil aquí en un San Xoan montaron el dispositivo para una supuesta ahogada que en realidad se había ido a echar un polvo. :D","twitter.com/Rocigaot/status/489104518656057344"
"15/7/2014 18:54:01","","489090520371961856","","@adiplotti @hazteoir Llego tarde?pic.twitter.com/mpZmUY7q0k","twitter.com/Rocigaot/status/489090520371961856"
"14/7/2014 20:43:56","1","488755795467993088","","@robciria igual lo que nos pasa a los ateos es que tenemos un recuento de jesucritos bajo. #badumtss #yamecallo","twitter.com/Rocigaot/status/488755795467993088"
"14/7/2014 20:02:41","1","488745414230016000","","@robciria como el Coruña-Ferrol que tarda dos horas y media. O tardaba, que no sé si lo quitaron porque, te sorprenderá, lo cogía poca gente","twitter.com/Rocigaot/status/488745414230016000"
"14/7/2014 19:45:33","1","488741100946223104","1","@robciria tenéis el expreso pendular del norte cada 25 años, como en El milagro de P.Tinto?","twitter.com/Rocigaot/status/488741100946223104"
"14/7/2014 14:18:10","","488658710265225216","","@PutoPaleto @kalevorroka pra que logo digan os cuñados que é que agora os nenos pasan sen repetir. Fran Perea era quintipitidor polo menos!","twitter.com/Rocigaot/status/488658710265225216"
"14/7/2014 14:15:26","1","488658024643710978","","@PutoPaleto @kalevorroka ía dicir o mesmo. Mira a Luke Perry, ou a Raquel Meroño...","twitter.com/Rocigaot/status/488658024643710978"
"14/7/2014 1:25:45","1","488464325720678400","","Me voy a ir a dormir sin ver terminar #CuartoMilenio, que lo de oír hablar de milagros de santos lo tengo convalidado del cole de monjas. :P","twitter.com/Rocigaot/status/488464325720678400"
"14/7/2014 0:26:56","1","488449526261641218","1","Un ritual para ligar donde hay ron, tabaco y decapitan dos gallinas. Pues gallinas aparte, como cualquier botellón de aquí. #CuartoMilenio","twitter.com/Rocigaot/status/488449526261641218"
"14/7/2014 0:09:41","2","488445182736867328","1","Moraleja:si veis porno en Internet, no olvidéis usar protección: y con 'protección' me refiero al gorro de papel de aluminio #CuartoMilenio","twitter.com/Rocigaot/status/488445182736867328"
"14/7/2014 0:07:51","2","488444722676240384","3","De Vicente ha dicho 'espocular'? Es otra práctica sexual raruna de las que encontró por Internet mientras se 'documentaba'? #CuartoMilenio","twitter.com/Rocigaot/status/488444722676240384"
"14/7/2014 0:01:02","3","488443006341894144","4","Lo de los tertulianos de #CuartoMilenio comprobando el porno es como lo de Intereconomía cubriendo el Orgullo Gay para contar cómo evitarlo","twitter.com/Rocigaot/status/488443006341894144"
"13/7/2014 23:58:36","1","488442394594279424","","Espérate, que el porno fue el origen de los bitcoins. Pena no saber esto cuando el hashtag del #pornoLET  #CuartoMilenio","twitter.com/Rocigaot/status/488442394594279424"
"13/7/2014 23:45:00","","488438974629699584","","¿Carmen anda por ahí? ¿O Friker la echó de plató para que no haga 'ejem, ejem' cada vez que él critique lo de bajarse porno? #CuartoMilenio","twitter.com/Rocigaot/status/488438974629699584"
"13/7/2014 23:38:55","","488437440852799488","","'Ella afirma, sin ser nada conspiranoica...' Hombre, habría que matizar qué es ser poco conspiranoico para De Vidente. #CuartoMilenio","twitter.com/Rocigaot/status/488437440852799488"
"13/7/2014 23:35:49","1","488436659923738624","","Enrique De Vidente va a hablar de sexo. Y aún estaréis algunos pendientes del Mundial. #CuartoMilenio","twitter.com/Rocigaot/status/488436659923738624"
"13/7/2014 23:35:00","","488436454667075584","","Los niños buscan 'sexo' y 'pornografía infantil' en Internet. ¿Es que nadie piensa en los niños? Friker modo Mrs Lovejoy. #CuartoMilenio","twitter.com/Rocigaot/status/488436454667075584"
"13/7/2014 23:33:25","","488436055868448771","","Hala, que ya empieza lo de Friker hablando de sexo conspiranoico! #CuartoMilenio","twitter.com/Rocigaot/status/488436055868448771"
"13/7/2014 23:05:25","1","488429010473734145","","@Tawil de momento de sexo non falaron nada, están a falar dun enfermeiro pantasma.","twitter.com/Rocigaot/status/488429010473734145"
"13/7/2014 22:38:16","5","488422177738620928","6","La momia conserva las alpargatas porque antes sí se hacía buen calzado, a mí las del marypaz me duran dos veranos como mucho #Cuartomilenio","twitter.com/Rocigaot/status/488422177738620928"
"12/7/2014 21:19:12","","488039893923540992","","@Marmota_Maligna na, yo es que mido metro y medio, no creo que puedan proponerme lo de ser modelo sin descojonarse.","twitter.com/Rocigaot/status/488039893923540992"
"12/7/2014 20:54:28","1","488033668787879936","","@Marmota_Maligna Juas, es mejor que la de '¿Y por qué no montas tú un periódico?' que me han dicho a mí cienes de veces.","twitter.com/Rocigaot/status/488033668787879936"
"12/7/2014 17:42:02","1","487985239445499904","2","Hermann no tiene amigos, ¿no?Porque a mí los míos me habrían quitado el móvil hace por lo menos 5 copas para que no hiciera más el ridículo.","twitter.com/Rocigaot/status/487985239445499904"
"12/7/2014 14:10:31","","487932011282440192","","@laguiri @MariCalpi @Doble_Malta yo en WS usaba 90C.Ahora han sacado la D y, casualidades,me habrán crecido las tetas que ahora necesito esa","twitter.com/Rocigaot/status/487932011282440192"
"12/7/2014 13:01:31","3","487914648289935360","6","Pero dejad que los de los encierros se hagan selfies mientras los persiguen los toros!Que la selección natural de la especie haga lo suyo.","twitter.com/Rocigaot/status/487914648289935360"
"12/7/2014 12:33:09","2","487907508930236416","","¿Y cómo piensa Hermann que planean matarle los de Pablemos? ¿Poniéndole cicuta en los gintonics?","twitter.com/Rocigaot/status/487907508930236416"
"11/7/2014 22:55:00","2","487701613352861696","","@ComandanteVimes aún están los gintonics del Congreso subvencionados?Igual también se emborrachó más barato para soltar esa gilipollez...","twitter.com/Rocigaot/status/487701613352861696"
"11/7/2014 20:20:32","1","487662742980296704","","@kalevorroka se me avisan na UNED dalgún doble máster en coaching+asesoría sexy xa te aviso!","twitter.com/Rocigaot/status/487662742980296704"
"11/7/2014 20:16:45","1","487661788570615809","","@kalevorroka menos mal que ninguén no PP entende o galego, que capaces eran de roubarche a idea. :P","twitter.com/Rocigaot/status/487661788570615809"
"11/7/2014 13:48:39","1","487564121832185856","","@xoancastro @echeoqhai @MillaresRoo eu pensei o mesmo, visto o percal, co de 'Pokemon' podía darse por aludido...","twitter.com/Rocigaot/status/487564121832185856"
"10/7/2014 21:24:34","","487316468561092610","3","@PotiPotiInLove El PP da grandes monguers, pero UPyD suele ser garantía de Stendhal.","twitter.com/Rocigaot/status/487316468561092610"
"10/7/2014 20:56:12","1","487309329054584832","","@PotiPotiInLove que Israel en sus ataques a más de un gay palestino habrá matado ya, pero es por no hacer discriminación positiva. #igualdá","twitter.com/Rocigaot/status/487309329054584832"
"8/7/2014 21:49:40","1","486598009556574209","","@medicblasto lo malo no es la comedia americana, lo malo es cuando copien la trama de los viales de viruela en La que se avecina.","twitter.com/Rocigaot/status/486598009556574209"
"8/7/2014 21:46:24","1","486597185145163776","1","@medicblasto Cariño, he infectado a los niños.","twitter.com/Rocigaot/status/486597185145163776"
"8/7/2014 21:15:32","1","486589416895676416","","@kalevorroka xa tardas en crearlle canal de youtube e vivir da súa fama coma gato de Internet. Rollo os pais de Macaulay Culkin.","twitter.com/Rocigaot/status/486589416895676416"
"8/7/2014 18:55:15","","486554115531886593","","@Pozuelen el bachillerato un horror, pero Primaria debe ir genial si con lo que recordaba de ahí saca matrículas en la facultad. XDDD","twitter.com/Rocigaot/status/486554115531886593"
"8/7/2014 17:43:41","1","486536103571521536","1","@08181 voy a ver cuántos cartelitos veo en FB atribuyendo a Di Stefano las frases que en abril eran de García Márquez...","twitter.com/Rocigaot/status/486536103571521536"
"8/7/2014 17:04:16","","486526184923357184","","@laguiri @Biosbrd también querría saber cuál es la buena universidad en la que supuestamente saca matrículas sin saber qué es una integral.","twitter.com/Rocigaot/status/486526184923357184"
"8/7/2014 2:22:39","","486304319764193280","","@PotiPotiInLove yo es que creo que ni viviría para ello: me matan de vergüenza ajena.","twitter.com/Rocigaot/status/486304319764193280"
"7/7/2014 23:20:58","1","486258595248750592","","Pasadle vuestros monguers a @PotiPotiInLove que le mola clasificarlos,pero no los retuiteéis todos, que me quitan las ganas de vivir.","twitter.com/Rocigaot/status/486258595248750592"
"7/7/2014 23:15:36","1","486257248487088128","1","Que me da pena por lo que hacen luego con los toros, pero si no fuera por eso, el punto darwinista de los encierros me molaría y todo.","twitter.com/Rocigaot/status/486257248487088128"
"7/7/2014 23:14:27","3","486256956152508416","1","Bien pensado,consuela que muchos de los de'si enseñan las tetas en sanfermines las puedo tocar' vayan a correr pedo delante de toros #darwin","twitter.com/Rocigaot/status/486256956152508416"
"7/7/2014 21:18:01","","486227653855555584","","@PotiPotiInLove eso es nada, yo si él lo recomienda invierto en vídeos Beta!","twitter.com/Rocigaot/status/486227653855555584"
"7/7/2014 20:50:45","","486220793257680896","","@PotiPotiInLove Lo típico de que tú ves esto y vas raudo y veloz a invertir toda tu pasta en Gowex porque ves que es algo serio...","twitter.com/Rocigaot/status/486220793257680896"
"7/7/2014 20:16:23","1","486212144909012992","","@Cascarelo @VIVAANTES estou facendo copypaste de todo, a ver se fago o guión de '8 apellidos vascos 2' e saco unhas pelas.","twitter.com/Rocigaot/status/486212144909012992"
"7/7/2014 20:09:35","","486210434312454144","","@Cascarelo @VIVAANTES esta última é da mesma lumbreriña das raíces salmantinas de Idoia XDD","twitter.com/Rocigaot/status/486210434312454144"
"7/7/2014 20:09:16","1","486210353928626176","","@Cascarelo @VIVAANTES 'Los Canarios no están nada mal a partir de los 40 de ahí para abajo hay mucho homosexual y afeminado últimamente'","twitter.com/Rocigaot/status/486210353928626176"
"7/7/2014 20:06:49","","486209736891985920","","@Cascarelo @VIVAANTES en Huelva seica as mulleres son espectaculares e eles parecen Paquirrín, e en Euskadi eles están bos e elas son cocos.","twitter.com/Rocigaot/status/486209736891985920"
"7/7/2014 20:05:17","","486209351657734144","","@Cascarelo @VIVAANTES xa o vin, eu vou por 'en las ciudades la gente es más guapa que en los pueblos'. :D","twitter.com/Rocigaot/status/486209351657734144"
"7/7/2014 19:59:57","","486208010860367873","","@Cascarelo @VIVAANTES non sabía eu que as teorías de Arana tiñan tanto tirón no foro vogue, que cousas!","twitter.com/Rocigaot/status/486208010860367873"
"7/7/2014 19:56:19","","486207093335404544","","@Cascarelo @VIVAANTES así calqueira, con raíces exóticas... :D","twitter.com/Rocigaot/status/486207093335404544"
"7/7/2014 19:54:26","2","486206620129832962","","@missultrasonica me estoy acordando de los niños de Springfield estudiando el peso atómico del salchichonio, no sé por qué será...","twitter.com/Rocigaot/status/486206620129832962"
"7/7/2014 19:22:20","","486198544844726272","","@Biosbrd casta de lo de Coletas o de lo de no follar?","twitter.com/Rocigaot/status/486198544844726272"
"7/7/2014 18:50:02","1","486190416111620096","1","@robciria @crow_ley yo no le doy cruzcampo a ninguna pobre criatura, humana o perruna. Igual es esta. http://www.todoperro.es/gadgets/g10.htm ","twitter.com/Rocigaot/status/486190416111620096"
"7/7/2014 18:45:23","2","486189243073830913","","@robciria @crow_ley sí, me dijo una amiga que su veterinaria las vendía. Con su veterinaria me refiero a la que atendía a su perro, claro XD","twitter.com/Rocigaot/status/486189243073830913"
"7/7/2014 18:41:48","2","486188344125435906","","@robciria @crow_ley a mí desde que me contaron que existen cervezas para perros ya no me sorprendo de ná.","twitter.com/Rocigaot/status/486188344125435906"
"7/7/2014 17:51:17","","486175629428416512","","@Pozuelen entraría a cotillear qué temas considera la eminencia dignos de ser tuiteados, pero qué perecita...","twitter.com/Rocigaot/status/486175629428416512"
"7/7/2014 16:32:25","1","486155781147205632","","@Subnorbook te grabes o no te grabes, ¿a quién se le ocurre follar mientras fríe croquetas?Con el aceite hirviendo salpicando...","twitter.com/Rocigaot/status/486155781147205632"
"7/7/2014 14:00:59","1","486117670983843840","","@crow_ley llamándose Fappy, ¿qué esperaban?","twitter.com/Rocigaot/status/486117670983843840"
"7/7/2014 13:07:44","3","486104272502013952","","A mí con las empresas que insisten MUCHO en dar imagen de buen rollo me pasa como con los de 'mirad todos cuánto nos queremos' del FB.","twitter.com/Rocigaot/status/486104272502013952"
"7/7/2014 13:05:23","","486103680538927104","","@CusCusBcn sí, eso también puede tener algo que ver!","twitter.com/Rocigaot/status/486103680538927104"
"7/7/2014 13:04:45","5","486103519527976961","2","¿No le interesará invertir en mi start up? Soy runner, y en navidad hacemos videos buenrolleros cantando disfrazaos.pic.twitter.com/mwdf8bxCvQ","twitter.com/Rocigaot/status/486103519527976961"
"7/7/2014 12:58:27","","486101933997191168","","¿Cómo pudo ser un bluff lo de Gowex? ¡Si tenían un video navideño buenrollero donde se disfrazaban y bailaban!","twitter.com/Rocigaot/status/486101933997191168"
"7/7/2014 12:54:17","8","486100888571109376","12","Gowex, o cómo peña con MBA de 8.000 leuros se dejó timar por 'emprendedores' que parecían parodias de La Hora Chanante.","twitter.com/Rocigaot/status/486100888571109376"
"7/7/2014 0:42:11","","485916649384853504","","'La mujer parece cohibida cuando la colocamos junto a la escalera donde casi palma su padre y le enchufamos una cámara' #CuartoMilenio","twitter.com/Rocigaot/status/485916649384853504"
"7/7/2014 0:32:05","","485914107645014016","","Si es que si algo cabrea a Friker son los mitos y las paranoias, di que sí. #CuartoMilenio","twitter.com/Rocigaot/status/485914107645014016"
"7/7/2014 0:16:36","","485910210901725184","","Hoy, en 'Internet es el mal', gente que intenta matar a otra porque se lo dice un personaje inventado de la red. #CuartoMilenio","twitter.com/Rocigaot/status/485910210901725184"
"7/7/2014 0:10:29","1","485908671906713600","","'Criogenizar sólo la cabeza y que en el futuro te la acoplen a otro cuerpo'. O que la metan en un frasco, a lo Futurama. #CuartoMilenio","twitter.com/Rocigaot/status/485908671906713600"
"7/7/2014 0:07:54","","485908021051416578","","@MtroYupa eso no es nada, cuando reviente la burbuja del cupcake va a ser peor que el crack del 29 y el de la burbuja inmobiliaria juntos.","twitter.com/Rocigaot/status/485908021051416578"
"7/7/2014 0:05:32","","485907423044337665","","Pues anda que no tengo yo amigos que hibernan:Excepto en verano,no les sacas del pijama+mantita ni prendiendo fuego a su casa #CuartoMilenio","twitter.com/Rocigaot/status/485907423044337665"
"6/7/2014 23:51:11","","485903812277071872","","'Quieren esculpir con una impresora 3D la oreja de Van Gogh'. Pero con la Amaia Montero o con la cantante nueva? #badumtsss #CuartoMilenio","twitter.com/Rocigaot/status/485903812277071872"
"6/7/2014 22:41:02","","485886158581542912","","La Guerra Mundial del Misterio! #CuartoMilenio","twitter.com/Rocigaot/status/485886158581542912"
"6/7/2014 18:00:58","1","485815678503755776","1","@Doble_Malta @Pozuelen Y le falta añadir que 'si yo consigo correrme en 5 minutos y tú no, será porque no te has esforzado lo suficiente'.","twitter.com/Rocigaot/status/485815678503755776"
"6/7/2014 17:48:25","1","485812521342107648","2","@Doble_Malta @Pozuelen máster en seducción busca CEO de orgasmos para proyectos esporádicos de emprendimiento sexual. #OKAynRandCupid.","twitter.com/Rocigaot/status/485812521342107648"
"6/7/2014 17:35:25","","485809248459173890","","@Pozuelen ya sabía yo que con esa ubicación lo petaba en #OKAynRandCupid :D","twitter.com/Rocigaot/status/485809248459173890"
"6/7/2014 17:33:50","1","485808850705350656","3","@Pozuelen 31, Huesca-NY-Singapur, reciclándome como coach. Busco chico emprendedor con pelazo para profit y lo que surja. #OKAynRandCupid","twitter.com/Rocigaot/status/485808850705350656"
"6/7/2014 17:21:09","","485805656742838272","1","@Pozuelen @Tawil pues igual no es mal negocio lo de la web de ligue anarcap. Emprendamos! XD","twitter.com/Rocigaot/status/485805656742838272"
"6/7/2014 17:10:02","","485802861562191872","","@MariCalpi dice que lo de Gowex fue su segundo gran error. El primero será ese estilismo de melenita y barba en colores distintos?","twitter.com/Rocigaot/status/485802861562191872"
"6/7/2014 17:05:18","1","485801670115598337","","Iba a bajar a andar pero aquí estoy, descojonada con el twitter de Jenaro. Además de timar a los inversores, me sabotea la operación bikini.","twitter.com/Rocigaot/status/485801670115598337"
"6/7/2014 16:42:34","","485795949231763456","","@Tawil a ver se retomas #avatarLET, que co de Gowex estou a descubrir moitos lumbreriñas que non estaban fichados. :P","twitter.com/Rocigaot/status/485795949231763456"
"6/7/2014 16:34:37","1","485793948250939392","","@kalevorroka un que investiu toda a súa pasta no de Gowex e agora está chorando porque o timaron :D","twitter.com/Rocigaot/status/485793948250939392"
"6/7/2014 15:35:06","","485778968252256256","","@RubenGaldon Joaquín Reyes, si nos lees, márcate un especial Jenaro, aunque sea en plan cutre para el youtube!","twitter.com/Rocigaot/status/485778968252256256"
"6/7/2014 15:32:31","","485778319892557824","","@RubenGaldon pena que en verano no hay El Intermedio, que urgía un celebrities de los de Joaquín Reyes con este fulano.","twitter.com/Rocigaot/status/485778319892557824"
"6/7/2014 15:30:59","2","485777934914187264","2","La retrospectiva de tweets de Jenaro es lo mejor que nos ha dado Twitter desde la foto de la cena LET de Albondiguilla Jr y compañía.","twitter.com/Rocigaot/status/485777934914187264"
"6/7/2014 15:27:52","","485777151153938432","","@Pozuelen jo, hace mil años que no veo ese programa, lo que implica que llevo mil sin pegarme una buena juerga. Sólo lo pongo de resaca. :D","twitter.com/Rocigaot/status/485777151153938432"
"6/7/2014 13:56:39","1","485754192653725696","","@El__Yayo @undivaga en el funeral de mi abuela, como al parecer era el 'día de la familia', el cura cargó contra el matrimonio gay.","twitter.com/Rocigaot/status/485754192653725696"
"6/7/2014 12:58:35","2","485739580289982464","","@callaquenoveo @NewIlluminatus @medicblasto no te creas, conozco pijos calvos. Y son los peores, exageran el resto pa compensar xD","twitter.com/Rocigaot/status/485739580289982464"
"6/7/2014 12:57:15","4","485739247555850240","2","@LatveriasDoom mis favoritos son los de 'hay mucho miedo a FRACASAR'. Lo que hay es miedo a perderlo todo y acabar bajo un puente.","twitter.com/Rocigaot/status/485739247555850240"
"6/7/2014 12:50:26","","485737529145315328","","@ElIrregular @ComandanteVimes es gracioso todo, porque el Jenaro me tiene cara así como de malo de Batman.","twitter.com/Rocigaot/status/485737529145315328"
"6/7/2014 12:11:42","1","485727780890771456","1","@undivaga Jesús va por el carril tan pancho, ni arcén ni nada? Ahí, dando ejemplo de responsabilidad :D","twitter.com/Rocigaot/status/485727780890771456"
"5/7/2014 15:56:09","","485421879747170305","","La Gaceta indicando la ubicación en Google Maps de los más buenorros del Orgullo. Para que sus lectores se aseguren de evitarlos, claro.","twitter.com/Rocigaot/status/485421879747170305"
"5/7/2014 15:47:41","3","485419749393059840","3","@salva_pl @ComandanteVimes hay un pobre redactor de La Gaceta geolocalizando efebos semidesnudos para proteger la moral de sus lectores? XD","twitter.com/Rocigaot/status/485419749393059840"
"5/7/2014 15:42:01","","485418325066125314","","'Aquí os dejamos la lista de sitios donde habrá efebos griegos de torso desnudo, pero es para que los evitéis como dios manda, ¿eh?'.","twitter.com/Rocigaot/status/485418325066125314"
"5/7/2014 15:30:44","5","485415482032668672","12","Y mañana, todos los que hayan ido al Orgullo y no se hayan comido un rosco denunciando a La Gaceta por publicidad engañosa.","twitter.com/Rocigaot/status/485415482032668672"
"5/7/2014 15:24:04","2","485413805430960128","2","Quiero recordar a los de La Gaceta que si los heterosexuales no les tocan ni con un palo, en una bacanal gay correrán la misma suerte. :P","twitter.com/Rocigaot/status/485413805430960128"
"5/7/2014 1:06:08","1","485197900642013184","","@mjdelrio @ComandanteVimes sí, pero con los ríos lo del mal olor depende, con la caca es algo universal. XD","twitter.com/Rocigaot/status/485197900642013184"
"5/7/2014 1:03:39","","485197275048988673","1","@mjdelrio @ComandanteVimes  Igual se llama así de verdad. Nombre, Tractor; apellido, De Caca. Hay muchos apellidos que llevan De. XDDDD","twitter.com/Rocigaot/status/485197275048988673"
"4/7/2014 16:25:55","1","485066981029462016","","@Tawil @Cascarelo moi típico da realeza o de encerrar con calqueira escusiña aos parentes que poderían reclamar o dereito ao trono...:P","twitter.com/Rocigaot/status/485066981029462016"
"4/7/2014 14:25:57","1","485036790295060480","1","El planazo novedoso de Báñez contra el paro es una web donde puedes poner tu CV? Es que esa mujer no ha buscado trabajo en su vid...oh,wait!","twitter.com/Rocigaot/status/485036790295060480"
"4/7/2014 12:44:16","1","485011202842841088","","@MargaretCastor yo para resaca, comida china o pizza.","twitter.com/Rocigaot/status/485011202842841088"
"4/7/2014 1:52:31","","484847186254266368","","@xoancastro si, eu xa vivía feliz ignorando que existía a funda esa... :P","twitter.com/Rocigaot/status/484847186254266368"
"4/7/2014 1:15:37","","484837896646819840","","@xoancastro gensanta, vai quedar o iPad precioso... e pra ela hay versión con vibrador en vez de burato, ou como vai a cousa?","twitter.com/Rocigaot/status/484837896646819840"
"3/7/2014 16:07:55","1","484700065366548480","","@Tabernita bueno, en Coruña calor de playa tampoco tenemos hoy. Pero el cielo está azul y estoy en sandalias, eso sí :D","twitter.com/Rocigaot/status/484700065366548480"
"3/7/2014 15:39:04","2","484692804548186112","","@StarlessCrimson na, págate tu propio abono, hacen descuentillo y por cada nueve abortos te regalan el décimo :P","twitter.com/Rocigaot/status/484692804548186112"
"3/7/2014 15:29:03","1","484690282358005760","1","@echeoqhai outra proba das risas que estamos a perder por non reivindicar o dereito sucesorio de Elena. #Elenistas #Froilanismooubarbarie","twitter.com/Rocigaot/status/484690282358005760"
"3/7/2014 15:23:50","1","484688969192701952","1","@El__Yayo me acabas de recordar que tengo que ir a renovar el bonoaborto, que ya sólo me quedan dos!","twitter.com/Rocigaot/status/484688969192701952"
"3/7/2014 15:10:50","","484685699413987328","","@Biosbrd podes selo na intimidade, como o de Aznar co catalán. :P","twitter.com/Rocigaot/status/484685699413987328"
"3/7/2014 15:04:48","","484684182686564352","","@Biosbrd claro, por eso non me animara até agora, porque mira que se me fago lesbiana e me fago mal... cunha guía de Ansón vou sobre seguro.","twitter.com/Rocigaot/status/484684182686564352"
"3/7/2014 15:02:53","","484683699804729345","","@Biosbrd é moi útil isto, porque estaba pensando en facerme lesbiana e necesitaba un tutorial dun experto :P","twitter.com/Rocigaot/status/484683699804729345"
"3/7/2014 14:58:17","","484682542722088961","","@Biosbrd ahí vai! http://www.elmundo.es/opinion/2014/07/02/53b457c922601dc03b8b45a2.html?cid=SMBOSO25301&s_kw=twitter …","twitter.com/Rocigaot/status/484682542722088961"
"3/7/2014 14:54:52","","484681680800993281","","Entonces, ¿tenemos a Bertín Osborne y Alaska opinando de política y a Ansón opinando de cómo ser lesbiana? #tecnocracia","twitter.com/Rocigaot/status/484681680800993281"
"3/7/2014 13:50:14","","484665416347037696","","@Biosbrd Jooo! :(","twitter.com/Rocigaot/status/484665416347037696"
"3/7/2014 13:40:56","","484663073899552768","","¿Alguien ha visto si el tweet de Bisbal sobre la calle a Coletas es fake o  si es que lo ha borrado?","twitter.com/Rocigaot/status/484663073899552768"
"3/7/2014 13:38:46","","484662529462112256","","@violetluxemburg decidme que no es un fake, que me estoy riendo mucho!","twitter.com/Rocigaot/status/484662529462112256"
"3/7/2014 0:20:16","","484461581393494017","1","@Tabernita @ComandanteVimes en México DF la oficina de Correos funciona con gatitos monos? :D","twitter.com/Rocigaot/status/484461581393494017"
"3/7/2014 0:17:43","1","484460940390572033","","@r0uzic @mjdelrio vale, iba a responder lo mismo XDDD","twitter.com/Rocigaot/status/484460940390572033"
"3/7/2014 0:01:18","","484456809764495360","","@ComandanteVimes yo ya me ofrecí cuando suspendió el año pasado, pero claro, exigí plus de peligrosidad si le dejan rifles y pinchos morunos","twitter.com/Rocigaot/status/484456809764495360"
"2/7/2014 23:49:29","2","484453833545105408","","@mjdelrio @Tabernita @ComandanteVimes si es que no sabéis administraros la lluvia... XD","twitter.com/Rocigaot/status/484453833545105408"
"2/7/2014 23:46:17","","484453027093700610","","@mjdelrio @Tabernita @ComandanteVimes y aún así, raro es que nos inundemos. Allí con una horita de lluvia ya tenéis que sacar la zodiac :D","twitter.com/Rocigaot/status/484453027093700610"
"2/7/2014 23:39:48","1","484451395622670336","","@mjdelrio @Tabernita @ComandanteVimes aquí en Galicia este invierno sólo tuvimos un chaparrón: empezó en diciembre y escampó en abril XD","twitter.com/Rocigaot/status/484451395622670336"
"2/7/2014 23:39:09","","484451232598462464","","La vegana ya no está en lo de Master Chef, ¿no? Porque mira qué ocasión para aliñarle la comida con cicuta a los toreros... :P","twitter.com/Rocigaot/status/484451232598462464"
"2/7/2014 23:37:46","","484450884118904832","","@Tabernita @mjdelrio @ComandanteVimes si no abolla el coche ni le rompe el cristal, no es granizo, es aguanieve como mucho :P","twitter.com/Rocigaot/status/484450884118904832"
"2/7/2014 1:14:51","","484112930997555200","","¿En las webs de ligar se pueden poner preguntas filtro ,como en las ofertas del Infojobs?","twitter.com/Rocigaot/status/484112930997555200"
"2/7/2014 0:28:02","1","484101149461852160","1","@PotiPotiInLove al final seguirá vivo y me habréis creado falsas ilusiones, como cuando en el Hormiguero guillotinaron al del Canto del loco","twitter.com/Rocigaot/status/484101149461852160"
"1/7/2014 15:14:41","2","483961891296145409","3","Si vas a casa de alguien y descubres que el PP nunca le ha acusado de ser ETA, no te acuestes con él.","twitter.com/Rocigaot/status/483961891296145409"
"1/7/2014 12:13:41","","483916342442360832","","A obra social de Abanca chamarase Afundimento, digo, Afundación.https://twitter.com/Farodevigo/status/483897869397938177 …#Orbyt Abanca le cambia el nombre a la obra social, ahora será: Afundación http://ow.ly/yDHY0   Por @JulitrosPerez pic.twitter.com/iYvBb7XW5v","twitter.com/Rocigaot/status/483916342442360832"