"date","fav","id","rt","text","url"
"28/2/2015 13:12:23","5","571644076631707648","2","@MrInsustancial @eleptric Siendo los 90, lo raro es que no lo tradujeran como 'Cosas de X'.'Cosas de pueblos raros', 'Cosas de asesinos'...","twitter.com/Rocigaot/status/571644076631707648"
"27/2/2015 21:21:37","","571404811201085441","","@SoniniSumode un amigo que vino de vacaciones flipó porque le pitaron por parar en un stop, pobre.","twitter.com/Rocigaot/status/571404811201085441"
"27/2/2015 21:17:21","","571403734632275969","","Que no sé de qué me extraño, si alguna vez me han pitado por parar en pasos de cebra cuando había peatones cruzando.","twitter.com/Rocigaot/status/571403734632275969"
"27/2/2015 21:16:19","","571403473943695361","","Estoy esperando el bus y acabo de ver a uno pitarle a otro coche por estar parado...  en un semáforo en rojo.","twitter.com/Rocigaot/status/571403473943695361"
"27/2/2015 17:17:28","","571343369143762944","","@nebulina lo del vestido es una cortina de humo para que no preguntemos a dónde se llevaron a las llamas después de capturarlas.","twitter.com/Rocigaot/status/571343369143762944"
"27/2/2015 15:23:54","1","571314788757868544","","@repollo_ Joder! Se está yendo mucho de las manos el rollo de 'voy a hacer que la ofi parezca un parque para disimular que pago una mierda'","twitter.com/Rocigaot/status/571314788757868544"
"27/2/2015 15:20:50","1","571314015227547650","","@repollo_ un perro para la oficina? rollo el hamster mascota de la clase de las series americanas?","twitter.com/Rocigaot/status/571314015227547650"
"27/2/2015 15:20:16","5","571313872734441473","1","¿Estamos al menos todos de acuerdo en que el puñetero vestido es más feo que mandar a la abuela a por drogas?","twitter.com/Rocigaot/status/571313872734441473"
"27/2/2015 15:16:01","1","571312804738826241","","@PotiPotiInLove @Tabernita tuve una boda en verano allí y me dijeron que Espe vivía cerca de nuestro hotel. Un miedo para cruzar la calle...","twitter.com/Rocigaot/status/571312804738826241"
"27/2/2015 15:12:59","","571312040339484672","","@Tabernita @PotiPotiInLove ahí también lo hacen?una ex compi madrileña se quejaba de que aquí se lo hacían y decía que en Madrid eso no pasa","twitter.com/Rocigaot/status/571312040339484672"
"27/2/2015 14:32:27","1","571301840756862976","","Le he enseñado a mi madre lo del vestido de las narices y dice que ella lo ve lila y marrón. :P","twitter.com/Rocigaot/status/571301840756862976"
"26/2/2015 22:13:31","","571055483034980352","","Además de una llama, quiero un pájaro de esos. XD","twitter.com/Rocigaot/status/571055483034980352"
"26/2/2015 21:52:19","","571050149310566402","","@NewIlluminatus @LumpenPerro yo cada día tengo más claro que quiero una. Sabéis si se pueden entrenar para que escupan a quien le digas? XD","twitter.com/Rocigaot/status/571050149310566402"
"26/2/2015 21:45:42","","571048483924406274","","@LumpenPerro pues no lo sé, que me enganché a la historia a la mitad porque vi un retuit en mi TL!","twitter.com/Rocigaot/status/571048483924406274"
"26/2/2015 21:42:27","1","571047666702020609","","@LumpenPerro Sí, pero los han trolleado a todos un rato. XD","twitter.com/Rocigaot/status/571047666702020609"
"26/2/2015 21:38:36","","571046696748257280","","@LumpenPerro sí, ya las han pillado, pobres!","twitter.com/Rocigaot/status/571046696748257280"
"26/2/2015 21:35:56","1","571046025743482880","","A juzgar por sus RT creo que @LumpenPerro está también viendo a las llamas fugitivas.","twitter.com/Rocigaot/status/571046025743482880"
"26/2/2015 21:15:06","","571040781877846020","","Esto de ver un streaming de unas llamas por Arizona no es lo más raro que he hecho para procastinar y no ponerme con el TFG,pero casi.","twitter.com/Rocigaot/status/571040781877846020"
"25/2/2015 18:34:57","","570638092077551616","","@SoniniSumode a mí me pasa mucho con los de coaching, entrepreneurship y similares.","twitter.com/Rocigaot/status/570638092077551616"
"25/2/2015 17:13:32","6","570617599924555777","3","La coña es que nos meten a la vez el rollo meapilas 'sin Dios no puedes ser feliz' y el rollo coaching 'no eres feliz porque no lo intentas'","twitter.com/Rocigaot/status/570617599924555777"
"25/2/2015 17:06:49","1","570615913638203393","","Con el BOE de hoy te regalan el primer fascículo del coleccionable de vidas de santos de RBA.","twitter.com/Rocigaot/status/570615913638203393"
"25/2/2015 13:55:36","","570567789540466688","","@SoniniSumode apunta nombres para mi futuro gulag!","twitter.com/Rocigaot/status/570567789540466688"
"24/2/2015 20:24:25","11","570303252870385664","7","Lo típico de que tus hijos pueden ver a zombies comiéndose a gente a bocados,pero no me saques un beso entre dos tíos que se me traumatizan.","twitter.com/Rocigaot/status/570303252870385664"
"24/2/2015 19:52:10","2","570295136502087680","","Los de los talleres de 'iniciativa emprendedora', 'mindfulness' y demás para críos no sé si irán a mi gulag o azada camboyana directamente.","twitter.com/Rocigaot/status/570295136502087680"
"24/2/2015 12:26:33","","570182992477487104","","@RubenGaldon Un gritón de puestos de trabajo!!!!","twitter.com/Rocigaot/status/570182992477487104"
"24/2/2015 0:09:45","1","569997570266804227","","@zezenzuska En la de la copa tienes cara de 'saca la foto de una puñetera vez para que pueda darle un trago' XD","twitter.com/Rocigaot/status/569997570266804227"
"24/2/2015 0:05:53","","569996597125373953","","@Pozuelen schhhhhh!! No des ideas!","twitter.com/Rocigaot/status/569996597125373953"
"24/2/2015 0:01:41","1","569995542295670784","","@zezenzuska eran los tiempos de las cámaras de carrete y todos tienen su foto sobre sus caballos menos yo,que salgo intentando encaramarme","twitter.com/Rocigaot/status/569995542295670784"
"24/2/2015 0:00:54","","569995344047706114","","@zezenzuska me acabas de recordar 1vez que fui a una ruta ecuestre y me dieron un caballo tan alto que me tuvieron que empujar para subir(1)","twitter.com/Rocigaot/status/569995344047706114"
"23/2/2015 22:34:48","1","569973673777614848","","@Marmota_Maligna con la escopeta de maquillar de Homer!","twitter.com/Rocigaot/status/569973673777614848"
"23/2/2015 22:31:31","","569972850683187201","","@Marmota_Maligna Ay, que me da XD. Y aún te dirán algo si tu coche es una tartana vieja y da mala imagen a los guiris, como si lo viera.","twitter.com/Rocigaot/status/569972850683187201"
"23/2/2015 21:50:07","","569962429905539074","1","Gente, en Neox están con el capítulo de los Simpson de Poochie!","twitter.com/Rocigaot/status/569962429905539074"
"23/2/2015 21:09:38","","569952242528354305","","@missultrasonica creo que no. Al menos yo miré hace unos meses y no encontré forma. :(","twitter.com/Rocigaot/status/569952242528354305"
"23/2/2015 20:25:31","","569941140134354944","","Una parte de mí sigue temiendo que me digan 'oye,nos liamos con las valijas y el 9 es de otro alumno, tienes un 4'. Soy Felipe el de Mafalda","twitter.com/Rocigaot/status/569941140134354944"
"23/2/2015 19:14:08","","569923176765005824","","También es cierto que una de las razones por las que temí suspender era que temía que al ver 4folios de mi letra dijeran 'lo va a leer Rita'","twitter.com/Rocigaot/status/569923176765005824"
"23/2/2015 19:10:40","2","569922301661220864","","Ya es la 2ºvez en un año que saco un 9 en un examen del que dije 'creo que apruebo pero ptsé'. Me estoy convirtiendo en ESE tipo de gente.","twitter.com/Rocigaot/status/569922301661220864"
"23/2/2015 18:57:30","2","569918991285796864","","Con lo dramitas que os ponéis los madrileños simplemente cuando llueve, cualquiera os aguanta ahora que tenéis terremotos.","twitter.com/Rocigaot/status/569918991285796864"
"23/2/2015 16:32:33","","569882514287935488","","@familiasunshine @errejoners deduje que los ejecutivos nunca tienen invitados o no les importa que estos les vean cagar desde la cocina.","twitter.com/Rocigaot/status/569882514287935488"
"23/2/2015 16:30:47","1","569882065912647680","","@familiasunshine @errejoners yo vi un anuncio de 'loft ideal ejecutivos'.Sofá cama, vitro de dos hornillos, baño con puerta de cristal.","twitter.com/Rocigaot/status/569882065912647680"
"23/2/2015 15:36:56","","569868514376478720","","@Chinobi_Ninja @Tabernita es que es una imagen muy ilustrativa de su persona. A mí me dices 'Conde Roa' y es lo que se me viene a la mente.","twitter.com/Rocigaot/status/569868514376478720"
"23/2/2015 15:28:31","1","569866398119399424","","@Chinobi_Ninja @Tabernita Hala, ya os he dado con qué matar la tarde. XDDD","twitter.com/Rocigaot/status/569866398119399424"
"23/2/2015 15:24:32","1","569865394913210368","","@Tabernita a que sí? Creo que mi favorita es la de 'tuve que matar a un policía'. Esa o 'Rasputín'.Pero es que le pegan TODAS.","twitter.com/Rocigaot/status/569865394913210368"
"23/2/2015 15:19:36","1","569864155118882816","1","@Tabernita nada, ponte a Conde Roa bailando alguna otra, tienes pa elegir!  http://conderoabailongo.tumblr.com/ ","twitter.com/Rocigaot/status/569864155118882816"
"23/2/2015 15:12:11","","569862285931511808","1","@Tabernita https://www.youtube.com/watch?v=TFypvTmqTkw …","twitter.com/Rocigaot/status/569862285931511808"
"23/2/2015 14:58:30","1","569858843951403008","","@teknogender tiña que facelo. :Ppic.twitter.com/AoFHFRcRnO","twitter.com/Rocigaot/status/569858843951403008"
"23/2/2015 14:44:57","12","569855434468818944","8","Ya que estáis haciendo memes de Meryl, tengo que recordar su momentazo baile de la gala del año pasado. #ultrafanpic.twitter.com/tA0bsdGLTb","twitter.com/Rocigaot/status/569855434468818944"
"23/2/2015 13:36:53","1","569838305296187392","1","Por no hablar de mi parte favorita de esos trabajos: las reuniones 'motivacionales' y de coaching.pic.twitter.com/XUOleQo32O","twitter.com/Rocigaot/status/569838305296187392"
"23/2/2015 13:31:03","1","569836837872787456","","@Tabernita yo después de eso, las de ONG las evito. He ido a entrevistas de 'teleoperadora' o 'ventas',eran timos parecidos y he huido tb.","twitter.com/Rocigaot/status/569836837872787456"
"23/2/2015 13:29:28","1","569836436989587456","","Luego está la saturación que hay. Cada día me intentan parar mínimo tres personas de ONGs distintas. Al final consiguen que vayas huyendo.","twitter.com/Rocigaot/status/569836436989587456"
"23/2/2015 13:26:12","","569835617401630721","","@Tabernita pero si estabas dos días sin hacer ningún socio, te ibas a la calle al momento.","twitter.com/Rocigaot/status/569835617401630721"
"23/2/2015 13:25:42","","569835488745558016","","@Tabernita yo curré en una mierda de esas hace diez años, y eso que entonces las condiciones eran mejores que tenías 'algo' (poco) fijo.","twitter.com/Rocigaot/status/569835488745558016"
"23/2/2015 13:23:51","","569835025300107264","","Luego está ese momento en que alguien te dice con ilusión que tiene una entrevista para una empresa de esas,y no sabes si bajarle a tierra.","twitter.com/Rocigaot/status/569835025300107264"
"23/2/2015 13:23:03","","569834821872177152","","@CaminoAna e por se acaso deixo ahí o tema, que se profundizo aínda tedes que ir levarme un bocata con lima dentro a Teixeiro.","twitter.com/Rocigaot/status/569834821872177152"
"23/2/2015 13:22:10","","569834600916262912","","@Tabernita de esas entrevistas he tenido alguna también. Sigue maravillándome que ni se sonrojen al explicarte lo que tienes que hacer.","twitter.com/Rocigaot/status/569834600916262912"
"23/2/2015 13:17:56","4","569833534149558272","7","'¿Tú lo sabías?'. Sí, porque ya piqué con eso hace tiempo, cuando tú aún currabas y me preguntabas extrañado '¿pero es que no te sale NADA?'","twitter.com/Rocigaot/status/569833534149558272"
"23/2/2015 13:16:26","3","569833159103279104","7","Y al salir me dicen, indignadísimos: 'Que resulta que no hay parte fija de sueldo ni nada e igual trabajo 10 horas y no veo un duro'. (2)","twitter.com/Rocigaot/status/569833159103279104"
"23/2/2015 13:15:06","3","569832821738631168","7","Algo que me hace 'gracia' es cuando gente que lleva menos que yo en paro va por 1ªvez a 1entrevista para captador de ONGs o de eléctricas(1)","twitter.com/Rocigaot/status/569832821738631168"
"23/2/2015 13:05:13","","569830336739348480","","Lo que estoy pensando ahora de lo que dice Gomendio sobre la universidad es apología de algo, fijo.","twitter.com/Rocigaot/status/569830336739348480"
"23/2/2015 4:05:41","","569694555710349312","","Me piro a dormir, que estar tragándome este coñazo de gala sin haberme visto las pelis es masoquismo puro.","twitter.com/Rocigaot/status/569694555710349312"
"23/2/2015 3:21:49","","569683516818104320","","Que igual eso es una señal de que debería irme a intentar dormir ya.","twitter.com/Rocigaot/status/569683516818104320"
"23/2/2015 3:21:23","1","569683407439052800","","Cuando van a publi y sale el señor tumbao en el anuncio de Cadillac de entrada me parece Arturo Fernández en el sofá el pequeño Nicolás.","twitter.com/Rocigaot/status/569683407439052800"
"23/2/2015 3:15:49","","569682007225200640","","Que yo igual haría lo mismo, pa una vez que ganas un Oscar aprovechas los discursos ensayados ante el espejo del baño con el bote de champú.","twitter.com/Rocigaot/status/569682007225200640"
"23/2/2015 3:13:00","","569681300006834177","","Al de Ida le han puesto la musiquita de 'corta el rollo' y ha empezado a hablar a toda hostia rollo anuncio de micromachines.","twitter.com/Rocigaot/status/569681300006834177"
"23/2/2015 3:11:11","","569680843574272000","","@zezenzuska na, si a mí me pasa un poco lo mismo. Con lo que yo era pa estas cosas...","twitter.com/Rocigaot/status/569680843574272000"
"23/2/2015 3:03:20","","569678868023537665","","He confesado en un arrebato de sinceridad que no he visto una triste peli de las nominadas y ahora no puedo OPINAR e integrarme.","twitter.com/Rocigaot/status/569678868023537665"
"23/2/2015 2:44:15","1","569674065507696640","","Hubo un tiempo en que llegaba a los Oscar con las pelis vistas (al menos las que ya se habían estrenado aquí)y sabía quién era todo el mundo","twitter.com/Rocigaot/status/569674065507696640"
"23/2/2015 2:11:59","1","569665943074414592","","'Me da que tengo una mente creativa, creo que es por trabajar en la nave del misterio'. No, si está claro que tenéis que echarle inventiva.","twitter.com/Rocigaot/status/569665943074414592"
"23/2/2015 2:08:55","1","569665169808338944","","Aún no me he acostumbrado a mi nuevo avatar y cuando me veo en mi TL pienso: '¿y esta quién es y por qué me sale aquí?'","twitter.com/Rocigaot/status/569665169808338944"
"23/2/2015 2:04:36","","569664086323142657","","@Marmota_Maligna Más aún que él?","twitter.com/Rocigaot/status/569664086323142657"
"23/2/2015 2:04:17","1","569664007910653952","","'ES COMO SI ESTUVIERA VIENDO EL FUSILAMIENTO, SE ME PONE LA CARNE DE GALLINA'. Está fatal de lo suyo, el hombre. #CuartoMilenio","twitter.com/Rocigaot/status/569664007910653952"
"23/2/2015 1:56:40","","569662089796714496","","@Marmota_Maligna en secreto, en secreto... le falta llevar una camiseta con su foto.","twitter.com/Rocigaot/status/569662089796714496"
"23/2/2015 1:54:53","4","569661641803079680","","Mientras estáis viendo la alfombra roja, Friker ha llevado a un primoderivelieber a #CuartoMilenio","twitter.com/Rocigaot/status/569661641803079680"
"23/2/2015 1:31:07","","569655661136625665","","@PotiPotiInLove yo porque lo leí por aquí, que si no,entre mi poca memoria para las caras y que el vestido atrae toda la atención, tampoco.","twitter.com/Rocigaot/status/569655661136625665"
"23/2/2015 0:54:41","","569646491872182273","","@Marmota_Maligna ya puestos no te queda otra que encogorzarte tú también. Si te vas a llevar la parte chunga sí o sí...","twitter.com/Rocigaot/status/569646491872182273"
"23/2/2015 0:45:49","1","569644259093172224","","@zezenzuska el crío venía deforme, según nació lo echaron al fuego y sobrevivió. Y yo me agobio cuando cojo a un bebé por si le hago daño.","twitter.com/Rocigaot/status/569644259093172224"
"23/2/2015 0:41:05","6","569643068699353088","5","'La partera tiene tal susto que lo primero que hace es tirarlo al fuego'. Eso luego en el currículum queda regulinchi. #CuartoMilenio","twitter.com/Rocigaot/status/569643068699353088"
"23/2/2015 0:35:56","1","569641773821263872","2","No querían jugar con él porque era rico y porque tenía otra cara en la nuca. Los críos pueden ser muy crueles con los ricos. #CuartoMilenio","twitter.com/Rocigaot/status/569641773821263872"
"23/2/2015 0:33:29","","569641156956581888","","@Marmota_Maligna Es muy años 80, esto.","twitter.com/Rocigaot/status/569641156956581888"
"23/2/2015 0:19:48","","569637710476021761","","@PotiPotiInLove Sonia Monroy en la alfombra de los Oscar. Pero ayer, lo que molaba era que fuera hoy a lucir Marca España. XD","twitter.com/Rocigaot/status/569637710476021761"
"22/2/2015 23:41:22","1","569628037777653762","","Ahora ponemos la alfombra roja y vemos vestidos de diseñador que hacen pensar:'pues el pareo-bandera de Sonia Monroy, ni tan mal'.","twitter.com/Rocigaot/status/569628037777653762"
"22/2/2015 22:47:36","1","569614510199345152","","@Marmota_Maligna el 'todoterreno' es para los que van de graciosos buenrolleros, como el que puse antes de 'te pone que te digan SEO'. XD","twitter.com/Rocigaot/status/569614510199345152"
"22/2/2015 22:43:35","1","569613498306715648","1","'Todoterreno'= 'Me vas a cubrir cuatro puestos por un sueldo'. #MaquillaTuMierdaofertaDeTrabajo","twitter.com/Rocigaot/status/569613498306715648"
"22/2/2015 22:40:42","","569612771748397056","","@missultrasonica es mi ídola. XD","twitter.com/Rocigaot/status/569612771748397056"
"22/2/2015 22:35:28","1","569611454904713216","1","'JÓVENES DESEMPLEADOS'=Cómo será de mierda que ya asumimos que sólo alguien novato y desesperado va a picar #MaquillaTuMierdaofertaDeTrabajo","twitter.com/Rocigaot/status/569611454904713216"
"22/2/2015 22:23:50","3","569608527913848833","2","@J_manolito @SoniniSumode @zezenzuska acostumbrado a trabajar bajo presión=LO QUIERO PARA AYER, INÚTIL! #MaquillaTuMierdaofertaDeTrabajo","twitter.com/Rocigaot/status/569608527913848833"
"22/2/2015 22:18:35","4","569607208603934721","4","'Ganarás visibilidad y experiencia' = 'Ya el dinero para vivir y tal que lo pongan tus padres'. #MaquillaTuMierdaofertaDeTrabajo","twitter.com/Rocigaot/status/569607208603934721"
"22/2/2015 22:11:07","1","569605329497030656","4","Ambiente joven y buen rollo= Ganarás una mierda y sin contrato,pero igual ponemos un futbolín o algo. #MaquillaTuMierdaofertaDeTrabajo","twitter.com/Rocigaot/status/569605329497030656"
"22/2/2015 22:08:26","2","569604653844996096","2","'Somos una start-up joven y llena de entusiasmo'='Ah,¿que esperabas cobrar?¿Todos los meses?' #MaquillaTuMierdaofertaDeTrabajo","twitter.com/Rocigaot/status/569604653844996096"
"22/2/2015 21:59:08","3","569602311212949504","3","@SoniniSumode 'Buscamos gente dinámica'=Tendrás que echarle farlopa al café para aguantar el ritmo. #MaquillaTuMierdaofertaDeTrabajo","twitter.com/Rocigaot/status/569602311212949504"
"22/2/2015 21:51:32","2","569600397779861504","","@SoniniSumode @Findorada si hay más masoquismo en el mercado laboral actual que en 50sombras. Aunque lo del consentimiento está algo viciado","twitter.com/Rocigaot/status/569600397779861504"
"22/2/2015 21:50:40","2","569600182792409088","","@Findorada @SoniniSumode 'mmmmmm, dime cosas guarras....' 'Wordpress! SEO!'","twitter.com/Rocigaot/status/569600182792409088"
"22/2/2015 21:45:37","3","569598910999728128","3","Empezamos con lo de pedir 'pasión' en las ofertas de trabajo y ya hemos llegado a las parafilias laborales. #teponepic.twitter.com/6NPxWRmxP1","twitter.com/Rocigaot/status/569598910999728128"
"22/2/2015 21:37:54","2","569596967631921152","","@familiasunshine en Salamanca me preguntaban si les podía pasar 'porque como eres gallega'. Creerían que me traía tuppers de farlopa de casa","twitter.com/Rocigaot/status/569596967631921152"
"22/2/2015 21:33:24","2","569595835618615296","","@familiasunshine a menos que seas gallega,que se presupone que llevas siempre un alijo en el bolso para vender/invitar.","twitter.com/Rocigaot/status/569595835618615296"
"22/2/2015 19:07:32","1","569559126197600257","","@SuraTallulah sí, ahí lo tengo todo en mi bolsa de disfraces:peluca,gatos de peluche (atados con goma para poder lanzar y recoger), todo. XD","twitter.com/Rocigaot/status/569559126197600257"
"22/2/2015 19:01:02","","569557489559191552","","@SuraTallulah lo hice 1º a lo cutre para una fiesta temática de los simpson. El año pasado lo perfeccioné pa carnaval y al final no salí :(","twitter.com/Rocigaot/status/569557489559191552"
"22/2/2015 18:58:32","1","569556863592894464","","@SuraTallulah y porque no tengo ninguna foto chula de cuando me disfracé de ella. XD","twitter.com/Rocigaot/status/569556863592894464"
"22/2/2015 18:56:01","2","569556227744763904","","He cambiado de look, que tocaba tocar una foto más reciente. XD","twitter.com/Rocigaot/status/569556227744763904"
"22/2/2015 15:27:47","1","569503826618810368","","@deploreibol a Farala ya hace tiempo que la largaron en un ERE, ahora hay una becaria.","twitter.com/Rocigaot/status/569503826618810368"
"21/2/2015 17:58:59","","569179486245298178","1","@PotiPotiInLove en términos de eficiencia, es mucho mejor aprovechar la quedada para más de uno, sin duda.","twitter.com/Rocigaot/status/569179486245298178"
"21/2/2015 2:46:44","","568949913201061889","","@zezenzuska @missultrasonica XDDD Bueno, es mejor que cuando cambian al actor de golpe, rollo 'tía Vivian' del príncipe de Bel Air!","twitter.com/Rocigaot/status/568949913201061889"
"21/2/2015 1:27:34","","568929989539864576","","@zezenzuska @missultrasonica qué fue lo de Angela Channing? la serie me pilló siendo aún pequeña para verla.","twitter.com/Rocigaot/status/568929989539864576"
"21/2/2015 1:20:05","","568928108696489984","","@missultrasonica @zezenzuska na, cuando pasa eso hay una bomba/accidente aéreo/tiroteo,mueren unos cuantos y entran ligues nuevos. XD","twitter.com/Rocigaot/status/568928108696489984"
"20/2/2015 19:31:59","","568840503552319489","","@Pozuelen es otra opción. XD","twitter.com/Rocigaot/status/568840503552319489"
"20/2/2015 19:28:21","2","568839591744147456","1","Los clásicos borrachos que se pican y se encaran en el after porque si me has mirao mal, porque QUÉ DE QUÉ.pic.twitter.com/VrFbeIG19R","twitter.com/Rocigaot/status/568839591744147456"
"20/2/2015 18:50:00","2","568829941141377024","1","Monedero haciendo el @Pozueliconopic.twitter.com/31deULCaHk","twitter.com/Rocigaot/status/568829941141377024"
"20/2/2015 17:42:46","1","568813018575982592","","@Marmota_Maligna eso sí, son tan majos que la quinta lengua ya no te la exigen, sólo valoran que la tengas.","twitter.com/Rocigaot/status/568813018575982592"
"20/2/2015 14:59:16","3","568771874739630080","","Estoy por votar a Pablemos sólo por el filón semanal de memes que serían los caretos de Monedero en las RP de los Consejos de Ministros.","twitter.com/Rocigaot/status/568771874739630080"
"19/2/2015 22:33:01","1","568523674598256641","","@laguiri @morganaskwlkr yo les mandaré a una horita de élfico según salgamos de la maternidad para que vayan haciendo oído. :P","twitter.com/Rocigaot/status/568523674598256641"
"19/2/2015 22:29:04","1","568522680237846528","","@laguiri y ya lo de hablar nuestra lengua materna entre nosotros y cambiarnos a otra que dominamos menos para hablarle al crío, ni te cuento","twitter.com/Rocigaot/status/568522680237846528"
"19/2/2015 22:28:17","1","568522485521469440","","@laguiri yo es que no me imagino hablar con mi pareja en una lengua que no es la lengua materna de ninguno para que la aprenda el niño.","twitter.com/Rocigaot/status/568522485521469440"
"19/2/2015 22:12:20","","568518470284914689","","@laguiri comentaba antes la perla que vi hoy:padres charlando en castellano entre ellos y cambiándose al inglés para hablar a la cría.","twitter.com/Rocigaot/status/568518470284914689"
"19/2/2015 20:46:17","","568496816163041280","","@Srta_Angus @ComandanteVimes descarto que estuvieran cuidando a una cría inglesa porque se llamaban'mummy' and 'daddy' al hablar con ella","twitter.com/Rocigaot/status/568496816163041280"
"19/2/2015 20:41:44","1","568495671294230528","","@Srta_Angus @ComandanteVimes acabo de ver a una pareja en el súper hablándole a la cría (unos 2años) en inglés y entre ellos en castellano","twitter.com/Rocigaot/status/568495671294230528"
"19/2/2015 13:43:16","1","568390357710450688","2","@menudotiarro @El_Semisotano @ComandanteVimes ufff... y viene la web del colegio, estoy por cotillear para traumatizarme ya del todo.","twitter.com/Rocigaot/status/568390357710450688"
"19/2/2015 10:56:54","1","568348493628248064","","@kalevorroka https://www.youtube.com/watch?v=v2FMqtC1x9Y …","twitter.com/Rocigaot/status/568348493628248064"
"19/2/2015 1:18:11","2","568202850863607808","","@Srta_Angus @ComandanteVimes mis favoritas son las que te incluyen en el proceso,entran a diario en tu perfil y ni te llaman ni te descartan","twitter.com/Rocigaot/status/568202850863607808"
"19/2/2015 1:16:57","1","568202544436146176","","@Srta_Angus @ComandanteVimes además, ¿cuántas academias de inglés para gente que aún no sabe mear en el WC puede haber en Coruña?","twitter.com/Rocigaot/status/568202544436146176"
"19/2/2015 1:15:37","1","568202205251166208","","@Srta_Angus @ComandanteVimes puede ser la misma, creo que era una edad de esas de 'chapurrean ya algo o no según el bebé'.","twitter.com/Rocigaot/status/568202205251166208"
"19/2/2015 1:14:05","","568201819186438145","","@Srta_Angus @ComandanteVimes yo en estos últimos años dos, a cuál peor. Años ha me llamaron para una aceptable,pero al final no me pillaron","twitter.com/Rocigaot/status/568201819186438145"
"19/2/2015 1:08:02","","568200298818379776","","@NewIlluminatus @alitecarlito @zezenzuska yo ojeras a veces,pero se me van cuando vuelvo a dormir bien. Las canas llegaron para quedarse.","twitter.com/Rocigaot/status/568200298818379776"
"19/2/2015 1:06:36","","568199936946388993","","@Srta_Angus @ComandanteVimes y te llegaron a entrevistar? yo juraría que no me apunté, pero aún la recuerdo porque me quedé a cuadros.","twitter.com/Rocigaot/status/568199936946388993"
"19/2/2015 1:02:05","3","568198800315187200","","@Srta_Angus @ComandanteVimes yo hace meses vi una oferta en Infojobs para darle clase de inglés a bebés.","twitter.com/Rocigaot/status/568198800315187200"
"19/2/2015 1:01:19","","568198609814073345","","@alitecarlito @zezenzuska a mí me salieron las primeras a los 25. Sigo culpando a mi jefe de entonces.","twitter.com/Rocigaot/status/568198609814073345"
"19/2/2015 0:58:26","","568197881443835904","1","@ComandanteVimes luego aquí te vienen con el 'es que le dan clases en gallego y suspende porque no lo entiende' y te da la risa, claro.","twitter.com/Rocigaot/status/568197881443835904"
"19/2/2015 0:55:22","","568197112825040897","3","@ComandanteVimes a mí el otro día me hablaron de una cría de 4 años a la que sólo le dejan ver dibujos en chino y en inglés.","twitter.com/Rocigaot/status/568197112825040897"
"18/2/2015 17:25:59","","568084020841594880","","@Marmota_Maligna sí, puedes dar respuestas diferentes en cada una a ver si con alguna de las opciones te pillan XD","twitter.com/Rocigaot/status/568084020841594880"
"18/2/2015 17:03:56","","568078471945166848","","@Marmota_Maligna o que me llamaran de las dos y tuviera dos entrevistas el mismo día en distintas ETT para el mismo puesto. XD","twitter.com/Rocigaot/status/568078471945166848"
"18/2/2015 16:58:43","","568077159555862528","","@Marmota_Maligna lo mismo en una me incluyen y en otra me descartan nada más leerlo, vete a saber XD","twitter.com/Rocigaot/status/568077159555862528"
"18/2/2015 16:54:40","","568076137332662272","","@Marmota_Maligna yo me he apuntado a dos ofertas por dos ETT distintas para lo que creo que es el mismo puesto. XD","twitter.com/Rocigaot/status/568076137332662272"
"18/2/2015 2:31:42","","567858967793311744","","@alitecarlito @oh_rus igual tuvieron que ir directos sin desayunar y les pasa como a mí, que hasta que no tomo un café no doy pie con bola.","twitter.com/Rocigaot/status/567858967793311744"
"18/2/2015 2:23:09","1","567856813468753920","","@laMascota yo es que soy muy Felipe el amigo de Mafalda: una mezcla de pereza y angustia. XD","twitter.com/Rocigaot/status/567856813468753920"
"18/2/2015 2:20:28","","567856140782039040","","@laMascota como yo, que una vez me pongo hago de todo pero mi instinto natural tiende a la procastinación. XD","twitter.com/Rocigaot/status/567856140782039040"
"17/2/2015 20:21:28","","567765792943771649","","@deploreibol pues oye, sólo con reabrir el caso de Carromero ya había trabajo para cuatro o cinco frenólogos a jornada completa!","twitter.com/Rocigaot/status/567765792943771649"
"17/2/2015 20:18:28","","567765040041062400","","Al abrir Infojobs creí leer, en vez de comercial de tecnología, comercial de FRENOLOGÍA. Tampoco habría sido lo más raro que he visto ahí.","twitter.com/Rocigaot/status/567765040041062400"
"17/2/2015 13:26:39","2","567661403574898689","","A ver si las veces que suspendí yo Fonética fue por algo que llevaba. #JesuisPerlitas","twitter.com/Rocigaot/status/567661403574898689"
"16/2/2015 22:23:24","1","567434092598538240","","@zezenzuska @El__Yayo @JordiRico yo fijo también,pero hasta que no me llevo el susto no me pongo las pilas por más que lo note en la ropa :P","twitter.com/Rocigaot/status/567434092598538240"
"16/2/2015 21:55:08","","567426978358497281","","@zezenzuska @El__Yayo @JordiRico yo llevo también una temporada en el uno. Un día de estos me atrevo a pesarme y con el susto vuelvo al 2","twitter.com/Rocigaot/status/567426978358497281"
"16/2/2015 19:29:56","","567390439280771075","","@DavidLombao oes, pois si, vou ver se pesco aos críos dos petardiños e llos fago usar de supositorios. :P","twitter.com/Rocigaot/status/567390439280771075"
"16/2/2015 19:26:32","","567389582921334784","","Y mira que  a mí en general el carnaval me gusta, quitando a los niñosdeloscojones tirando petarditos.","twitter.com/Rocigaot/status/567389582921334784"
"16/2/2015 19:25:39","1","567389357980811265","","Si me queréis, irse al super a hacerme la compra y subirla a mi casa, que están tirando petardos y me ponen de los nervios.","twitter.com/Rocigaot/status/567389357980811265"
"16/2/2015 18:11:44","1","567370757815418881","","@oneafter909_ vaia merda, e encima seguro que agora me choven follows de peña de Vox por meter a Monedero e De Juana no mesmo tuit :P","twitter.com/Rocigaot/status/567370757815418881"
"16/2/2015 18:11:25","1","567370678207537152","","Aí vai a captura, que non sei por qué o link lévame á versión en castelá e ides pensar que o invento.pic.twitter.com/S5SK6hziqM","twitter.com/Rocigaot/status/567370678207537152"
"16/2/2015 18:09:21","","567370156268343297","","a ti vaiche, @oneafter909_ ? Porque a min lévame á versión en castelá! :(","twitter.com/Rocigaot/status/567370156268343297"
"16/2/2015 18:07:30","","567369692982288385","1","Eh, @oneafter909_ , aínda non vin a De Xoana Chaos pero atopei a 'Moedeiro'. http://galego.lavozdegalicia.es/noticia/espana/2015/02/16/juez-abre-diligencias-contra-monedero/00031424092622205919177.htm?idioma=galego …","twitter.com/Rocigaot/status/567369692982288385"
"16/2/2015 18:05:50","","567369273732251648","2","@oneafter909_ Engado que 'De Juana Suelos' para Galicia Bilingüe.","twitter.com/Rocigaot/status/567369273732251648"
"16/2/2015 18:05:07","1","567369093448495105","","@oneafter909_ ou segundo o tradutor automático da Voz de Galicia. (Dígoo de coña, pero vou entrar, que igual hai premio)","twitter.com/Rocigaot/status/567369093448495105"
"16/2/2015 14:53:11","","567320790446931968","","@sil_loh mi favorito en japo es medicina, que se hace con los de 'hierba' y 'divertido' XD. No sé si en chino es igual o son menos fumetas","twitter.com/Rocigaot/status/567320790446931968"
"16/2/2015 14:47:44","","567319420637560832","","@sil_loh  lo mío es japo, aunque los ideogramas son los chinos. Eso sí, no todos son tan fáciles de sacar por dibujo XD","twitter.com/Rocigaot/status/567319420637560832"
"16/2/2015 13:45:04","","567303649119191041","","@Pozuelen yo soy incapaz de leerme entero un post de la Acapulca. Y mira que estoy curtida en leer cosas coñazo.","twitter.com/Rocigaot/status/567303649119191041"
"16/2/2015 0:27:44","","567102995180322817","1","'Objetos, fenómenos, cositas'. No me habléis en tecnicismos que me pierdo. #CuartoMilenio","twitter.com/Rocigaot/status/567102995180322817"
"16/2/2015 0:14:49","1","567099742740828160","1","Os prometo que pensé que era la cuenta parodia.https://twitter.com/ferranadria/status/566694340534468610 …El tomate, ¿es un producto natural o es una realidad imaginaria que queremos creer?","twitter.com/Rocigaot/status/567099742740828160"
"15/2/2015 23:28:24","1","567088063093149697","1","@morganaskwlkr voy a empezar a contestar:'sabiendo que estoy en paro y soltera, ¿tu pregunta tiene un fin que no sea tocar los huevos?'","twitter.com/Rocigaot/status/567088063093149697"
"14/2/2015 16:53:17","1","566626239671439361","","Como hoy también es Carnaval,espero que en breve los que se disfrazan se abran camino en mi muro de FB en medio de las frasecitas de carpeta","twitter.com/Rocigaot/status/566626239671439361"
"14/2/2015 16:45:30","","566624282185568256","","@mjdelrio que igual antes lo celebraban pero lo ocultaban pa ir de guays y ahora que sus churris lo anuncian en FB no pueden fingir XD","twitter.com/Rocigaot/status/566624282185568256"
"14/2/2015 16:43:54","","566623876096864257","","@gmit3 a mí es lo que más me satura de este día. Hay sobredosis de frasecitas cursis de carpeta, y ya las que hay habitualmente me cargan...","twitter.com/Rocigaot/status/566623876096864257"
"14/2/2015 16:33:29","","566621254699212800","","@mjdelrio sí, yo también. Pero ahora al parecer soy una rancia, cuando hace unos años casi todos mis conocidos pasaban(o eso decían) como yo","twitter.com/Rocigaot/status/566621254699212800"
"14/2/2015 16:31:19","2","566620709980737537","","@SuraTallulah guiándome por mi FB, se ve que no. Que así me siento hipster,pero es que me dan un peñazo...","twitter.com/Rocigaot/status/566620709980737537"
"14/2/2015 16:26:38","1","566619534032142337","1","Pasa solo en mi entorno?O alguien más ahora es un rancio por pasar de esta fecha cuando hace 10años todos coincidían en que era 1horterada?","twitter.com/Rocigaot/status/566619534032142337"
"14/2/2015 16:06:55","2","566614570383704064","","Pues hasta que me hice FB y empecé a ver a todo dios subiendo sus regalos ese día,pensaba que el 14-F lo celebraban sólo cuatro gatos.","twitter.com/Rocigaot/status/566614570383704064"
"13/2/2015 23:16:49","","566360370022191104","","@familiasunshinepic.twitter.com/cowIB8zMc6","twitter.com/Rocigaot/status/566360370022191104"
"13/2/2015 21:34:58","","566334737355407360","","@anllo @prazapublica tamén che digo que o dos marcos da para o programa de xuízos ou pra resucitar o clásico noventeiro do pressing catch.","twitter.com/Rocigaot/status/566334737355407360"
"13/2/2015 21:32:53","","566334213776220160","","@zezenzuska JO-DER. A mí lo más que me vino,por obra y gracia de la factura estimada,fueron 250 en mi 1º o 2º mes en mi anterior piso.","twitter.com/Rocigaot/status/566334213776220160"
"13/2/2015 21:30:18","1","566333563852050432","2","@prazapublica @anllo eu engadíalle un GH VIP con Tojeiro e Cañita Brava e unha versión 'movíchesme os marcos' do programa de xuizos de Tele5","twitter.com/Rocigaot/status/566333563852050432"
"13/2/2015 20:53:31","1","566324308499521536","","@morganaskwlkr @Pozuelen 'los transgénicos nos están esterilizand....' NO CAERÁ ESA BREVA.","twitter.com/Rocigaot/status/566324308499521536"
"13/2/2015 20:20:26","1","566315982768312321","","@Pozuelen he visto a peña pasear caniches o yorkies en carritos de bebé. Igual por ahí se salvaba el sector.","twitter.com/Rocigaot/status/566315982768312321"
"13/2/2015 0:24:39","3","566015052898398208","","@zezenzuska @PotiPotiInLove @annakosmonaut a mí también al mail me daría más mal rollo, en el foro es sobre todo vergüencita ajena.","twitter.com/Rocigaot/status/566015052898398208"
"13/2/2015 0:22:05","","566014409127239680","","@PotiPotiInLove Diosito, y me quejaba yo de lo pelotas que son en los foros de mis asignaturas!","twitter.com/Rocigaot/status/566014409127239680"
"12/2/2015 22:07:04","","565980430416236545","","@_Quimi_ eso ya no es para que deje el tema de San Tontín, es para que me deje ipso facto. XD","twitter.com/Rocigaot/status/565980430416236545"
"12/2/2015 22:05:51","","565980124324323328","","@_Quimi_ yo igual si tuviera un novio cursi empeñado en celebrar ese día le regalaba esa mierda para ver si el próximo año dejaba el temita.","twitter.com/Rocigaot/status/565980124324323328"
"12/2/2015 21:58:08","","565978182344781824","","Dice que él predicará con el ejemplo, pero claro,a él igual Agatha le regala una batamanta de diseño propio. La venganza está justificada.","twitter.com/Rocigaot/status/565978182344781824"
"12/2/2015 21:57:00","1","565977894628130816","","No se, Pi Yei. Yo creo que hasta una batamanta es mejor regalo de San Valentín que esto.https://twitter.com/pedroj_ramirez/status/565779516812197888 …¿Qué mejor regalo de San Valentín que acciones de @elespanolcom, el periódico del amor a la libertad? Yo predicaré con el ejemplo :))","twitter.com/Rocigaot/status/565977894628130816"
"12/2/2015 15:44:02","5","565884036770697216","1","@Tawil Madrid sempre foi coma ese amigo dramiñas que te chama pesado cando tes un problema pero cando algo lle pasa a el párase o mundo :P","twitter.com/Rocigaot/status/565884036770697216"
"12/2/2015 15:22:04","","565878509302992897","","Sé que hay quien lo usa como señal de apoyo,pero sigue chocándome ver uno o más 'me gusta' en estados de FB tipo 'Se ha muerto mi padre'.","twitter.com/Rocigaot/status/565878509302992897"
"12/2/2015 15:07:59","1","565874965044813826","","Nos comunican que Tomás Gómez se las está apañando para entrar en la sede del PSM.pic.twitter.com/K4HwulW029","twitter.com/Rocigaot/status/565874965044813826"
"12/2/2015 13:47:20","1","565854667608178688","","@Facking_Ancho @laMascota @Pozuelen a mí antes me daba mucha angustia el rollo pueblo castellano de 'grupo de casitas y alrededor, la nada'","twitter.com/Rocigaot/status/565854667608178688"
"11/2/2015 22:56:39","","565630519577411586","","@ComandanteVimes pero sabe que eres tú?","twitter.com/Rocigaot/status/565630519577411586"
"11/2/2015 21:38:50","","565610935617073153","","@oneafter909_ hasta eso nos ha echado a perder :(","twitter.com/Rocigaot/status/565610935617073153"
"11/2/2015 21:36:58","","565610466362544129","","@oneafter909_ soy la única que ahora es incapaz de leer 'chuches' sin oír en su cabeza 'chuchesh' con la voz de Rajoy?","twitter.com/Rocigaot/status/565610466362544129"
"11/2/2015 21:31:13","1","565609021148004352","","Twitter, por más que te empeñes metiéndome tres veces al día ese twitt patrocinado,no necesito perder 45 kilos.","twitter.com/Rocigaot/status/565609021148004352"
"11/2/2015 20:45:26","","565597498010771457","","@Srta_Angus coco y zanahoria en el mismo bizcocho? oye, pues ese nunca lo he probado, habrá que mirar, todo sea por comer más fruta!","twitter.com/Rocigaot/status/565597498010771457"
"11/2/2015 20:42:29","1","565596755505737728","","@StarlessCrimson cuéntalo, cuéntalo, que encima si comes kilos y kilos ahí tiene que ir más de una ración de zanahoria!","twitter.com/Rocigaot/status/565596755505737728"
"11/2/2015 20:38:37","","565595782121025536","","@marmota_llorona por supuesto! y los arándanos del muffin también cuentan como fruta!","twitter.com/Rocigaot/status/565595782121025536"
"11/2/2015 20:36:20","","565595208407347200","","@marmota_llorona eso por supuesto, yo el tomate, la cebolla  y la lechuga de la hamburguesa siempre los incluso.","twitter.com/Rocigaot/status/565595208407347200"
"11/2/2015 20:34:34","4","565594761709748224","","Bizcocho de zanahoria cuenta como una de las piezas diarias recomendadas de frutas y verduras? Yo digo sí.","twitter.com/Rocigaot/status/565594761709748224"
"11/2/2015 18:37:56","2","565565412348559360","","@Facking_Ancho @SoniniSumode salí con un tío cuyo superpoder era encontrar sitio pa aparcar a la primera en todas partes. Aún se lo envidio.","twitter.com/Rocigaot/status/565565412348559360"
"11/2/2015 16:41:17","2","565536054565146626","","He estado echando un vistazo a lo de las prácticas virtuales en la UNED y se ve que si trabajas desde tu casa aspirar a cobrar es tontería.","twitter.com/Rocigaot/status/565536054565146626"
"11/2/2015 3:13:39","1","565332807783030785","","@zezenzuska yo también paso muchos insomnios en google maps. Y en idealista,mirando si está en alquiler alguno de los pisos en los que viví","twitter.com/Rocigaot/status/565332807783030785"
"11/2/2015 1:52:13","2","565312316158513153","1","@Tawil pero tes un bot! non todo o mundo ten un bot de seu!","twitter.com/Rocigaot/status/565312316158513153"
"11/2/2015 1:46:38","1","565310910630477827","","@gmit3 he mirado ahora el correo que tengo asociado en la cuenta y también tenía ese mail de cuando me bloquearon, pero me había ido a spam","twitter.com/Rocigaot/status/565310910630477827"
"11/2/2015 1:44:45","","565310433792622592","","@gmit3 menos mal que ha lo habían arreglado!","twitter.com/Rocigaot/status/565310433792622592"
"11/2/2015 1:40:12","","565309291671085057","","@PotiPotiInLove XDDDD hoy soy yo la que escupe a la pantalla!","twitter.com/Rocigaot/status/565309291671085057"
"11/2/2015 1:39:45","2","565309178055753730","1","@Tawil non sei se foron os memes de 50 sombras ou represalias con retraso polo enaltecemento do misterio da outra semana.","twitter.com/Rocigaot/status/565309178055753730"
"11/2/2015 1:39:11","","565309036858732544","","@Tawil ao final arreglouse sen dar datos, pero houbo xente que di que si mandou o número e aínda así non se lles arreglaba.","twitter.com/Rocigaot/status/565309036858732544"
"11/2/2015 1:38:42","1","565308913525219329","","@Tawil que a algúns bloqueounos as contas por 'comportamentos automáticos non autorizados',ou algo así, e pedía os móbiles pra desbloquear.","twitter.com/Rocigaot/status/565308913525219329"
"11/2/2015 1:29:51","","565306686626598912","","@PotiPotiInLove ay, no lo había visto! :)","twitter.com/Rocigaot/status/565306686626598912"
"11/2/2015 1:28:08","","565306255770910722","","@PotiPotiInLove intentaba decir cuando twitter me bloqueó que esta foto está que ni pintada para el meme de los gustos particulares. XD","twitter.com/Rocigaot/status/565306255770910722"
"11/2/2015 1:26:37","","565305870872248320","","@PotiPotiInLove no, si yo hoy aún no llegué a hacer ninguno, me bloquearon antes :(","twitter.com/Rocigaot/status/565305870872248320"
"11/2/2015 1:25:21","","565305552277086210","","@gmit3 fue un cabreo creciente. 1, el bloqueo. 2, te piden el móvil. 3, por cierto, que a lo mejor te cobran un poquito por nuestra cagada","twitter.com/Rocigaot/status/565305552277086210"
"11/2/2015 1:24:04","2","565305228585865219","","A lo mejor twitter me ha bloqueado para que deje de hacer memes con lo de los gustos peculiares de 50 sombras.","twitter.com/Rocigaot/status/565305228585865219"
"11/2/2015 1:22:06","","565304735037919232","","@gmit3 al menos eso me ponía a mí.pic.twitter.com/ggJnJ8GT9P","twitter.com/Rocigaot/status/565304735037919232"
"11/2/2015 1:19:32","","565304090285342720","","@gmit3 si es que encima ponía que se podrían aplicar tarifas de mensaje de texto por lo de la confirmación por móvil, los hijos de una hiena","twitter.com/Rocigaot/status/565304090285342720"
"11/2/2015 1:17:14","","565303512964546561","","@gmit3 si yo lo tengo así, por eso flipaba. Nunca les di mi móvil así que no tendrían por qué pedírmelo para verificar nada.","twitter.com/Rocigaot/status/565303512964546561"
"11/2/2015 1:11:34","1","565302085198307330","","Y he tenido que irlas desmarcando una por una porque no me mostraba opción de 'desmarcar todas'. Qué mierda es esa?","twitter.com/Rocigaot/status/565302085198307330"
"11/2/2015 1:10:08","1","565301724349730816","","Por cierto, al crear la cuenta en B me venían premarcadas para seguir unas 40 cuentas 'populares' rollo Risto Mejode, la poli y el marca","twitter.com/Rocigaot/status/565301724349730816"
"11/2/2015 1:08:01","","565301189806686211","","Parece que he vuelto en la web también. Probando, probando, un, dos.","twitter.com/Rocigaot/status/565301189806686211"
"11/2/2015 1:05:05","","565300452955521024","1","A ver si con el móvil cuela y puedo twittear, que me han bloqueado la cuenta","twitter.com/Rocigaot/status/565300452955521024"
"10/2/2015 23:54:46","1","565282759388975106","","Tengo la tv de fondo,han puesto el anuncio de las 50 sombras y me he descojonado sola al oír lo de los gustos peculiares recordando el meme","twitter.com/Rocigaot/status/565282759388975106"
"10/2/2015 23:14:31","1","565272627791810560","","Estoy por probar a acceder al correo al que hay que mandar el CV con la contraseña de mi ex jefe, a ver si es él.","twitter.com/Rocigaot/status/565272627791810560"
"10/2/2015 23:13:55","2","565272477442781186","","Esto de que ves una oferta de trabajo para la que das el perfil pero que tiene pinta de ser de un sitio del que ya dimitiste en su día.","twitter.com/Rocigaot/status/565272477442781186"
"10/2/2015 21:56:31","1","565253000235851778","","@morganaskwlkr yo si viviera cerca ya habría ido a mangarte aunque fuera uno XDDD","twitter.com/Rocigaot/status/565253000235851778"
"10/2/2015 21:51:30","2","565251738262056964","","@morganaskwlkr deberías abrirles un canal en Youtube,a ver si se hacen famosos y puedes vivir de ellos en plan padres de Macaulay Culkin.","twitter.com/Rocigaot/status/565251738262056964"
"10/2/2015 21:09:54","2","565241267920330752","","@MargaretCastor ah, entonces no es TAN chungo. A mí una vez me hicieron una encerrona de las de 'amigo majo' y casi monto un PuertoHurraco","twitter.com/Rocigaot/status/565241267920330752"
"10/2/2015 21:05:30","2","565240158946344960","","@MargaretCastor pero con pareja que ya tienes tú, o rollo 'mi novio tiene un amigo super majo'? Por calibrar el grado de chunguedad.","twitter.com/Rocigaot/status/565240158946344960"
"10/2/2015 19:24:12","","565214667329798144","","@shakesphobic venta piramidal de toda a vida: traballas mentres che queden amigos que non fuxan despavoridos por se lles queres colocar algo","twitter.com/Rocigaot/status/565214667329798144"
"10/2/2015 17:30:20","1","565186013338025984","","@shakesphobic e chegabas e era como 'apúntame ahí un par de amigas ás que lles poida interesar unha reunión na súa casa'. Espera, que vou.","twitter.com/Rocigaot/status/565186013338025984"
"10/2/2015 16:53:50","","565176826503655425","","@shakesphobic eu tiven unha presunta entrevista de traballo o ano pasado que era pra facer reunións desas pero con sarténs.","twitter.com/Rocigaot/status/565176826503655425"
"10/2/2015 14:35:53","2","565142110681436160","","@Cascarelo iso é unha pseudomención, que non puxeches a @ diantepic.twitter.com/zbrhiZASMu","twitter.com/Rocigaot/status/565142110681436160"
"10/2/2015 12:44:00","8","565113952708087808","2","Como en las fotos comparáis a Uma operada con Uma en la época de Kill Bill,supongo que le recrimináis que no dejara de envejecer a los 30.","twitter.com/Rocigaot/status/565113952708087808"
"10/2/2015 11:54:51","","565101586226364416","","@Tawil @PotiPotiInLove Ai, que me da XDDDDD","twitter.com/Rocigaot/status/565101586226364416"
"10/2/2015 2:11:21","1","564954741047042049","1","Ahora sí ya que lo dejo. De verdad que sí.pic.twitter.com/A0ZJBJesCK","twitter.com/Rocigaot/status/564954741047042049"
"10/2/2015 1:45:57","1","564948347849830401","","@zezenzuska @alitecarlito yo soy bastante torpe (de hecho las dos primeras están pegadas a lo cutre) pero total,tampoco me pagan por esto XD","twitter.com/Rocigaot/status/564948347849830401"
"10/2/2015 1:43:58","1","564947852753793025","2","Esta la quería @Marmota_Maligna y juraría que ya la vi hecha pero no consigo encontrarla ni recordar de quién espic.twitter.com/CrMdZtRnDV","twitter.com/Rocigaot/status/564947852753793025"
"10/2/2015 1:37:13","","564946151623778304","","@zezenzuska @alitecarlito apuntaos a hacerlos!","twitter.com/Rocigaot/status/564946151623778304"
"10/2/2015 1:32:12","","564944891219046400","","@Marmota_Maligna esa juraría que ya la vi hecha hace unos días, voy a cotillear!","twitter.com/Rocigaot/status/564944891219046400"
"10/2/2015 1:31:31","","564944717058936832","","@alitecarlito cuidado, que cuando empiezas es muy difícil dejarlo!","twitter.com/Rocigaot/status/564944717058936832"
"10/2/2015 1:30:32","1","564944471637639169","","@Tawil memes do de 50 sombras. Únete ao lado oscuro. XD","twitter.com/Rocigaot/status/564944471637639169"
"10/2/2015 1:29:01","","564944086675628032","","@PotiPotiInLove @callaquenoveo los memes buenos siempre salen en temporada de exámenes. Ley de Murphy.","twitter.com/Rocigaot/status/564944086675628032"
"10/2/2015 1:28:28","1","564943950440828928","1","No  mola tanto como los LET, pero tenía que hacer también esta.pic.twitter.com/3ZAMKbD9u9","twitter.com/Rocigaot/status/564943950440828928"
"10/2/2015 1:20:24","","564941921932816386","","@PotiPotiInLove @callaquenoveo aún hay tiempo!","twitter.com/Rocigaot/status/564941921932816386"
"10/2/2015 1:11:31","","564939682752909312","","@PotiPotiInLove De hecho, te vuelvo a poner este al que hice RT de  @callaquenoveo ya que te lo perdiste:https://twitter.com/callaquenoveo/status/564525202319892482 …pic.twitter.com/YIP6knwiZM","twitter.com/Rocigaot/status/564939682752909312"
"10/2/2015 1:07:15","","564938610336870401","","@PotiPotiInLove yo se lo vi a @callaquenoveo y no recuerdo a quién más,pero hasta hoy no he podido ponerme a trastear.","twitter.com/Rocigaot/status/564938610336870401"
"10/2/2015 1:02:14","","564937348409221122","","@PotiPotiInLove es que ni a propósito para el montaje, que están todos con cara de estar en las prácticas del curso de seducción científica","twitter.com/Rocigaot/status/564937348409221122"
"10/2/2015 0:59:37","","564936690997792768","","@errejoners creo que en la vida me había dado tanto juego una foto como la de la cena esa de los LET.","twitter.com/Rocigaot/status/564936690997792768"
"10/2/2015 0:58:02","","564936292010438656","","@PotiPotiInLove puede ser una mezcla de los dos. Risasco.","twitter.com/Rocigaot/status/564936292010438656"
"10/2/2015 0:57:41","","564936205054525440","","Que espero no estar plagiando a nadie, que me engancho con retraso al meme este y no me ha dado tiempo a cotillear todos los que hay.","twitter.com/Rocigaot/status/564936205054525440"
"10/2/2015 0:56:00","18","564935778401542144","10","La última y lo dejo.pic.twitter.com/ZfedO9baiB","twitter.com/Rocigaot/status/564935778401542144"
"10/2/2015 0:48:37","1","564933922854031360","","@laMascota está hecho el montaje así a lo cutre porque me estoy tomando una cerveza mientras, pero la idea es lo importante. XD","twitter.com/Rocigaot/status/564933922854031360"
"10/2/2015 0:46:06","3","564933288523882496","1","Los clásicos nunca mueren.pic.twitter.com/NpGZlxzn8F","twitter.com/Rocigaot/status/564933288523882496"
"10/2/2015 0:44:13","1","564932813481205761","","¿Habían hecho ya esta mientras estaba yo de exámenes?pic.twitter.com/5HnPyU89vJ","twitter.com/Rocigaot/status/564932813481205761"
"10/2/2015 0:04:08","1","564922725613842432","1","#AdviceForYoungJournalists https://www.youtube.com/watch?v=meOCdyS7ORE …","twitter.com/Rocigaot/status/564922725613842432"
"9/2/2015 23:55:31","","564920556840300544","","@RubenGaldon @mcalpena yo si les convenzo de que todos mis tuits riéndome de las portadas de la Gaceta los escribieron los hackers...","twitter.com/Rocigaot/status/564920556840300544"
"9/2/2015 23:53:04","","564919939773898752","","@mcalpena @RubenGaldon vaya por dios! :(","twitter.com/Rocigaot/status/564919939773898752"
"9/2/2015 23:51:33","","564919560948969472","","@RubenGaldon @mcalpena yo ya he mandado CV a Intereconomía. Y por CV quiero decir una hoja con PABLEMOS A CUBAZUELA DEL NORTE muchas veces.","twitter.com/Rocigaot/status/564919560948969472"
"9/2/2015 23:48:02","2","564918673585221632","1","Aún he visto ahora la foto de Massiel en los Goya y estoy tarareando en bucle la de 'mocasines saltarines con la piel de dos mastines'","twitter.com/Rocigaot/status/564918673585221632"
"9/2/2015 23:38:42","1","564916326410780673","","@Pozuelenpic.twitter.com/i8WwLGGx8K","twitter.com/Rocigaot/status/564916326410780673"
"9/2/2015 23:37:50","","564916107367444480","","@deploreibol 'En esa curva me maté yo. Bueno, me mataron atropellándome con saña tras decir ¿te ayudo a aparcar, bonita?'","twitter.com/Rocigaot/status/564916107367444480"
"9/2/2015 23:32:02","","564914650706624513","","@deploreibol yo si el anuncio así compraba el coche y todo. (Si tuviera pasta para cambiar de coche, quiero decir).","twitter.com/Rocigaot/status/564914650706624513"
"9/2/2015 23:28:42","1","564913810138341376","","@deploreibol si yo rodase ese anuncio, C Schiffer daba marcha atrás y atropellaba al fulano repetidamente, en plan Towanda.","twitter.com/Rocigaot/status/564913810138341376"
"9/2/2015 2:02:49","","564590208323436545","","Eso de que te hagan ir a ver a la monja recién muerta nos lo intentaron hacer en mi cole una vez. Me escaqueé yendo al baño. #CuartoMilenio","twitter.com/Rocigaot/status/564590208323436545"
"9/2/2015 1:27:29","1","564581314452787201","","@Marmota_Maligna @SnowFey por cierto, unos amigos tenían un perro que se llamaba así y sigo pensando que es el mejor nombre perruno EVER","twitter.com/Rocigaot/status/564581314452787201"
"9/2/2015 1:25:05","1","564580709688676354","","@SnowFey 'Pedrito fue Rasputíííín, Pedrito fue Rasputíííín...!'","twitter.com/Rocigaot/status/564580709688676354"
"9/2/2015 1:23:16","4","564580252425674753","7","En vez de #porrafalciani habría que hacer #bingofalciani: hacemos cartones con posibles incluidos y que nos canten la lista a ver quién gana","twitter.com/Rocigaot/status/564580252425674753"
"9/2/2015 1:19:11","2","564579224229785601","","@NtmeC @SnowFey fue genial, muy 'cómo de mierda tiene que ser esta teoría para que diga De Vicente que eso no hay quien se lo trague'","twitter.com/Rocigaot/status/564579224229785601"
"9/2/2015 1:18:17","1","564578999532539904","","@NtmeC @SnowFey lo hizo hace unas semanas, cuando hablaban del libro de 'El secreto' y lo del pensamiento positivo. Fue grandioso.","twitter.com/Rocigaot/status/564578999532539904"
"9/2/2015 1:17:03","5","564578688831066113","1","@Tawil 
-¿Tiene experiencia en el sector textil?
- Hace 3vidas fui mercader de telas en la Venecia del siglo XV
-Ya le llamaremos si eso.","twitter.com/Rocigaot/status/564578688831066113"
"9/2/2015 0:55:41","1","564573313998274561","1","@Tawil qué morte horrible nunha reencarnación anterior explicará a miña fobia ás abellas?","twitter.com/Rocigaot/status/564573313998274561"
"9/2/2015 0:46:27","8","564570988806176771","6","#CuartoMilenio y sus niños chungos hacen más por retrasarme la alarma del reloj biológico que ir al Decathlon un sábado por la tarde.","twitter.com/Rocigaot/status/564570988806176771"
"9/2/2015 0:43:40","2","564570287182999552","1","Joder, le había entendido a Carmen que iban a hablar de ANDY Y LUCAS. #CuartoMilenio","twitter.com/Rocigaot/status/564570287182999552"
"9/2/2015 0:38:22","1","564568952190558208","","Esto es lo que saldría de cruzar a Jar-Jar Binks con un Uruk-Hai, qué sirena ni qué sireno.https://twitter.com/navedelmisterio/status/564567998330322944 …#CuartoMilenio #sirenas pic.twitter.com/lQDkzhOPxU","twitter.com/Rocigaot/status/564568952190558208"
"9/2/2015 0:37:12","1","564568659906297856","1","@SnowFey
 -pues no veo yo a la sirena esta tan guapa como decían, Cosme
-UUUUUH, YA SALIÓ EL FOLLAMISSES.","twitter.com/Rocigaot/status/564568659906297856"
"9/2/2015 0:34:29","1","564567975039365121","","Ah, bueno,que si en vez de cuerpo de mujer y cola de atún es cuerpo de mujer y cola de manatí es creíble, claro que sí. #CuartoMilenio","twitter.com/Rocigaot/status/564567975039365121"
"9/2/2015 0:19:47","2","564564277785554944","","@SnowFey aún está empezando. A este paso empiezan antes los programas del tarot.","twitter.com/Rocigaot/status/564564277785554944"
"9/2/2015 0:18:49","1","564564032225804288","1","@Tawil este pode ser un #CuartoMilenio que non nos depare detencións por enaltecemento de cousas.","twitter.com/Rocigaot/status/564564032225804288"
"9/2/2015 0:08:46","1","564561505610645504","1","@Xiscally yo de la Ragazza recuerdo haber hecho un test de '¿estás gorda?' donde no tener hueco al juntar los muslos significaba que sí.","twitter.com/Rocigaot/status/564561505610645504"
"9/2/2015 0:07:30","","564561186927423488","","Sirenas, Iker? Estamos de coña? #CuartoMilenio","twitter.com/Rocigaot/status/564561186927423488"
"8/2/2015 21:39:10","1","564523855419809793","","Me he planteado ver lo de Espe, pero si le tiro un zapato a la tele me viene fatal ahora comprar una nueva.","twitter.com/Rocigaot/status/564523855419809793"
"8/2/2015 21:33:52","1","564522522327400448","","@laMascota era una tentación muy grande para no caer en ella. XD","twitter.com/Rocigaot/status/564522522327400448"
"8/2/2015 21:27:02","5","564520804575363072","3","¿Llevas un pacto con el PP en el bolsillo o es que te alegras de vernos?pic.twitter.com/I656XVxjxG","twitter.com/Rocigaot/status/564520804575363072"
"8/2/2015 19:17:22","","564488172080730112","","@_Quimi_ es lo malo de tener en la familia a alguien tan carismático como #BichoBola . Os roba protagonismo a todos.","twitter.com/Rocigaot/status/564488172080730112"
"8/2/2015 16:48:14","2","564450639154249728","1","@LatveriasDoom El flúor es como el colesterol, que puedes tener alto el malo o el bueno.","twitter.com/Rocigaot/status/564450639154249728"
"8/2/2015 16:15:46","1","564442471892279298","1","@SuraTallulah ay, ojalá andrixol en cuarto milenio! ahí sí que se rompe twitter!","twitter.com/Rocigaot/status/564442471892279298"
"7/2/2015 22:24:28","","564172869111148544","","@RubenGaldon presenta algún Goya? Aún está a tiempo de tajarse!","twitter.com/Rocigaot/status/564172869111148544"
"7/2/2015 20:42:49","","564147288193646593","","En serio, gente, cuando tengamos un trabajo decente, lo publicaremos en Facebook,en twitter y lo gritaremos desde el tejado. No preguntéis.","twitter.com/Rocigaot/status/564147288193646593"
"7/2/2015 20:37:27","4","564145936851816449","","Ha sido como cualquiera de mis reuniones familiares, pero más acicalados y saliendo por la tele.","twitter.com/Rocigaot/status/564145936851816449"
"7/2/2015 20:36:20","1","564145658282926080","","He empatizado con Pilar López de Ayala cuando la reportera de los Goya se ha puesto en plan 'sí,sí,estás estudiando,pero DE TRABAJO QUÉ?'","twitter.com/Rocigaot/status/564145658282926080"
"7/2/2015 18:43:39","","564117296806105089","","@missultrasonica con mi madre no suele haber mucho problema, a mi padre alguna vez me he planteado hacerle bajar en marcha.","twitter.com/Rocigaot/status/564117296806105089"
"7/2/2015 17:28:08","","564098294721556480","","@zezenzuska es que queda cutrísimo. Yo recuerdo haber pasado vergüenza ajena viendo aquello.","twitter.com/Rocigaot/status/564098294721556480"
"7/2/2015 17:04:58","1","564092464081166336","","@zezenzuska recuerdo una que dobló medio reparto de 'Aquí no hay quien viva'. Metiendo sus gags de la serie, tipo 'un poquito de porfavor'","twitter.com/Rocigaot/status/564092464081166336"
"7/2/2015 17:01:06","1","564091490318970880","","@gmit3 ah,no,yo tengo también una manta para el sofá, pero normalmente a esa sólo recurro en caso de frío extremo o siesta de resaca.","twitter.com/Rocigaot/status/564091490318970880"
"7/2/2015 16:54:27","","564089818112851968","","@gmit3 y cuando era peque no teníamos ni los radiadores, así que estoy acostumbrada a estar a capas cual cebolla en invierno XD","twitter.com/Rocigaot/status/564089818112851968"
"7/2/2015 16:53:45","","564089641574629376","","@gmit3 mi casa es que no tiene calefacción:radiadores eléctricos en baño y dormitorios y una estufa que gasta bastante en la sala, y claro..","twitter.com/Rocigaot/status/564089641574629376"
"7/2/2015 16:41:57","","564086670166073344","","@gmit3 yo llevo forro polar+bata del primark de esas tipo peluche, y estoy considerando seriamente encender la estufa.","twitter.com/Rocigaot/status/564086670166073344"
"7/2/2015 16:19:27","1","564081009051074560","2","@adiplotti si tu novio odia a Ryan Gosling la culpa es tuya.Si tú odias a la top model de turno, la culpa es de tu nov...tuya, por envidiosa","twitter.com/Rocigaot/status/564081009051074560"
"5/2/2015 20:26:12","1","563418329470484481","","Necesito que vayan sacando la versión emoji para whatsapp del @Pozuelicono","twitter.com/Rocigaot/status/563418329470484481"
"4/2/2015 23:48:31","75","563106856516993025","24","Vuelvo a dejar por aquí el gif de 'cuando ves a dos twitteros que te caen igual de gordos enzarzarse en una bronca'pic.twitter.com/VPvG9rMWsH","twitter.com/Rocigaot/status/563106856516993025"
"4/2/2015 23:14:49","2","563098376905191426","","@oneafter909_ 'imos sacarlle unha foto cagando pra romper o xeo ensinándoa a primeira vez que nos traia un novio a casa'.","twitter.com/Rocigaot/status/563098376905191426"
"4/2/2015 23:11:49","","563097622551224320","","@callaquenoveo el que yo decía, sí.","twitter.com/Rocigaot/status/563097622551224320"
"4/2/2015 23:10:53","","563097388148350976","","@callaquenoveo aún no asocio nombre con cara. David es el que parece un personaje de Muchachada Nui?","twitter.com/Rocigaot/status/563097388148350976"
"4/2/2015 15:18:09","","562978420628660225","","@Marmota_Maligna a mí me pasó lo mismo el otro día. Quién es esa gente?","twitter.com/Rocigaot/status/562978420628660225"
"4/2/2015 13:35:33","1","562952598123454465","","Google Chrome, podrías dejar de colgarte con todo lo que no es twitter ni FB, que luego querrás que no procastine.","twitter.com/Rocigaot/status/562952598123454465"
"3/2/2015 16:48:32","","562638779237023746","","@Marmota_Maligna @marmota_llorona da igual, mordisco con carácter retrosctivo. Y al nuevo,que si no se lo ha ganado ya lo hará.","twitter.com/Rocigaot/status/562638779237023746"
"3/2/2015 15:18:39","","562616155811377154","","@Marmota_Maligna ve a por Sonia Castedo! @marmota_llorona","twitter.com/Rocigaot/status/562616155811377154"
"3/2/2015 13:09:29","1","562583650257346560","","@SnowFey yo tengo fantasmas en casa, me graban esa psicofonía y me quedo tranquila.Un fantasma que dice yuju tiene que ser inofensivo","twitter.com/Rocigaot/status/562583650257346560"
"3/2/2015 13:07:09","","562583064237572096","","@SnowFey qué grande!","twitter.com/Rocigaot/status/562583064237572096"
"3/2/2015 12:57:09","","562580546346553344","","@SnowFey qué me dices! Ese no lo vi!","twitter.com/Rocigaot/status/562580546346553344"
"2/2/2015 22:04:35","1","562355926364340224","","@Marmota_Maligna el mío creo que sigue en el maletero del coche desde la abortada donación accidental a Caritas.","twitter.com/Rocigaot/status/562355926364340224"
"2/2/2015 21:57:03","1","562354031394582529","","@Marmota_Maligna a mí casi me va por error en una caja de cosas que doné a Cáritas. Con lo que se cabrean cuando les llevas trastos inútiles","twitter.com/Rocigaot/status/562354031394582529"
"2/2/2015 15:27:24","6","562255971628904448","4","@Pozuelen hace falta una campaña de 'estudiar periodismo por los periodistas del cine es como hacerte fontanero por los fontaneros del porno","twitter.com/Rocigaot/status/562255971628904448"
"2/2/2015 2:33:30","2","562061215162449920","1","Y ahora están con el misterio koruño del amigo que saluda sin pararse a charlar porque estaba muerto. #CuartoMilenio","twitter.com/Rocigaot/status/562061215162449920"
"2/2/2015 2:26:18","","562059400329060352","","Están repitiendo lo del falangista que volvió del más allá! #CuartoMilenio","twitter.com/Rocigaot/status/562059400329060352"
"2/2/2015 2:13:44","","562056238838865920","","Los bichos que están sacando en Friker ahora parecen sacados de @CrapTaxidermy","twitter.com/Rocigaot/status/562056238838865920"
"2/2/2015 2:02:38","","562053445449154560","","La homilía de Friker es más larga cada domingo o me lo parece a mí?","twitter.com/Rocigaot/status/562053445449154560"
"2/2/2015 1:07:45","","562039634142953473","","Un traje ajustado, y una banda a la cintura? Esto es un runner con riñonera! #CuartoMilenio","twitter.com/Rocigaot/status/562039634142953473"
"2/2/2015 1:05:00","1","562038942342844416","","@Tawil estaba a mencionarte xusto agora XD","twitter.com/Rocigaot/status/562038942342844416"
"2/2/2015 1:04:36","1","562038840618409986","","Han mencionado Tui, así que se ve que vamos a la sección 'los gayegos dan mazo miedo', que diría @Tawil #CuartoMilenio","twitter.com/Rocigaot/status/562038840618409986"
"2/2/2015 0:46:24","1","562034261189222401","","@Chinobi_Ninja aún menos mal que es la Estrella  normal y no la Red Vintage que es más cara!","twitter.com/Rocigaot/status/562034261189222401"
"2/2/2015 0:44:23","1","562033753682636803","","@Chinobi_Ninja acabo de echar la cerveza por la nariz xDDD","twitter.com/Rocigaot/status/562033753682636803"
"2/2/2015 0:39:01","2","562032403552960512","","AVALAAAANCHAAAAA!pic.twitter.com/QVof36EbNA","twitter.com/Rocigaot/status/562032403552960512"
"2/2/2015 0:34:15","3","562031201838706689","","Si me arrestan por hacer chistes de Irene Villa diré que es lo que hacíamos los de la EGB, a ver si cuenta como atenuante.","twitter.com/Rocigaot/status/562031201838706689"
"2/2/2015 0:30:47","","562030329373163521","","Oh, mierda.","twitter.com/Rocigaot/status/562030329373163521"
"2/2/2015 0:30:38","1","562030294807900160","2","Ya acabó la entrevista, y conseguí superar la parte de 'volví del otro lado y ya no tenía piernas' sin hacer chistes de Fullmetal Alchemist","twitter.com/Rocigaot/status/562030294807900160"
"2/2/2015 0:26:41","1","562029300850130944","","'No piensen que mencionar 18 veces el libro es promoción, que es ya antiguo, eh?","twitter.com/Rocigaot/status/562029300850130944"
"2/2/2015 0:23:32","","562028504834142208","","@familiasunshine Felicidades!","twitter.com/Rocigaot/status/562028504834142208"
"2/2/2015 0:21:52","1","562028087828025345","2","TENÉIS QUE DAR! TESTIMONIO TENÉIS QUE DAR!pic.twitter.com/OuFBjm16rJ","twitter.com/Rocigaot/status/562028087828025345"
"2/2/2015 0:18:44","1","562027296639705089","","@Sobotk_g a hablar de que había tenido sueños premonitorios y de que es importante no rendirsA PROMOCIONAR SU LIBRO.","twitter.com/Rocigaot/status/562027296639705089"
"2/2/2015 0:17:49","","562027065848127489","","Me ha caído de golpe un unfollow que no sé si es por el meme de Monedero o por el enaltecimiento del misterio.","twitter.com/Rocigaot/status/562027065848127489"
"2/2/2015 0:10:41","3","562025274272120834","1","El otro día lo de 'El secreto' y ahora Irene Villa metida a coach. De Vidente, investiga ahí que a Friker le han abducido los coelhianos.","twitter.com/Rocigaot/status/562025274272120834"
"2/2/2015 0:07:06","2","562024371121053697","","@Tawil tuve una crisis de fe porque dije 'gracias Dios por tener piernas y entonces me las quitó, pero ahora ya estamos de buen rollo'","twitter.com/Rocigaot/status/562024371121053697"
"2/2/2015 0:04:05","1","562023609741606912","","Si algún día me ponen una bomba, anda que no tengo sueños raros en mi historial para ir a friker.","twitter.com/Rocigaot/status/562023609741606912"
"2/2/2015 0:01:39","1","562022997708775425","","@PanopliaWeb estaba a huevo!","twitter.com/Rocigaot/status/562022997708775425"
"1/2/2015 23:56:40","30","562021745037942786","36","I'M ON THE HIIIIIIGHWAY TO HELL! HIIIIIGHWAY TO HELL!!pic.twitter.com/e1s6k1kkt8","twitter.com/Rocigaot/status/562021745037942786"
"1/2/2015 23:44:56","1","562018793179062272","","@robciria yo ya me espero cualquier cosa. Pero lo de hoy es para que hagamos coñas y entrullarnos por enaltecimiento,fijo.","twitter.com/Rocigaot/status/562018793179062272"
"1/2/2015 23:43:39","3","562018470569988096","1","Yo lo de que está el Bigfoot en Rusia no me lo creeré hasta que vea a Putin montado a caballito sobre él. #CuartoMilenio","twitter.com/Rocigaot/status/562018470569988096"
"1/2/2015 23:40:54","2","562017777410912257","","Friker es capaz de dejar lo de Irene Villa para el final del programa. Pero así me da tiempo a tatuarme los planos de Teixeiro pa porsi.","twitter.com/Rocigaot/status/562017777410912257"
"1/2/2015 23:33:38","1","562015946697875456","","Ai, que hoxe si están co de Irene Villa en Friker! @Tawil, desta vez si que imos presos!","twitter.com/Rocigaot/status/562015946697875456"
"1/2/2015 23:25:42","","562013952931266560","","@MtroYupa con lo de las premoniciones? salió en Milenio 3 hace semanas y nos llevamos un chasco porque al día siguiente no estaba en la tele","twitter.com/Rocigaot/status/562013952931266560"
"1/2/2015 23:02:42","","562008161788653568","","@NewIlluminatus yo ahí veo más tuneable la mítica de Monedero sentado con la palma pa arriba,que está en posición para poner la calabaza!","twitter.com/Rocigaot/status/562008161788653568"
"1/2/2015 22:58:55","","562007211619414017","1","@NewIlluminatus sigamos a la calabaza!","twitter.com/Rocigaot/status/562007211619414017"
"1/2/2015 18:13:16","2","561935324369391617","1","@Lidia_Linoche @errejoners @PeopleAgencyNet abuso aparte, ¿de qué color decían que tenía que ser el coche, que no me ha quedado claro?","twitter.com/Rocigaot/status/561935324369391617"
"1/2/2015 17:13:18","","561920235893440514","","@_Quimi_ bichobola está envuelto en una mantita o se ha dejado poner un jersey?","twitter.com/Rocigaot/status/561920235893440514"
"1/2/2015 15:30:29","","561894358409310208","1","@errejoners tuve una compañera de piso en Salamanca que le hacía allí la compra al novio en el super y se la llevaba a Madrid al ir a verle","twitter.com/Rocigaot/status/561894358409310208"
"1/2/2015 15:14:11","1","561890259622187008","","@laMascota ay, que me da XDDDD","twitter.com/Rocigaot/status/561890259622187008"