"date","fav","id","rt","text","url"
"29/11/2015 16:53:08","14","670993908474773504","4","Spoiler alert: cuando te pasan una cadena de whatsapp que empieza por 'esto no es racismo, es 1 verdad como un templo', SIEMPRE es racista.","twitter.com/Rocigaot/status/670993908474773504"
"30/11/2015 23:00:23","","671448718097412096","","¡Reptilianos todos! #ElPaísDebatepic.twitter.com/LpOYfNCr3z","twitter.com/Rocigaot/status/671448718097412096"
"30/11/2015 2:47:05","2","671143377115742208","","@Facking_Ancho @familiasunshine me dicen yendo pedo que están en adopción y al día siguiente despierto con 15chuchos en casa sin recordar ná","twitter.com/Rocigaot/status/671143377115742208"
"30/11/2015 0:18:25","1","671105965706625024","1","@Srta_Angus te hacías con el cráneo el típico cenicero de manualidad de clase de plástica que te solucionaba el regalo del día del padre.","twitter.com/Rocigaot/status/671105965706625024"
"30/11/2015 0:07:54","4","671103320610709504","1","Ahora es cuando De Vidente nos pregunta si hemos pensado en probar los geles de placer. #CuartoMilenio","twitter.com/Rocigaot/status/671103320610709504"
"29/11/2015 23:42:33","1","671096938373206018","1","Dice De Vidente que Matusalén y compañía de verdad vivieron más de 900 años. Igual también hacían reiki, como Jesucristo. #CuartoMilenio","twitter.com/Rocigaot/status/671096938373206018"
"29/11/2015 23:33:59","1","671094783155249153","","esto ya lo pregunté otra vez que hablaron de este tema, pero si Friker se repite yo también, que no me pagan por esto :P","twitter.com/Rocigaot/status/671094783155249153"
"29/11/2015 23:33:36","7","671094689542598656","1","Y si no te mola el siglo en que despiertas te pueden recongelar sin más o hay que cocinarte antes por si la salmonela? #CuartoMilenio","twitter.com/Rocigaot/status/671094689542598656"
"29/11/2015 23:31:11","2","671094080701636609","2","Hoy en Cuarto Milenio...pic.twitter.com/5O0YKqYcSp","twitter.com/Rocigaot/status/671094080701636609"
"29/11/2015 23:19:17","1","671091084538327040","","Total eclipse of the heart. El remake. #CuartoMileniopic.twitter.com/gHQX2B0Jzc","twitter.com/Rocigaot/status/671091084538327040"
"29/11/2015 23:15:02","1","671090014873370624","","Mi tutor del TFG XDDDhttps://twitter.com/Sergiano93/status/670587744444354560 …Los profesores de universidad: pic.twitter.com/LMSn8vqFTa","twitter.com/Rocigaot/status/671090014873370624"
"29/11/2015 23:09:48","","671088699178942464","","Igual el militar estaba ascendiendo al cielo en cuerpo y alma por error, como el padre del cura en Amanece que no es poco. #CuartoMilenio","twitter.com/Rocigaot/status/671088699178942464"
"29/11/2015 23:01:49","1","671086689301983232","","@Tawil @elgatomilenio pues sí, yo estaba a punto de hacer la misma coña!","twitter.com/Rocigaot/status/671086689301983232"
"29/11/2015 22:22:10","","671076710796959744","","@Pozuelen hasta me sorprende que la conozcáis los que no sois viejunos como yo!","twitter.com/Rocigaot/status/671076710796959744"
"29/11/2015 22:20:38","","671076324027535360","","Vicky Larraz, otra que había olvidado que existía.  #Cachitos","twitter.com/Rocigaot/status/671076324027535360"
"29/11/2015 21:41:00","","671066352493416448","","Será diva, pero había olvidado totalmente la existencia de Thalía. #Cachitos","twitter.com/Rocigaot/status/671066352493416448"
"29/11/2015 21:39:43","4","671066028735098881","","Cachitos, ¿qué es eso de sacar a Paquita la del Barrio y que no sea con 'Rata de dos patas'?","twitter.com/Rocigaot/status/671066028735098881"
"29/11/2015 17:47:48","1","671007662730051584","1","@perradesatan 'tomad, vi el anuncio de las parejas que ya no follaban y me acordé de vosotros. Felices fiestas'.","twitter.com/Rocigaot/status/671007662730051584"
"29/11/2015 17:18:29","2","671000285955887104","2","@PotiPotiInLove los veteacubas son como los vaqueros, nunca pasan de moda.","twitter.com/Rocigaot/status/671000285955887104"
"29/11/2015 17:07:15","1","670997458546122752","","Si te manda una cadenita de 'esto no es racismo,es una verdad como un templo', no te lo folles.","twitter.com/Rocigaot/status/670997458546122752"
"29/11/2015 17:03:57","1","670996630238269440","","@DavidLombao e creo que lle dixeron que as grazas XD","twitter.com/Rocigaot/status/670996630238269440"
"29/11/2015 17:03:17","1","670996459668525056","","@DavidLombao por poñerlle aos nenos nome galego. Así que cando tivo a nena, púxolle un nome composto 50%galego e foi preguntar qué lle daban","twitter.com/Rocigaot/status/670996459668525056"
"29/11/2015 17:02:21","1","670996227710918656","","@DavidLombao a min os das subvencións dos inmigrantes lémbranme a un ex xefe meu, que tragouse o rumor de que o bipartito dábache pasta (1)","twitter.com/Rocigaot/status/670996227710918656"
"29/11/2015 15:52:07","3","670978551403962368","","@oneafter909_ @Facking_Ancho @Tawil FUE A OPERARSE DE APENDICITIS Y SE CONFUNDIERON DE HISTORIAL Y LE CAMBIARON DE SEXO","twitter.com/Rocigaot/status/670978551403962368"
"29/11/2015 15:38:42","3","670975174808895489","","@Facking_Ancho @Tawil @oneafter909_ COMPRÓ LA CASA SIN SABER QUE LA NIÑA DE LOS DUEÑOS HABÍA MUERTO AHÍ JUGANDO A LA OUIJA.","twitter.com/Rocigaot/status/670975174808895489"
"29/11/2015 15:32:57","4","670973727761432576","","@Tawil @Facking_Ancho @oneafter909_ LE DIERON UNAS PASTILLAS DE ADELGAZAR Y VIO QUE SE MOVÍAN Y ERA PORQUE LLEVABAN TENIAS","twitter.com/Rocigaot/status/670973727761432576"
"29/11/2015 15:29:56","4","670972966759481344","1","@Facking_Ancho @oneafter909_ EN LAS ESQUELAS NUNCA SALEN CHINOS PORQUE LOS TROCEAN Y TE LOS SIRVEN CON SALSA AGRIDULCE","twitter.com/Rocigaot/status/670972966759481344"
"29/11/2015 15:28:23","5","670972579516125184","","@Facking_Ancho @oneafter909_ MI CUÑADO ES MÉDICO Y TUVO QUE SACARLE A UN TÍO DEL RECTO UNA BOTELLA HACIENDO EL VACÍO Y DOS ENANOS DE JARDÍN","twitter.com/Rocigaot/status/670972579516125184"
"29/11/2015 15:23:14","2","670971282779934720","","@Facking_Ancho @oneafter909_ FUE A COMER A UN CHINO Y AL IR AL BAÑO SE CONFUNDIÓ Y ENTRÓ EN LA COCINA Y VIO JAULAS CON GATOS","twitter.com/Rocigaot/status/670971282779934720"
"29/11/2015 15:20:25","3","670970574815010820","1","@oneafter909_ @Facking_Ancho SE SUBIÓ A LOS CABALLITOS DE LA FERIA Y HABÍA UNA VÍBORA ESCONDIDA EN EL CABALLITO Y LE PICÓ EN LA CONA.","twitter.com/Rocigaot/status/670970574815010820"
"29/11/2015 15:19:08","3","670970252122017792","","@Facking_Ancho @oneafter909_ o su versión 'SE FUE A CASA CON UNA TÍA Y DESPERTÓ EN LA BAÑERA EN HIELO Y LE HABÍAN QUITAO UN RIÑÓN'","twitter.com/Rocigaot/status/670970252122017792"
"29/11/2015 15:17:51","4","670969926463717376","","@Facking_Ancho @oneafter909_ SE ACOSTÓ CON UNA TÍA Y POR LA MAÑANA LE HABÍA PINTADO EN EL ESPEJO 'AHORA TIENES SIDA'","twitter.com/Rocigaot/status/670969926463717376"
"29/11/2015 15:15:16","3","670969277810372608","","@Facking_Ancho @oneafter909_ HAY MÁS DE DIEZ MIL SECTAS INTENTANDO CAPTAR A TU HIJO.","twitter.com/Rocigaot/status/670969277810372608"
"29/11/2015 0:22:43","","670744661041020929","","@SnowFey es una artesana de Ourense, no sé en cuántos sitios la venderán","twitter.com/Rocigaot/status/670744661041020929"
"28/11/2015 23:50:15","1","670736491820269569","","Bodegón de Cthulhu con mezcladito de frutos secos.pic.twitter.com/ZTF2CymBfZ","twitter.com/Rocigaot/status/670736491820269569"
"28/11/2015 21:28:32","3","670700827489751041","9","'Un andén de la estación, tu hablabas de un rascacielos del cielo de nueva york...'pic.twitter.com/G5JhbpDvRe","twitter.com/Rocigaot/status/670700827489751041"
"28/11/2015 21:27:50","1","670700650955677696","2","'Pues sí que le han afectado a la tuna los recortes en la universidad'pic.twitter.com/QFaf3uclHj","twitter.com/Rocigaot/status/670700650955677696"
"28/11/2015 21:20:25","2","670698782603010048","","Cuando tu amiga acaba de separarse y está tan pez en ligar que sigue el rollo a los 'soy cantautor, India me cambió'pic.twitter.com/NYJMdtggPf","twitter.com/Rocigaot/status/670698782603010048"
"28/11/2015 19:56:43","","670677720129536000","","@randymeeks @ComandanteVimes creía que me gustaba cualquier variedad de tortilla de patatas hasta que leí lo de los guisantes. Puaj.","twitter.com/Rocigaot/status/670677720129536000"
"28/11/2015 17:23:59","2","670639284127404032","","@Chinobi_Ninja qué pretendes hacerle a ese buho???","twitter.com/Rocigaot/status/670639284127404032"
"27/11/2015 23:37:35","2","670370913465012224","","En la 1 hay una gala de Ramón García con María del Monte. Estamos en los 90, soy adolescente y qué sueño mas largo he tenido.","twitter.com/Rocigaot/status/670370913465012224"
"27/11/2015 22:34:03","1","670354925956825088","","¿Estamos seguros totalmente de que Vox no es un fake paródico estilo Borat que nos han colado por las risas?","twitter.com/Rocigaot/status/670354925956825088"
"27/11/2015 18:45:03","1","670297293824856064","","@uxialopez es lo más práctico, sobre todo siendo alguien eliminable sin conflictos diplomáticos (no es familia, novio de amiga o similares)","twitter.com/Rocigaot/status/670297293824856064"
"27/11/2015 1:01:09","1","670029556426932225","","Na, ni de coña.","twitter.com/Rocigaot/status/670029556426932225"
"27/11/2015 1:00:40","1","670029434276208641","","Oye, que igual el de mi clase apoya algo rollo 'agrupación de mujeres violentas' y yo aquí prejuzgando.","twitter.com/Rocigaot/status/670029434276208641"
"27/11/2015 0:54:17","3","670027826872061953","","Mientras, en mi Facebook... #yisuscraist #igualeshoradehacerlimpiezapic.twitter.com/5eYBQrGgw1","twitter.com/Rocigaot/status/670027826872061953"
"26/11/2015 20:59:48","1","669968819381805056","","@hematocritico estaba tan seguro que me dijo que qué me apostaba. Le aposté dos millones,si morimos todos que me los reclame.","twitter.com/Rocigaot/status/669968819381805056"
"26/11/2015 20:58:53","","669968586232958977","","@hematocritico el marido de una amiga predijo que un meteorito nos mataría 'porque yo miro mucho el cielo y me fijo'.Más que la NASA también","twitter.com/Rocigaot/status/669968586232958977"
"26/11/2015 20:48:48","2","669966052688846848","","@eleptricpic.twitter.com/NvgWZoU4OE","twitter.com/Rocigaot/status/669966052688846848"
"26/11/2015 18:13:00","1","669926843982696449","","@Facking_Ancho los tallajes de Inditex son loquísimos. El tema de que las mujeres solemos tener más cadera que cintura también les cuesta.","twitter.com/Rocigaot/status/669926843982696449"
"26/11/2015 16:04:43","3","669894559799885824","","@AdrianaAndolini @Oticorbo sí, recuerdo que ya hace algún tiempo soltó alguna más bestia,pero le ríe la gracia mucha gente.","twitter.com/Rocigaot/status/669894559799885824"
"26/11/2015 15:58:08","2","669892902508740609","","@Oticorbo lo tenemos retuiteado tanto @AdrianaAndolini como yo (Bueno, al que encontró la perla)","twitter.com/Rocigaot/status/669892902508740609"
"26/11/2015 15:40:55","2","669888570732232704","1","@AdrianaAndolini y encima que vean que ahora no son sólo para ti sino que las tienes que compartir con el bebé. Qué bochorno. Qué dirán.","twitter.com/Rocigaot/status/669888570732232704"
"26/11/2015 15:37:49","7","669887790260355072","4","@AdrianaAndolini y que el niño tenga hambre es secundario en comparación con la afrenta de que tus amigos descubran que tu novia tiene tetas","twitter.com/Rocigaot/status/669887790260355072"
"26/11/2015 15:25:33","3","669884701084147712","","@AdrianaAndolini me encanta la obsesión con 'es que es delante de MIS AMIGOS'.Igual si no les gusta la teta dejan de timbrarle pa ir a jugar","twitter.com/Rocigaot/status/669884701084147712"
"26/11/2015 15:15:18","","669882124632203264","","Dios mío, cómo están las cabezas.","twitter.com/Rocigaot/status/669882124632203264"
"26/11/2015 15:06:25","2","669879887306629120","","@netcaterpila @PotiPotiInLove va a tener que demandar a medio tuiter. XD","twitter.com/Rocigaot/status/669879887306629120"
"26/11/2015 1:25:02","1","669673180156575744","","@zezenzuska felicidades!","twitter.com/Rocigaot/status/669673180156575744"
"25/11/2015 22:32:20","4","669629716173889538","1","@PotiPotiInLove yo creo que se lo podemos dar.pic.twitter.com/DWyfay6VVu","twitter.com/Rocigaot/status/669629716173889538"
"25/11/2015 12:16:40","1","669474778433101824","","@SantaSuki luego ya si siguen lloriqueando, pues con las caníbales de cabeza. :D","twitter.com/Rocigaot/status/669474778433101824"
"25/11/2015 12:15:12","3","669474411486060544","1","@SantaSuki yo primero buscaría una donde simplemente los esclavizaran,los mandaría y les diría 'eh,podíais estar peor con las caníbales' XD","twitter.com/Rocigaot/status/669474411486060544"
"25/11/2015 12:11:22","1","669473446959648769","4","@SantaSuki oh, es un clásico, como cuando hablas de consentimiento sexual y te saltan con 'pues vete a la India a que te violen en grupo'","twitter.com/Rocigaot/status/669473446959648769"
"25/11/2015 1:40:22","","669314648865423360","","Pondría yo también la encuesta de 'de qué casa de Hogwarts diríais que soy',pero capaces sois de mandarme a Hufflepuff, por joder.","twitter.com/Rocigaot/status/669314648865423360"
"25/11/2015 0:54:24","2","669303080870133760","","@dodavazquez @NoelaReyMendez no, si mucho donde rascar yo tampoco veo, pero...","twitter.com/Rocigaot/status/669303080870133760"
"25/11/2015 0:53:31","1","669302859087900676","","@NoelaReyMendez @dodavazquez ya me marcaré alguna más antes de la jornada de reflexión :P","twitter.com/Rocigaot/status/669302859087900676"
"25/11/2015 0:34:29","1","669298072065847300","","@dodavazquez Albert Rivera. En mi TL se le conoce tanto por ese nombre que eres la primera que me lo pregunta desde que puse la encuesta XD","twitter.com/Rocigaot/status/669298072065847300"
"25/11/2015 0:32:18","","669297520875556864","","El pueblo ha hablado.https://twitter.com/Rocigaot/status/668933848995143684 …Una duda que me corroe porque se lo he oído decir a mucha gente. ¿Os parece que Falangito está bueno?","twitter.com/Rocigaot/status/669297520875556864"
"25/11/2015 0:02:29","","669290015856422912","","@xoancastropic.twitter.com/XG5Ht7mgmw","twitter.com/Rocigaot/status/669290015856422912"
"24/11/2015 23:46:26","1","669285979891605504","","@kalevorroko xa antes de votar imaxinei que ía haber consenso XD","twitter.com/Rocigaot/status/669285979891605504"
"24/11/2015 23:33:06","2","669282622841995264","","@SoniniSumode @SantaSuki tenéis la mente muy enferma XD","twitter.com/Rocigaot/status/669282622841995264"
"24/11/2015 23:31:06","2","669282119714267141","","@SantaSuki @SoniniSumode acabé lavándome el ojo pintado como pude en el baño de un bar porque nadie tenía un lápiz que dejarme XD","twitter.com/Rocigaot/status/669282119714267141"
"24/11/2015 23:29:54","2","669281816944254976","","@SoniniSumode @SantaSuki una vez me llamaron mientras me estaba arreglando y salí con la raya pintada en un ojo y en el otro no XD","twitter.com/Rocigaot/status/669281816944254976"
"24/11/2015 23:15:52","2","669278286925668353","","@SoniniSumode @SantaSuki 'falta 1h para la hora a la que quedé,voy a pintarme un poco'(se mete el liner en el ojo,llega tarde y casi tuerta)","twitter.com/Rocigaot/status/669278286925668353"
"24/11/2015 22:27:13","1","669266042380750849","4","@dramatictone @El__Yayo es como la pregunta teológica de Homer de '¿podría Dios preparar un burrito tan picante que ni él pudiera comerlo'?","twitter.com/Rocigaot/status/669266042380750849"
"24/11/2015 22:23:17","1","669265052038471682","","Al final, con un 63% de los votos, cuando sea lideresa empezaré por mi gulagpromesa electoral estrella.https://twitter.com/Rocigaot/status/668891473568505856 …Cuando sea lideresa suprema, ¿cuál de estos gulags queréis que monte primero?","twitter.com/Rocigaot/status/669265052038471682"
"24/11/2015 20:57:23","","669243434302054400","","Menos de una hora queda para votar en mi primera encuesta de ayer. Para la de Falangito aún tenéis más rato.https://twitter.com/Rocigaot/status/668891473568505856 …Cuando sea lideresa suprema, ¿cuál de estos gulags queréis que monte primero?","twitter.com/Rocigaot/status/669243434302054400"
"24/11/2015 15:02:40","1","669154167664066560","","Ya que lo manden a hacer conexiones a pie de campo, que con sus dotes comunicativas nos marcamos un #graciasmarianohttps://twitter.com/elEconomistaes/status/669142542974361601 …Mariano Rajoy hará de comentarista para COPE en los partidos de Champions League http://bit.ly/1NpMj8U  pic.twitter.com/a2PbD9NiT7","twitter.com/Rocigaot/status/669154167664066560"
"24/11/2015 14:38:48","1","669148161806610432","","@ComandanteVimes @_Missmovin0n tipo 'pobre, no tiene alguien de quien quejarse en público de que ya nunca follan'.","twitter.com/Rocigaot/status/669148161806610432"
"24/11/2015 14:36:59","1","669147703025246208","","@ComandanteVimes @_Missmovin0n lo mejor es que los que piensan así suelen ser los que si estás soltero te tratan como con penita. XD","twitter.com/Rocigaot/status/669147703025246208"
"24/11/2015 13:39:42","2","669133289605734401","","@Pozuelen @laMascota yo no acabo de entender el hatefuck, para mí ya los dos besos de cortesía a alguien que me cae mal son un suplicio","twitter.com/Rocigaot/status/669133289605734401"
"24/11/2015 13:37:44","1","669132794472357893","","@Bea_chan @PotiPotiInLove a mí encima me recuerda al jefecillo del grupillo de superpijos de mi clase de COU, y eso me da aún más repelús","twitter.com/Rocigaot/status/669132794472357893"
"24/11/2015 13:34:27","2","669131968676765696","","@laMascota @Pozuelen pero sí hay quien votó que le pone o que se lo tiraría en plan hate fuck, ojo ahí.","twitter.com/Rocigaot/status/669131968676765696"
"24/11/2015 13:33:41","","669131773821980672","","@PotiPotiInLove eso pienso yo, pero he oído a bastante gente (no precisamente fan de Cuñadanos) decir que se lo zumbaría.","twitter.com/Rocigaot/status/669131773821980672"
"24/11/2015 13:31:36","","669131249387196416","","Para los del turno de día: la encuesta sigue activa.https://twitter.com/Rocigaot/status/668933848995143684 …Una duda que me corroe porque se lo he oído decir a mucha gente. ¿Os parece que Falangito está bueno?","twitter.com/Rocigaot/status/669131249387196416"
"24/11/2015 0:40:10","1","668937113258299392","","@missultrasonica eso quería poner en la encuesta y no me cabía XD","twitter.com/Rocigaot/status/668937113258299392"
"24/11/2015 0:29:05","1","668934321680551937","","@laMascota Inda? Yisus Craist!","twitter.com/Rocigaot/status/668934321680551937"
"24/11/2015 0:27:12","1","668933848995143684","4","Una duda que me corroe porque se lo he oído decir a mucha gente. ¿Os parece que Falangito está bueno?","twitter.com/Rocigaot/status/668933848995143684"
"23/11/2015 23:45:19","","668923307861942272","","@zezenzuska sí, la vi justo después de escribirlo :)","twitter.com/Rocigaot/status/668923307861942272"
"23/11/2015 23:37:45","","668921405677969408","","@zezenzuska ¿cuál te has pillado?","twitter.com/Rocigaot/status/668921405677969408"
"23/11/2015 21:38:49","","668891473568505856","","Cuando sea lideresa suprema, ¿cuál de estos gulags queréis que monte primero?","twitter.com/Rocigaot/status/668891473568505856"
"23/11/2015 0:52:29","1","668577825847422976","","@Facking_Ancho 'Limpiaculos' ha dado like a tu perfil.Quieres:
a)Mandarle un privado
b)Darte de baja en nuestra app y prender fuego al móvil","twitter.com/Rocigaot/status/668577825847422976"
"23/11/2015 0:05:01","1","668565880494825476","","Ahora en #CuartoMilenio, fantasmas que le joden el proyecto ilusionante a los emprendedores.","twitter.com/Rocigaot/status/668565880494825476"
"23/11/2015 0:02:25","","668565224170082304","2","@PotiPotiInLove yo cuando sueltan lo del Corán o 'con Alá no te metes' me los imagino super orgullosos en plan 'menudo zasca,qué crack soy'","twitter.com/Rocigaot/status/668565224170082304"
"22/11/2015 23:49:14","1","668561905557053441","","@alitecarlito tenías que poner la mano en plan cuenquito para que no se cayera al suelo y cogerla con la otra mano, en plan comer pipas XD","twitter.com/Rocigaot/status/668561905557053441"
"22/11/2015 23:48:21","","668561684215242755","","@alitecarlito también puedes cogerla en la mano, o al menos en mis tiempos de cole de monjas podías.","twitter.com/Rocigaot/status/668561684215242755"
"22/11/2015 23:45:06","","668560867546525696","","@puchoboedo este es el que había visto yo, sí! :D","twitter.com/Rocigaot/status/668560867546525696"
"22/11/2015 23:37:47","1","668559024577781760","","Explica que la que fue a reiki es bióloga porque no es como si fuera una superchería que creemos los tontacos de letras. #CuartoMilenio","twitter.com/Rocigaot/status/668559024577781760"
"22/11/2015 23:35:46","1","668558517377331201","","Que dice De Vidente que Jesucristo curaba con reiki. XDDDD","twitter.com/Rocigaot/status/668558517377331201"
"22/11/2015 23:22:30","1","668555178375778305","","Ojalá De Vidente diciendo que ni él se traga la mierda del reiki, como cuando hablaron de 'El Secreto'.","twitter.com/Rocigaot/status/668555178375778305"
"22/11/2015 23:15:09","3","668553330860363776","","Ay, que Friker va a hablar del reiki.pic.twitter.com/DAbNAXxMYR","twitter.com/Rocigaot/status/668553330860363776"
"22/11/2015 23:01:42","","668549944723263488","","@LaliMacabich ay, no me acordaba ya de Pelo Pico Pata!","twitter.com/Rocigaot/status/668549944723263488"
"22/11/2015 22:57:05","3","668548783375056896","1","Stop bichos, Iker, que presentas #CuartoMilenio, no Waku Waku.","twitter.com/Rocigaot/status/668548783375056896"
"22/11/2015 22:49:16","1","668546815810281472","","@Pozuelen ay, es como una vez que le di FAV a no sé qué reply de un LET porque pensé que me estaba siguiendo el rollo paródico. XD","twitter.com/Rocigaot/status/668546815810281472"
"22/11/2015 21:54:47","1","668533103544127488","1","Estoy demasiado sobria para el Cachitos de hoy, me temo.","twitter.com/Rocigaot/status/668533103544127488"
"22/11/2015 21:35:52","1","668528343512412160","","Acabo de poner Cachitos y veo algo de Juan Pardo cantando 'Bravo por la música' con C3PO. En la tele ya no se drogan como antes.","twitter.com/Rocigaot/status/668528343512412160"
"22/11/2015 21:34:01","1","668527878234120192","","@SantaSuki @SoniniSumode ahora me quedo intrigada con el Zas XDDD","twitter.com/Rocigaot/status/668527878234120192"
"22/11/2015 21:27:04","1","668526128135540736","","Ah, pero, ¿esta foto no es fake?pic.twitter.com/VnHypN8rmw","twitter.com/Rocigaot/status/668526128135540736"
"22/11/2015 20:19:46","","668509194052616192","","@zezenzuska y probablemente esa es la razón por la que no tengo XD","twitter.com/Rocigaot/status/668509194052616192"
"22/11/2015 20:19:30","","668509126910214144","","@zezenzuska ah, ni idea, si yo Tinder no tengo, lo que conozco son las capturas que pone la gente por aquí de conversaciones que le abren.","twitter.com/Rocigaot/status/668509126910214144"
"22/11/2015 20:13:01","","668507493929246720","","@Marmota_Maligna es ya lo único que les falta. Estoy por borrar el tuit, por si les doy ideas. :P","twitter.com/Rocigaot/status/668507493929246720"
"22/11/2015 20:11:12","1","668507036880105472","","@Marmota_Maligna ay, no des ideas, que luego me imagino los titulares: 'La CEOE propone instaurar el derecho de pernada en las empresas'.","twitter.com/Rocigaot/status/668507036880105472"
"22/11/2015 20:04:37","2","668505378292957184","3","Y cuando creía que no había ofertas más mierder que las de comercial 'autónomo' a puerta fría para las eléctricas...https://twitter.com/kurioso/status/668504285114703872 …...por ejemplo. Este el típico caso de explotación, vendehumos y caradura que merece escarnio
pic.twitter.com/dgiOd9yszY","twitter.com/Rocigaot/status/668505378292957184"
"22/11/2015 19:01:39","","668489533990793220","","@oneafter909_ na, igual me axuda a despexar a conxestión nasal!","twitter.com/Rocigaot/status/668489533990793220"
"22/11/2015 18:54:33","","668487745388589056","","@oneafter909_ alá foi o café polo nariz. XD","twitter.com/Rocigaot/status/668487745388589056"
"22/11/2015 18:53:40","","668487526043287552","","@zezenzuska que miedo me da también pensar cómo selecciona Tinder quiénes son 'los mejores'","twitter.com/Rocigaot/status/668487526043287552"
"22/11/2015 18:53:21","","668487446007533568","","@zezenzuska aaaah, vale, que se supone que la gente mejor es para los que tienen cuenta premium y al resto os dejan la morralla!","twitter.com/Rocigaot/status/668487446007533568"
"22/11/2015 18:40:30","1","668484212543135745","","@Marmota_Maligna estuve por soltarle 'pero si no tengo herederos directos igual pilláis algo la familia lejana, tonta', a ver si lo pillaba.","twitter.com/Rocigaot/status/668484212543135745"
"22/11/2015 18:38:44","1","668483765510021121","","@Marmota_Maligna a mí la última que me lo dijo fue una prima segunda que fue vaciando la cuenta del padre moribundo pa no repartir herencia","twitter.com/Rocigaot/status/668483765510021121"
"22/11/2015 17:18:18","","668463525459853312","","La típica reforma que te van a hacer en un par de semanas y luego se eterniza.  https://twitter.com/RelatableQuote/status/668413618380214272 …","twitter.com/Rocigaot/status/668463525459853312"
"22/11/2015 17:05:57","4","668460417853865984","","Como intuyo por vuestros tuits que el TT de Dragó no es porque la haya palmado, voy a pasar de cotilear,para seguir feliz en la ignorancia.","twitter.com/Rocigaot/status/668460417853865984"
"22/11/2015 16:57:47","2","668458360128331776","","@morganaskwlkr si además todo el mundo sabe que para que te salga plan tienes que llevar bragas cutres, por lo de invocar la Ley de Murphy.","twitter.com/Rocigaot/status/668458360128331776"
"22/11/2015 15:58:06","","668443343790211072","","@zezenzuska y qué pasa con la gente no tan buena que enseñaban hasta ahora? Los echan de Tinder o se los colocan a alguna que llegue nueva?","twitter.com/Rocigaot/status/668443343790211072"
"22/11/2015 2:34:24","2","668241084464701440","1","@ComandanteVimes eso es el equivalente al 'creí que era una cena con amigos hasta que la anfitriona nos hizo la demostración de la termomix'","twitter.com/Rocigaot/status/668241084464701440"
"21/11/2015 22:29:38","","668179486370828288","","Deduzco que ha marcado el Dépor porque están tirando petardos aquí a bajo. #petardoyresultado","twitter.com/Rocigaot/status/668179486370828288"
"21/11/2015 22:02:36","1","668172682438049792","","@LumpenPerro @zezenzuska ay, me gustan casi tanto como el perro lámpara de cabeza luminosa!","twitter.com/Rocigaot/status/668172682438049792"
"21/11/2015 18:59:25","","668126584168161280","","@ComandanteVimes pues oye, si le echa un poco de cuento y sabe vender la moto bien... :D","twitter.com/Rocigaot/status/668126584168161280"
"21/11/2015 14:51:21","1","668064155711225856","","@zezenzuska @Srta_Angus @SantaSuki yo de esos estoy haciendo acopio ahora. :D","twitter.com/Rocigaot/status/668064155711225856"
"21/11/2015 14:47:46","2","668063254376136704","","@zezenzuska @Srta_Angus @SantaSuki o un estilo de ropa que te gusta o te favorece. Luego tiras de ahí en los tiempos de escasez.","twitter.com/Rocigaot/status/668063254376136704"
"21/11/2015 14:44:55","","668062535938129920","","@Srta_Angus @SantaSuki @zezenzuska pero vamos, en general cuando le pillo tirria a una moda es porque de golpe sólo puedes encontrar eso.","twitter.com/Rocigaot/status/668062535938129920"
"21/11/2015 14:43:51","","668062267708039168","","@Srta_Angus @SantaSuki @zezenzuska eso claro, si yo cuando digo que algo no me gusta es 'lo imagino en mí y Argh',pero pa gustos colores","twitter.com/Rocigaot/status/668062267708039168"
"21/11/2015 14:35:16","","668060110334337024","","@SantaSuki @Srta_Angus @zezenzuska yo soy bastante más hater XDDDD","twitter.com/Rocigaot/status/668060110334337024"
"21/11/2015 14:26:29","3","668057897281171456","","@Srta_Angus @SantaSuki @zezenzuska rollo 'te vamos a poner bien mona para la boda'. Y bonito, bonito no quedaba.","twitter.com/Rocigaot/status/668057897281171456"
"21/11/2015 14:25:06","","668057550982619136","","@Srta_Angus @SantaSuki @zezenzuska en Anatomía de Grey,1ª o 2ª temporada como mucho, que Cristina iba a casarse y la suegra le hacía eso.","twitter.com/Rocigaot/status/668057550982619136"
"21/11/2015 14:23:01","","668057025310547970","","@Srta_Angus @SantaSuki @zezenzuska ya lo próximo será depilarlas enteras y dibujarlas a lápiz, a lo boda de Cristina Yang. xD","twitter.com/Rocigaot/status/668057025310547970"
"21/11/2015 14:18:15","","668055828025516032","","@SantaSuki @zezenzuska yo los primeros que tuve eran de estos marrón clarito brillosos. Me probé alguno ahora que vuelven y me quedan fatal.","twitter.com/Rocigaot/status/668055828025516032"
"21/11/2015 14:14:04","2","668054775498436609","","@SantaSuki @zezenzuska otra cosa que me tiene muy lóquer es el retorno de los pintalabios beige y marrones noventeros. The horror.","twitter.com/Rocigaot/status/668054775498436609"
"21/11/2015 14:06:19","2","668052822659883008","","@zezenzuska @SantaSuki material no hace falta mucho. Ya otra cosa debe de ser retocarte en el baño del bar a partir de la segunda copa.","twitter.com/Rocigaot/status/668052822659883008"
"20/11/2015 23:38:22","1","667834398255898625","","@netcaterpila @callaquenoveo @ALESSGIBAJA2 ay, OJALÁ.","twitter.com/Rocigaot/status/667834398255898625"
"20/11/2015 21:32:31","1","667802725091028994","1","@ComandanteVimes espérate, que he ido a bloquearle por si me lee y se pone tonto y he visto lo de 'españoles primero'. Lo tiene todo, papi.","twitter.com/Rocigaot/status/667802725091028994"
"20/11/2015 21:31:13","6","667802397662715906","4","@ComandanteVimes 'Abogado solteeero, lucha por poder follaaaar, lleva togas provocativas, si le rechazas se va a enfadaaaaar'","twitter.com/Rocigaot/status/667802397662715906"
"20/11/2015 21:28:36","","667801741417689088","","@ComandanteVimes 'Abogacía justa', pone. ¿En qué artículo del Código Civil sale lo de que no liarte con un pesao es maltrato?","twitter.com/Rocigaot/status/667801741417689088"
"18/11/2015 23:36:47","2","667109221348081665","","@Chinobi_Ninja @SantaSuki menos mal que no estoy preñada o ahora estaría un mes con pesadillas de que me pongo de parto y sale esto.","twitter.com/Rocigaot/status/667109221348081665"
"18/11/2015 15:03:08","","666979959089586177","","Lo haría yo, pero el talento para el dibujo no está entre mis múltiples virtudes. Ni la modestia, ya de paso.","twitter.com/Rocigaot/status/666979959089586177"
"18/11/2015 15:02:26","1","666979780034736131","","Por favor, que @Dr_Fleibur haga una nueva serie cómica: 'Reverte y Putin, escuadrón antiterrorista'.","twitter.com/Rocigaot/status/666979780034736131"
"18/11/2015 14:31:24","","666971970890817536","","Y de Isildur.https://twitter.com/eleptric/status/666968683101728769 …Y de la corona de Portugal.

https://twitter.com/ElMundoEspana/status/666951408923615232 …","twitter.com/Rocigaot/status/666971970890817536"
"18/11/2015 1:22:28","1","666773428800765952","1","@PotiPotiInLove cantos de perdices de otros colores?","twitter.com/Rocigaot/status/666773428800765952"
"18/11/2015 0:53:24","4","666766114282733569","1","@Multimaniaco @Srta_Angus @jacobodopico -POR QUÉ TANTO INTERÉS EN QUE TENGA NIÑOS?ESTÁS EN UNA MAFIA DE COMPRAVENTA DE BEBÉS?CUÁNTO PAGAS??","twitter.com/Rocigaot/status/666766114282733569"
"18/11/2015 0:48:29","5","666764876778479617","1","@Multimaniaco @Srta_Angus @jacobodopico -EN REALIDAD PARÍ 3VECES,PERO EMPIEZO COMIÉNDOME LA PLACENTA COMO TOM CRUISE Y SE ME VA DE LAS MANOS","twitter.com/Rocigaot/status/666764876778479617"
"18/11/2015 0:47:54","1","666764733098418176","","@Multimaniaco @Srta_Angus @jacobodopico vaya, no lo había leído!","twitter.com/Rocigaot/status/666764733098418176"
"18/11/2015 0:46:04","2","666764270860902401","1","@Multimaniaco @Srta_Angus @jacobodopico -DICE LA PROFECÍA QUE YO CONCEBIRÉ AL ANTICRISTO Y NO QUEREMOS ARRIESGARNOS","twitter.com/Rocigaot/status/666764270860902401"
"17/11/2015 14:56:51","2","666615990554378241","1","@zezenzuska y lo meten en CORAZÓN, porque sección 'Huevazos como balones de hacer pilates' no tienen, supongo.","twitter.com/Rocigaot/status/666615990554378241"
"16/11/2015 23:25:49","2","666381687182467072","","@JessicaFillol @ComandanteVimes @SdeSanty @La_Muerta_Viva casi dan ganas de creer en el karma,","twitter.com/Rocigaot/status/666381687182467072"
"16/11/2015 23:17:43","1","666379648444571650","1","@ComandanteVimes @JessicaFillol @SdeSanty ay, sí!pic.twitter.com/4hpuHtvZxL","twitter.com/Rocigaot/status/666379648444571650"
"16/11/2015 23:15:27","","666379079113908225","","A Pi Yei le ha faltado explicar que en París no encontraron ningún casette de la Orquesta Mondragón así que la autoría es distinta.","twitter.com/Rocigaot/status/666379079113908225"
"16/11/2015 21:40:26","","666355165486817285","","@Chinobi_Ninja hombre, si comes muchos engordas, se te pone la cara como un pan y supongo que las arrugas se estiran. Igual es eso XD","twitter.com/Rocigaot/status/666355165486817285"
"16/11/2015 21:39:27","","666354918031273984","","@ozeiyo si te hacen bullying en el cole, te jodes, haber nacido en casa de ateos.","twitter.com/Rocigaot/status/666354918031273984"
"16/11/2015 20:58:25","1","666344593059946496","","Es posible que ya esté la coña hecha porque estaba a huevísimo.","twitter.com/Rocigaot/status/666344593059946496"
"16/11/2015 20:57:51","1","666344447978971136","","Remember Eminem? This is him now. Feel old yet?pic.twitter.com/dMf68xI3gx","twitter.com/Rocigaot/status/666344447978971136"
"16/11/2015 18:01:12","","666299994316623872","","@Cascarelo pero isto entra máis en bochorno que en pena, e diso o contrato non di nada.","twitter.com/Rocigaot/status/666299994316623872"
"16/11/2015 15:04:19","","666255480801636352","","@sil_loh y ponen cosas que dicen 'dios mío, que esta persona tiene menores a su cargo'. MIedito.","twitter.com/Rocigaot/status/666255480801636352"
"16/11/2015 15:03:30","2","666255272910921728","","@SantaSuki aunque yo ya pasaría vergüenza con que mi novio de turno saliera alabando al Ajfram y yo ahí en su avatar como gilipollas, madre.","twitter.com/Rocigaot/status/666255272910921728"
"16/11/2015 15:01:39","","666254809549381632","","@SantaSuki en el top malrollero están los que veo poner machistadas extremas tipo 'se lo buscó por guarra' y salen con la novia en el avatar","twitter.com/Rocigaot/status/666254809549381632"
"16/11/2015 14:59:54","1","666254367046156288","1","¿No tiene tuiter y no se entera?¿Piensa igual que su churri?¿Pasa vergüenza pero no se atreve a decir 'para hacer el mermao no uses mi foto?","twitter.com/Rocigaot/status/666254367046156288"
"16/11/2015 14:58:09","2","666253926392549376","1","Me da yuyu cuando quien suelta una burrada en twitter sale con su pareja en el avatar.¿Sabe la otra persona lo que sale junto a su imagen?","twitter.com/Rocigaot/status/666253926392549376"
"16/11/2015 12:39:01","","666218912724439040","","@Pozuelenpic.twitter.com/GGfxJn9ua7","twitter.com/Rocigaot/status/666218912724439040"
"16/11/2015 1:09:22","1","666045359613964288","","Pues sí, mi encuesta de ayer no estuvo muy reñida. Es más, me sorprenden los del 3%.https://twitter.com/Rocigaot/status/665642382902317056 …Para pasar el sábado noche, me hará menos daño...","twitter.com/Rocigaot/status/666045359613964288"
"16/11/2015 1:00:36","1","666043150801240064","","@Tawil xa tardaba a dose de 'los gayegos dan mazo miedo'","twitter.com/Rocigaot/status/666043150801240064"
"16/11/2015 0:41:19","2","666038300201889792","","@Tawil unha vez máis estaba a pensar o mesmo, coma con Mamelles.","twitter.com/Rocigaot/status/666038300201889792"
"16/11/2015 0:32:47","1","666036153133436929","","@Tawil mañá teño dous clases con pequenos e non preparei nada, vounos poñer a debuxar con algunha excusa a ver se me sacan o número do Gordo","twitter.com/Rocigaot/status/666036153133436929"
"16/11/2015 0:18:12","3","666032482475778052","","@Tawil @shakesphobic todos pensamos o mesmo","twitter.com/Rocigaot/status/666032482475778052"
"16/11/2015 0:07:26","8","666029772699488256","4","Que alguien de #CuartoMilenio llame al exorcista de guardia, que a Friker lo ha poseído Félix Rodríguez de la Fuente.","twitter.com/Rocigaot/status/666029772699488256"
"16/11/2015 0:04:44","3","666029093545246721","1","Otra vez los bichos, Friker? #CuartoMilenio","twitter.com/Rocigaot/status/666029093545246721"
"15/11/2015 23:52:18","4","666025964846059520","","@RaulGanemos @ComandanteVimes @netcaterpila @zezenzuska trabajó como estilista de cobayas. Hacía cosplay de los Fruitis.","twitter.com/Rocigaot/status/666025964846059520"
"15/11/2015 23:50:40","","666025551564578816","","@puchoboedo pues lo tengo de fondo pero no le estaba haciendo caso, voy a darle volumen!","twitter.com/Rocigaot/status/666025551564578816"
"15/11/2015 20:51:52","","665980554756665344","","@SantaSuki @Marmota_Maligna hablando de mierda: he cometido el error de leer los comentarios.","twitter.com/Rocigaot/status/665980554756665344"
"15/11/2015 20:47:43","","665979511620698113","1","@SantaSuki 'decidió dar a su pequeña una lección que nunca olvidaría'. Igual la lección se la lleva él si la pequeña le denuncia.","twitter.com/Rocigaot/status/665979511620698113"
"15/11/2015 18:11:23","2","665940169552433152","","'Señora, somos del Gobierno otra vez. ¿Recuerda que le dijimos que a su hijo lo habían matado en el atentado? Pues se va usted a reír...'","twitter.com/Rocigaot/status/665940169552433152"
"15/11/2015 17:35:59","5","665931260812988416","1","@Srta_Angus @Tawil @zezenzuska @netcaterpila coleccionaba uñas de pies de famosos. Dio cursos de coaching y liderazgo para fetos.","twitter.com/Rocigaot/status/665931260812988416"
"15/11/2015 17:28:38","8","665929409686315008","1","@zezenzuska @Tawil @Srta_Angus @netcaterpila hacia tampax artesanales con helechos y los vendía por Internet.","twitter.com/Rocigaot/status/665929409686315008"
"15/11/2015 17:23:27","7","665928106813882368","2","@Tawil @Srta_Angus @zezenzuska @netcaterpila estaba trabajando en el libreto de 'Puerto Hurraco: El Musical'.","twitter.com/Rocigaot/status/665928106813882368"
"15/11/2015 17:15:42","10","665926156772900864","2","@Srta_Angus @Tawil @zezenzuska @netcaterpila tenía un tatuaje de las caras de Bélmez en la nalga izquierda. Tradujo Intranerso al klingon.","twitter.com/Rocigaot/status/665926156772900864"
"15/11/2015 17:07:17","15","665924037814669312","7","@Tawil @zezenzuska @netcaterpila 'leía el futuro en las marcas de acné'. 'fue doble de acción de Concha Cuetos en Farmacia de Guardia'","twitter.com/Rocigaot/status/665924037814669312"
"15/11/2015 16:53:03","14","665920455128309760","6","@zezenzuska @Tawil @netcaterpila hacía fanfics eróticos de Enrique de Vicente. Ganó un concurso de eructos con Bohemian Rhapsody entera.","twitter.com/Rocigaot/status/665920455128309760"
"15/11/2015 16:48:29","22","665919307608641536","","@zezenzuska @netcaterpila te puedo convertir en LEYENDA.","twitter.com/Rocigaot/status/665919307608641536"
"15/11/2015 16:47:19","46","665919014183559168","20","@netcaterpila @zezenzuska 'compuso una versión hiphop de Clavelitos para la tuna de Derecho'. 'fue tesorera del club de fans de Wendy Sulca'","twitter.com/Rocigaot/status/665919014183559168"
"15/11/2015 16:35:22","69","665916004665544704","25","@netcaterpila @zezenzuska 'fundó una nueva religión que predicaba la segunda venida del Fary'. 'Escribía relatos eróticos con mapaches'.","twitter.com/Rocigaot/status/665916004665544704"
"15/11/2015 15:06:14","1","665893572563116032","","@NewIlluminatuspic.twitter.com/Z2R4MInj7H","twitter.com/Rocigaot/status/665893572563116032"
"15/11/2015 15:01:50","","665892467787591681","","@Dr_Fleibur puedes hacer la versión opuesta: 'Mi hijo es de NNGG'. Que es uno de mis miedos cuando me planteo si procrear algún día. XD","twitter.com/Rocigaot/status/665892467787591681"
"15/11/2015 14:11:44","3","665879860347346944","","@anunciologia ponme 15.","twitter.com/Rocigaot/status/665879860347346944"
"15/11/2015 13:33:29","","665870234545479681","","@eleptric yo sigo esperando a ver si mañana dice Mariló que lo montaron todo ellos para promocionar su gira.","twitter.com/Rocigaot/status/665870234545479681"
"15/11/2015 13:12:56","","665865061836132352","","@LumpenPerro es que ahora el Corán viene con cámara frontal y te trae el Candy Crush de serie.","twitter.com/Rocigaot/status/665865061836132352"
"15/11/2015 1:02:57","","665681356337381376","","@errejoners @rhoeas_ @familiasunshine como la ruta de la España negra que quería montar un colega: Puerto Hurraco,la casa de los Urquijo...","twitter.com/Rocigaot/status/665681356337381376"
"15/11/2015 0:52:36","2","665678749384450048","","@Tawil 'el que te focka, el que te parte la boca'","twitter.com/Rocigaot/status/665678749384450048"
"15/11/2015 0:49:07","1","665677874360397826","1","¿Y lo rebonico que es ver a los del 'no generalices, feminazi' usando la carta del machismo para atacar a todos los musulmanes?","twitter.com/Rocigaot/status/665677874360397826"
"15/11/2015 0:39:31","1","665675460039307264","","Supongo que no os sorprenderá si os digo que la encuesta no va demasiado reñida.https://twitter.com/Rocigaot/status/665642382902317056 …Para pasar el sábado noche, me hará menos daño...","twitter.com/Rocigaot/status/665675460039307264"
"15/11/2015 0:35:42","3","665674497081647105","","@errejoners @kalevorroko salidas profesionales para los rebotados del periodismo:  community manager, coach, o estar en prensa de ISIS","twitter.com/Rocigaot/status/665674497081647105"
"14/11/2015 22:28:05","1","665642382902317056","1","Para pasar el sábado noche, me hará menos daño...","twitter.com/Rocigaot/status/665642382902317056"
"14/11/2015 21:56:39","1","665634469664174081","1","@SantaSuki ayer se conoce que no dio tiempo de proyectar en el cielo la cuñadoseñal para que acudieran los tertulianos al rescate.","twitter.com/Rocigaot/status/665634469664174081"
"14/11/2015 21:45:56","","665631773666201600","","@mipazos @CaminoAna @DavidPaot @Marinha_EV e que fai? suxíreche insultos pra que uses coa xente? Déixase insultar pra que desfogues?","twitter.com/Rocigaot/status/665631773666201600"
"14/11/2015 21:02:00","5","665620716621053952","1","@PanterasRosas @Mi_Bombin 'Terrible el tsunami de Indonesia. Justo ayer me hicieron un masaje balinés'.","twitter.com/Rocigaot/status/665620716621053952"
"14/11/2015 20:52:51","1","665618416787709952","","@Mi_Bombin esta ya hacía la coña de 'la gente olvidaba mi cumple porque era en verano y mi amigo Osama dijo que lo arreglaba, pero se pasó'","twitter.com/Rocigaot/status/665618416787709952"
"14/11/2015 20:49:03","2","665617458288566272","","@Mi_Bombin lo bueno es que a la larga se acuerdan todos de tu cumple al ver la efeméride en TV, como le pasa a una amiga que cumple el 11S","twitter.com/Rocigaot/status/665617458288566272"
"14/11/2015 20:46:37","4","665616848197705728","1","A ver si soltó la indirecta porque con el lío de los atentados la gente se estaba olvidando de felicitarle el cumplehttps://twitter.com/Mi_Bombin/status/665616607520169984 …Felicitad a Albert Rivera, que hace un año estuvo en París celebrando su cumple.","twitter.com/Rocigaot/status/665616848197705728"
"14/11/2015 20:29:43","1","665612593952923649","","@Chinobi_Ninja es del mítico día que soltó que oler limones evitaba el cáncer.","twitter.com/Rocigaot/status/665612593952923649"
"14/11/2015 20:29:06","6","665612439589883904","","También tengo el Bonico del Tó Award, pero eso ya es para perlas de la idiotez de las que dan Síndrome de Stendhal.pic.twitter.com/MBRovwlxtr","twitter.com/Rocigaot/status/665612439589883904"
"14/11/2015 20:25:59","19","665611656345559040","8","Voy a empezar a contestar con esto a algunos sesudos análisis de lo de París que estoy leyendo hoy por FB.pic.twitter.com/iPNd1cdKYY","twitter.com/Rocigaot/status/665611656345559040"
"14/11/2015 20:24:25","","665611258729783296","","Repito, que me iba repe.","twitter.com/Rocigaot/status/665611258729783296"
"14/11/2015 17:08:31","","665561958956072960","","@missultrasonica la idea de que un señor de 60 años sea capaz de hacerse un filete a la plancha al parecer es un locurón.","twitter.com/Rocigaot/status/665561958956072960"
"14/11/2015 17:07:40","","665561744966852608","","@missultrasonica 'es que si libra le pido que venga a hacerle la cena a su padre, pero claro, si trabaja no puede venir,que sale tarde'(2)","twitter.com/Rocigaot/status/665561744966852608"
"14/11/2015 17:05:43","","665561257404145664","","@missultrasonica una prima de mi madre le dijo una vez que igual venía a verla, pero sólo si su hija libraba de currar ese fin de semana(1)","twitter.com/Rocigaot/status/665561257404145664"
"14/11/2015 15:51:18","","665542528888758273","","@oh_rus foto en la despedida de soltera de tu prima con diademas de polla luminosa y la banderita de Francia sobreimpresa.","twitter.com/Rocigaot/status/665542528888758273"
"14/11/2015 14:38:15","4","665524142511415296","2","Reverte está a dos carajillos de decir que le pillan a él en Bataclán y mata o muere desarmando a los terroristas a hostia viva.","twitter.com/Rocigaot/status/665524142511415296"
"14/11/2015 13:53:40","1","665512922685300737","1","Empiezan los análisis de lo de París en FB. Ya he visto un 'como dice Don Arturo' y a uno cagándose en Willy Toledo.","twitter.com/Rocigaot/status/665512922685300737"
"14/11/2015 2:25:19","","665339696172564480","","@randymeeks igual lo que habría que hacer es matar forococheros antes de que pongan huevos...","twitter.com/Rocigaot/status/665339696172564480"
"14/11/2015 2:24:37","","665339520087257088","","@LumpenPerro lo de Donald? No, no ha tenido una epifanía espiritual y ha dejado de ser hostiable desde enero hasta ahora.","twitter.com/Rocigaot/status/665339520087257088"
"14/11/2015 1:58:12","","665332872589373440","","@Chinobi_Ninja nada que ver con los terroristas moderados, dónde va a parar.","twitter.com/Rocigaot/status/665332872589373440"
"14/11/2015 1:57:31","3","665332698592886784","","Me da miedo pinchar en los TT porque madre mía cómo están las cabezas.","twitter.com/Rocigaot/status/665332698592886784"
"14/11/2015 1:32:54","","665326506600738816","","@SnowFey sí, lo acabo de ver, menos mal. Aunque no creo que tardemos en ver ataques xenófobos, como después de lo de Charlie Hebdo","twitter.com/Rocigaot/status/665326506600738816"
"14/11/2015 1:26:27","","665324882947911680","","@errejoners creo que había 40 confirmados y le añaden los 100(aprox) de la sala. Pero cuesta seguir el hilo por twitter.","twitter.com/Rocigaot/status/665324882947911680"
"14/11/2015 1:23:42","1","665324188597485569","1","Espero haberme tragado un fake y que lo de Calais no sea cierto.","twitter.com/Rocigaot/status/665324188597485569"
"14/11/2015 1:17:13","1","665322558275887104","","Eh, @telecincoes , si teníais tuits chorras programados para esta hora casi mejor borradlos, que mezclados con lo de París queda feo. Besis.","twitter.com/Rocigaot/status/665322558275887104"
"14/11/2015 1:15:44","","665322186417111040","","Quiero pensar que al CM de Telecinco se le pasó quitar los tuits que tenía programados y por eso se están mezclando con los del atentando.","twitter.com/Rocigaot/status/665322186417111040"
"14/11/2015 1:13:45","2","665321686263296000","","Y ahora toca la segunda parte, los ataques xenófobos. Claro que sí, no sea que nos quede algo de fe en la humanidad.","twitter.com/Rocigaot/status/665321686263296000"
"14/11/2015 1:07:08","","665320019996180482","","@LordoLordor yo apoyo la guerra si atacamos con catapultas y usamos tertulianos como proyectiles.","twitter.com/Rocigaot/status/665320019996180482"
"14/11/2015 0:40:33","1","665313329523527682","1","Ah, que si seguían con los atentados nos perdíamos a Pablo Puyol haciendo de Jon Bon Jovi. Haberlo avisado, hombre, ahora se entiende.","twitter.com/Rocigaot/status/665313329523527682"
"14/11/2015 0:38:32","","665312823304658944","","@lara_grana y nos queríamos perder esto por unos atentados con víctimas mortales de ná.","twitter.com/Rocigaot/status/665312823304658944"
"14/11/2015 0:07:08","1","665304920539594752","","@zezenzuska si aún no han estrellado nada contra la Torre Eiffel líbrenos dios de perdernos al famosete de turno haciendo que canta.","twitter.com/Rocigaot/status/665304920539594752"
"14/11/2015 0:04:10","","665304175605997568","","La información de París en Antena 3 ha durado un suspiro. He encendido la tele, han ido a publi y ya están con tu cara me suena otra vez.","twitter.com/Rocigaot/status/665304175605997568"
"13/11/2015 23:54:53","1","665301837940170753","2","En Telecinco podían improvisar poniendo a los del Sálvame Deluxe a comentar lo de París. Más que Alfonso Rojo no pueden cagarla.","twitter.com/Rocigaot/status/665301837940170753"
"13/11/2015 23:40:20","","665298176883228673","","@SantaSuki nah, chiquilladas.","twitter.com/Rocigaot/status/665298176883228673"
"13/11/2015 23:33:50","1","665296542425702400","","@SnowFey ya, si no sé ni para qué pregunto...","twitter.com/Rocigaot/status/665296542425702400"
"13/11/2015 23:29:10","1","665295365076180992","","Alguien tiene aún puesto el 24H de TVE? Han aportado algo que no pueda escuchar si me bajo a oír la tertulia del bar de la esquina?","twitter.com/Rocigaot/status/665295365076180992"
"13/11/2015 23:22:55","2","665293793629896704","","@LumpenPerro odio a esos cagaprisas porque me obligan a ir un ratito en primera, para enseñarles lo de 'lento/rápido' en plan barrio sésamo","twitter.com/Rocigaot/status/665293793629896704"
"13/11/2015 23:10:30","3","665290667292303360","","De verdad, TVE, si vais a aprovechar el 24H para una tertulia con los cuñaos de siempre os salía más a cuenta reponer Verano Azul.","twitter.com/Rocigaot/status/665290667292303360"
"13/11/2015 22:25:52","2","665279435571113986","12","Si es que os andáis matando o muriendo y nos jodéis el partido, qué ganas de molestar...  https://twitter.com/subiendoelpan/status/665277878154735616 …","twitter.com/Rocigaot/status/665279435571113986"
"13/11/2015 22:07:37","5","665274841814179840","","@anunciologia ysólo las tomamos las mujeres porque si un hombre prueba algo 'dietético' (ejem) se le cae el pito en trozos.","twitter.com/Rocigaot/status/665274841814179840"
"13/11/2015 20:17:17","","665247076821938176","","@JessicaFillol aunque fíate, que luego ves que se cruzan un perrazo y uno tamaño ratilla y el que se pone chulo y ladra es el miniperro xD","twitter.com/Rocigaot/status/665247076821938176"
"13/11/2015 19:42:07","","665238226010046464","","@JessicaFillol son cosas para perros de bolso!","twitter.com/Rocigaot/status/665238226010046464"
"13/11/2015 19:40:04","","665237709112393728","","@uxialopez ay, pobre! si es que hay que intentar sacar el tema sutilmente el primer día, o luego vienen los sustos.","twitter.com/Rocigaot/status/665237709112393728"
"13/11/2015 19:34:26","","665236295430643712","","@uxialopez podía ser peor: podías descubrir que es de Cuñadanos!","twitter.com/Rocigaot/status/665236295430643712"
"13/11/2015 19:26:37","","665234328297803776","","@uxialopez creo que no, pero procuro no buscar a los ex por redes sociales, no vaya a descubrir que alguno se volvió revertieber","twitter.com/Rocigaot/status/665234328297803776"
"13/11/2015 14:57:17","","665166547237883904","","@laMascota @repollo_ pues sí que se están apijando desde que salgo poco! Yo creo que en alguno de esos baños me inmunicé contra el ébola...","twitter.com/Rocigaot/status/665166547237883904"
"13/11/2015 14:40:00","1","665162195127373824","","@zezenzuska todo ha salido a pedir de Milhouse!","twitter.com/Rocigaot/status/665162195127373824"
"13/11/2015 13:57:21","3","665151464973705216","","Si comparte artículos de Reverte y le llama 'Don Arturo', no te lo folles.","twitter.com/Rocigaot/status/665151464973705216"
"13/11/2015 13:52:34","2","665150259090321408","","@laMascota @Pozuelenpic.twitter.com/9OQ8Dy6cyA","twitter.com/Rocigaot/status/665150259090321408"
"12/11/2015 21:12:26","1","664898567308492800","","@shakesphobic dóeme a vergoña allea.","twitter.com/Rocigaot/status/664898567308492800"
"12/11/2015 15:23:39","3","664810794517962753","3","Creo que si se lo pides a Dios no es imputable como amenaza, es libertad de culto. :P","twitter.com/Rocigaot/status/664810794517962753"
"12/11/2015 15:22:38","13","664810538778669056","8","Dios, si existes, hazme una señal: mándale a Arcadi Espada una muerte ridícula, tipo 'embestido por un carnero mientras caga en el campo'.","twitter.com/Rocigaot/status/664810538778669056"
"11/11/2015 23:41:45","1","664573755356782592","1","@kalevorroko @oneafter909_ Teo hace boicot al cava catalán en Navidades","twitter.com/Rocigaot/status/664573755356782592"
"11/11/2015 0:49:46","","664228484932308993","","De aquí a la cirrosis!https://twitter.com/valeriasant_/status/634137278055608320 …Juego para beber feminista, podéis añadirle  pic.twitter.com/mSxkvye6dD","twitter.com/Rocigaot/status/664228484932308993"
"10/11/2015 18:37:40","","664134844935487488","1","Acabo de descubrir (aunque lo mismo lleva años) que tenemos un Bar Bitcoin. Quedarán aquí los LET coruñeses?pic.twitter.com/nryR6FMB6j","twitter.com/Rocigaot/status/664134844935487488"
"9/11/2015 1:13:02","","663509564055265280","","@missultrasonica es que últimamente está muy coñazo XD. Y eso que he llegado de cañas con el puntillo, que debería de hacerlo más llevable.","twitter.com/Rocigaot/status/663509564055265280"
"9/11/2015 0:50:34","2","663503911601512449","","@missultrasonica cuando murió mi abuelo,llegaron al tanatorio varios primos de los que no recuerdo cuáles se hablan,y yo:'mira,como twitter'","twitter.com/Rocigaot/status/663503911601512449"
"9/11/2015 0:44:46","1","663502453552381952","","@missultrasonica yo estoy como en el insti, de hecho. Sin coscarme nunca de quién se cabrea con quién ni de quién se lía con quién.","twitter.com/Rocigaot/status/663502453552381952"
"9/11/2015 0:41:13","2","663501558164885504","","@PotiPotiInLove mis favoritos son los que se ponen 'es complicado' en plan pasivo agresivo cada vez que tienen una bronca parejil.","twitter.com/Rocigaot/status/663501558164885504"
"9/11/2015 0:39:42","","663501178576232450","1","@PotiPotiInLove para la foto de perfil, para poner 'tiene una relación con' en lo de situación sentimental de FB...","twitter.com/Rocigaot/status/663501178576232450"
"8/11/2015 23:39:13","2","663485954716516352","","Nivel de Inglés: Enrique de Vicente #CuartoMilenio","twitter.com/Rocigaot/status/663485954716516352"
"8/11/2015 23:23:31","1","663482003967361024","1","@ComandanteVimes Qué hace Irene Villa al sol? Broncearse #ChistesNoImputables","twitter.com/Rocigaot/status/663482003967361024"
"8/11/2015 23:13:28","","663479474089017346","","Acabo de llegar a casa, de qué habla Friker?","twitter.com/Rocigaot/status/663479474089017346"
"8/11/2015 13:49:34","1","663337567316766720","","@laMascota ahora me has dado antojazo de papadeltas. Y para comerlos tendría que vestirme e ir a comprarlos.","twitter.com/Rocigaot/status/663337567316766720"
"8/11/2015 0:42:59","1","663139615558270976","","@SantaSuki @Srta_Angus yo sintonizado lo tengo,pero ya me llega con no salir un sábado noche como para pasarlo viendo a Falangito XD","twitter.com/Rocigaot/status/663139615558270976"
"7/11/2015 16:51:53","33","663021057201295360","29","-Anda, los de VOX! Qué grandes sois, tíos, yo os voté!
-Ah, ¿fuiste tú?","twitter.com/Rocigaot/status/663021057201295360"
"7/11/2015 15:40:47","5","663003164262703104","2","Cuando intentáis razonar con los de VOX en twitter.pic.twitter.com/w6x0RSd4ZZ","twitter.com/Rocigaot/status/663003164262703104"
"6/11/2015 19:50:39","","662703660816859136","","@miguelesquirol porque pretenden que el community manager haga 'catálogos y planos'. Ya me dirás qué plano te hace alguien de marketing.","twitter.com/Rocigaot/status/662703660816859136"
"6/11/2015 19:44:48","2","662702188209250305","","Community manager+diseño gráfico y web +comercial+administrativo,15.000/18.000 bruto/año. #lasendadelarecuperación https://www.infojobs.net/fuenlabrada/community-manager-con-autocad-media-jornada/of-ib7c0176eb1445ab375389fb51f9182 …","twitter.com/Rocigaot/status/662702188209250305"
"6/11/2015 19:10:20","2","662693515206500352","3","Voy a hacer crowdfunding para una tv movie infantil con Támara Falcó y la pandilla LET evitando que Carmena robe la Navidad.","twitter.com/Rocigaot/status/662693515206500352"
"4/11/2015 23:54:55","","662040356104572928","","@laMascota pues igual pruebo un día si consigo que me sobren castañas asadas!","twitter.com/Rocigaot/status/662040356104572928"
"4/11/2015 23:52:32","","662039757686513665","","@laMascota cómo lo hiciste? asaste las castañas, las cociste...?","twitter.com/Rocigaot/status/662039757686513665"
"4/11/2015 1:02:59","1","661695095956250625","","@mvizaguirre 'But ,like Federico (a radio host from Spain) says, you can't fit one more idiot in Spain'.pic.twitter.com/ExztHFESfr","twitter.com/Rocigaot/status/661695095956250625"
"4/11/2015 0:22:45","2","661684970465968128","","El del medio de los Chichos se me ha aparecido en sueñooooooos!pic.twitter.com/sSEUmAiN19","twitter.com/Rocigaot/status/661684970465968128"
"3/11/2015 23:48:29","3","661676349808091137","2","@LumpenPerro @ComandanteVimes @DamagedBrainzs Si tienes anorexia, un plato de lentejas te daba yo. Si tienes obesidad, suelta el tenedor.","twitter.com/Rocigaot/status/661676349808091137"
"3/11/2015 23:46:16","4","661675791844048896","3","@Srta_Angus no fallahttps://vine.co/v/ezMVqK2jTXF ","twitter.com/Rocigaot/status/661675791844048896"
"3/11/2015 23:40:46","1","661674408176652288","1","Los que cada puto año tocaban 'Déjame' de los Secretos en las actuaciones de fin de curso del cole.pic.twitter.com/yAMmi7U2Pf","twitter.com/Rocigaot/status/661674408176652288"
"3/11/2015 23:38:36","5","661673860614475776","1","Cuando hacías una fiesta en el piso de estudiantes y alguno se presentaba con la guitarra como gancho para ligar.pic.twitter.com/L3oQ5UW6JS","twitter.com/Rocigaot/status/661673860614475776"
"3/11/2015 22:20:07","2","661654112103178240","","Ay, están con el capítulo de los Simpson de 'estaban haciendo bebés, y yo vi a los bebés, y uno de los bebés se quedó mirándome'","twitter.com/Rocigaot/status/661654112103178240"
"3/11/2015 14:42:13","1","661538877795147776","","@Marmota_Maligna las de ofertas mierder sí. Las de 'este puesto parece que lo hicieron a medida para mí' te descartan en décimas de segundo.","twitter.com/Rocigaot/status/661538877795147776"
"3/11/2015 14:38:50","","661538022907904000","","@tarta_arandano @PotiPotiInLove yo de todas formas he hecho más al revés:sales, te lías con alguien y si os ha molado pues luego se queda.","twitter.com/Rocigaot/status/661538022907904000"
"3/11/2015 13:20:13","1","661518240921821184","2","@PotiPotiInLove sí, creo que fue ahí donde empecé a aprender en carne ajena lo de las señales de alerta para salir cagando leches.","twitter.com/Rocigaot/status/661518240921821184"
"3/11/2015 13:16:20","2","661517262059397120","","@mjdelrio @zezenzuska esto es un billete sólo de ida para acabar viviendo junto a tu retoño por siempre jamás en el motel Bates.","twitter.com/Rocigaot/status/661517262059397120"
"3/11/2015 13:15:01","1","661516932789719040","2","@PotiPotiInLove viendo cómo fue luego la relación, habría salido ganando de haber echado el polvo y haberlo perdido de vista para siempre.","twitter.com/Rocigaot/status/661516932789719040"
"3/11/2015 13:14:01","2","661516679298555904","2","@PotiPotiInLove y no vuelve a llamarla. Lo que más me mató fue que ella,en vez de mandarlo a pastar,estaba feliz de haber 'pasado la prueba'","twitter.com/Rocigaot/status/661516679298555904"
"3/11/2015 13:12:09","3","661516208265674752","4","@PotiPotiInLove que se alegraba de que se hubiera negado, porque él si una tía folla con él en la primera cita le pierde el respeto (2)","twitter.com/Rocigaot/status/661516208265674752"
"3/11/2015 13:10:57","3","661515908205137920","4","@PotiPotiInLove hace años, una amiga tuvo una cita con un fulano. Él le propuso follar, ella no quiso, y al día siguiente él le soltó(1)","twitter.com/Rocigaot/status/661515908205137920"
"3/11/2015 13:09:06","1","661515442276728832","1","Le vi esto el otro día a la Zezen y había olvidado hacer RT para que os sangraran los ojos como a mí.https://twitter.com/zezenzuska/status/659503644845465600 …Casi se me olvida... Hoy he tenido que ver esto en FB y bueno, quería compartirlo con vosotros. pic.twitter.com/WAQI2CyDVB","twitter.com/Rocigaot/status/661515442276728832"
"3/11/2015 1:36:02","","661341024682381312","","@xoancastro Faltoulle dicir 'a humilde no me gana nadie'.","twitter.com/Rocigaot/status/661341024682381312"
"3/11/2015 0:56:45","1","661331141581012992","","Los que pedían pasta para refundar el periodismo se dedicaron a hacer clickbait en plan Buzzfeed. No os creeréis lo que pasó después.","twitter.com/Rocigaot/status/661331141581012992"
"3/11/2015 0:54:46","","661330640265179136","1","@PotiPotiInLove  ya veo los reportajes:'empezó desde abajo y sobre los lametones de tetas low cost edificó su imperio'.","twitter.com/Rocigaot/status/661330640265179136"
"3/11/2015 0:39:07","1","661326703847989248","","@Facking_Ancho @FlanaganMcPhee @PotiPotiInLove puedes hacer un crowdfunding pa juntar pasta para pagar por los lametones. XD","twitter.com/Rocigaot/status/661326703847989248"
"3/11/2015 0:28:13","1","661323961498738688","1","@Facking_Ancho @PotiPotiInLove pero ahí ya tendría que cobrarte kilometraje, como los cerrajeros.","twitter.com/Rocigaot/status/661323961498738688"
"3/11/2015 0:26:58","","661323644291956736","1","@PotiPotiInLove hazte un Patreon y monetiza las fototetas. Los que pongan pasta (¿@Facking_Ancho?) que sugieran poses, disfraces...","twitter.com/Rocigaot/status/661323644291956736"
"2/11/2015 22:23:15","3","661292510094970880","3","'Mi defecto es que soy muy perfeccionista'.https://twitter.com/LuzSanchis/status/661289347824623617 …'Uno de los errores que cometemos los socialistas es no reconocer las grandes cosas que hemos hecho', dice Sánchez. #amosanda","twitter.com/Rocigaot/status/661292510094970880"
"2/11/2015 21:52:26","2","661284757632851968","","@Marmota_Maligna y antes ha ido el de 'os traigo amor' XD","twitter.com/Rocigaot/status/661284757632851968"
"2/11/2015 20:54:15","1","661270115426635776","","@DavidLombao menos das que se pronunciou 'el Tuister ese', seguro.","twitter.com/Rocigaot/status/661270115426635776"
"2/11/2015 20:26:31","","661263134477451269","","@DePunteirolo a quen? non me soa de nada ese rapaz, debe de ser a primeira que lle fan... :P","twitter.com/Rocigaot/status/661263134477451269"
"2/11/2015 19:44:59","","661252683098136576","","Recordadle a Espe que Pedro Picapiedra y Pablo Mármol tenían los nombres traducidos antes de que diga que ya había España en el Paleolítico.","twitter.com/Rocigaot/status/661252683098136576"
"2/11/2015 19:23:58","1","661247391740358656","","@MargaretCastor Aaaah, los 80!","twitter.com/Rocigaot/status/661247391740358656"
"2/11/2015 16:15:33","1","661199975741788160","","@islatempestad @Srta_Angus @mjdelrio @dramatictone según wikipedia, una gallina engordada a lo bestia que se usa en alta cocina.","twitter.com/Rocigaot/status/661199975741788160"
"2/11/2015 16:10:35","1","661198727693004800","","@Srta_Angus @mjdelrio @dramatictone ay, calla, según qué imágenes mentales después de comer no. :P","twitter.com/Rocigaot/status/661198727693004800"
"2/11/2015 15:58:44","1","661195745480060929","","@mjdelrio @Srta_Angus creo que es porque en la noticia del pisito de Campechano y Corinna en Suiza dice que él era 'adicto a la pularda'","twitter.com/Rocigaot/status/661195745480060929"
"2/11/2015 2:47:26","2","660996606121123840","","@BarbaraMurillo @LauraLunaMun @ComandanteVimes rollo 'o te gustan las cosas consideradas de chicas (todas) o no van contigo para nada'.","twitter.com/Rocigaot/status/660996606121123840"
"2/11/2015 2:42:14","3","660995297292754944","","@BarbaraMurillo @LauraLunaMun @ComandanteVimes y supongo que en parte pensaba que tenías que coger o rechazar todo el pack. (3)","twitter.com/Rocigaot/status/660995297292754944"
"2/11/2015 2:38:22","2","660994323891265537","","@BarbaraMurillo @LauraLunaMun @ComandanteVimes y supongo que hice esa asociación 'cosas de chicas=cosas de gente pija' y rechacé de plano.","twitter.com/Rocigaot/status/660994323891265537"
"2/11/2015 2:36:30","2","660993855463010304","","@BarbaraMurillo @LauraLunaMun @ComandanteVimes yo fue más en la adolescencia,mi clase era sólo de niñas y de pijerío máximo(1)","twitter.com/Rocigaot/status/660993855463010304"
"2/11/2015 1:53:39","6","660983070259064833","1","@LauraLunaMun @ComandanteVimes yo era de las de 'no soy como las otras chicas, soy guay porque no me molan las cosas para tías'.","twitter.com/Rocigaot/status/660983070259064833"
"2/11/2015 1:41:17","1","660979960362979328","","@laMascota yo no los soporto. De hecho es hablar de ellos y pensar en ellos y ya tengo los pelos como escarpias.","twitter.com/Rocigaot/status/660979960362979328"
"2/11/2015 1:26:37","","660976269539090433","","@laMascota yo babosas nunca he tenido,pero te la cambio por los ciempiés que me entran en la habitación en invierno,que me dan un asquete...","twitter.com/Rocigaot/status/660976269539090433"
"2/11/2015 0:08:35","2","660956632680148992","","A ver, que igual en el momento en que apagaron la cámara y desmontaron el tenderete aparecieron los fantasmas, por joder. #CuartoMilenio","twitter.com/Rocigaot/status/660956632680148992"
"2/11/2015 0:00:10","1","660954513638039552","1","@Tawil é a veciña cotilla do misterio.","twitter.com/Rocigaot/status/660954513638039552"
"1/11/2015 23:42:59","1","660950188375281664","2","Un restaurante que tiene su almacén en una casa de muñecas embrujada?Esto da para un #CuartoMilenio meets Pesadilla en la Cocina.","twitter.com/Rocigaot/status/660950188375281664"
"1/11/2015 23:23:12","2","660945210709516288","","@morganaskwlkr una vez vi a Enrique de Vicente describirse a sí mismo como escéptico, no digo más.","twitter.com/Rocigaot/status/660945210709516288"
"1/11/2015 23:07:59","1","660941379158323200","","@Tawil Santa Compaña, a 'Galicia profunda' (sic) e non sei qué duns golpes mentres rodaban nunha capilla.","twitter.com/Rocigaot/status/660941379158323200"
"1/11/2015 22:41:13","5","660934645463273473","","Ay, que van a hablar de la Santa Compaña! Hoy hay un 'los gayegos dan mazo miedo' en toda regla en #CuartoMilenio !  @Tawil","twitter.com/Rocigaot/status/660934645463273473"
"1/11/2015 22:40:17","","660934407700770816","","@morganaskwlkr creo que sí, ha salido en más sitios, aunque supongo que adornarán la historia. Era este.    http://www.bbc.com/mundo/noticias/2013/11/131101_marcos_lobos_salvaje_sierra_morena_lp …","twitter.com/Rocigaot/status/660934407700770816"
"1/11/2015 22:29:19","","660931648226226176","","@morganaskwlkr un señor mayor que de pequeño había vivido con una manada de lobos varios años.","twitter.com/Rocigaot/status/660931648226226176"
"1/11/2015 22:27:50","","660931278481588224","","@morganaskwlkr y que con esto me río mucho, más que otra cosa. Menos el día del señor de los lobos, que vaya llorera a traición.","twitter.com/Rocigaot/status/660931278481588224"
"1/11/2015 22:26:41","1","660930987556229122","","@morganaskwlkr si yo lo estoy viendo más sola que tú, que tú en caso de miedo puedes abrazarte a los gatos!","twitter.com/Rocigaot/status/660930987556229122"
"1/11/2015 22:25:42","","660930738888536065","","@morganaskwlkr ptsé, es un especial día de las Ánimas. Andan Paloma y Carmen por el palacio de Linares con el pendulito a vueltas.","twitter.com/Rocigaot/status/660930738888536065"
"1/11/2015 22:21:18","","660929630967308288","","@morganaskwlkr sí, maja, hoy han empezado prontísimo.","twitter.com/Rocigaot/status/660929630967308288"
"1/11/2015 22:00:48","","660924472904556544","","Raimundita volvió del más allá para atormentar a los cabrones de sus padres por ponerle ese nombre. #CuartoMilenio","twitter.com/Rocigaot/status/660924472904556544"
"1/11/2015 21:57:34","","660923660589486086","","Además, a según qué horas, con unas copas y el maquillaje hecho un cristo debe de ser fácil hacerse pasar por muerta viviente #CuartoMilenio","twitter.com/Rocigaot/status/660923660589486086"
"1/11/2015 21:56:38","","660923423686815744","","Hostia, pues hacerte pasar por muerta de la curva es un truco genial para hacer un simpa al volver en taxi el sábado por la noche.","twitter.com/Rocigaot/status/660923423686815744"
"1/11/2015 21:49:49","","660921711123124225","","Joder, ya ha empezado #CuartoMilenio. No hay quien se aclare con estos bailes de horarios.","twitter.com/Rocigaot/status/660921711123124225"
"1/11/2015 19:33:39","4","660887442321489921","","Los tuiteros de las frasecitas pseudofilosóficas defendiendo las relaciones basadas en el control están pidiendo gulag también.","twitter.com/Rocigaot/status/660887442321489921"
"1/11/2015 13:41:38","1","660798853252292608","","@hematocritico hombre, si la idea es hacer algo terrorífico por Halloween, misión cumplida.","twitter.com/Rocigaot/status/660798853252292608"