"date","fav","id","rt","text","url"
"29/6/2015 16:04:48","237","615521301428600832","355","Cuando tu madre te encasquetaba al sieso de tu primo para salir por ahí porque sois de la misma edad.pic.twitter.com/ew6BuL5Mpe","twitter.com/Rocigaot/status/615521301428600832"
"29/6/2015 15:54:07","25","615518610522546177","42","Cuando íbais a cenar en grupo pero a última hora se rajan todos menos el que te cae mal.pic.twitter.com/U5iU741SNx","twitter.com/Rocigaot/status/615518610522546177"
"29/6/2015 15:50:58","15","615517819111899138","19","Cuando tu acompañante ha vacilado de que los del restaurante son amigos suyos pero os dan la mesa chunga del fondo.pic.twitter.com/0KYyUrrFb8","twitter.com/Rocigaot/status/615517819111899138"
"1/7/2015 0:05:28","","616004653793341440","","@RubenGaldon es como cuando llevaron a Irene Villa a Friker a hablar de visiones premonitorias sabiendo que lo comentamos todos los domingos","twitter.com/Rocigaot/status/616004653793341440"
"1/7/2015 0:03:24","1","616004130918789120","2","Feliz 1939 a todos!","twitter.com/Rocigaot/status/616004130918789120"
"30/6/2015 22:54:30","3","615986794006450176","3","@morganaskwlkr pillar unos chupachups=cabezas clavadas en picas.","twitter.com/Rocigaot/status/615986794006450176"
"30/6/2015 22:50:52","","615985877999853568","","Fanme a min o de cancelar a voda polo civil para facerme casar pola igrexa e aí aparece Rita. #Casamos","twitter.com/Rocigaot/status/615985877999853568"
"30/6/2015 22:43:41","","615984071706046464","","@Marmota_Maligna yo es que mastercuñaos no lo he seguido, vi en diferido lo del León come Gamba y decidí que ya nada iba a superar eso.","twitter.com/Rocigaot/status/615984071706046464"
"30/6/2015 22:41:40","","615983564388204544","","'Como en todas as cousas importantes a decisión de casar foi de Caty e Gonzalo deixouse levar'. Empeza forte #Casamos","twitter.com/Rocigaot/status/615983564388204544"
"30/6/2015 22:14:51","","615976815270699008","","Me pueden entrullar si tuiteo sobre manifas como hacía La Gaceta con el Día del Orgullo? Rollo 'agenda detallada para que evitéis el sitio'?","twitter.com/Rocigaot/status/615976815270699008"
"30/6/2015 22:12:16","","615976163966648320","","¿Si pongo en mi perfil de twitter que estoy en Canarias puedo cagarme en Rajoy y compañía una hora más antes de la Ley Mordaza?","twitter.com/Rocigaot/status/615976163966648320"
"30/6/2015 13:27:30","1","615844103918649344","","@Ronronia es aplicable también a la maternidad. XD","twitter.com/Rocigaot/status/615844103918649344"
"30/6/2015 13:23:31","","615843098560712705","1","@Ronronia matrimonio timo piramidal: acabáis entrando por la presión de todos los amigos y parientes que habían picado antes.","twitter.com/Rocigaot/status/615843098560712705"
"30/6/2015 13:20:44","4","615842401060528128","","Según iba retuiteando a @Ronronia iba viendo en mi cabeza a mis conocidos que encajan en cada modelo de matrimonio XD","twitter.com/Rocigaot/status/615842401060528128"
"30/6/2015 12:36:35","1","615831288411484161","","@RubenGaldon @Xixon_Resiste @Nigridal seguro?mira que por un euro más puedes ponerle una oblea consagrada a tu sundae.","twitter.com/Rocigaot/status/615831288411484161"
"30/6/2015 12:30:47","1","615829828072308736","1","@Xixon_Resiste @RubenGaldon @Nigridal 'mamá, llévame a McDonalds que colecciono las figuras del HappyMeal y me falta Santa Brígida'","twitter.com/Rocigaot/status/615829828072308736"
"30/6/2015 12:29:35","1","615829527848202240","","@vilvoh @RubenGaldon @Nigridal @Xixon_Resiste con el McMenú de bebida te entra agua, refrescos o LA SANGRE DE CRISTO.","twitter.com/Rocigaot/status/615829527848202240"
"30/6/2015 12:28:31","1","615829259676946432","","@RubenGaldon @Xixon_Resiste @Nigridal igual había que hacer un exorcismo porque ese McDonalds está sobre un antiguo cementerio indio :P","twitter.com/Rocigaot/status/615829259676946432"
"30/6/2015 11:20:34","1","615812157989523457","","@RubenGaldon oye, pues yo veo negocio ahí. El Menú McHostia.","twitter.com/Rocigaot/status/615812157989523457"
"30/6/2015 11:09:33","3","615809386225598464","1","@Xixon_Resiste @RubenGaldon 'Tomad y comed todos de este Big Mac porque este es mi cuerpo,que será entregado por vosotros con patatas Deluxe","twitter.com/Rocigaot/status/615809386225598464"
"30/6/2015 11:07:12","","615808793205563392","","@Marmota_Maligna , @laMascota , que vuelven las bodas tróspidas! Leed el anticipo del de esta noche, por diosito. http://www.crtvg.es/crtvg/crtvgviva/unha-voda-chea-de-grandes-emocions-a-de-cati-e-gonzalo-inaugura-unha-nova-temporada-de-casamos …","twitter.com/Rocigaot/status/615808793205563392"
"30/6/2015 10:39:29","1","615801820980457472","","@Tabernita @mjdelrio es que si miras la bandera arcoiris te vuelves gay. Hay que usar gafas especiales, como con los eclipses :P","twitter.com/Rocigaot/status/615801820980457472"
"30/6/2015 2:33:05","1","615679412823060480","","@delocoprimo @laMascota yo si hace calor como mucho la sábana encima. Y suelo acabar sacando una pierna por fuera para regular temperatura","twitter.com/Rocigaot/status/615679412823060480"
"30/6/2015 1:20:19","","615661098855964672","","@subetealanutria @Vanfunfun estarán jodidas de aprobar al salir una sola plaza, pero oye...","twitter.com/Rocigaot/status/615661098855964672"
"30/6/2015 1:18:06","2","615660542368317440","","@subetealanutria @Vanfunfun igual al final le quitan el título a Cristina y convocan oposiciones, o algo.","twitter.com/Rocigaot/status/615660542368317440"
"30/6/2015 1:14:53","","615659733249327104","","@SuraTallulah 'este es tuyo, que los míos me conocen y si les silbo vienen'","twitter.com/Rocigaot/status/615659733249327104"
"30/6/2015 0:43:31","","615651841389555712","","@callaquenoveo tunos contra nazis: sólo uno de los dos grupos puede sobrevivir. Y en cualquier caso la humanidad gana algo.","twitter.com/Rocigaot/status/615651841389555712"
"30/6/2015 0:38:24","","615650550911213568","","@callaquenoveo usas tunos y acabas en La Haya por tortura y crímenes contra la humanidad.","twitter.com/Rocigaot/status/615650550911213568"
"30/6/2015 0:27:47","1","615647880615866368","","@laMascota yo llevo fatal dormir con calor. En un hotel en el que no conseguía bajar la temperatura del climatizador casi me voy a la bañera","twitter.com/Rocigaot/status/615647880615866368"
"30/6/2015 0:23:08","1","615646710916759552","","@laMascota yo llevo sin manta y con pijama corto desde finales de mayo. Si ahora soy doña calores, cuando tenga la menopausia voy a flipar","twitter.com/Rocigaot/status/615646710916759552"
"30/6/2015 0:03:30","1","615641768009314305","","@Srta_Angus @undivaga pues 22º a estas horas para los norteños es un agobio, no te creas. Aunque entiendo tu odio.","twitter.com/Rocigaot/status/615641768009314305"
"29/6/2015 23:42:31","","615636488575975424","","Que yo soy la primera con poca paciencia para niños gritones, pero estáis vosotros para exigir silencio, majos.","twitter.com/Rocigaot/status/615636488575975424"
"29/6/2015 23:41:50","1","615636314973712384","","Espera, que mis vecinos los de los gritos y la música a tope le montaron un pollo a otra vecina porque sus nietos hacen ruido a mediodía.","twitter.com/Rocigaot/status/615636314973712384"
"29/6/2015 17:10:58","1","615537951972458496","","@morganaskwlkr no es mío. Yo tengo aún menos arte dibujando XD","twitter.com/Rocigaot/status/615537951972458496"
"29/6/2015 17:10:15","2","615537770480705536","","@morganaskwlkr el empalador?pic.twitter.com/M8QeWMNWD1","twitter.com/Rocigaot/status/615537770480705536"
"29/6/2015 16:58:25","","615534791681777665","","@Luffink @Naruedyoh eso ya queda a interpretación de cada uno!","twitter.com/Rocigaot/status/615534791681777665"
"29/6/2015 15:57:16","5","615519403761901568","6","Cuando te sientan en la mesa de los descartes en una boda.pic.twitter.com/gH2cWWE11H","twitter.com/Rocigaot/status/615519403761901568"
"29/6/2015 12:51:22","3","615472622156021761","","@laMascota a mí el otro día me vino a saludar el perro de mi anterior vecino. Lo mejor es que reconocí al vecino por el perro, no al revés","twitter.com/Rocigaot/status/615472622156021761"
"29/6/2015 0:43:49","3","615289528878792704","","Pero esa máscara es un lobo o un dragón de los desfiles del año nuevo chino? #CuartoMilenio","twitter.com/Rocigaot/status/615289528878792704"
"29/6/2015 0:42:04","8","615289088032292864","2","-Es tu 7ºhijo varón, hay que llamarle Antonio para que no convierta en hombre lobo
-Antonio?Como el imbécil de mi cuñao? Paso
#CuartoMilenio","twitter.com/Rocigaot/status/615289088032292864"
"29/6/2015 0:34:56","2","615287290630434816","","Hombres lobo extremeños en lo de Friker. Por fin algo que no es coaching ni bichos disecaos!","twitter.com/Rocigaot/status/615287290630434816"
"28/6/2015 23:01:50","","615263861072072705","","Lo del tío con la araña en la oreja de #CuartoMilenio da casi tanta grimica como la foto de Ánsar. Casi.","twitter.com/Rocigaot/status/615263861072072705"
"28/6/2015 22:57:02","4","615262654073032705","","Cuando llegas en ese término medio entre resacoso y aún pedo a una comida familiar.pic.twitter.com/W6Jz1vNrhX","twitter.com/Rocigaot/status/615262654073032705"
"28/6/2015 22:06:50","1","615250021349523456","","@morganaskwlkr yo creo que con mi imagen de avatar y un par de complementos podemos hacerla en cero coma.","twitter.com/Rocigaot/status/615250021349523456"
"28/6/2015 21:14:13","2","615236778950303744","1","@Pozuelen @morganaskwlkr se lo has comprado a una monja robabebés o lo has mangado tú en persona, pasando de intermediarios?","twitter.com/Rocigaot/status/615236778950303744"
"28/6/2015 21:04:37","1","615234361919713280","","@zezenzuska @Pezuniera @sovcolor esto lo compartió hace unos meses un primo mío en FB. Luego que si soy una descastada y paso de la familia.","twitter.com/Rocigaot/status/615234361919713280"
"26/6/2015 15:54:20","","614431502605135872","","@familiasunshine total, puedes pasar el día tumbado en la cama jugando con el iPad, ponerse de pie está sobrevalorado!","twitter.com/Rocigaot/status/614431502605135872"
"26/6/2015 15:51:27","","614430776478797825","","@familiasunshine mira qué joya:195 euros,desde septiembre 245,por 1habitación donde no puedes estar de pie http://www.idealista.com/inmueble/30600379/ …","twitter.com/Rocigaot/status/614430776478797825"
"26/6/2015 15:14:50","1","614421560447905793","","@NewIlluminatus Felicidades!","twitter.com/Rocigaot/status/614421560447905793"
"26/6/2015 13:57:52","1","614402192594837504","","@nebulina yo no sé qué hacer en ninguno de los dos casos, pero probaría a desenchufar y volver a enchufar. Con la lavadora, no con la gente.","twitter.com/Rocigaot/status/614402192594837504"
"26/6/2015 2:59:31","","614236513598091264","","@Tabernita si te consuela, arañas me siguen entrando a cascoporro. Y moscones de estos enormes asquerosos :P","twitter.com/Rocigaot/status/614236513598091264"
"26/6/2015 2:43:26","","614232468259012608","","@Tabernita a mí me dan un asco horrible,este invierno por suerte no fue como el anterior y sólo me entró uno,y en la habitación de invitados","twitter.com/Rocigaot/status/614232468259012608"
"26/6/2015 2:36:33","","614230735537504256","","@Tabernita ayyyy, qué asquete! a mí el invierno pasado me entraron mogollón de estos en casa, y sin vivir en el campo ni ná!","twitter.com/Rocigaot/status/614230735537504256"
"26/6/2015 1:28:39","7","614213645036298240","2","@ComandanteVimes @LauraLunaMun gente que con lo de Excalibur decía 'la que montáis por un puto perro' llorando porque su equipo bajó a 2º XD","twitter.com/Rocigaot/status/614213645036298240"
"26/6/2015 1:20:47","3","614211666675417089","1","@LauraLunaMun @ComandanteVimes  todos gente con la que había discutido antes porque 'es que las feministas os ofendéis y sacáis punta a todo","twitter.com/Rocigaot/status/614211666675417089"
"26/6/2015 1:19:18","3","614211293520732160","1","@LauraLunaMun @ComandanteVimes a mí me desagregaron de FB un par de amigos en el último mundial por reírme de que eliminaran a la Roja (1)","twitter.com/Rocigaot/status/614211293520732160"
"26/6/2015 1:16:51","4","614210676173762560","","Quién había olvidado que tiene endocrino mañana y lleva lo que va de semana comiendo como Arias Cañete fumao? o/","twitter.com/Rocigaot/status/614210676173762560"
"26/6/2015 1:03:24","","614207293371117568","","@familiasunshine juas! en el 1º mío tuvimos que mudarnos en una tarde después de que la casera intentara pegar a una de mis compañeras.","twitter.com/Rocigaot/status/614207293371117568"
"26/6/2015 1:01:02","","614206696727138304","","@familiasunshine por no hablar de mi vecino el chino de intercambio cuya habitación era también una despensa. De armario tenía un aparador.","twitter.com/Rocigaot/status/614206696727138304"
"26/6/2015 0:58:17","1","614206002544689152","","@familiasunshine el 1º piso que fui a ver tenía la despensa convertida en wc. Sin más ventilación que abrir la puerta que daba a la cocina.","twitter.com/Rocigaot/status/614206002544689152"
"26/6/2015 0:55:06","","614205202791534592","","@familiasunshine aunque pa emociones, la época pre-idealista en la que ibas en persona a ver el piso sin saber lo que te ibas a encontrar","twitter.com/Rocigaot/status/614205202791534592"
"26/6/2015 0:49:20","2","614203752871034880","","@familiasunshine soy fan de los 'dúplex' donde el piso de arriba es un altillo donde no cabes de pie y subes por escalerillas tipo litera","twitter.com/Rocigaot/status/614203752871034880"
"26/6/2015 0:28:04","3","614198401467592704","1","@PotiPotiInLove voy a tener que hacer unas prácticas de reciclaje, como cuando me dieron el coche 5años después de sacarme el carnet","twitter.com/Rocigaot/status/614198401467592704"
"26/6/2015 0:24:10","","614197418154958848","","@oneafter909_ moita pena me da que non houbera Twitter nos tempos en que se emitía 'Confianza Ciega'.","twitter.com/Rocigaot/status/614197418154958848"
"26/6/2015 0:19:56","","614196354307522560","","@oneafter909_ si, pero seica o meu TL é pouco de supervivientes. Se tivera ido a Cuarto Milenio sería outra cousa.","twitter.com/Rocigaot/status/614196354307522560"
"26/6/2015 0:17:48","","614195816962633728","","@oneafter909_ gensanta! cómo non me enterei atá agora?","twitter.com/Rocigaot/status/614195816962633728"
"26/6/2015 0:16:05","","614195385687502848","","@oneafter909_ está un de Obús en Supervivientes??","twitter.com/Rocigaot/status/614195385687502848"
"26/6/2015 0:13:10","2","614194650946121728","1","Wert se va a París por amor. Es nuestra Carrie Bradshaw.","twitter.com/Rocigaot/status/614194650946121728"
"25/6/2015 23:58:20","2","614190917122138112","","A ver si Mariano estaba de cañas, se dejó el móvil en la mesa mientras iba al WC y algún amigo cabrón mandó el whatsapp largando a Wert.","twitter.com/Rocigaot/status/614190917122138112"
"25/6/2015 22:08:30","1","614163276562362368","4","@SantaSuki @PotiPotiInLove 'no te deseo mal, pero ojalá vayas a conocer a tu familia política y sean los Punset'","twitter.com/Rocigaot/status/614163276562362368"
"25/6/2015 15:49:23","2","614067867743584256","","@laMascotapic.twitter.com/zav4INXOQX","twitter.com/Rocigaot/status/614067867743584256"
"25/6/2015 14:33:20","","614048731600695296","","@errejoners @Tawil @Cascarelo ni idea, sé que lo repitieron no hace mucho, que el 2ºde cada domingo es siempre repe.","twitter.com/Rocigaot/status/614048731600695296"
"25/6/2015 14:31:58","","614048387894218752","","@Tawil @Cascarelo se agora o PP lle colle manía afórrome mirar se teño algún tuit desa noite que estrague a miña futura carreira política","twitter.com/Rocigaot/status/614048387894218752"
"25/6/2015 14:28:46","","614047583154143232","","@Cascarelo aínda veremos ao PP dicir que Irene Villa tamén é ETA. Ese día si que peta Twitter.","twitter.com/Rocigaot/status/614047583154143232"
"24/6/2015 23:45:36","1","613825325496201217","","@Marmota_Maligna @_Quimi_ yo vi antes el tuit y entendí que era hoy y no mañana. Un chasco...","twitter.com/Rocigaot/status/613825325496201217"
"24/6/2015 20:34:42","2","613777284122714112","","@crow_ley @El__Yayo @Els_quatre_gats ay, sí, que lo hagan. Rollo escuadrón de suicido del Frente del Pueblo Judaico!","twitter.com/Rocigaot/status/613777284122714112"
"24/6/2015 20:21:12","2","613773885566283776","","Que rule, que tenemos que hacer algo. Yo puedo aportar un mechero y 5 ó 10 euros en gasolina.https://twitter.com/El__Yayo/status/613773069207867392 …QUE LO HAGA POR FAVOR: Un pastor de Texas amenaza con prenderse fuego para evitar el matrimonio igualitario -  http://noticias.universogay.com/un-pastor-de-texas-amenaza-con-prenderse-fuego-para-evitar-el-matrimonio-igualitario__23062015.html#.VYr0LVuHg5c.twitter …","twitter.com/Rocigaot/status/613773885566283776"
"24/6/2015 19:45:38","","613764933520637953","1","@PotiPotiInLove luego les votas esperando orgías y viene el chasco y el 'si es que todos son iguales'.","twitter.com/Rocigaot/status/613764933520637953"
"24/6/2015 19:44:07","","613764553319579648","","@mjdelrio a mí me habían metido en una lista de twitteros especialistas en fútbol.","twitter.com/Rocigaot/status/613764553319579648"
"24/6/2015 19:12:18","1","613756548129652736","","@Marmota_Maligna @laMascota aparte de que dicen 20 razones y no dan 20 razones, a menos que 'Compromís los apoya' cuente por 10.","twitter.com/Rocigaot/status/613756548129652736"
"24/6/2015 19:09:57","2","613755955034091521","","@Marmota_Maligna @laMascota como pone 'muy divertido', creo que pretendían hacer humor, con esa tradicional chispa de la derecha.","twitter.com/Rocigaot/status/613755955034091521"
"24/6/2015 13:41:50","2","613673380970135552","3","@zezenzuska @PotiPotiInLove me imagino al médico cuando nació. 'Enhorabuena, señora. Ha tenido usted un tertuliano de 13tv'.","twitter.com/Rocigaot/status/613673380970135552"
"23/6/2015 18:25:21","2","613382343957590016","","Mis amigas las que se rajan cada año el 23 a última hora ya están subiendo los correspondientes vídeos de 'qué guay las hogueritas'.","twitter.com/Rocigaot/status/613382343957590016"
"23/6/2015 16:55:34","2","613359750160478208","","@laMascota busca fotos porno ya hechas y pega tu cara con el paint.","twitter.com/Rocigaot/status/613359750160478208"
"23/6/2015 16:46:48","2","613357541138034689","","@paulxl @crow_ley si tu hijo es demasiado inútil para arriesgarte a colocarlo en tu empresa, endósaselo a otro!","twitter.com/Rocigaot/status/613357541138034689"
"23/6/2015 16:09:18","2","613348107527581696","","@Marmota_Maligna @Xiscally na, esos ven mal meterte cualquier cosa, con aplicador o sin él. XD","twitter.com/Rocigaot/status/613348107527581696"
"23/6/2015 16:03:51","","613346733289025537","","@Marmota_Maligna @Xiscally otra que se pasó a los de sin aplicador. En qué momento nos convencieron de que el aplicador era práctico?","twitter.com/Rocigaot/status/613346733289025537"
"23/6/2015 15:10:56","","613333416109543424","","@oneafter909_ ese capítulo é grandioso todo el. XD","twitter.com/Rocigaot/status/613333416109543424"
"23/6/2015 14:46:52","1","613327361476567040","","@oneafter909_ eu voto por Teipers. https://www.youtube.com/watch?v=csH2jWGyzrs …","twitter.com/Rocigaot/status/613327361476567040"
"23/6/2015 2:35:42","","613143358576398336","","@PotiPotiInLove yo siempre me hago el propósito de reducir mi ingesta de café y mis homicidios, pero no tengo fuerza de voluntad :(","twitter.com/Rocigaot/status/613143358576398336"
"23/6/2015 0:21:02","1","613109468583301120","","@Pozuelen bueno, si por un solo fallito ya descartáis a una persona... :P","twitter.com/Rocigaot/status/613109468583301120"
"23/6/2015 0:18:21","1","613108793006780416","","@Tabernita ''I think their sex life is quite interesting to humans, it's certainly a bit different to how we do it.' NO ME DIGAS.","twitter.com/Rocigaot/status/613108793006780416"
"22/6/2015 13:58:05","1","612952694802771968","","@PotiPotiInLove y te cuadran los horarios de clases/prácticas de forma que sea lo más difícil posible compaginar con un trabajo.","twitter.com/Rocigaot/status/612952694802771968"
"22/6/2015 12:38:58","5","612932784408104960","","@Tawil @errejoners 'García,busca varones blancos de entre 35 y 45 que hayan pasado un ERE de extinción y un contrato mercantil de comercial'","twitter.com/Rocigaot/status/612932784408104960"
"22/6/2015 12:16:00","1","612927006792155136","","@zezenzuska @Pozuelen @quettaheru se ha ganado con creces el premio 'huevos como balones de pilates'","twitter.com/Rocigaot/status/612927006792155136"
"22/6/2015 1:24:41","1","612763096092950528","","@Tawil se un día teño fillos, espero ter o dereito de que lles den as clases en cuartomilenés.","twitter.com/Rocigaot/status/612763096092950528"
"22/6/2015 0:49:49","1","612754320782675969","1","@Tawil mola máis cando é o típico de: 'vi un ser que no sabía lo que era así que le arreé con un palo/disparé un perdigonazo'","twitter.com/Rocigaot/status/612754320782675969"
"22/6/2015 0:28:11","1","612748877687595009","","@missultrasonica desde ahí sin problema, tienes bus, tren y con suerte hasta puedes encontrar algún vuelo baratillo.","twitter.com/Rocigaot/status/612748877687595009"
"22/6/2015 0:23:47","3","612747769124626434","","@PotiPotiInLove no sé cómo haces que siempre pones la misma cara en las fotos!  @anuska_truska","twitter.com/Rocigaot/status/612747769124626434"
"22/6/2015 0:22:37","","612747475653427200","","@missultrasonica según en qué punto de la meseta estés, para  A Coruña y Vigo tendrías bus y tren, ya otra cosa es lo que tardes XD","twitter.com/Rocigaot/status/612747475653427200"
"22/6/2015 0:10:42","1","612744477065744385","","@missultrasonica si quieres zona de playa sin mucho calor ni muy petada, es buena opción!","twitter.com/Rocigaot/status/612744477065744385"
"22/6/2015 0:05:17","","612743114957160448","","@missultrasonica si yo ya digo siempre que me encanta el clima de verano pero entendido como verano de aquí, no el infierno mesetario.","twitter.com/Rocigaot/status/612743114957160448"
"22/6/2015 0:01:36","","612742186187268096","","@missultrasonica aquí eso lo tuvimos hoy por la tarde, creo que ha sido el día de más calor de momento.","twitter.com/Rocigaot/status/612742186187268096"
"21/6/2015 23:12:31","1","612729834222034945","","Que ya ha empezado #CuartoMilenio! Con esto de que cada día empiece a una hora no hay quien se aclare.Qué me he perdido? Bichos?","twitter.com/Rocigaot/status/612729834222034945"
"21/6/2015 15:14:50","4","612609621841326080","","@mjdelrio @PotiPotiInLove de qué test de Facebook se habrá sacado lo del porcentaje de personas tan inteligentes como él? XD","twitter.com/Rocigaot/status/612609621841326080"
"21/6/2015 13:33:03","1","612584009579765760","1","@ComandanteVimes @yattarouze yo esto lo hago también. XD","twitter.com/Rocigaot/status/612584009579765760"
"21/6/2015 13:30:33","","612583378450296832","","@ComandanteVimes @yattarouze @maladeacostarme me has recordado a un amigo profe que en su 1ºdía de clase se metió en el cole que no era","twitter.com/Rocigaot/status/612583378450296832"
"21/6/2015 13:29:32","","612583123096879104","","@ComandanteVimes @maladeacostarme no quiero ser cruel, pero se ve que los polvos de más de 3 minutos son demasiado mainstream y no molan XD","twitter.com/Rocigaot/status/612583123096879104"
"21/6/2015 13:26:00","","612582235313733632","","@ComandanteVimes @maladeacostarme na, creo que ni así. :P","twitter.com/Rocigaot/status/612582235313733632"
"21/6/2015 13:24:15","2","612581794341355520","1","@maladeacostarme @ComandanteVimes y eso que una vez me había tirado a uno de ese grupo, pero oye, ni así.","twitter.com/Rocigaot/status/612581794341355520"
"21/6/2015 13:23:44","","612581662065577985","1","@maladeacostarme @ComandanteVimes del resto de grupitos compuestos por tíos gafapasta vestidos casi igual que había en la sala de conciertos","twitter.com/Rocigaot/status/612581662065577985"
"21/6/2015 13:22:21","","612581316937281536","1","@maladeacostarme @ComandanteVimes mi amiga llegó tarde y yo estuve sola porque fui incapaz de distinguir a sus amigos (a los que conocía) 2","twitter.com/Rocigaot/status/612581316937281536"
"21/6/2015 13:20:05","","612580745866027008","1","@maladeacostarme @ComandanteVimes yo una vez quedé para un concierto con una amiga y los amigos de su novio, que eran todos gafapastas (1)","twitter.com/Rocigaot/status/612580745866027008"
"21/6/2015 13:12:34","3","612578853094060033","1","@ComandanteVimes yo soy igual. Y como alguien se cambie de peinado/color de pelo/gafas o similares, olvídate de que lo reconozca. :P","twitter.com/Rocigaot/status/612578853094060033"
"20/6/2015 22:30:17","","612356821492342786","","@hematocritico Jurassic Park XIII: La subcontrata para gestionar el nuevo parque de dinosaurios se la damos a la empresa de mi cuñado.","twitter.com/Rocigaot/status/612356821492342786"
"20/6/2015 15:22:51","1","612249252476096512","","@Tawil se non podes disfrazar aos nenos nas festas pra qué telos? #Isoéasí","twitter.com/Rocigaot/status/612249252476096512"
"20/6/2015 1:08:01","1","612034128205205504","","@Tawil @laMascota cierto!","twitter.com/Rocigaot/status/612034128205205504"
"20/6/2015 1:05:18","1","612033444634345472","","@SnowFey esto es como comer pipas, empiezas y no puedes parar XD","twitter.com/Rocigaot/status/612033444634345472"
"20/6/2015 1:04:07","3","612033143755927552","1","@laMascota no puede ser peor que los 'estuve de mochilero por India y me cambió la vida'.","twitter.com/Rocigaot/status/612033143755927552"
"20/6/2015 0:59:18","3","612031932457721857","","Sé que el 99% de mis contactos no darán a like porque este núcleo irradiador no es de raza.","twitter.com/Rocigaot/status/612031932457721857"
"20/6/2015 0:51:50","2","612030054378381313","","QUITADME LA CARPETA DE GIFS, POR DIOSITO.","twitter.com/Rocigaot/status/612030054378381313"
"20/6/2015 0:50:14","13","612029653046427649","12","- La hegemonía se mueve en la tensión entre núcleo irradiador y sectores aliados laterales.pic.twitter.com/sOChOhENd7","twitter.com/Rocigaot/status/612029653046427649"
"19/6/2015 23:09:29","","612004298680049664","1","¿Alguien puede confirmar esto?https://twitter.com/_Quimi_/status/612004110095777796 …¿Alguien puede confirmar esto?  https://twitter.com/mediotic/status/612003955493703681 …","twitter.com/Rocigaot/status/612004298680049664"
"19/6/2015 17:13:33","","611914724326944768","","@PotiPotiInLove sí, no podemos negar eternamente nuestra naturaleza EMPRENDEDORA. XD","twitter.com/Rocigaot/status/611914724326944768"
"19/6/2015 17:07:27","","611913187055792128","3","@PotiPotiInLove puedo proponer añadir al catálogo una toalla de playa con foto de LETPokemon y algo como 'bien que disfrutas del sol, rojo'?","twitter.com/Rocigaot/status/611913187055792128"
"19/6/2015 17:03:05","1","611912090505318400","","@missultrasonica somos como patos mareados xDDDD","twitter.com/Rocigaot/status/611912090505318400"
"19/6/2015 16:57:45","1","611910748818673664","","@missultrasonica yo de peque iba corriendo por un prado, metí el pie en un agujero,con la inercia giré casi 360ºsobre mi eje y caí de morros","twitter.com/Rocigaot/status/611910748818673664"
"19/6/2015 16:56:37","3","611910462813392896","","@errejoners @zezenzuska @Tabernita 'Nuestra filosofía es que nadie deje de estudiar por motivos económicos'. 8.000 euracos por curso.","twitter.com/Rocigaot/status/611910462813392896"
"19/6/2015 16:53:55","1","611909781838798848","","@missultrasonica mi especialidad de jóvena era caerme en bares con copas o botellines en la mano y salvar la bebida. Me han aplaudido y todo","twitter.com/Rocigaot/status/611909781838798848"
"19/6/2015 16:51:11","","611909094073610240","","Como veo que @Tabernita y @zezenzuska están preguntando, vamos a traumatizarlas a ellas también. https://twitter.com/errejoners/status/611902471213043712 …","twitter.com/Rocigaot/status/611909094073610240"
"19/6/2015 16:48:35","","611908441041453057","","@errejoners @PotiPotiInLovepic.twitter.com/1jhNUCCY5M","twitter.com/Rocigaot/status/611908441041453057"
"19/6/2015 16:40:18","1","611906354186452992","","@missultrasonica pero como iba disfrazado de médico y llevaba tiritas -de dinosaurios, creo que eran- se curó a sí mismo y siguió de fiesta","twitter.com/Rocigaot/status/611906354186452992"
"19/6/2015 16:39:43","1","611906207775895552","","@missultrasonica me estoy acordando de un amigo que le dio una lipotimia en los carnavales de su pueblo, se cayó y se hizo una brecha. (1)","twitter.com/Rocigaot/status/611906207775895552"
"19/6/2015 16:38:08","1","611905809690324992","","@missultrasonica lo peor es levantarte luego con todo dios mirando, fingir que no te duele el hostión y echarte a andar toda digna XD","twitter.com/Rocigaot/status/611905809690324992"
"19/6/2015 16:35:12","1","611905071098544128","","@missultrasonica (por torpe sí que me he caído un montón de veces, eso sí).","twitter.com/Rocigaot/status/611905071098544128"
"19/6/2015 16:34:37","","611904924906078208","","@missultrasonica uf! a mí con el calor me baja la tensión y voy que me baila el suelo, pero nunca he llegado a caerme en la calle por eso","twitter.com/Rocigaot/status/611904924906078208"
"19/6/2015 1:40:52","2","611680007551909888","","Lo que más me fascina de los productos 'for men' son los de higiene personal.El rollo 'puedes ducharte y seguir siendo un hombre, tranquilo'","twitter.com/Rocigaot/status/611680007551909888"
"19/6/2015 1:26:27","1","611676376068923392","","@missultrasonica te ha dado una lipotimia? Ay,pobre, qué mal rato!","twitter.com/Rocigaot/status/611676376068923392"
"19/6/2015 1:23:30","","611675634784444416","","@missultrasonica ahora no lo aguantaría. Me daría una lipotimia y me caería redonda en la calle, o algo.","twitter.com/Rocigaot/status/611675634784444416"
"19/6/2015 1:20:55","2","611674986156294145","","@missultrasonica y la mía. Aunque el clima veraniego coruñés es menos hostil con las adolescentes acomplejadas que el mesetario. :P","twitter.com/Rocigaot/status/611674986156294145"
"19/6/2015 1:16:31","1","611673878130200576","","@missultrasonica tenía un vestido por las rodillas que puse alguna vez que llegamos a 44º. Pero solía ir con vaqueros. Y pantalones negros","twitter.com/Rocigaot/status/611673878130200576"
"19/6/2015 1:13:59","","611673238922510336","","@missultrasonica el otro día intenté recordar cómo sobrevivía yo en Salamanca cuando no me ponía falda ni pantalón corto ni a 44º.","twitter.com/Rocigaot/status/611673238922510336"
"19/6/2015 0:24:45","2","611660851666382848","1","'Desde la normalidad' de utilizar los derechos contra los que ellos mismos hicieron campaña en su día. Si es que los tienen cuadraos.","twitter.com/Rocigaot/status/611660851666382848"
"18/6/2015 23:33:41","1","611648000545411072","","@PotiPotiInLove pues no sabría decirte. Algo de bloquear a gente o de dar alas a la derecha.","twitter.com/Rocigaot/status/611648000545411072"
"18/6/2015 23:29:03","","611646835053199361","","@PotiPotiInLove podías también hacer una de PacoFutura!","twitter.com/Rocigaot/status/611646835053199361"
"18/6/2015 23:27:20","1","611646399772532736","","Ya se me adelantó @Tawil !  @PotiPotiInLove","twitter.com/Rocigaot/status/611646399772532736"
"18/6/2015 21:12:29","1","611612465915428864","","Cuando deje Moncloa, Rajoy podrá dedicarse plenamente a su vocación de youtuber. #plasmaman","twitter.com/Rocigaot/status/611612465915428864"
"18/6/2015 17:26:33","","611555606462382080","","Si lo deseo muy fuerte, igual una gaviota les roba el móvil a los dos pesaos que están poniendo música para toda la playa.","twitter.com/Rocigaot/status/611555606462382080"
"18/6/2015 16:14:18","2","611537425995796480","2","@Tawil La @Xunta te ha grabado un CD para el coche con canciones que cree que te pueden gustar.","twitter.com/Rocigaot/status/611537425995796480"
"18/6/2015 15:57:42","","611533245658886146","","@missultrasonica @NewIlluminatus siempre es mejor que no haga aire a que haga aire CALIENTE. Eso sí que es la muerte.","twitter.com/Rocigaot/status/611533245658886146"
"18/6/2015 11:59:49","1","611473380269793280","1","@missultrasonica por qué a los bikinis de copa C o más les meten foam y pushup?","twitter.com/Rocigaot/status/611473380269793280"
"18/6/2015 11:03:08","1","611459115416727552","","@Astroboy1971 @SnowFey 365 si es año bisiesto.","twitter.com/Rocigaot/status/611459115416727552"
"18/6/2015 10:52:14","","611456373746999297","","@Pozuelen El Bonico del Tó debería ser la mascota oficial de Twitter.","twitter.com/Rocigaot/status/611456373746999297"
"18/6/2015 10:50:08","26","611455844480380928","28","'Y para cuándo un día del orgullo hetero?'pic.twitter.com/CWdVGhKQog","twitter.com/Rocigaot/status/611455844480380928"
"18/6/2015 1:55:42","","611321351622815744","","@PotiPotiInLove @Pezuniera @ComandanteVimes quería probar a hacerlos en tempura. Para mojar en salsa de soja,a ver qué tal maridan.","twitter.com/Rocigaot/status/611321351622815744"
"18/6/2015 1:39:54","","611317374529216512","","@Pezuniera @ComandanteVimes @PotiPotiInLove yo llevo una temporada sin tomarlos, pero a la mierda la operación bikini, mañana me frío un par","twitter.com/Rocigaot/status/611317374529216512"
"18/6/2015 1:38:05","2","611316919363354625","","@Pezuniera @ComandanteVimes @PotiPotiInLove picnic feminazi? llevasteis fetos en una fiambrera? :D","twitter.com/Rocigaot/status/611316919363354625"
"18/6/2015 0:05:37","3","611293647074664448","1","Espero que entre los tuits que borró Carmona no esté el de su foto homenaje a Flashdance.pic.twitter.com/gqWoFMiVGF","twitter.com/Rocigaot/status/611293647074664448"
"17/6/2015 15:18:28","3","611160985961918464","1","@ComandanteVimes 6 años y aún no va a clase de chino ni a talleres de iniciación al emprendimiento? Se va a quedar atrás, eh? #redrum","twitter.com/Rocigaot/status/611160985961918464"
"17/6/2015 1:35:07","","610953781853974528","","@PotiPotiInLove ay, el chispeante humor de derechas!","twitter.com/Rocigaot/status/610953781853974528"
"17/6/2015 1:00:49","3","610945149900836864","","Ahora para La Gaceta ser filonazi es algo malo? Yo con estos cambios locos de línea editorial me pierdo.","twitter.com/Rocigaot/status/610945149900836864"
"17/6/2015 0:21:52","1","610935351054626816","","@Tabernita @MargaretCastor la mía usa las dos también!","twitter.com/Rocigaot/status/610935351054626816"
"16/6/2015 23:52:11","","610927877824102400","","@zezenzuska yo por suerte a la mayoría ni los veía. La última vivía en Madrid, la vi dos veces en cinco años que estuve en el piso.","twitter.com/Rocigaot/status/610927877824102400"
"16/6/2015 23:49:42","","610927253267066880","","@zezenzuska vaya cuadro! Yo quitando la 1ªcasera, que intentó pegar a una de mis compañeras de piso, los he tenido todos más bien normales","twitter.com/Rocigaot/status/610927253267066880"
"16/6/2015 23:44:27","1","610925930752671746","","@zezenzuska tienes un casero modelo Antonio Recio?","twitter.com/Rocigaot/status/610925930752671746"
"16/6/2015 11:18:37","","610738238454693888","","@laMascota YISUS.","twitter.com/Rocigaot/status/610738238454693888"
"16/6/2015 11:16:38","","610737740213276672","","@laMascota espera. NO ES UNA PÁGINA DE PARODIA??","twitter.com/Rocigaot/status/610737740213276672"
"15/6/2015 23:33:04","2","610560681998422016","1","@ComandanteVimes @SuraTallulah  tiene un chisme de estos dándole al botón de block todo el rato.pic.twitter.com/mvBNPbF3Gc","twitter.com/Rocigaot/status/610560681998422016"
"15/6/2015 23:06:18","2","610553944109150208","","@SuraTallulah @ComandanteVimes yo creía que lo tenía bloqueado y no.Creo que es que lo confundo con Telecuñao, me pasa como con Andy y Lucas","twitter.com/Rocigaot/status/610553944109150208"
"15/6/2015 20:58:58","","610521899060330498","","Si domas tigres y la peña suele llamarte 'ejecutivodecuentasjunior', ya sabes. #señorllévameprontopic.twitter.com/hmWexjjaGR","twitter.com/Rocigaot/status/610521899060330498"
"15/6/2015 16:54:38","1","610460412887363586","","@PotiPotiInLove No hiciste la foto sujetando la torre de Pisa? O coceándola?","twitter.com/Rocigaot/status/610460412887363586"
"15/6/2015 16:00:03","1","610446675098882048","","@LatveriasDoom esto va a ser peor que la primera legislatura de ZP.","twitter.com/Rocigaot/status/610446675098882048"
"15/6/2015 15:15:14","1","610435397466869760","","@oneafter909_ @DavidLombao el primer tuiter te lo dan gratis para que te enganches, luego ya te lo cobran.","twitter.com/Rocigaot/status/610435397466869760"
"15/6/2015 15:08:50","","610433786233389056","","Totalmente de acuerdo. Habría sido adecuado, por ejemplo, para hablar de Carrero Blanco.  https://twitter.com/MtroYupa/status/610433585653379072 …","twitter.com/Rocigaot/status/610433786233389056"
"15/6/2015 14:57:16","2","610430872869801984","","Si creéis que podrían hacerme dimitir por burradas de mis tuits deberíais ver mi whatsapp y mis chats privados del facebook.","twitter.com/Rocigaot/status/610430872869801984"
"15/6/2015 14:48:33","","610428681270464512","1","@oneafter909_ va de cínico twittero pero en 2007 subió a FB una foto de sus pies en la playa con un 'aquí, sufriendo'. DIMISIÓN YA.","twitter.com/Rocigaot/status/610428681270464512"
"15/6/2015 14:43:21","","610427371024449536","","@ComandanteVimes si ahora reírte de los aspirantes a premio Darwin también te hace no apto para la política ya no tengo posibilidad alguna.","twitter.com/Rocigaot/status/610427371024449536"
"15/6/2015 0:47:12","2","610216946907389952","","@Tawil lembroume á Courtney Love de Muchachada Nui:'al principio las ignoraba,hija,pero si esas voces me dicen cosas tendré que obedecerlas'","twitter.com/Rocigaot/status/610216946907389952"
"15/6/2015 0:45:46","2","610216587979825152","","@Facking_Ancho @laMascota @netcaterpila yo me río en alto con tuiter muchas veces. Mis vecinos,que saben que vivo sola, deben de flipar.","twitter.com/Rocigaot/status/610216587979825152"
"15/6/2015 0:42:33","2","610215776671375360","","@Facking_Ancho @netcaterpila 'mierda, que va ganando @laMascota , tengo que hacer un chiste de matar gatitos víctimas de ETA o no remonto'","twitter.com/Rocigaot/status/610215776671375360"
"15/6/2015 0:39:44","4","610215068836458496","","@netcaterpila @Facking_Ancho @laMascota formamos todos un partido para ver a quién le sacan mierda antes?","twitter.com/Rocigaot/status/610215068836458496"
"15/6/2015 0:33:06","1","610213400833093632","","@Manolit84 @Tabernita y los originales que pasan de vals y hacen el baile de pulp fiction? Estamos en los 90,mi máquina del tiempo funciona!","twitter.com/Rocigaot/status/610213400833093632"
"15/6/2015 0:31:06","","610212898439303171","","@Tawil isto non o levanta nin De Vidente posto de peyote con gorro de papel de aluminio falando de reptilianos.","twitter.com/Rocigaot/status/610212898439303171"
"15/6/2015 0:29:46","1","610212561242468352","","@Manolit84 @Tabernita 8) si vais a hacer lo de abrir el baile con un vals, no elegir la horterada del vals de las mariposas.","twitter.com/Rocigaot/status/610212561242468352"
"15/6/2015 0:26:11","1","610211660444377088","","@Tabernita @Manolit84 más horrores de bodas: novias que entran en la iglesia cantando 'Hasta mi final'. The horror, the horror.","twitter.com/Rocigaot/status/610211660444377088"
"15/6/2015 0:23:56","1","610211094142025728","","@Tabernita @Manolit84 no lo presencié, pero mi ex siempre me hacía la coña de 'si un día nos casamos, este nos manda a la tuna'.","twitter.com/Rocigaot/status/610211094142025728"
"15/6/2015 0:23:38","1","610211018908803073","","@Tabernita @Manolit84 los mariachis fue en la de la hija de la mejor amiga de mi madre.Lo de la tuna se lo hizo 1amigo de mi ex a su hermana","twitter.com/Rocigaot/status/610211018908803073"
"15/6/2015 0:21:45","1","610210542372962304","","@laMascota @Pozuelen sí, eso intento explicar, pero que si al menos cotizas, mimimi, que si harás contactos, mimimimi","twitter.com/Rocigaot/status/610210542372962304"
"15/6/2015 0:20:56","","610210338408112128","","@Tabernita @Manolit84 yo he visto muchos horrores. Y eso que me he escaqueado del 80%de bodas a las que me han invitado.","twitter.com/Rocigaot/status/610210338408112128"
"15/6/2015 0:20:14","1","610210160888414209","1","@Manolit84 @Tabernita 6) Enviar a mariachis o a la tuna es motivo de expulsión inmediata de la boda y de ruptura definitiva de la amistad","twitter.com/Rocigaot/status/610210160888414209"
"15/6/2015 0:19:22","1","610209942730092544","1","@Manolit84 @Tabernita 6)Si algún amigo os va a preparar algo para leer, prohibidos Bucay y Coelho.","twitter.com/Rocigaot/status/610209942730092544"
"15/6/2015 0:18:36","2","610209752732332032","1","@Manolit84 @Tabernita 5) No meter montaje de 1/2hora de fotos de los novios desde niños con música lacrimógena en la ceremonia.","twitter.com/Rocigaot/status/610209752732332032"
"15/6/2015 0:16:04","3","610209112060784640","1","@Pozuelen y luego me dicen que por qué no mando CV a ofertas de media jornada en Madrid, que mejor eso que estar en paro.","twitter.com/Rocigaot/status/610209112060784640"
"15/6/2015 0:15:28","","610208963179741188","1","@Pozuelen yo veo a veces a amigos que viven en Madrid buscando compi de piso,con habitaciones que valen lo que pagaba yo por mi piso entero","twitter.com/Rocigaot/status/610208963179741188"
"14/6/2015 23:24:51","4","610196224633892864","","@Tawil últimamente é case o único misterio, entre bichos dignos de @CrapTaxidermy e formación do espírito emprendedor.","twitter.com/Rocigaot/status/610196224633892864"
"14/6/2015 23:21:50","","610195464013672448","","@Tawil xa empezou? cada día empeza a unha hora!","twitter.com/Rocigaot/status/610195464013672448"
"14/6/2015 23:21:04","","610195272895975424","","@Facking_Ancho conste que a mí eso me pasa con mucha comida basura. Puedo estar un año sin probar un kebab, y un día me da el ansia.","twitter.com/Rocigaot/status/610195272895975424"
"14/6/2015 23:17:29","1","610194368989892608","","@Facking_Ancho a mi amigo ya le dije que mejor no le diga na, o le toca menú único de pollo endrogao, ni pulpo, ni churrasco ni na.","twitter.com/Rocigaot/status/610194368989892608"
"14/6/2015 23:16:42","1","610194172075765760","","@Facking_Ancho y se medio picó porque pensó que le mentíamos para no llevarle. Verás cuando vuelvan y se entere de que ahora ya lo hay.","twitter.com/Rocigaot/status/610194172075765760"
"14/6/2015 23:15:02","1","610193754717298688","","@Facking_Ancho el año pasado vino a verme un amigo con su novio y este venía ilusionadísimo porque creía que había KFC. Le dije que no(1)","twitter.com/Rocigaot/status/610193754717298688"
"14/6/2015 23:11:59","2","610192985045778432","","@Facking_Ancho tendré que ir un día a probar el pollo ese a ver por qué tanta gente tiene obsesión con él, que ya parece el tomaco.","twitter.com/Rocigaot/status/610192985045778432"
"14/6/2015 22:49:54","1","610187428490575872","","@Srta_Angus yo soy baja y muchas veces me han dicho que tengo que casarme con uno alto 'para mejorar la raza'.","twitter.com/Rocigaot/status/610187428490575872"
"14/6/2015 16:57:56","2","610098853505822721","","@shakesphobic @Facking_Ancho @Tawil e se estou de exames,podo apartar ao aforcado coma quen corre a cortiña pra pasar e non procesalo.","twitter.com/Rocigaot/status/610098853505822721"
"14/6/2015 15:33:39","","610077644458184705","","@MtroYupa yo en mis inicios tuiteros seguía a Risto y a Quequé. No soy quién para juzgar a nadie.","twitter.com/Rocigaot/status/610077644458184705"
"14/6/2015 15:32:57","5","610077467102023680","","Temo entrar en política y que se descubra que en mis inicios en FB puse cosas como 'con los amigos de cañitas'.","twitter.com/Rocigaot/status/610077467102023680"
"14/6/2015 15:29:38","3","610076633316220928","","Para una vez que se me escapa un 'fuistes' -cosa rara porque me ponen de los nervios-me pilla la policía ortográficahttps://twitter.com/Tu_amiga_la_RAE/status/610061895387774976 …@Rocigaot FUISTE, no fuistes! De nada","twitter.com/Rocigaot/status/610076633316220928"
"14/6/2015 14:20:29","1","610059228800253952","","@Tabernita @Vanfunfun esguinces, moratones... Fuistes a una boda o a pressing catch?","twitter.com/Rocigaot/status/610059228800253952"
"14/6/2015 12:52:47","","610037158347427840","","@Vanfunfun @Tabernita Coma etílico? Intoxicación por marisco en mal estado? Invitados borrachos liándose a hostias?","twitter.com/Rocigaot/status/610037158347427840"
"14/6/2015 12:19:34","2","610028801469325312","","@Facking_Ancho @Tawil a min o de non ver ao aforcado podíame pasar perfectamente se non tomei café.","twitter.com/Rocigaot/status/610028801469325312"
"14/6/2015 1:46:15","","609869419788042240","","Pues ya están los de abajo de bronca otra vez. Han batido un record, hacía como semana y media que no les oía.","twitter.com/Rocigaot/status/609869419788042240"
"13/6/2015 22:44:30","1","609823680638648321","","@El__Yayo y lo imprime en un folio A4.","twitter.com/Rocigaot/status/609823680638648321"
"13/6/2015 22:43:43","4","609823484181614592","1","Menos mal que pienso tomar el poder por las armas a lo Andritxol, o igual mis tuits de gulags para coaches me impedían llegar a lideresa.","twitter.com/Rocigaot/status/609823484181614592"
"13/6/2015 22:28:28","1","609819647353987073","","@ComandanteVimes @nebulina tengo que repasar qué tengo por ahí de cuando fue a que la entrevistara Friker, por si un día entro en política.","twitter.com/Rocigaot/status/609819647353987073"
"13/6/2015 22:25:00","1","609818773013536768","","@SoniniSumode yo pillé uno como de mimbre que tiene forma de cabeza de gato. Porque lo rebajaron,que el precio original lo iba a pagar Rita","twitter.com/Rocigaot/status/609818773013536768"
"13/6/2015 22:20:29","1","609817639066685440","","@SoniniSumode Es el que tienen en Blanco además del de piña? porque me hace ojitos, a ver si en rebajas aún sigue!","twitter.com/Rocigaot/status/609817639066685440"
"13/6/2015 22:08:25","2","609814601895686144","","@SoniniSumode muy guapa! pero tendrías que haber llevado el piñabolso!","twitter.com/Rocigaot/status/609814601895686144"
"13/6/2015 20:45:46","1","609793803575271424","1","@JessicaFillol @NewIlluminatus en serio,tengo varios flipaos del coaching, uno de NNGG amigo de Carromero y varios de Cuñadanos.","twitter.com/Rocigaot/status/609793803575271424"
"13/6/2015 20:42:55","4","609793085560766464","1","@JessicaFillol @NewIlluminatus como el Tinder me proponga ligues basándose en gente de mi FB podría salir de ahí revirginizada.","twitter.com/Rocigaot/status/609793085560766464"
"13/6/2015 20:07:42","","609784223529046016","","Ea, ea, ya pasó. Lo bueno cuando se pillan estos berrinches es que luego duermen como angelitos.https://twitter.com/marianorajoy/status/609764939427880960 …Enhorabuena a los concejales del @PPopular. Mi apoyo a los que aun ganando no han podido ser alcaldes por pactos excéntricos y sectarios. MR","twitter.com/Rocigaot/status/609784223529046016"
"13/6/2015 19:23:51","","609773185798676480","","Al final me he puesto a escribir chorradas en twitter y ni he ido a la biblio,ni he destruido la civilización occidental, ni na.","twitter.com/Rocigaot/status/609773185798676480"
"13/6/2015 18:11:38","","609755014123360256","","@ComandanteVimes si él ya es así de listo menos mal que al final no llegó a consumar con su hermana. Las lumbreras que saldrían de ahí.","twitter.com/Rocigaot/status/609755014123360256"
"13/6/2015 17:40:35","1","609747200797708288","","@adiplotti me he acordado de este temazo :D  https://www.youtube.com/watch?v=eU97SKDX3os …","twitter.com/Rocigaot/status/609747200797708288"
"13/6/2015 17:19:07","3","609741798064410624","4","Joder, qué despiste. Pues no hemos olvidado enganchar el móvil al palo de selfies?pic.twitter.com/Z4erWknyAf","twitter.com/Rocigaot/status/609741798064410624"
"13/6/2015 16:45:09","3","609733249426948096","1","@shakesphobic supoño que pode traducirse por 'coqueto estudio ideal singles', que tamén significa 'podes cagar mentres fríes as croquetas'","twitter.com/Rocigaot/status/609733249426948096"
"13/6/2015 16:17:07","2","609726193559052288","","@Facking_Ancho el mío era piscina y biblioteca, y aquí estoy, haciendo memes de alcaldes.","twitter.com/Rocigaot/status/609726193559052288"
"13/6/2015 16:01:23","2","609722233666338816","2","No se la ve muy 'relaxing', no...https://twitter.com/a_lo_gonzo/status/609721753456254978 …Y el odio se hizo carne pic.twitter.com/wYNev43ool","twitter.com/Rocigaot/status/609722233666338816"
"13/6/2015 15:55:54","11","609720853408927744","9","Monty Python's Flying Gasteizpic.twitter.com/YXqeKpCr7D","twitter.com/Rocigaot/status/609720853408927744"
"13/6/2015 15:15:59","14","609710808239636480","7","Cuando tu amiga ha ligado y te deja sola en el bar.pic.twitter.com/QiroGtw7xA","twitter.com/Rocigaot/status/609710808239636480"
"13/6/2015 13:47:23","6","609688512372305920","6","Igual ya está hecho, pero no he podido evitarlo.pic.twitter.com/SwymreY4uw","twitter.com/Rocigaot/status/609688512372305920"
"13/6/2015 12:46:02","1","609673072094916608","","@echeoqhai Por el poder de Greyskull!","twitter.com/Rocigaot/status/609673072094916608"
"13/6/2015 12:08:12","1","609663552903905280","","@uxialopez y pensar que con ZP quería trabajar todo el mundo y por culpa de él no podía. Y llega el PP y hala, todo el mundo se vuelve vago.","twitter.com/Rocigaot/status/609663552903905280"
"13/6/2015 3:03:59","1","609526596047872000","","@SuraTallulah les cuesta entender que si trabajas aspiras a ganar dinero con ello. Si la idea es gastar tú la pasta, anda que no hay hobbies","twitter.com/Rocigaot/status/609526596047872000"
"13/6/2015 2:51:16","1","609523396087517186","","@SuraTallulah deben de pensar que la gente tiene el superpoder de la teletransportación.","twitter.com/Rocigaot/status/609523396087517186"
"13/6/2015 2:06:33","11","609512142119784448","13","En serio, si ni la gente que acepta los timos de comercial falso autónomo a puerta fría quiere trabajar para ti,igual eres tú el problema.","twitter.com/Rocigaot/status/609512142119784448"
"13/6/2015 2:01:15","12","609510807404171264","15","'Es que la gente si no es al lado de casa no quiere el trabajo'. Igual es que descontado desplazamiento y comidas no le queda ni pa pipas.","twitter.com/Rocigaot/status/609510807404171264"
"13/6/2015 1:59:05","8","609510263839174656","16","Efectivamente, la gente no quiere currar. Quiere ganarse la vida. Si lo que le ofreces no le da para vivir, no van a ir para verte el careto","twitter.com/Rocigaot/status/609510263839174656"
"13/6/2015 1:58:30","3","609510117969633280","7","Me ha salido en el muro de fb noséquién a quien comentó un amigo quejándose de que no encuentra personal porque 'la gente no quiere currar'","twitter.com/Rocigaot/status/609510117969633280"
"13/6/2015 1:17:26","1","609499782722228224","","@Tabernita mi madre usa el argumento de 'todas mis amigas tienen nietos menos yo'. Contraataco con 'y si tus amigas se tiran de 1puente...?'","twitter.com/Rocigaot/status/609499782722228224"
"12/6/2015 22:57:24","1","609464542846943232","","@zezenzuska boda temática 'coalición de perdedores'. Quiero ver eso en Divinity. O en 'Casamos',pero os lo perderéis los no gallegos.","twitter.com/Rocigaot/status/609464542846943232"
"12/6/2015 22:22:49","","609455839762583552","","@zezenzuska ay, ahora que veo la foto creo que ya te la había visto alguna vez. O a ti o a algún otro tuitero Boblieber.","twitter.com/Rocigaot/status/609455839762583552"
"12/6/2015 22:14:32","","609453754195312641","","@zezenzuska la tostadora te saca las tostadas con un Bob churruscao? o sólo trae el dibujo por fuera?","twitter.com/Rocigaot/status/609453754195312641"
"12/6/2015 22:10:18","1","609452689194414081","","@zezenzuska yo de Bob sólo una taza y un pantalón de pijama. Pero es que lo mío con las tazas es un problema como el de los búhos.","twitter.com/Rocigaot/status/609452689194414081"
"12/6/2015 22:02:54","2","609450824847228928","","@Tawil @Cascarelo igual xurdiu na típica sobremesa de 'os maiores beben de máis e bromean ca súa vida sexual' e a miña memoria bloqueouno","twitter.com/Rocigaot/status/609450824847228928"
"12/6/2015 22:00:01","","609450101556289536","","@Cascarelo @Tawil pode ser iso tamén, si.","twitter.com/Rocigaot/status/609450101556289536"
"12/6/2015 21:57:56","1","609449576509140992","","@Tawil non, creo que é a primeira vez que o escoito. :O","twitter.com/Rocigaot/status/609449576509140992"
"12/6/2015 21:51:55","","609448060737994752","","@_Quimi_ @SoniniSumode me suena pero creo que nunca he entrado. Y mejor seguir así, que no está mi economía para compras compulsivas :P","twitter.com/Rocigaot/status/609448060737994752"
"12/6/2015 21:49:51","1","609447539604107264","","@SoniniSumode yo de gatos alguna cosilla tengo también, pero lo de los búhos es demasiao.","twitter.com/Rocigaot/status/609447539604107264"
"12/6/2015 21:49:11","","609447373102837760","","@Srta_Angus me encanta! yo de estos tengo un cerdo y una tortuga (que está conectada a la radio del coche y parece que se ha estampao ahí)","twitter.com/Rocigaot/status/609447373102837760"
"12/6/2015 21:46:50","2","609446783891193856","","@Tawil de momento non teño ningún xoguete sexual con forma de moucho, se ía por ahí a túa idea. Pero acepto regalos.","twitter.com/Rocigaot/status/609446783891193856"
"12/6/2015 21:40:38","5","609445221114474498","1","Me he dado cuenta de que mi nuevo pantalón de pijama de búhos hace juego con mi taza de búhos. Y de que tengo demasiadas cosas con búhos.","twitter.com/Rocigaot/status/609445221114474498"
"12/6/2015 21:27:31","1","609441919358357504","1","@undivaga alguno tendrá la foto del niño como perfil de whatsapp? por decirles que ya puestos la gente también se puede pajear con eso.","twitter.com/Rocigaot/status/609441919358357504"
"12/6/2015 15:58:10","","609359039403831296","","@oneafter909_ estiven a rir de Vargas-Preysler no twitter e agora non chego á piscina antes de que a invadan os nenos.:P","twitter.com/Rocigaot/status/609359039403831296"
"12/6/2015 15:20:22","1","609349522746175489","","@anycka7 @zezenzuska también es temporada de bodas. Mi guilty pleasure es cotillear fotos de gente que me cae mal vestida a lo Flos Mariae","twitter.com/Rocigaot/status/609349522746175489"
"12/6/2015 15:17:10","2","609348719922778112","2","@zezenzuska por fin! echaba de menos ver fotos de pies de gente a la que no veo en persona desde 2001!","twitter.com/Rocigaot/status/609348719922778112"
"12/6/2015 15:16:13","2","609348481476624384","2","@oneafter909_ imaxinas que agora confesan que Vargas Llosa escribiu para Enrique a letra de 'hay calor en la ciudad/hay calor en la bahía'?","twitter.com/Rocigaot/status/609348481476624384"
"12/6/2015 14:44:44","1","609340555525554176","2","@JessicaFillol @ComandanteVimes habrá telemaratón para recaudar fondos para los afectados por la catástrofe? #savegolfistas #stopgranizo","twitter.com/Rocigaot/status/609340555525554176"
"12/6/2015 13:39:16","2","609324081033428992","","Froilán prometiéndole a Cristina devolverle el título si se une a su conspiración para derrocar a Preparao y reclamar su derecho sucesorio.","twitter.com/Rocigaot/status/609324081033428992"
"11/6/2015 22:08:32","2","609089856883539968","","@Tawilpic.twitter.com/eQaxIzR04G","twitter.com/Rocigaot/status/609089856883539968"
"11/6/2015 13:41:56","2","608962366697566208","","Los botellones en piso de estudiantes contarán como experiencia para esto?pic.twitter.com/I1OFbYgxm6","twitter.com/Rocigaot/status/608962366697566208"
"11/6/2015 13:09:58","","608954319925325824","1","@ComandanteVimes es época de pactos, igual eso es lo que le han ofrecido. :P","twitter.com/Rocigaot/status/608954319925325824"
"11/6/2015 12:41:04","1","608947046226231296","","@Srta_Angus fue una buena cosecha XD","twitter.com/Rocigaot/status/608947046226231296"
"11/6/2015 12:35:30","","608945647727878144","","@Srta_Angus qué va, cosecha del 79.","twitter.com/Rocigaot/status/608945647727878144"
"11/6/2015 12:11:38","1","608939638632386560","","@Srta_Angus casi igual que las monjas que me dieron mate a mí de 6º a 2º de BUP, oye.","twitter.com/Rocigaot/status/608939638632386560"
"10/6/2015 23:58:30","1","608755142888972290","","Buscando otra cosa he encontrado unas sandalias que compré hace años y que siguen sin estrenar porque me da miedo caerme de ellas y matarme","twitter.com/Rocigaot/status/608755142888972290"
"10/6/2015 21:25:08","","608716547176189952","","@SantaSuki pero llevaba la cabeza de caballo puesta? @PotiPotiInLove","twitter.com/Rocigaot/status/608716547176189952"
"10/6/2015 21:18:08","1","608714785463635968","","@laMascota @familiasunshine ahí ves a mi madre, intentando correr prado abajo con el vestido y los tacones. Un cuadro.","twitter.com/Rocigaot/status/608714785463635968"
"10/6/2015 21:16:04","","608714264782745602","","@laMascota @familiasunshine mi madre, que no contaba con aquello, iba en minivestido y sandalias de tacón, y a esto que se nos escapa una(3)","twitter.com/Rocigaot/status/608714264782745602"
"10/6/2015 21:14:17","","608713814192861184","","@laMascota @familiasunshine necesitaban algo, y nos pidieron que sacáramos las vacas mi madre y yo,para poder ir al hospital (2)","twitter.com/Rocigaot/status/608713814192861184"
"10/6/2015 21:13:30","","608713619254210560","","@laMascota @familiasunshine el mejor día fue una vez que estaba mi prima recién operada con apendicitis y fuimos a ver a mis tíos por si (1)","twitter.com/Rocigaot/status/608713619254210560"
"10/6/2015 21:12:08","","608713273836511232","","@laMascota @familiasunshine pero tenían la ordeñadora automática, así que nunca aprendí a ordeñar manualmente.","twitter.com/Rocigaot/status/608713273836511232"
"10/6/2015 21:11:32","1","608713124745719808","","@laMascota @familiasunshine yo es que pasaba el verano en casa de mis tíos que tenían vacas, y tocaba sacarlas todos los días.","twitter.com/Rocigaot/status/608713124745719808"
"10/6/2015 21:07:57","1","608712220327993346","","@laMascota @familiasunshine exagero, no se la comieron entera, sólo un trocito de la zona de la muñeca.","twitter.com/Rocigaot/status/608712220327993346"
"10/6/2015 21:07:36","3","608712132394369024","","@laMascota @familiasunshine yo las he visto embestirse entre ellas, pero a mí lo más que me hicieron fue comerme la manga de un chándal :P","twitter.com/Rocigaot/status/608712132394369024"
"10/6/2015 21:02:55","","608710953153236992","","@familiasunshine ALGO HARÍAN.","twitter.com/Rocigaot/status/608710953153236992"
"10/6/2015 12:28:57","1","608581611953750016","","@Srta_Angus no falla, se les invoca al usar palabros de social marketing. Es como lo de decir Candyman ante el espejo. :P","twitter.com/Rocigaot/status/608581611953750016"
"9/6/2015 22:45:52","3","608374476422705153","1","@PotiPotiInLove te pasa como a mí con las chapas políticas del NNGG de mi facebook. Es como la gente que aminora para ver los accidentes.","twitter.com/Rocigaot/status/608374476422705153"
"9/6/2015 22:37:24","","608372343124193280","","@morganaskwlkr me encantan tus gatos. Quiero uno así para acariciar mientras tramo planes maléficos.","twitter.com/Rocigaot/status/608372343124193280"
"9/6/2015 21:58:14","3","608362486606274562","","@PotiPotiInLove @SuraTallulah @Srta_Angus @SantaSuki yo estoy probando a golpear con mi dedo en la mesa y no me suena igual. AHÍ LO DEJO.","twitter.com/Rocigaot/status/608362486606274562"
"9/6/2015 21:51:15","3","608360728953815041","","@PotiPotiInLove @SuraTallulah @rosinmas @Srta_Angus @SantaSuki sonará más o menos como cuando das con un trapo para matar una araña, no?","twitter.com/Rocigaot/status/608360728953815041"
"9/6/2015 19:27:04","","608324446202511361","","@_Quimi_ yo ahí estoy de parte de #BichoBola, que cuando tengo calor, que no se me acerquen.","twitter.com/Rocigaot/status/608324446202511361"
"9/6/2015 16:33:00","","608280638957993984","1","@Tabernita Esto.https://twitter.com/Intereconomia/status/608264861781344258 …Ya es oficial: Podemos prefiere las alianzas con bildutarras http://bit.ly/1eXYdY8  pic.twitter.com/Bw6gC8pCJA","twitter.com/Rocigaot/status/608280638957993984"
"9/6/2015 16:29:06","1","608279656345837568","","@Srta_Angus 
cuando tenga un rato voy a hacer la canción del falso autónomo con el 'on my own' de Los Miserables XD","twitter.com/Rocigaot/status/608279656345837568"
"9/6/2015 16:20:38","","608277527363231744","1","@Srta_Angus 
Mamma mia, 
Here I go again, 
INEM,
you can never let me go!","twitter.com/Rocigaot/status/608277527363231744"
"9/6/2015 16:02:39","2","608273002619404288","","Bildutarra > Fofisano. #estoesasí","twitter.com/Rocigaot/status/608273002619404288"
"9/6/2015 15:39:57","1","608267290220589057","","@mjdelrio lo bueno de las sandalias en los chaparrones es que el agua tal como entra sale. Peor es que te pille con zapatillas o bailarinas","twitter.com/Rocigaot/status/608267290220589057"
"9/6/2015 15:25:04","2","608263542232481792","5","@Srta_Angus @ComandanteVimes 
Supersocialmediamanagercoachentrepeuroso,
curras gratis pero en Linkedin queda vistoso!","twitter.com/Rocigaot/status/608263542232481792"
"9/6/2015 15:14:15","1","608260820653473794","2","@Srta_Angus @PotiPotiInLove @LenguaDePlata @ComandanteVimes 
I dreamed a dream in time gone by,
where job was paid, free days respected...","twitter.com/Rocigaot/status/608260820653473794"
"9/6/2015 15:04:04","2","608258259674386432","1","@Srta_Angus @PotiPotiInLove @LenguaDePlata @ComandanteVimes 
I wanna work in the Inditex,
Everything's cool in the Inditex,","twitter.com/Rocigaot/status/608258259674386432"
"9/6/2015 15:02:58","1","608257982170853376","3","@PotiPotiInLove @LenguaDePlata @ComandanteVimes 
Oye, mi startup pide profit,
y con este engagement, no puedo parar!","twitter.com/Rocigaot/status/608257982170853376"
"9/6/2015 14:59:37","2","608257141091233793","1","@PotiPotiInLove @LenguaDePlata @ComandanteVimes yo me lo imagino en plan número de peli Disney con animalitos cantarines.","twitter.com/Rocigaot/status/608257141091233793"
"9/6/2015 14:50:39","","608254881766490115","1","@LenguaDePlata @PotiPotiInLove @ComandanteVimes 
Voy a ser coach, voy a ser coach,
estudio un master en coelhismo que vale un pastón","twitter.com/Rocigaot/status/608254881766490115"
"9/6/2015 14:39:58","4","608252195499343872","5","@PotiPotiInLove @ComandanteVimes @kalevorroko 
Fame! I'm gonna work for free forever,
but people will know my name. Fame!","twitter.com/Rocigaot/status/608252195499343872"
"9/6/2015 14:35:16","1","608251010386116608","1","@ComandanteVimes @PotiPotiInLove @kalevorroko Entrepreneurs: The Musical.","twitter.com/Rocigaot/status/608251010386116608"
"9/6/2015 14:32:06","2","608250215750111232","2","@PotiPotiInLove @ComandanteVimes creo que procede recordar una vez más el greatest hit de @kalevorrokohttps://twitter.com/kalevorroko/status/400969150358515712 …Libe-libe-liberal, ¡qué desastre si tú te vas! Explota-explótame-explo, explota-explótame, emprendedor (8)","twitter.com/Rocigaot/status/608250215750111232"
"9/6/2015 14:18:12","","608246717637652480","1","@ComandanteVimes Es arte, y a ellos no les duele.","twitter.com/Rocigaot/status/608246717637652480"
"9/6/2015 13:46:02","2","608238622551207937","","@laMascota @netcaterpila te envidio, pero es envidia sanUNFOLLOW+BLOCK+REPORTSPAM","twitter.com/Rocigaot/status/608238622551207937"
"9/6/2015 13:30:11","1","608234632291753986","","@_Quimi_ @Tabernita @ComandanteVimes ay, sí, con lo que molaría una boda pastafari!","twitter.com/Rocigaot/status/608234632291753986"
"9/6/2015 13:27:05","","608233850343424000","1","@Tabernita @ComandanteVimes y lo ordenarte por internet para casar a colegas como en las series?Quiero que me case 1colega vestido de Elvis!","twitter.com/Rocigaot/status/608233850343424000"
"9/6/2015 12:56:48","1","608226229423087618","","@ComandanteVimes es lo que nos queda, el humor. Y los gulags.","twitter.com/Rocigaot/status/608226229423087618"
"9/6/2015 12:54:46","1","608225719110541312","1","@ComandanteVimes 
busco marketing manager 
que sea responsive
con skills en talent search
y que no espere money","twitter.com/Rocigaot/status/608225719110541312"
"9/6/2015 12:50:43","1","608224698858676224","7","@ComandanteVimes 
Busco becario
para mi startup
redactor,community,
que sepa programar,
le pagaremos bien...
en visibilidad","twitter.com/Rocigaot/status/608224698858676224"
"9/6/2015 12:21:40","1","608217389726072832","","@laMascota lo que me pasa a mí ligando analógicamente :P","twitter.com/Rocigaot/status/608217389726072832"
"8/6/2015 16:06:04","","607911474099552257","","@_Quimi_ BichoBola en modo groupie!","twitter.com/Rocigaot/status/607911474099552257"
"8/6/2015 14:27:04","","607886559438893056","1","Yo lo veo, oye. Te cruzas con tu ex jefe y le ordenas telepáticamente a alguna paloma o gaviota que le cague encima.https://twitter.com/unnombrealazar/status/607878232512172032 …Telepatía con los Animales http://www.istharlunasol.com/eventos-de-laila-del-monte/13-14-junio-2015-sevilla-curso-comunicarse-con-los-animales.html … Por si buscáis plan para el próximo finde. Vía @david_imasd pic.twitter.com/p4FlGPnsZA","twitter.com/Rocigaot/status/607886559438893056"
"8/6/2015 12:52:34","","607862778716635136","","@missultrasonica que encima estaba petada de coches, que si nunca has visto una rotonda sólo tienes que ver en qué sentido van los demás.","twitter.com/Rocigaot/status/607862778716635136"
"8/6/2015 12:34:22","","607858195948806146","","@missultrasonica yo una vez casi me llevo por delante a un ciclista que tomó la misma rotonda que yo pero en sentido contrario.","twitter.com/Rocigaot/status/607858195948806146"
"8/6/2015 2:08:14","","607700625984503808","","Pues yo tendría que levantarme mañana a una hora medio decente para ir a apuntarme al paro otra vez. #dondenosgustaestar","twitter.com/Rocigaot/status/607700625984503808"
"8/6/2015 2:06:01","","607700069555552256","","@adiplotti yo también hago chistacos de estos. Uso esa imagen o el hashtag #enlacabezanoqueestoyestudiando","twitter.com/Rocigaot/status/607700069555552256"
"8/6/2015 2:04:17","1","607699632991387648","","@adiplottipic.twitter.com/YJYhrcc2xI","twitter.com/Rocigaot/status/607699632991387648"
"8/6/2015 1:45:45","1","607694967000190977","","@Tawil , moi fan son do teu bot. XDhttps://twitter.com/autoTawil/status/607394923910975490 …Ânimo e força ao estudantado galego que berra hoje nas ruas para quando chegar Eurovision","twitter.com/Rocigaot/status/607694967000190977"
"8/6/2015 1:43:57","1","607694515667894273","1","Y yo por qué nunca he mandado CV a Año Cero? De Vidente sería el jefe más normal en mi vida laboral hasta la fecha.","twitter.com/Rocigaot/status/607694515667894273"
"8/6/2015 1:37:21","1","607692852274077697","","@LatveriasDoom no sé yo si la convenceré. Si un día tengo pasta para hacer otra carrera por hobby haré Hª del Arte para hacer ese TFG. XD","twitter.com/Rocigaot/status/607692852274077697"
"8/6/2015 1:35:04","2","607692281618042880","","@LatveriasDoom tengo una amiga que estudia historia del arte y aún no sabe de qué quiere hacer su TFG. Le paso la idea.","twitter.com/Rocigaot/status/607692281618042880"
"8/6/2015 1:21:34","3","607688883103539200","","Bin Laden tenía 'todas las enfermedades del mundo'. #CuartoMileniopic.twitter.com/XtB8lYAbGE","twitter.com/Rocigaot/status/607688883103539200"
"8/6/2015 1:18:46","","607688178309439488","","@PotiPotiInLove ay, me recuerda a Cartman en la peli de South Park, cuando soltaba rayos a base de decir tacos.","twitter.com/Rocigaot/status/607688178309439488"
"8/6/2015 1:18:00","1","607687986264862720","","'Qué pena que no hayamos nacido en USA porque tendríamos un Pullitzer'.Claro, y yo. Y Lydia Lozano. #CuartoMilenio","twitter.com/Rocigaot/status/607687986264862720"
"8/6/2015 1:06:22","","607685057675980802","1","@Tawil nos meus dous meses traballando na zona máis pija da Coru perdín a conta nos nenos pantasma que se me apareceron.","twitter.com/Rocigaot/status/607685057675980802"
"8/6/2015 1:04:26","2","607684570666934272","","Sigo pensando que confunden con niños fantasma a niños con padres pijos,que los visten en plan extras de 'Celia'. #CuartoMilenio","twitter.com/Rocigaot/status/607684570666934272"
"8/6/2015 0:59:11","1","607683248181903360","1","@Tawil el coaching del misterio!","twitter.com/Rocigaot/status/607683248181903360"
"8/6/2015 0:58:34","","607683093160443904","","@SantaSuki yo desde que lo vi interpretar a Frances Cobain quiero que él haga mi Celebrities cuando sea famosa.","twitter.com/Rocigaot/status/607683093160443904"
"8/6/2015 0:56:43","","607682626623795201","","@SantaSuki ay, yo eso me lo pido también!","twitter.com/Rocigaot/status/607682626623795201"
"8/6/2015 0:56:04","1","607682464643989504","","Friker le dice a Vaughan que le vendría bien un curso intensivo de los suyos. A él y a todos los colaboradores #estonejengue","twitter.com/Rocigaot/status/607682464643989504"
"8/6/2015 0:51:46","2","607681383008468992","2","Vaugham vuelve a insistir en que la niña fantasma era feita. ANDA QUE TÚ ERES GUAPO. #CuartoMilenio #stopghostbeautystandards","twitter.com/Rocigaot/status/607681383008468992"
"8/6/2015 0:47:56","4","607680416317865984","3","Se les apareció una niña 'muy fea'. Nos ha jodido, el 'tu estilo a juicio' fantasmal. #CuartoMilenio","twitter.com/Rocigaot/status/607680416317865984"
"8/6/2015 0:41:58","12","607678917227511808","10","En #CuartoMilenio están hablando de que el fundador del método Vaugham tuvo un 'encuentro con lo desconocido'. Se le aparecería Muzzy?","twitter.com/Rocigaot/status/607678917227511808"
"8/6/2015 0:36:01","1","607677419353473025","","@laMascota @Tawil yo creo que nunca he visto ninguno en persona. Bueno, en bicho.","twitter.com/Rocigaot/status/607677419353473025"
"8/6/2015 0:30:14","","607675962600390656","","@Pezuniera @PotiPotiInLove @ComandanteVimes @SdeSanty @JessicaFillol coño, es que quedan mejor así que con el 'es la 1ªvez que me pasa'","twitter.com/Rocigaot/status/607675962600390656"
"8/6/2015 0:29:26","2","607675761223417856","","@Marmota_Maligna @Chinobi_Ninja sí, eso hice. XD","twitter.com/Rocigaot/status/607675761223417856"
"8/6/2015 0:28:50","1","607675611193200640","","@PotiPotiInLove @Pezuniera @ComandanteVimes @SdeSanty @JessicaFillol Que fue como 'bueno, al menos no me dices tú eres la 1ª que me la baja'","twitter.com/Rocigaot/status/607675611193200640"
"8/6/2015 0:28:16","1","607675469840969728","","@PotiPotiInLove @Pezuniera @ComandanteVimes @SdeSanty @JessicaFillol a mí una vez uno tras el gatillazo me dijo: 'me pasa siempre que bebo'","twitter.com/Rocigaot/status/607675469840969728"
"8/6/2015 0:27:32","3","607675285237080065","1","El bicho ese del dibujo parece la orugrita. #CuartoMilenio","twitter.com/Rocigaot/status/607675285237080065"
"8/6/2015 0:26:37","1","607675052784513024","1","@Marmota_Maligna @Chinobi_Ninja TODAS las preguntas menos una eran sobre cosas que ya figuraban en mi CV de infojobs.","twitter.com/Rocigaot/status/607675052784513024"
"8/6/2015 0:26:04","1","607674915454656512","2","@Marmota_Maligna @Chinobi_Ninja el otro día me apunté a una oferta.Me mandaron 1mail con varias preguntas porque necesitaban +información(1)","twitter.com/Rocigaot/status/607674915454656512"
"8/6/2015 0:06:23","4","607669961385984000","2","Por dios, dejaos de ovnis-pelota y medusa. Queremos conspiraciones y a De Vidente con un gorro de papel albal! #CuartoMilenio","twitter.com/Rocigaot/status/607669961385984000"
"8/6/2015 0:03:36","3","607669259309879296","1","Han dicho en #CuartoMilenio que no hay que tocar a las medusas o me lo ha parecido a mí? #brandnewinformation","twitter.com/Rocigaot/status/607669259309879296"
"7/6/2015 23:46:28","","607664948966211584","","Que dice Friker que hoy van a hablar de Bin Laden.","twitter.com/Rocigaot/status/607664948966211584"
"7/6/2015 23:21:19","","607658618368991232","","@SdeSanty @Pezuniera @JessicaFillol @PotiPotiInLove @ComandanteVimes sí que lo pillé, pero es que la teoría del gatillazo mola más XD","twitter.com/Rocigaot/status/607658618368991232"
"7/6/2015 23:19:54","1","607658262788472834","2","@SdeSanty @Pezuniera @JessicaFillol @PotiPotiInLove @ComandanteVimes ahí sí que habría más esquiroles que en una huelga de ADE+Derecho","twitter.com/Rocigaot/status/607658262788472834"
"7/6/2015 23:18:52","2","607658002016038914","1","@Pezuniera @JessicaFillol @SdeSanty @PotiPotiInLove @ComandanteVimes 'no es un gatillazo,está en huelga, no me juzgues, esquirola!'","twitter.com/Rocigaot/status/607658002016038914"
"7/6/2015 23:16:31","1","607657411772616705","1","@Pezuniera @JessicaFillol @SdeSanty @PotiPotiInLove @ComandanteVimes lo de huelga del pene no es el gatillazo de toda la vida?","twitter.com/Rocigaot/status/607657411772616705"
"7/6/2015 19:15:47","","607596828691984385","","@errejoners harán descuentos de grupo?","twitter.com/Rocigaot/status/607596828691984385"
"7/6/2015 19:10:45","","607595564935598082","","Creo que a los hijos de mis vecinos los tiene a comisión una clínica especializada en ligadura de trompas para darme el último empujoncito.","twitter.com/Rocigaot/status/607595564935598082"
"6/6/2015 22:29:12","","607283117565575168","1","@PotiPotiInLove yo aquí estoy por el consenso: un cortilandia donde todos lleven strapons","twitter.com/Rocigaot/status/607283117565575168"
"6/6/2015 2:03:25","3","606974640355995648","","@laMascota @Facking_Ancho todo ventajas!","twitter.com/Rocigaot/status/606974640355995648"
"6/6/2015 2:01:35","3","606974178730909696","","@Facking_Ancho @laMascota pero en Tinder puedes citarte con alguien en su casa, y mientras duerme tras el polvo le robas la mesa.","twitter.com/Rocigaot/status/606974178730909696"
"5/6/2015 22:50:15","1","606926024908107777","","@Chinobi_Ninja @PotiPotiInLove el libro no tendrá faltas porque las editoriales tienen correctores. El twitter de los entrepreneurs ya tal.","twitter.com/Rocigaot/status/606926024908107777"
"5/6/2015 22:47:16","5","606925277541900289","2","@PotiPotiInLove se puede hacer un juego a lo culo o codo: 'carpeta de adolescente o libro para entrepreneurs?'","twitter.com/Rocigaot/status/606925277541900289"
"5/6/2015 22:09:22","","606915737387692032","","@missultrasonica la mía se está reservando la traca final para mañana, que tengo una comunión en el pueblo con temperatura prevista de 30º.","twitter.com/Rocigaot/status/606915737387692032"
"5/6/2015 17:52:38","","606851129452986369","","@PotiPotiInLove yo le soltaría el clásico: 'bonito nombre, si algún día tengo un perro...'","twitter.com/Rocigaot/status/606851129452986369"
"5/6/2015 16:25:38","1","606829234150121472","","@kalevorroko ai, pobre! non vou rir dela, que eu unha vez quedei encerrada no baño dun restaurante.","twitter.com/Rocigaot/status/606829234150121472"
"5/6/2015 16:21:57","1","606828308681117696","","@kalevorroko moi comunista e ben que lle gusta cagar con porta!","twitter.com/Rocigaot/status/606828308681117696"
"5/6/2015 15:51:43","","606820699395751936","","@xoancastro estámpaste do susto e logo acabas de neno da curva. 'En unas declaraciones de Soraya me maté yo'.","twitter.com/Rocigaot/status/606820699395751936"
"5/6/2015 15:47:24","1","606819613062656000","","Que tampoco sé de qué me extraño, parece que no recuerdo los días de 'ZP es un rojo masón' en Intereconomía y el programa de Fedeguico.","twitter.com/Rocigaot/status/606819613062656000"
"5/6/2015 15:39:18","","606817572810592256","","@PotiPotiInLove @isanseba y eso que el PSOE era centroizquierda hace dos días, según Espe.","twitter.com/Rocigaot/status/606817572810592256"
"5/6/2015 15:37:52","1","606817213383852033","","@Chinobi_Ninja y encima este era de las cápsulas de verdad de la nespresso, no de las del Lidl. Cabrones.","twitter.com/Rocigaot/status/606817213383852033"
"5/6/2015 15:35:42","11","606816669059710976","21","Acabo de echar el café por la nariz.https://twitter.com/rtve/status/606816506354139136 …El Gobierno está muy preocupado por 'la deriva del PSOE' hacia la 'izquierda radical' http://www.rtve.es/n/1157381/  pic.twitter.com/mSgvh9ldhc","twitter.com/Rocigaot/status/606816669059710976"
"5/6/2015 1:17:40","","606600737217519616","","@PotiPotiInLove tampoco repliqué,que no encontré forma diplomática de responder a 'por qué no usas tinder si yo conocí a mi churri ahí'.","twitter.com/Rocigaot/status/606600737217519616"
"5/6/2015 0:59:33","2","606596177493131264","","@PotiPotiInLove a mí un amigo de hace 15 años me dijo que no me hago Tinder 'porque tienes prejuicios con Internet'.","twitter.com/Rocigaot/status/606596177493131264"
"4/6/2015 14:22:51","","606435949082513408","","@Cascarelo por eso enviando tres códigos de barras de Heno de Pravia entrarás no sorteo dunha ametralladora!","twitter.com/Rocigaot/status/606435949082513408"
"4/6/2015 14:20:14","","606435288198615040","","@Facking_Ancho @SnowFey me lo dice todo el mundo que va en verano. Yo creo que acabaría tirándome de cabeza al canal. XD","twitter.com/Rocigaot/status/606435288198615040"
"4/6/2015 14:17:21","2","606434563146031104","","@SnowFey @Facking_Ancho aún no me explico cómo sobreviví y cómo nunca me dio una lipotimia y me caí redonda en mitad de la calle.","twitter.com/Rocigaot/status/606434563146031104"
"4/6/2015 14:16:00","1","606434223390642176","","@Facking_Ancho @SnowFey yo encima entonces tenía mucho complejo con mis piernas y jamás ponía falda ni pantalón corto. 45º en vaqueros.","twitter.com/Rocigaot/status/606434223390642176"
"4/6/2015 14:14:09","1","606433757831249920","","@SantaSuki y una de mi ex facultad (periodista) se había tragado no recuerdo cuál el año pasado. Ahora está en Ciudadanos, lo dejo caer XD","twitter.com/Rocigaot/status/606433757831249920"
"4/6/2015 14:13:08","1","606433500254900224","","@Facking_Ancho @SnowFey viví una ola de calor en Salamanca: 45º y cuando doblabas una esquina y había brisa era de aire caliente. La muerte.","twitter.com/Rocigaot/status/606433500254900224"
"4/6/2015 14:12:36","1","606433369124139008","","@Facking_Ancho @SnowFey ya, si aquí cuando se llega a 29-30 quiero morirme. Eso sí, yo decía lo de 'prefiero el calor seco' hasta que (1)","twitter.com/Rocigaot/status/606433369124139008"
"4/6/2015 14:10:35","2","606432859096813568","","@Facking_Ancho @SnowFey a mí me gusta el calor y el verano pero al estilo de aquí, 22-24 grados. Más ya no es verano, es veranaje.","twitter.com/Rocigaot/status/606432859096813568"
"4/6/2015 14:08:40","1","606432376034598912","","@SantaSuki el otro día vi en FB a uno tragándose esta como auténtica XD: http://www.elmundotoday.com/2015/05/ada-colau-eliminara-los-coches-oficiales-porque-prefiere-que-la-lleven-en-brazos/ …","twitter.com/Rocigaot/status/606432376034598912"
"3/6/2015 17:17:20","2","606117471477768192","","@Tawil tras ler isto non vou volver abrir a boca na rúa nunca xamáis.","twitter.com/Rocigaot/status/606117471477768192"
"3/6/2015 13:15:43","3","606056664492556288","1","@_bitterswt @mejillonsuicida @repollo_ @kalevorroko Enjoy http://www.pectiv.com/spain/ ","twitter.com/Rocigaot/status/606056664492556288"
"3/6/2015 13:06:25","4","606054324175835136","2","@repollo_ @kalevorroko qué puta pasada las compresas con infrarrojos!pic.twitter.com/i6jYgm763l","twitter.com/Rocigaot/status/606054324175835136"
"3/6/2015 12:57:06","","606051978444177408","","@kalevorroko @repollo_ estoy cotilleando la web, a ver si me entero de cuánto valen las innocompresas.","twitter.com/Rocigaot/status/606051978444177408"
"3/6/2015 12:49:24","1","606050043083288576","","@repollo_ @kalevorroko oye, yo si detecta calambres y va liberando ibuprofeno, me lo pienso XD","twitter.com/Rocigaot/status/606050043083288576"
"3/6/2015 12:30:26","2","606045269017411584","","@Tawil a power balance das compresas!","twitter.com/Rocigaot/status/606045269017411584"
"3/6/2015 12:27:25","1","606044510909550593","","@Ika80Bcn a este paso alguno va a seguir haciendo una toma antes del botellón por no tomar calimocho con el estómago vacío.","twitter.com/Rocigaot/status/606044510909550593"
"3/6/2015 11:24:21","","606028638186807296","","@Ika80Bcn me juego algo a que luego se critican entre ellas a lo 'tú no eres tan buena madre como yo que lo destetaste con sólo 4 años'.","twitter.com/Rocigaot/status/606028638186807296"
"3/6/2015 11:10:07","","606025056708399104","","@Ika80Bcn a mí desde que 1amiga me dijo que una de su grupo whatsapp de ecomamis hace protector solar casero para su bebé no me asusto de ná","twitter.com/Rocigaot/status/606025056708399104"
"3/6/2015 0:23:31","","605862332736995330","","@GrammarHools @PotiPotiInLove te habrás guardado el gif para usar en futuras discusiones, no? XD","twitter.com/Rocigaot/status/605862332736995330"
"2/6/2015 21:53:46","3","605824648354234368","1","@Tawil @elcorreogallego por que non podo deixar de imaxinar ao mozo presidiario pero culto de Rosario Porto coma o actor secundario Bob?","twitter.com/Rocigaot/status/605824648354234368"
"2/6/2015 20:50:14","","605808661630353411","","@perradesatan cuánto veneno, le van a quitar el carnet de Amelieber XD","twitter.com/Rocigaot/status/605808661630353411"
"2/6/2015 0:24:08","1","605500103131045888","1","@PotiPotiInLove el que lleva el polo con la bandera y el caballito está bailando 'soy una taza, una tetera'","twitter.com/Rocigaot/status/605500103131045888"
"2/6/2015 0:17:18","1","605498383218954241","","@Rocigaot lo malo es que también habría maltrato animal, esos pobres toritos podrían morir de vergüenza ajena.","twitter.com/Rocigaot/status/605498383218954241"
"2/6/2015 0:16:46","11","605498248984412160","11","Rescato esto de ayer, que sería un formato cojonudo.https://twitter.com/Rocigaot/status/605068950439895040 …#SiaLosTorosEnTVE . Concretamente, sueltos por el plató del programa de Buruaga.","twitter.com/Rocigaot/status/605498248984412160"
"1/6/2015 22:27:42","3","605470800737673219","","@shakesphobic @PotiPotiInLove @Facking_Ancho @Tawil @DamagedBrainzs lo de enseñar cacho es para dinamizar lo de la orgía? :D","twitter.com/Rocigaot/status/605470800737673219"
"1/6/2015 20:56:14","2","605447782636355584","","#PorraSostres Al programa de Buruaga de hoy ya no llega, no?","twitter.com/Rocigaot/status/605447782636355584"
"1/6/2015 18:17:19","1","605407787275927552","","Pues yo no entiendo a los que pitan el himno en los partidos. Pudiendo cantar 'Franco, Franco, que tiene el culo blanco'...","twitter.com/Rocigaot/status/605407787275927552"
"1/6/2015 14:36:54","2","605352319765610496","","@kalevorroko coidado coa fiestra aberta, que o mapache novo parece que está en plan tránsfuga.","twitter.com/Rocigaot/status/605352319765610496"
"1/6/2015 13:36:33","2","605337131834351616","2","@robciria será para atajar el problema de la superpoblación soriana :P  @CadenaSERSoria @rtvcyl","twitter.com/Rocigaot/status/605337131834351616"
"1/6/2015 12:23:30","","605318749831446528","","@zezenzuska @errejoners @missultrasonica anda, si ya lo habíamos hablando entonces! Si es que este tema es un clásico.","twitter.com/Rocigaot/status/605318749831446528"