"date","fav","id","rt","text","url"
"28/7/2015 20:02:01","22","626090243922493440","37","Entonces, Ada Colau tiene que poner una efigie de Preparao VI pero no se especifica de qué tipo? Mmmmmm, Interesante.pic.twitter.com/bXaVL7JWjx","twitter.com/Rocigaot/status/626090243922493440"
"31/7/2015 18:18:33","","627151372966850560","","@Marmota_Maligna al final buscando un poco habrán conseguido un apartaestudio apañao.","twitter.com/Rocigaot/status/627151372966850560"
"31/7/2015 16:39:38","1","627126479491596288","1","'Llevaba más o menos la mitad, pero Fernández Díaz me ha soltado un spoiler, el muy cabrón'.pic.twitter.com/MlqbOuUyGC","twitter.com/Rocigaot/status/627126479491596288"
"31/7/2015 15:53:16","2","627114809302102016","","@shakesphobic Ah, los ochenta!","twitter.com/Rocigaot/status/627114809302102016"
"31/7/2015 15:30:47","2","627109151408263169","","@Antiseductor @karpov1 da muy mal rollo. Pero en fin, cómo vamos a saber nosotras mejor que el famosillo de turno lo que nos debe molar.","twitter.com/Rocigaot/status/627109151408263169"
"31/7/2015 13:41:52","2","627081743179382784","1","@ninjadelfav @ElHombreMalo no, si la pizza de cachopo ya existe. http://pizzbur.gl/carta/carta-pizzbur-ribadeo/ …","twitter.com/Rocigaot/status/627081743179382784"
"31/7/2015 12:58:27","2","627070816958681088","2","@SantaSuki jugadores de petanca sexies en tu zona.","twitter.com/Rocigaot/status/627070816958681088"
"31/7/2015 0:01:26","","626875271912759301","","@Srta_Angus @versoblanco @ComandanteVimes @miguelesquirol otra maravillosa herencia noventera XD","twitter.com/Rocigaot/status/626875271912759301"
"31/7/2015 0:01:10","1","626875206699773953","","@Srta_Angus @versoblanco @ComandanteVimes @miguelesquirol aunque Tuno Negro y El Arte de morir creo que eran más imitación del rollo Scream","twitter.com/Rocigaot/status/626875206699773953"
"30/7/2015 23:43:55","1","626870865712541696","","@Srta_Angus @versoblanco @ComandanteVimes @miguelesquirol cuánta farlopa tuvo que haber de por medio para que ese proyecto fuera palante?","twitter.com/Rocigaot/status/626870865712541696"
"30/7/2015 23:33:27","","626868231832227840","","@ComandanteVimes @versoblanco ay, esta creo que no llegué a verla ni yo XDDD @Srta_Angus @miguelesquirol","twitter.com/Rocigaot/status/626868231832227840"
"30/7/2015 23:27:38","1","626866766015131648","","@SantaSuki @Srta_Angus @ComandanteVimes @miguelesquirol Creo que antes de acabar los créditos ya quedó claro que era una mierda XD","twitter.com/Rocigaot/status/626866766015131648"
"30/7/2015 23:27:16","","626866672901693440","","@SantaSuki @Srta_Angus @ComandanteVimes @miguelesquirol nosotras la vimos por la coña de que se rodó donde vivíamos, pero vaya...","twitter.com/Rocigaot/status/626866672901693440"
"30/7/2015 23:25:06","","626866130427224067","","@Srta_Angus @SantaSuki @ComandanteVimes @miguelesquirol a mí creo recordar que en su día me gustó aunque sin fliparme. Tuno negro ya tal. xD","twitter.com/Rocigaot/status/626866130427224067"
"30/7/2015 23:22:28","1","626865465256726528","","@Srta_Angus @SantaSuki @ComandanteVimes @miguelesquirol lo peor es que yo pagué la entrada de cine para ver estas mierdas XD","twitter.com/Rocigaot/status/626865465256726528"
"30/7/2015 23:20:35","","626864994496417792","","@SantaSuki @Srta_Angus @ComandanteVimes @miguelesquirol estoy viendo el trailer y sé que la vi, pero la había borrado de mi mente.","twitter.com/Rocigaot/status/626864994496417792"
"30/7/2015 23:19:08","","626864626249170944","","@SantaSuki @Srta_Angus @ComandanteVimes @miguelesquirol hostia, esa creo que la vi porque me suena mogollón, pero no recuerdo de qué iba","twitter.com/Rocigaot/status/626864626249170944"
"30/7/2015 23:16:46","","626864033665302528","","@Srta_Angus @ComandanteVimes @miguelesquirol ya pensaré si recuerdo algún otro horror de esa época, que fijo que me tragué más joyitas.","twitter.com/Rocigaot/status/626864033665302528"
"30/7/2015 23:15:37","","626863742005940225","","@ComandanteVimes si te acabas arrancando los ojos luego no nos culpes XDD @Srta_Angus @miguelesquirol","twitter.com/Rocigaot/status/626863742005940225"
"30/7/2015 23:13:32","1","626863219005607936","1","@Srta_Angus @ComandanteVimes @miguelesquirol es que hacer una peli con Jorge Sanz de tuno y no plantearla ya como comedia no se entiende","twitter.com/Rocigaot/status/626863219005607936"
"30/7/2015 23:11:27","1","626862694084308992","","@Srta_Angus @ComandanteVimes @miguelesquirol en comparación, Nadie conoce a Nadie es una obra maestra, no te digo más.","twitter.com/Rocigaot/status/626862694084308992"
"30/7/2015 23:10:55","","626862558713094144","","@Srta_Angus @ComandanteVimes @miguelesquirol yo sí,como se rodó en Salamanca cuando vivía allí la vi por la coña de 'a ver qué sitios salen'","twitter.com/Rocigaot/status/626862558713094144"
"30/7/2015 23:08:27","","626861938484596736","","@Srta_Angus @ComandanteVimes @miguelesquirol Otra joya de la época. Podemos hacer cine fórum XDDD https://www.youtube.com/watch?v=lEK0EpO1umA …","twitter.com/Rocigaot/status/626861938484596736"
"30/7/2015 23:03:26","","626860677915901952","","@Srta_Angus @miguelesquirol @ComandanteVimes estoy por bajarme la peli y hacer un revisionado, por las risas XD","twitter.com/Rocigaot/status/626860677915901952"
"30/7/2015 23:01:16","2","626860131276455940","","@Srta_Angus @miguelesquirol @ComandanteVimes y un tío contratado por un periódico sólo para el crucigrama. Ni Carrie Bradshaw, oiga.","twitter.com/Rocigaot/status/626860131276455940"
"30/7/2015 23:00:16","1","626859881648267264","","@Srta_Angus calla, que me había olvidado de la existencia de Jordi Mollá.En los 90 estaba hasta en la sopa @miguelesquirol @ComandanteVimes","twitter.com/Rocigaot/status/626859881648267264"
"30/7/2015 22:56:05","","626858827770654728","","@miguelesquirol @Srta_Angus @ComandanteVimes yo sé que la vi en cine cuando estaba en la universidad, pero ya no recuerdo casi na.","twitter.com/Rocigaot/status/626858827770654728"
"30/7/2015 22:52:58","1","626858041351270400","1","@Srta_Angus @miguelesquirol @ComandanteVimes ay, sí. Roleros asesinos y procesiones de Semana Santa. Una combinación total. XD","twitter.com/Rocigaot/status/626858041351270400"
"30/7/2015 22:47:30","3","626856665460154368","1","@Srta_Angus @ComandanteVimes hace años me eché un novio rolero y varias amigas me dijeron que tuviera cuidado 'por si era un loco'.","twitter.com/Rocigaot/status/626856665460154368"
"29/7/2015 16:36:44","1","626400973058109440","","Camisetas de Franco en versión minion.","twitter.com/Rocigaot/status/626400973058109440"
"29/7/2015 15:55:37","3","626390626930720768","","@Srta_Angus @SoniniSumode @crow_ley Consultorio dietas: estoy siguiendo la Dukan. ¿Comulgar me impedirá entrar en cetosis?","twitter.com/Rocigaot/status/626390626930720768"
"29/7/2015 15:46:32","6","626388339583754240","1","@Srta_Angus @crow_ley Test: Qué componente de las Flos Mariae eres?","twitter.com/Rocigaot/status/626388339583754240"
"29/7/2015 15:38:13","7","626386246961602560","2","@wakka_ @crow_ley Fan del vintage? Top ten de iglesias con misa en latín y velo obligatorio.","twitter.com/Rocigaot/status/626386246961602560"
"29/7/2015 15:36:23","8","626385785525288961","5","@crow_ley Consultorio de sexualidad: 'Hace unos días di pan a las palomas del parque y una se me acercó demasiado. Puedo estar embarazada?'","twitter.com/Rocigaot/status/626385785525288961"
"29/7/2015 15:33:32","4","626385067795943424","2","@the_chafa @crow_ley '10 outfits para seducir en las próximas convivencias'","twitter.com/Rocigaot/status/626385067795943424"
"29/7/2015 15:19:11","7","626381457062260736","2","Qué vergüenza Nuno Silva con la camiseta de Franco. Seguro que se la compró por postureo y luego no tiene ni uno de sus discos.","twitter.com/Rocigaot/status/626381457062260736"
"28/7/2015 19:25:57","3","626081169453531136","","@Cascarelo eu con 36 tomo ás veces esas de chocolate que teñen no mercadona en forma de cabezas dos Simpson.","twitter.com/Rocigaot/status/626081169453531136"
"28/7/2015 1:17:49","3","625807331922694145","5","@PotiPotiInLove @familiasunshine dentro de 50 años mis nietos me dirán: 'abuela, cuéntanos historias de cuando teníais convenio colectivo'","twitter.com/Rocigaot/status/625807331922694145"
"28/7/2015 0:58:47","1","625802541016723457","","@PotiPotiInLove pero oye, esto puede ser lo que una a concebollistas y sincebollistas contra una aberración suprema.","twitter.com/Rocigaot/status/625802541016723457"
"28/7/2015 0:44:21","","625798907923169280","2","@PotiPotiInLove pero qué invento del averno es ese??","twitter.com/Rocigaot/status/625798907923169280"
"28/7/2015 0:38:46","1","625797505964470272","","Aaaaaaave Lucía! El predictor se tiñe de rosa en el cuaaarto de baño!pic.twitter.com/JVb9lTZjc2","twitter.com/Rocigaot/status/625797505964470272"
"28/7/2015 0:27:31","1","625794673974640640","","@kalevorroko @Snob nin idea, según ela sentaba mal cando estabas coa regra XD","twitter.com/Rocigaot/status/625794673974640640"
"28/7/2015 0:24:56","2","625794022339162113","","@kalevorroko @Snob outro clásico o de non poder ducharte. E a miña tía non nos deixaba comer leituga.","twitter.com/Rocigaot/status/625794022339162113"
"28/7/2015 0:08:01","4","625789765502300164","1","@Snob @kalevorroko a min 2amigos de carreiras de ciencias botáronme da cociña fai anos porque estaba coa regla e íalles cortar a maionesa.","twitter.com/Rocigaot/status/625789765502300164"
"27/7/2015 23:39:53","1","625782686955794432","","Cuando en un encuentro deportivo se cuela un espontáneo.pic.twitter.com/kPHS87e3hY","twitter.com/Rocigaot/status/625782686955794432"
"27/7/2015 23:32:31","1","625780833249591300","","@oneafter909_ podemos ofrecer sacrificios humanos a cambio da inmortalidade de  Areces. Ía propoñer á CEOE en pleno,pero Lei Mordaza.","twitter.com/Rocigaot/status/625780833249591300"
"27/7/2015 22:54:02","1","625771148278693890","","Tras quedar en quinto lugar, se producen cambios en el equipo de natación sincronizada.pic.twitter.com/Yrte7nqaQa","twitter.com/Rocigaot/status/625771148278693890"
"27/7/2015 21:14:04","","625745992214814721","1","@kalevorroko por un momento pensei que nun momento de borracheira déralle follow a algún ADE+Derecho","twitter.com/Rocigaot/status/625745992214814721"
"26/7/2015 22:53:00","1","625408501574189056","","@Chinobi_Ninja @SantaSuki ya nos dirás!","twitter.com/Rocigaot/status/625408501574189056"
"26/7/2015 22:45:17","1","625406558378307584","","@SantaSuki a mí eso con twitter me pasa mucho. Los vecinos que saben que vivo sola deben de flipar y pensar que estoy como unas maracas.","twitter.com/Rocigaot/status/625406558378307584"
"26/7/2015 22:43:04","4","625406001429282817","1","@SantaSuki igual a estas alturas ya consideran un triunfo que los del pueblo no hayan aprovechado para ahogarlo.","twitter.com/Rocigaot/status/625406001429282817"
"26/7/2015 22:31:25","2","625403066938998784","","@SantaSuki los mismos me han agregado a mí tras hacer RT al mismo tuit XD","twitter.com/Rocigaot/status/625403066938998784"
"26/7/2015 21:59:27","","625395023094382592","","@j_geese dales tiempo, que igual cae alguna más. :P","twitter.com/Rocigaot/status/625395023094382592"
"26/7/2015 21:54:38","","625393809648709632","","@j_geese me acaban de agregar a dos listas de 'marca personal' por hacer retweet de esto. :P","twitter.com/Rocigaot/status/625393809648709632"
"25/7/2015 20:44:55","","625013879526019072","","@alitecarlito o 'descendiente de generaciones de bodas entre primos'","twitter.com/Rocigaot/status/625013879526019072"
"25/7/2015 0:46:50","4","624712370888290305","","Cuando te invitan a la boda del primo al que no tragas y decides regalarle la mayor horterada que encuentres.pic.twitter.com/lqWdRoPy7V","twitter.com/Rocigaot/status/624712370888290305"
"25/7/2015 0:31:10","","624708430272573441","","@Chinobi_Ninja Daba para un especial del programa ese de las supertartas de Divinity XDD","twitter.com/Rocigaot/status/624708430272573441"
"25/7/2015 0:27:31","2","624707509459263489","","@Chinobi_Ninja imagina el momento de ir con tu fotomontaje a un sitio de tartas en plan 'quiero esto en mi tarta de cumple'.O mejor, de boda","twitter.com/Rocigaot/status/624707509459263489"
"25/7/2015 0:23:58","2","624706615552417793","","@Chinobi_Ninja yo creo que sí. A mí por mi cumple me haría ilu una tarta de Cthulhu devorando a Rato.","twitter.com/Rocigaot/status/624706615552417793"
"25/7/2015 0:23:28","1","624706489853325313","","@laMascota Pues sí! Yo las crepes de nocilla medieval las tomaba también. Y la sidra medieval.","twitter.com/Rocigaot/status/624706489853325313"
"25/7/2015 0:22:14","","624706181626523649","","@Chinobi_Ninja ya sabía yo que lo harías! XD","twitter.com/Rocigaot/status/624706181626523649"
"25/7/2015 0:15:32","1","624704492337016832","","@PotiPotiInLove y con nuestro amigo Hermann, que le suelo llamar por el nombre por no comprobar cómo se escribe el apellido.","twitter.com/Rocigaot/status/624704492337016832"
"25/7/2015 0:14:34","1","624704252057944064","","@laMascota yo reconozco que suelo ir todos los años a tomar los clásicos mojitos medievales. Como los preparaban en el siglo XII.","twitter.com/Rocigaot/status/624704252057944064"
"25/7/2015 0:13:46","","624704048256708608","","No me había dado cuenta hasta ahora de que había escrito mal Cthulhu. :P","twitter.com/Rocigaot/status/624704048256708608"
"25/7/2015 0:12:51","1","624703818635321344","","Como veo que anda por ahí @Chinobi_Ninja vuelvo a dejar caer esto, a ver si cuela.https://twitter.com/Rocigaot/status/624652790049210368 …Ninguno ha hecho ya montaje con Rato intentado soltarse de los tentáculos de Chtulhu?","twitter.com/Rocigaot/status/624703818635321344"
"24/7/2015 22:16:49","1","624674620097040384","","@NewIlluminatus y aún así lo sigo llamando cada vez que lo veo porque hasta que me tire a rolos escalera abajo no aprenderé XD","twitter.com/Rocigaot/status/624674620097040384"
"24/7/2015 22:14:01","","624673914644512768","","@NewIlluminatus como sea como el de mi vecina... es un buenazo, pero alguna vez casi me tira por la escalera al venir a saludarme.","twitter.com/Rocigaot/status/624673914644512768"
"24/7/2015 20:50:05","2","624652790049210368","1","Ninguno ha hecho ya montaje con Rato intentado soltarse de los tentáculos de Chtulhu?","twitter.com/Rocigaot/status/624652790049210368"
"24/7/2015 20:48:42","","624652442601439236","","Primera imagen promocional de 'Ibiza Shore', el próximo reality de la MTV.pic.twitter.com/MWKmUIwSWY","twitter.com/Rocigaot/status/624652442601439236"
"23/7/2015 23:15:40","","624327040284516352","","En #Casamos teñen a un que era 'un solteiro da vella escola'. O que agora é un solteiro esixente de eDarling?","twitter.com/Rocigaot/status/624327040284516352"
"23/7/2015 22:53:26","1","624321446026711040","","@zezenzuska Planazo!","twitter.com/Rocigaot/status/624321446026711040"
"23/7/2015 16:43:57","1","624228462707011584","","@laMascota yo estaba cumpliendo los 30 :(","twitter.com/Rocigaot/status/624228462707011584"
"23/7/2015 10:15:04","1","624130597653475328","","@shakesphobic nin mil euros por cabeza. Unha ganga, estou por reservar e todo. XD","twitter.com/Rocigaot/status/624130597653475328"
"23/7/2015 9:52:19","","624124872726315008","","@shakesphobic Cántas habitacións ten? Indo en grupo con 6 colegas sae a 2.000 euriños de nada por cabeza, chollazo. :P","twitter.com/Rocigaot/status/624124872726315008"
"22/7/2015 16:31:32","2","623862949036302336","","@Facking_Ancho @Pozuelen #notallheteros :P","twitter.com/Rocigaot/status/623862949036302336"
"22/7/2015 15:55:53","1","623853975691923460","","@Facking_Ancho a mí cuando vivía en Vigo más de una tapa me robaron. :P","twitter.com/Rocigaot/status/623853975691923460"
"22/7/2015 15:49:23","1","623852343491215360","","@Facking_Ancho cuando vas conduciendo y se te plantan delante del coche poniendo cara de 'venga, pasa si tienes huevos'.","twitter.com/Rocigaot/status/623852343491215360"
"22/7/2015 15:47:45","1","623851930599690240","","@Facking_Ancho yo sólo de gaviotas, el resto de pájaros me gustan bastante.","twitter.com/Rocigaot/status/623851930599690240"
"22/7/2015 15:46:17","1","623851563203854336","","@Facking_Ancho tengo una amiga que es racista de canarios. De personas de Canarias, digo, no de pájaros.","twitter.com/Rocigaot/status/623851563203854336"
"22/7/2015 15:30:01","2","623847468682362880","","@Pozuelen Qué cabrones. La farlopa ahí debería suministrarla la empresa. Si no es como cuando te hacen comprar el uniforme de cajera.","twitter.com/Rocigaot/status/623847468682362880"
"22/7/2015 15:23:24","16","623845800918040577","10","La redacción de Alerta Digital, en estos moment... siempre.pic.twitter.com/kHN8TjrqoR","twitter.com/Rocigaot/status/623845800918040577"
"22/7/2015 15:14:43","2","623843615320707072","","@oneafter909_ @Facking_Ancho @Tuices uf, todos conocemos al típico esternocleidomastoideo que hace eso todo el tiempo :P","twitter.com/Rocigaot/status/623843615320707072"
"21/7/2015 23:17:18","2","623602677075832832","1","@ameliacervera @ComandanteVimes al final resultará que ni siquiera es él el del avatar.","twitter.com/Rocigaot/status/623602677075832832"
"21/7/2015 23:11:33","2","623601228296122368","1","@ComandanteVimes QUE NO ERES COMANDANTE DE VERDAD? UNFOLLOW.","twitter.com/Rocigaot/status/623601228296122368"
"21/7/2015 17:42:54","5","623518521075585024","6","@ComandanteVimes Me acabas de recordar esta mitiquez.pic.twitter.com/wyFF9291x5","twitter.com/Rocigaot/status/623518521075585024"
"21/7/2015 13:00:42","","623447502520496128","","@Tabernita @Dr_Fleibur a mí las maquetas y el primer disco me molaban, luego ya se vendió totalmente.","twitter.com/Rocigaot/status/623447502520496128"
"21/7/2015 11:59:20","1","623432058459815937","","Guardiola jugó con la selección por dinero, dice Fernández Díaz. Verás qué cabreo cuando se enteren los otros, que cobraron en visibilidad.","twitter.com/Rocigaot/status/623432058459815937"
"21/7/2015 11:32:35","","623425328464199680","","@laMascota Normal :P","twitter.com/Rocigaot/status/623425328464199680"
"21/7/2015 11:25:02","","623423429304303616","","@laMascota es otra opción. 'Es que es su cumpleaños y quiero darle un capricho'.","twitter.com/Rocigaot/status/623423429304303616"
"21/7/2015 11:22:26","1","623422773034135554","","@laMascota 'Mira, cari, lesbianas en su hábitat! Verás cuando se lo contemos a tu hermano y su novia en la paella del domingo'","twitter.com/Rocigaot/status/623422773034135554"
"21/7/2015 11:06:56","","623418874902487041","","@dodavazquez puede. Por eso o por el ideal de piso que te imaginas antes de ver que tu presupuesto da para un estudio con wc en la cocina","twitter.com/Rocigaot/status/623418874902487041"
"21/7/2015 11:02:51","1","623417845762904064","","Infojobs tan lleno de ofertas de falso autónomo, e Idealista tan lleno de caseros que exigen ver las tropecientas últimas nóminas.","twitter.com/Rocigaot/status/623417845762904064"
"20/7/2015 20:56:31","1","623204857739116544","","Lo de Pechitos McTetis ya estará dicho a estas horas, ¿no?pic.twitter.com/I8JAxIrO9Q","twitter.com/Rocigaot/status/623204857739116544"
"20/7/2015 20:44:41","","623201879250599936","","@manuporca igual quería decir que si no hubiera toreros, los toros se nos comerían a todos. Es muy 'universidad bovina' de los Simpson.","twitter.com/Rocigaot/status/623201879250599936"
"20/7/2015 16:07:30","2","623132125135568896","","@missultrasonica urge una asignatura en los ciclos de patronaje llamada: 'tetas y caderas: esas grandes desconocidas'","twitter.com/Rocigaot/status/623132125135568896"
"20/7/2015 15:59:55","1","623130216198705152","","@oneafter909_ O apropiado é pantalón de vestir, blazer e coitelo xamoneiro por se se poñen tiquismiquis coas preguntas.","twitter.com/Rocigaot/status/623130216198705152"
"20/7/2015 15:57:20","4","623129567788707840","1","'Si no fuese por los toros, muchos animales se comerían entre ellos'. Porque ahora hasta los tigres de bengala son veganos, claro.","twitter.com/Rocigaot/status/623129567788707840"
"20/7/2015 15:55:43","","623129159464800256","","Entre clases e ITV he tenido una mañana bastante liada y no he visto hasta ahora lo de Ortega Cano en modo Femen. Yisus.","twitter.com/Rocigaot/status/623129159464800256"
"20/7/2015 15:53:45","2","623128665128337408","","@laMascota encima de resacón, un domingo de carnavales, imagina el percal.","twitter.com/Rocigaot/status/623128665128337408"
"20/7/2015 15:47:15","2","623127029043593216","","@missultrasonica yo he llegado a ver sujetadores deportivos con push up. Me duelen las tetas sólo de escribirlo.","twitter.com/Rocigaot/status/623127029043593216"
"20/7/2015 15:44:28","2","623126328464789505","1","@laMascota me has recordado la cara de susto que puso una amiga mía de Ávila 1vez que en un restaurante de aquí le ofrecieron café de pota","twitter.com/Rocigaot/status/623126328464789505"
"19/7/2015 23:28:11","2","622880640132902912","2","Que por qué elijo eDarling?pic.twitter.com/Em7g9zVaG5","twitter.com/Rocigaot/status/622880640132902912"
"19/7/2015 22:36:48","2","622867708128948224","","@elkozinski @zezenzuska eso a mí me pasa mucho. A veces pienso 'qué raro, fulano hace mucho que no tuitea' y lo tenía en mute.","twitter.com/Rocigaot/status/622867708128948224"
"19/7/2015 0:21:12","","622531594801311744","","@PotiPotiInLove quita, quita, a ver si me muerden y me lo pegan :P","twitter.com/Rocigaot/status/622531594801311744"
"18/7/2015 22:51:05","2","622508916375732224","","@_Quimi_ @Tabernita la única razón para parar de comer sushi es que se acabe el sushi.","twitter.com/Rocigaot/status/622508916375732224"
"18/7/2015 22:50:24","1","622508741158653952","","@Facking_Ancho en mi ex trabajo solía estar puesto sin sonido en una de las teles y siempre me quedó la duda de por qué gritaban.","twitter.com/Rocigaot/status/622508741158653952"
"18/7/2015 22:43:24","1","622506979538419712","","@Tabernita creo que voy a pillarme una yo también. Culo veo...","twitter.com/Rocigaot/status/622506979538419712"
"18/7/2015 22:23:56","3","622502082134851586","","@Cascarelo @oneafter909_ igual ao porno hai que poñerlle o aviso de 'ficción rodada en circuito cerrado',coma aos anuncios de coches.","twitter.com/Rocigaot/status/622502082134851586"
"18/7/2015 22:20:38","1","622501252295958529","","@oneafter909_ é que parecía un sketch. Case mexo cando o  meu amigo xirouse a ver quén lle tocaba o cú e o outro veulle a sombra de barba","twitter.com/Rocigaot/status/622501252295958529"
"18/7/2015 22:14:42","","622499759740309504","","@oneafter909_ o mellor é que era un bar de rock, que a ver, tes máis posibilidades de que sexa un heavy que unha parella tía-tía.","twitter.com/Rocigaot/status/622499759740309504"
"18/7/2015 22:10:49","7","622498781322420224","1","@oneafter909_ coma unha vez que un amigo con melena se estaba liando coa moza e un fulano empezou a sobalo porque 'pensei que eran 2rapazas'","twitter.com/Rocigaot/status/622498781322420224"
"18/7/2015 22:06:29","1","622497692036526080","","@_Quimi_ @marmota_llorona no es que se toleren mejor algo piripi, es que intentar verlos sobria es suicida.","twitter.com/Rocigaot/status/622497692036526080"
"18/7/2015 22:05:16","1","622497384950550528","","Y te quedas con esa buena conciencia de 'la berenjena es vegetal, estoy comiendo sano' aunque te atiborres untando en pan de pita.","twitter.com/Rocigaot/status/622497384950550528"
"18/7/2015 22:04:34","2","622497207716024320","","Como me he dado cuenta a mitad de receta de que no tenía limón he tenido que hacer el zaluk de berenjenas con lima y oye, ha quedado bueno.","twitter.com/Rocigaot/status/622497207716024320"
"18/7/2015 18:56:34","5","622449896138895360","2","@Tabernita es que antes le permitías que te clavara su pene, y luego como tienes un dildo ya no, así que lo conviertes en un exclavo.","twitter.com/Rocigaot/status/622449896138895360"
"18/7/2015 18:40:45","5","622445917803823106","","@Tabernita lo mejor es que se hacen antipropaganda solitos al decir que el dildo hace competencia al pene caucásico pero no a otros xD","twitter.com/Rocigaot/status/622445917803823106"
"18/7/2015 18:07:07","1","622437452213579776","","@morganaskwlkr al menos tienes un montón de frascos y botes con cosas que echarle en el ojo a quienes te lo dicen!","twitter.com/Rocigaot/status/622437452213579776"
"18/7/2015 17:04:14","3","622421628035670017","2","Cuando ves que @ComandanteVimes va a quedar con algún tuitero para pegarse.pic.twitter.com/WCqdDzyfUR","twitter.com/Rocigaot/status/622421628035670017"
"18/7/2015 11:39:10","1","622339821764222976","","@Marmota_Maligna yo estoy muy traumatizada porque este año hicieron selectividad los nacidos ese año. XD","twitter.com/Rocigaot/status/622339821764222976"
"18/7/2015 11:36:20","1","622339110015995904","","@Marmota_Maligna a mí ni me sonaba ya el nombre. Según san google esto es de 1997, mi año de selectividad.","twitter.com/Rocigaot/status/622339110015995904"
"18/7/2015 11:34:56","","622338755668652032","","@Marmota_Maligna acabo de buscar de quién era y se llaman 'Ciencias Naturales'.Se ve que esa canción fue el inicio de una fulgurante carrera","twitter.com/Rocigaot/status/622338755668652032"
"18/7/2015 11:31:43","1","622337945484312576","","@Marmota_Maligna es horrible cuando se te pega una canción chunga","twitter.com/Rocigaot/status/622337945484312576"
"18/7/2015 11:30:24","","622337615744888832","","@Marmota_Maligna ay, no me acordaba de esa canción, con la pila de años que tiene. Creo que mi mente la bloqueó, rollo estrés postraumático","twitter.com/Rocigaot/status/622337615744888832"
"17/7/2015 21:43:23","","622129488571289600","","@Tabernita yo el otro día me pillé un puntilllo con una estrella de esas mini de 25 cl. No sé si es la edad o la falta de entrenamiento.","twitter.com/Rocigaot/status/622129488571289600"
"17/7/2015 21:20:49","844","622123810821681152","1,3K","-Ahora esperas un hijo mío
-Pero cómo?
-Es el misterio del tango de la muertepic.twitter.com/l8bUTBPYJJ","twitter.com/Rocigaot/status/622123810821681152"
"17/7/2015 21:13:11","2","622121890782560257","","@Tawil @repollo_ @maldehartura @ozeiyo y bailar contigo, tener contigo una noche looooocaa...","twitter.com/Rocigaot/status/622121890782560257"
"17/7/2015 21:11:08","3","622121372932796416","","@KaisserXose @undivaga vaya! intentaré estar más rápida cuando subasten el aeropuerto de Castellón.","twitter.com/Rocigaot/status/622121372932796416"
"17/7/2015 21:10:23","","622121183232831489","","@undivaga @KaisserXose vaya por dios! Y si añado una licuadora?","twitter.com/Rocigaot/status/622121183232831489"
"17/7/2015 21:08:37","1","622120739680989184","","@KaisserXose @undivaga ofrezco 56 euros y una yogurtera con poco uso.","twitter.com/Rocigaot/status/622120739680989184"
"17/7/2015 19:57:10","2","622102758871728129","","@Tawil @missultrasonica tema? Nunca me he liado con una tía, pero puestos a hacerlo no elegiría a una a la que he hecho de canguro XD","twitter.com/Rocigaot/status/622102758871728129"
"17/7/2015 19:46:57","2","622100188073717760","","@missultrasonica @Tawil no, espera, rectifico: me la encontré de copas hace un par de años por lo menos, peor aún :(","twitter.com/Rocigaot/status/622100188073717760"
"17/7/2015 19:46:37","2","622100102929321984","","@missultrasonica @Tawil yo hace años cuidaba a veces al hijo de una amiga y a una niña amiga de él. Me la encontré de copas no hace mucho","twitter.com/Rocigaot/status/622100102929321984"
"17/7/2015 19:43:34","","622099336479043584","","@FriKitty ni idea,pero acabo de ver que en imgflip se puede convertir otra vez en gif los que twitter hace mp4 https://imgflip.com/gif/oc2fh ","twitter.com/Rocigaot/status/622099336479043584"
"17/7/2015 18:32:53","2","622081548565790720","","@missultrasonica son los que nacieron cuando yo hice selectividad. Aún no lo asimilo.","twitter.com/Rocigaot/status/622081548565790720"
"17/7/2015 18:28:45","","622080506264449024","","@FriKitty si es que no sé hacer gifs, uso generadores siempre! XD","twitter.com/Rocigaot/status/622080506264449024"
"17/7/2015 15:58:09","","622042607062020096","","@FriKitty @ComandanteVimes a ver si lo puedes pillar aquí. http://makeagif.com/i/x6cmH2 ","twitter.com/Rocigaot/status/622042607062020096"
"17/7/2015 15:48:17","","622040124336025600","","@FriKitty @ComandanteVimes miro a ver si lo guardé en imgflip cuando lo hice o si lo puedo subir y te digo!","twitter.com/Rocigaot/status/622040124336025600"
"17/7/2015 15:38:52","","622037755665739777","","@FriKitty @ComandanteVimes guárdatelo! Aunque no sé por qué ahora se guardan como mp4 al pillarlos del twitter directamente","twitter.com/Rocigaot/status/622037755665739777"
"17/7/2015 15:37:15","2","622037350428839936","","@ComandanteVimespic.twitter.com/oVt3lZ8k1F","twitter.com/Rocigaot/status/622037350428839936"
"17/7/2015 15:36:23","4","622037131037442048","2","@ComandanteVimespic.twitter.com/lmzhsTEy1c","twitter.com/Rocigaot/status/622037131037442048"
"17/7/2015 15:32:03","1","622036041407557632","1","@ComandanteVimespic.twitter.com/dJetxuzRhC","twitter.com/Rocigaot/status/622036041407557632"
"17/7/2015 0:22:06","18","621807044157378560","9","Sí, hola, yo quería preguntarle a la madre de Ylenia si cree que se merecía la nominación de esta semana.pic.twitter.com/19FDlpZzK9","twitter.com/Rocigaot/status/621807044157378560"
"17/7/2015 0:19:57","4","621806501401899009","2","Toa, toa, toa! Te necesito toa! Hegemoníaaa....!pic.twitter.com/yYyJlCQohf","twitter.com/Rocigaot/status/621806501401899009"
"17/7/2015 0:11:46","","621804443059789825","","@alitecarlito @ozeiyo juraría que se podían desactivar también, pero no estoy segura ahora mismo.","twitter.com/Rocigaot/status/621804443059789825"
"17/7/2015 0:09:35","1","621803892217614337","","@alitecarlito @ozeiyo silencia el grupo!","twitter.com/Rocigaot/status/621803892217614337"
"17/7/2015 0:06:01","6","621802997056729089","1","Cómo estaba el centro irradiador? Abarrotao!!pic.twitter.com/DidlM0tXsI","twitter.com/Rocigaot/status/621802997056729089"
"16/7/2015 23:51:22","","621799309282045952","","Cuando acabáis en el karaoke tras una cena e intentas impresionar a la que te mola cantando 'Bailar pegados'pic.twitter.com/xw3E7k27ee","twitter.com/Rocigaot/status/621799309282045952"
"16/7/2015 0:14:37","2","621442772285947904","","@PotiPotiInLove  Felicidades, @SantaSuki ! Postal ya no te hago, que no voy a poder superar a Paulo :P","twitter.com/Rocigaot/status/621442772285947904"
"16/7/2015 0:10:55","1","621441839447547904","","@morganaskwlkr @LumpenPerro yo odiar no, pero sospecho que no son humanos. Aliens infiltrados, tal vez.","twitter.com/Rocigaot/status/621441839447547904"
"16/7/2015 0:03:14","","621439906150264832","","@LumpenPerro @morganaskwlkr o los que dicen que no les gusta comer y que por ellos se alimentarían con una pastillica y ya.","twitter.com/Rocigaot/status/621439906150264832"
"16/7/2015 0:00:42","","621439270889373696","","@morganaskwlkr @LumpenPerro tengo un don para rodearme de gente peculiar. XD","twitter.com/Rocigaot/status/621439270889373696"
"15/7/2015 23:56:43","","621438266932359168","","@LumpenPerro @morganaskwlkr lo más raro que conozco, fuera de lo gastronómico, es uno al que no le gusta la música. De ningún estilo.","twitter.com/Rocigaot/status/621438266932359168"
"15/7/2015 23:54:39","","621437747002216448","","@WatchingIu @morganaskwlkr parece, sí!","twitter.com/Rocigaot/status/621437747002216448"
"15/7/2015 23:54:25","","621437687925448704","","@LumpenPerro @morganaskwlkr pues conozco unos cuantos, no te creas. Peña rara que hay.","twitter.com/Rocigaot/status/621437687925448704"
"15/7/2015 23:51:19","","621436909403836416","","@morganaskwlkr y alguna vez que lo he comentado a otra gente en plan 'mirad qué rara es la gente' me han respondio 'sí, yo lo hago así tb'","twitter.com/Rocigaot/status/621436909403836416"
"15/7/2015 23:50:39","1","621436739215884288","","@morganaskwlkr sí, se lo oí por 1ª vez al marido de una amiga. Que como no le gusta el tomate su madre le hace gazpacho sin tomate.","twitter.com/Rocigaot/status/621436739215884288"
"15/7/2015 23:47:59","1","621436069461000192","","@morganaskwlkr yo desde que descubrí el sintomatismo en el gazpacho me creo cualquier cosa.","twitter.com/Rocigaot/status/621436069461000192"
"15/7/2015 19:58:31","","621378321935417344","","Creo que me voy a la piscina, que me han puesto en el estado de mala hostia ideal para hacer largos y largos sin cansarme.","twitter.com/Rocigaot/status/621378321935417344"
"14/7/2015 23:45:12","1","621072980710440960","","@Facking_Ancho normal. Yo tengo traumita con las acelgas de cuando me pusieron a dieta en la adolescencia, que me las daban hervidas y puaj","twitter.com/Rocigaot/status/621072980710440960"
"14/7/2015 23:43:07","2","621072455445139456","1","@Facking_Ancho Oreo con sabor acelgas.","twitter.com/Rocigaot/status/621072455445139456"
"14/7/2015 23:42:07","1","621072205653372929","","@MargaretCastor yo después de esa experiencia laboral me creería realmente que The Office es un documental de verdad.","twitter.com/Rocigaot/status/621072205653372929"
"14/7/2015 23:40:33","2","621071809815937024","","@Facking_Ancho el otro día le vi a no sé qué youtuber unas patatas fritas japonesas con sabor a pepino. ¿No sería más lógico al revés?","twitter.com/Rocigaot/status/621071809815937024"
"14/7/2015 23:37:40","1","621071084243296256","","@MargaretCastor yo he llegado a pasarlo mal con esa serie por lo que me recuerda a un jefe que tuve.","twitter.com/Rocigaot/status/621071084243296256"
"14/7/2015 23:35:46","1","621070608869232640","","@Facking_Anchopic.twitter.com/sWHyqypzgv","twitter.com/Rocigaot/status/621070608869232640"
"14/7/2015 23:29:10","2","621068948650504192","1","Save Dinoseto! http://www.lavozdegalicia.es/noticia/vigo/vigo/2015/07/12/dinoseto-seca-falta-riego-exceso-luz-directa-porta-do-sol/0003_201507V12C2993.htm?utm_source=twitter&utm_medium=referral&utm_campaign=twgen …","twitter.com/Rocigaot/status/621068948650504192"
"14/7/2015 18:48:46","","620998380207128576","","@CaminoAna ti quéixate, que a outras nos queda pouco pra chegar ao da pandilla de cuarentones. Por qué, dios, teníamos un trato!","twitter.com/Rocigaot/status/620998380207128576"
"14/7/2015 12:08:59","","620897772833738752","","A quién se le ha puesto tonto el ordenador y no hace más que colgarse el último día para entregar el tfg? o/","twitter.com/Rocigaot/status/620897772833738752"
"14/7/2015 1:41:19","","620739816355962880","","Cuando cada correción de tu tutor del TFG contradice y te obliga a reescribir lo que te mandó hacer en la anterior.  https://www.youtube.com/watch?v=wd42qQKUYIU …","twitter.com/Rocigaot/status/620739816355962880"
"14/7/2015 1:08:21","1","620731519678722048","","Pois @CaminoAna xa chegou aos 30. Por qué, dios, por qué! https://www.youtube.com/watch?v=t4yFbNGL_EU …","twitter.com/Rocigaot/status/620731519678722048"
"13/7/2015 19:29:36","1","620646270919704576","","Bueno, pues ya es oficial, me está llevando el TFG Andrews Todosjuntos. #REDRUM","twitter.com/Rocigaot/status/620646270919704576"
"13/7/2015 0:50:44","4","620364697586528256","","Siendo en Ourense, ni de coña me creo que si el hijo aprobó las oposiciones fue cosa de la virgen del cristal y no de Baltar #CuartoMilenio","twitter.com/Rocigaot/status/620364697586528256"
"13/7/2015 0:45:12","","620363307468357632","","Están en #CuartoMilenio con la sección 'Los gayegos son mazo raros' ( ® @Tawil ) y yo sin hacerle caso. :(","twitter.com/Rocigaot/status/620363307468357632"
"13/7/2015 0:13:18","1","620355279369146369","","@Facking_Ancho @PotiPotiInLove yo tengo un pack de 1906 en casa, con eso y mi poco aguante de ser viejuna me da para llegar pedo al viernes","twitter.com/Rocigaot/status/620355279369146369"
"13/7/2015 0:11:38","2","620354858089062400","","@PotiPotiInLove @Facking_Ancho creo que mañana voy a hacer el repaso final del TFG borracha. A ver qué tal.","twitter.com/Rocigaot/status/620354858089062400"
"13/7/2015 0:08:30","9","620354067747991554","9","Cuando pillas Futurama haciendo zapping y vuelves a ver el capítulo del perro de Fry.pic.twitter.com/Rojbvc8xnl","twitter.com/Rocigaot/status/620354067747991554"
"12/7/2015 23:54:43","","620350599092150273","","Tengo #CuartoMilenio de fondo y no le estaba haciendo caso: por qué están con una psicofonía-listening de inglés?","twitter.com/Rocigaot/status/620350599092150273"
"12/7/2015 22:03:54","","620322711307481089","","@El__Yayo si te consuela yo me identifico con esta de Espe, que es parecida. XDhttps://twitter.com/Rocigaot/status/609710808239636480 …Cuando tu amiga ha ligado y te deja sola en el bar. pic.twitter.com/QiroGtw7xA","twitter.com/Rocigaot/status/620322711307481089"
"12/7/2015 22:00:37","","620321886019395585","","@El__Yayo quién te iba a decir que te ibas a identificar con una foto de Mariano XD","twitter.com/Rocigaot/status/620321886019395585"
"12/7/2015 22:00:09","157","620321771087077376","158","Cuando llevabas en B desde 1º de primaria y al empezar 6º te cambiaban a A.pic.twitter.com/tpsxopuTIH","twitter.com/Rocigaot/status/620321771087077376"
"12/7/2015 21:58:01","6","620321230990778372","8","Cuando el amigo que te invitó se pira con su rollete y no conoces a nadie más en esa fiesta.pic.twitter.com/VcmuEQbTVC","twitter.com/Rocigaot/status/620321230990778372"
"12/7/2015 21:55:58","","620320714705510400","","Cuando los guays de la clase te marginaban.pic.twitter.com/dz0i2kPIS3","twitter.com/Rocigaot/status/620320714705510400"
"12/7/2015 20:33:51","2","620300051995361280","2","@LumpenPerro @ComandanteVimes cambiar la plaza de Millán Astray por pza de Millán Salcedo.Con esta foto en la placa.pic.twitter.com/VkVH1P5iID","twitter.com/Rocigaot/status/620300051995361280"
"12/7/2015 20:07:46","6","620293488769433600","1","@LumpenPerro @ComandanteVimes y en la calle General Mola se puede añadir 'Mazo' y poner una escultura de Camilo Sesto.","twitter.com/Rocigaot/status/620293488769433600"
"12/7/2015 20:05:29","2","620292914627878912","1","@LumpenPerro @ComandanteVimes Lo veo y subo a avenida del Generalísimo con culo blanco.","twitter.com/Rocigaot/status/620292914627878912"
"12/7/2015 16:36:28","","620240313760751616","","@Credendo_Vides1 a mí es que el texto ya me ganó con el subtítulo ese de que lo trajeron de penalty.","twitter.com/Rocigaot/status/620240313760751616"
"12/7/2015 12:09:55","1","620173233439023104","","@Cascarelo vendo o percal, será o típico 'mi pobre niño come fatal y va con la ropa mal planchada porque esa lurpia no le cuida como yo'.","twitter.com/Rocigaot/status/620173233439023104"
"12/7/2015 12:04:04","4","620171758902059008","","Paso de fútbol, pero twitter me ha hecho leer esto y ahora necesito un reality de la MTV con los padres de Casillas.  http://www.elmundo.es/cronica/2015/07/12/55a0e10be2704e9d688b456f.html …","twitter.com/Rocigaot/status/620171758902059008"
"12/7/2015 0:22:08","1","619995114774134788","1","Las parejas de los anuncios de lubricantes de Durex no os tienen pinta de haberse conocido en lo de los solteros exigentes?","twitter.com/Rocigaot/status/619995114774134788"
"11/7/2015 22:55:33","1","619973321422192640","","@zezenzuska 100? Te va a quedar el útero como una bolsa del Ikea!","twitter.com/Rocigaot/status/619973321422192640"
"11/7/2015 22:12:47","1","619962562797563904","","Esta última igual los jovenzuelos no la pilláis, que una tiene ya una edad.","twitter.com/Rocigaot/status/619962562797563904"
"11/7/2015 22:12:13","6","619962419004227584","9","Dee dee na na na 
saturday night, i feel the air 
is getting hot 
like you babypic.twitter.com/UUx2gF333u","twitter.com/Rocigaot/status/619962419004227584"
"11/7/2015 22:01:56","","619959832255295488","","@beblas es otra opción!","twitter.com/Rocigaot/status/619959832255295488"
"11/7/2015 21:58:09","","619958876583129089","","@beblas na, no te creas, ahora no se me ocurren más con esta foto. XD","twitter.com/Rocigaot/status/619958876583129089"
"11/7/2015 21:53:35","2","619957728153346048","5","Mucho dramita con las cazafantasmas, pero del nuevo casting de los Power Rangers no os oigo quejaros.pic.twitter.com/QLUPm94Qql","twitter.com/Rocigaot/status/619957728153346048"
"11/7/2015 21:52:03","1","619957341472063488","1","@PotiPotiInLovepic.twitter.com/CIFzAw47n2","twitter.com/Rocigaot/status/619957341472063488"
"11/7/2015 21:50:22","1","619956919072096256","1","Si no estuvieran haciendo el baile del Aserejé no habría reconocido a las Ketchup. Qué mal llevan los años!pic.twitter.com/ktMinSaHXo","twitter.com/Rocigaot/status/619956919072096256"
"11/7/2015 21:15:53","1","619948241694629888","","@Srta_Angus ay, qué mona la goma de borrar! Yo últimamente me estoy portando bien, hace tiempo que no me pillo nada de búhos!","twitter.com/Rocigaot/status/619948241694629888"
"11/7/2015 1:00:53","1","619642478036164608","","@ComandanteVimes vaya por dios! yo que iba a usar ya el gif de la conga de Pablemos para celebrarlo :(","twitter.com/Rocigaot/status/619642478036164608"
"10/7/2015 21:52:27","1","619595054999539712","","@LumpenPerro @SantaSuki ah, no, no, a mí herejías de esas de guisantes en el guacamole no. Aunque igual combinados con los nazis están ricos","twitter.com/Rocigaot/status/619595054999539712"
"10/7/2015 21:50:03","1","619594450524835840","","@SantaSuki yo estoy cenando nazis justo ahora, pero con guacamole!","twitter.com/Rocigaot/status/619594450524835840"
"10/7/2015 15:33:52","","619499784148230144","1","@ComandanteVimes me suena haberme reído de ese club. Será como el Xabarín club de aquí,pero con un Franco en versión dibus de mascota .","twitter.com/Rocigaot/status/619499784148230144"
"9/7/2015 14:55:34","1","619127754236260352","1","@PotiPotiInLove aceptará sugerencias o peticiones de gente a ejecutar? Rollo esos programas de radio de dedicar canciones.","twitter.com/Rocigaot/status/619127754236260352"
"8/7/2015 22:55:46","1","618886212510552064","","@Srta_Angus así me gusta, que seas previsora. La mayoría me empezarán a hacer la pelota cuando tome el poder y monte el gulag XD","twitter.com/Rocigaot/status/618886212510552064"
"8/7/2015 22:52:53","1","618885489173463040","","@Srta_Angus también te digo que como yo aspiro a ser suprema lideresa con poder absoluto igual esto no se me aplica.","twitter.com/Rocigaot/status/618885489173463040"
"8/7/2015 22:50:28","","618884879653048320","","@Srta_Angus Iba a hacer una coña sobre mandarle un sicario cobramorosos a Negreira que echaría al traste mi futura carrera política.","twitter.com/Rocigaot/status/618884879653048320"
"8/7/2015 16:20:01","1","618786619571761152","","@laMascota @kalevorroko regálame un poco a mí, entonces! XD","twitter.com/Rocigaot/status/618786619571761152"
"8/7/2015 16:12:08","","618784635875667968","","@laMascota @kalevorroko y mira que me gustaría ensanchar hombro, que las camisas que me abrochan de pecho me hacen bolsa atrás, pero ná.","twitter.com/Rocigaot/status/618784635875667968"
"8/7/2015 16:11:35","","618784496578621441","","@laMascota @kalevorroko yo llevo desde septiembre y tal vez tengo algo más de forma en los hombros, pero poco más.","twitter.com/Rocigaot/status/618784496578621441"
"8/7/2015 15:56:17","2","618780646803140609","","@kalevorroko @laMascota xa ves ti, coas miñas espectaculares marcas, que creo que ás veces me adiantan as señoras que saen de aquagym.","twitter.com/Rocigaot/status/618780646803140609"
"8/7/2015 15:54:08","1","618780106174124032","","@kalevorroko @laMascota eu agora vou nadar e xa me dixeron varias veces se non me da medo que se me poñan espaldas de tío","twitter.com/Rocigaot/status/618780106174124032"
"8/7/2015 15:47:47","","618778508614045696","","@kalevorroko @laMascota a min xamáis chegóuseme a insinuar que tiña músculo algún cando ía á sala de máquinas. Facía trampas co peso, iso si","twitter.com/Rocigaot/status/618778508614045696"
"8/7/2015 15:40:38","","618776708821426176","","@kalevorroko @laMascota a min cando non quería facer máquinas (abúrrenme) intentaban convencerme asegurándome que non muscularía coma un tío","twitter.com/Rocigaot/status/618776708821426176"
"8/7/2015 15:29:16","1","618773850294235136","","'Oh, la actriz a la que recuerdo como una guapa veinteañera se ha hecho algo en la cara y está rara'. Lo que está es más mayor. Y tú también","twitter.com/Rocigaot/status/618773850294235136"
"8/7/2015 15:25:40","1","618772942428741636","","Viendo la comparación de fotos que hacen por ahí, se ve que Meg Ryan seguía igualita que en 1986 hasta que decidió operarse la cara.","twitter.com/Rocigaot/status/618772942428741636"
"8/7/2015 15:02:03","5","618767001138413568","","@zezenzuska lo típico de que quedas con una amiga, dices lo típico de 'una caña en plan tranquis y nos vamos' y acabáis yendo a casaros.","twitter.com/Rocigaot/status/618767001138413568"
"8/7/2015 0:39:18","1","618549879816781824","","@Facking_Ancho 'y pa esto me he venido a la prisas y de resaca??'","twitter.com/Rocigaot/status/618549879816781824"
"8/7/2015 0:36:43","1","618549233436725249","","@Facking_Ancho yo toda agobiada por si perdía el bus porque al día siguiente curraba, y total que llego al trabajo y nos anuncian un ERE.","twitter.com/Rocigaot/status/618549233436725249"
"8/7/2015 0:35:00","1","618548798948773888","","@Facking_Ancho Al día siguiente pillé el bus de milagro. Salía a las tres y se acordaron de despertarme a las dos y cuarto.","twitter.com/Rocigaot/status/618548798948773888"
"8/7/2015 0:33:53","1","618548517469089792","","@Facking_Ancho fijo, tenemos una foto preciosísima en la entrada en la que creo que acertamos dos a mirar a cámara.","twitter.com/Rocigaot/status/618548517469089792"
"8/7/2015 0:30:50","2","618547750351806465","","@Facking_Ancho para tomarnos la última ahí. Íbamos en fila india por el arcén cargando con la caja, rollo Santa Compaña pero en borrachuzo.","twitter.com/Rocigaot/status/618547750351806465"
"8/7/2015 0:30:07","1","618547571238248448","","@Facking_Ancho fuimos en bus y volvimos a pie, de madrugada, despelujados, con una caja de cervezas que pillaron al del restaurante (2)","twitter.com/Rocigaot/status/618547571238248448"
"8/7/2015 0:29:23","1","618547386726621185","","@Facking_Ancho en la de una de mis amigas nos habían pillado una casa rural para los amigos de ambos novios a 1km del restaurante (1)","twitter.com/Rocigaot/status/618547386726621185"
"8/7/2015 0:28:41","1","618547211559960576","","@Facking_Ancho lo peor es que estaba en una mesa con gente a la que no conocía demasiado y no tenía con quién reírme de los mariachis","twitter.com/Rocigaot/status/618547211559960576"
"8/7/2015 0:27:59","1","618547032177942528","","@Facking_Ancho lo intento, pero a  veces pasa algo que me lo recuerda y vuelvo a oír esas voces :(","twitter.com/Rocigaot/status/618547032177942528"
"8/7/2015 0:26:27","1","618546648487227392","","@Facking_Ancho yo hace unos años fui a una y antes de la tarta entraron a cantar unos mariachis.Y no podía chuzarme porque llevaba coche","twitter.com/Rocigaot/status/618546648487227392"
"8/7/2015 0:24:45","1","618546220122902529","1","@Facking_Ancho ay, estás viendo el baile chungo con playback? The horror, the horror.","twitter.com/Rocigaot/status/618546220122902529"
"8/7/2015 0:22:33","1","618545665233276928","","@Facking_Ancho @laMascota yo capaz que también. Y eso que hace años que no hago lo de caerme borracha y salvar la copa.","twitter.com/Rocigaot/status/618545665233276928"
"8/7/2015 0:21:35","","618545421833666560","","@mariolamoreno no me llevaba una sorpresa así desde que Julia Roberts y Richard Gere acababan juntos al final de Pretty Woman.","twitter.com/Rocigaot/status/618545421833666560"
"8/7/2015 0:20:29","2","618545145244463104","","@Facking_Ancho @laMascota también vivo con miedo de ir a una boda y que estén  los de Casamos y me vea toda Galicia pedo en la barra libre","twitter.com/Rocigaot/status/618545145244463104"
"8/7/2015 0:19:37","2","618544926763188225","","@Facking_Ancho @laMascota yo vivo con la ilusión de que algún día saquen la boda de alguien que me caiga fatal para despellejar a gusto XD","twitter.com/Rocigaot/status/618544926763188225"
"8/7/2015 0:17:59","1","618544517340397568","","@laMascota @Facking_Ancho na, el de hoy es sosillo, quitando lo de las alianzas magufas para atraer buenas vibraciones...","twitter.com/Rocigaot/status/618544517340397568"
"7/7/2015 23:52:22","","618538071143923712","","En 'Casamos' hay unos comprando unas alianzas con fuerzas electromagnéticas para alejar las energías negativas, o algo así. :P","twitter.com/Rocigaot/status/618538071143923712"
"7/7/2015 23:45:37","1","618536373012836352","","@Facking_Ancho Na, tampoco te creas que le duró mucho el trauma, fueron unas lagrimitas en la fase nostálgica de la borrachera.","twitter.com/Rocigaot/status/618536373012836352"
"7/7/2015 23:44:20","1","618536050344992768","","@Facking_Ancho y a los cinco minutos la veo llorando y le pregunto qué le pasa:
'Ay, que me has hecho recordar cuando murió Torrebruno'","twitter.com/Rocigaot/status/618536050344992768"
"7/7/2015 23:43:08","2","618535747973447680","","@Facking_Ancho 
Ella:Hala, tía,me han dicho que te has liado con fulano!
Yo:Joder,hace dos años. De la muerte de Torrebruno te has enterado?","twitter.com/Rocigaot/status/618535747973447680"
"7/7/2015 23:41:02","3","618535218664865792","1","@Facking_Ancho una amiga se pilló una llorera una noche de fiesta porque por mi culpa se acordó de la muerte de Torrebruno. :P","twitter.com/Rocigaot/status/618535218664865792"
"7/7/2015 23:24:44","1","618531115993800704","","@SantaSuki paso de aguantar a gilipollas. (Que lo digo porque me han dicho mucho lo de 'qué te cuesta ser maja con ellos y evitar problemas'","twitter.com/Rocigaot/status/618531115993800704"
"7/7/2015 23:22:58","1","618530671330508801","","@SantaSuki pero lo dicho, si eres maja te arriesgas al 'me has estado calentando, ahora no me dejes así',así que ya que no hay opción segura","twitter.com/Rocigaot/status/618530671330508801"
"7/7/2015 23:21:57","2","618530414492286976","1","@SantaSuki ya, alguna historia conozco de chicas que se llevaron una paliza porque los pavos de turno consideraron que habían sido bordes.","twitter.com/Rocigaot/status/618530414492286976"
"7/7/2015 23:19:05","","618529692300259328","","@SantaSuki conste que sigo siendo igual de borde. Total,si eres educada luego te llaman calientapollas,al menos te ahorras aguantar la brasa","twitter.com/Rocigaot/status/618529692300259328"
"7/7/2015 23:16:50","","618529129395302401","1","@SantaSuki porque claro, cómo no vas a anticipar que la respuesta normal a un 'no' cortante es 'saco una barra de hierro'","twitter.com/Rocigaot/status/618529129395302401"
"7/7/2015 23:15:32","1","618528801652383744","1","@SantaSuki y como se metieron mis amigos,luego me sentí culpable en plan 'si les atiza con eso y les deja en el sitio es mi culpa'","twitter.com/Rocigaot/status/618528801652383744"
"7/7/2015 23:13:58","","618528406108508161","1","@SantaSuki a mí una vez uno me quiso atizar con la barra esa antirrobo del coche porque me dijo que me fuera con él y fui muy borde (1)","twitter.com/Rocigaot/status/618528406108508161"
"7/7/2015 21:59:09","2","618509576934133760","","@SantaSuki @morganaskwlkr ayyy, ojalá poder meter la mano por el monitor y achucharlo!","twitter.com/Rocigaot/status/618509576934133760"
"7/7/2015 15:49:08","1","618416462026383360","","@Marmota_Maligna trajeados y encorbatados? hipsters con barba mirando al horizonte con cara de profundos? foto de Mourinho?","twitter.com/Rocigaot/status/618416462026383360"
"7/7/2015 10:26:23","","618335239404978176","","@Pozuelen poco me parece.","twitter.com/Rocigaot/status/618335239404978176"
"7/7/2015 10:24:23","2","618334736507924480","1","@Pozuelen y cuando tus amigos social media manager te mandan la invitación de FB para dar like a sus clientes cuánto puedes pedirles?","twitter.com/Rocigaot/status/618334736507924480"
"6/7/2015 21:57:49","1","618146855583653888","","Ah, pues no, no había acabado el primer round. Siguen las voces. Supongo que uno de los dos hizo burla al otro rollo 'mimimimi' y no lo oí.","twitter.com/Rocigaot/status/618146855583653888"
"6/7/2015 21:55:31","","618146274576105472","","Terminado el primer round de la bronca de los de al lado. Ahora estarán callados entre media y una hora, y luego a gritar otro ratito.","twitter.com/Rocigaot/status/618146274576105472"
"6/7/2015 21:52:18","","618145468233740288","","Llevaba ya tres días sin oír a los de abajo tener una bronca y ya empezaba a pensar que se habían marchado o algo.","twitter.com/Rocigaot/status/618145468233740288"
"6/7/2015 0:38:54","1","617825006911885312","","Tengo a Friker de fondo pero le estoy haciendo poquito caso. No sé qué de que nos vamos a extinguir, pero no caerá esa breva.","twitter.com/Rocigaot/status/617825006911885312"
"6/7/2015 0:35:29","1","617824145720610816","","@PotiPotiInLovepic.twitter.com/wH5CDwancb","twitter.com/Rocigaot/status/617824145720610816"
"6/7/2015 0:30:22","1","617822858035773440","","@Mi_Bombin si en algún momento de mi vida vuelvo a vivir en la meseta, me apunto hacer una ouija en verano.","twitter.com/Rocigaot/status/617822858035773440"
"5/7/2015 16:01:49","7","617694878663856129","5","Las dos fases de la borrachera en bodorrio: cuando te vienes arriba con las sevillanas y cuando organizas la conga.pic.twitter.com/zq6AwvI61W","twitter.com/Rocigaot/status/617694878663856129"
"5/7/2015 15:59:30","1","617694292979634176","","'Frieda,creo que como somos guiris nos han timado con las entradas del tablao.Pa mí que no son hermanos de Camarón'pic.twitter.com/eUGQgjCdnF","twitter.com/Rocigaot/status/617694292979634176"
"5/7/2015 15:24:12","1","617685408839782400","","@laMascota voy sólo por el segundo café del día, no me pidas más XDDD","twitter.com/Rocigaot/status/617685408839782400"
"5/7/2015 15:22:06","3","617684882945363968","1","@_Quimi_ @laMascota @Hildgard CONGUEMOS","twitter.com/Rocigaot/status/617684882945363968"
"5/7/2015 15:20:21","","617684440974794752","","@laMascota me voy a hacer ese gif para usarlo si me aprueban el TFG y acabo la carrera XD","twitter.com/Rocigaot/status/617684440974794752"
"5/7/2015 13:47:06","1","617660974020063232","","@kalevorroko ou citar bibliografía de papers e autores inventaos.","twitter.com/Rocigaot/status/617660974020063232"
"5/7/2015 1:22:35","2","617473608844201984","","@Chagofran @ComandanteVimes es la convocatoria de la manifa que hubo hoy en Madrid.  Aunque por las fotos los asistentes eran menos rubitos.","twitter.com/Rocigaot/status/617473608844201984"
"5/7/2015 1:18:10","12","617472498964238337","8","'Por la familia tradicional: llevamos cinco generaciones casándonos entre primos para conservar la pureza de la raza'pic.twitter.com/dblQnwsd8h","twitter.com/Rocigaot/status/617472498964238337"
"4/7/2015 23:46:07","","617449331948392448","","@morganaskwlkr vaya! a la mierda mi plan! :P","twitter.com/Rocigaot/status/617449331948392448"
"4/7/2015 23:26:15","","617444334678482944","","@morganaskwlkr porque no vivimos en la misma ciudad, o ya te habría ido a visitar y me habría llevado un gato de estrangis en el bolso XD","twitter.com/Rocigaot/status/617444334678482944"
"4/7/2015 20:51:40","1","617405431208652801","","Qué tal va la retransmisión del Orgullo de Sigfrid? Se ha subido ya a alguna carroza para poder escandalizarse desde primerisima línea?","twitter.com/Rocigaot/status/617405431208652801"
"4/7/2015 17:06:36","3","617348793290358784","3","@SantaSuki 'Qué vergüenza, esos torsos desnudos con abdominales donde se puede rallar queso. De hecho, he rallado queso. Qué degeneración'","twitter.com/Rocigaot/status/617348793290358784"
"4/7/2015 17:03:25","1","617347990768996353","","@SantaSuki para lo escandalizado que está mucho se recrea en el cuero y la testosterona :P","twitter.com/Rocigaot/status/617347990768996353"
"4/7/2015 16:38:50","","617341805412110336","","@SantaSuki será que este año la Gaceta no sacó su guía de actividades del Orgullo para poder evitarlo y claro, pasan estas cosas XD","twitter.com/Rocigaot/status/617341805412110336"
"4/7/2015 16:37:21","","617341433020854272","","@SantaSuki ha dicho que se ha topado con el Orgullo por casualidad?? XDDD","twitter.com/Rocigaot/status/617341433020854272"
"4/7/2015 12:12:09","5","617274692198625280","","@laMascota Qué puta pasada la raza aria!","twitter.com/Rocigaot/status/617274692198625280"
"3/7/2015 13:56:43","","616938617341132800","","@oneafter909_ pois tíñaos pensados coma proxectos independientes, pero agora que o dis, creo que pode dar pra unha saga.","twitter.com/Rocigaot/status/616938617341132800"
"3/7/2015 12:59:30","1","616924218861711360","","@oneafter909_ eu estou con dous proxectos: unha bildungsroman onde o prota forma o seu espírito emprendedor e '50 sombras de Grey Zombies'","twitter.com/Rocigaot/status/616924218861711360"
"3/7/2015 1:49:03","1","616755495664263168","","@oneafter909_ @kalevorroko Pesadilla en la defensa.","twitter.com/Rocigaot/status/616755495664263168"
"2/7/2015 21:34:15","","616691373442506752","","XDDDD  https://twitter.com/HugoIzarra/timelines/533969637482852353?s=01 …","twitter.com/Rocigaot/status/616691373442506752"
"2/7/2015 21:16:51","3","616686995058913280","","Queridos guionistas de 'Españaza: el reality': igual lo de que ahora Irene Villa también sea ETA ya es un poco un 'jumping the shark'.","twitter.com/Rocigaot/status/616686995058913280"
"2/7/2015 20:39:26","","616677576652795904","1","@ComandanteVimes No jodas, yo iba a escribir sobre eso. A que me has hackeado el ordenador y me has plagiado?","twitter.com/Rocigaot/status/616677576652795904"
"2/7/2015 13:12:57","1","616565214792839168","","Gracias, eso está mejor.","twitter.com/Rocigaot/status/616565214792839168"
"2/7/2015 13:12:44","5","616565161218977792","","Los de las obras de al lado han parado y ahora oigo mejor la música de Enrique Iglesias de los de abajENCENDED EL PUTO TALADRO OTRA VEZ","twitter.com/Rocigaot/status/616565161218977792"
"2/7/2015 12:46:54","1","616558660295245824","","@Srta_Angus @Tawil Ay, ya la he visto. La peña tiene más cara que espalda.","twitter.com/Rocigaot/status/616558660295245824"
"2/7/2015 12:45:03","2","616558196367486978","","@Tawil @Srta_Angus pensaba que era unha lenda urbana, coma o do can, Ricky Martin e a mermelada.","twitter.com/Rocigaot/status/616558196367486978"
"2/7/2015 12:41:33","","616557315634933760","1","@Srta_Angus Infojobs is dark and full of terrors.","twitter.com/Rocigaot/status/616557315634933760"
"2/7/2015 10:41:09","8","616527014250586112","6","@ComandanteVimes EN MONCLOA HABRÍA QUE PONER UNA BOMBona de propano. Es más barato que tener caldera eléctrica.","twitter.com/Rocigaot/status/616527014250586112"
"2/7/2015 1:26:54","2","616387534206201860","","-Va,no seáis setas,luego de copas
-Que no, sabemos que estás de bajón con el divorcio,pero dijimos que a cenar y yapic.twitter.com/4czxII0m8T","twitter.com/Rocigaot/status/616387534206201860"
"2/7/2015 1:07:50","1","616382733619732480","","Cuando vais a escote vs cuando pagas túpic.twitter.com/g1FJQG4H3J","twitter.com/Rocigaot/status/616382733619732480"
"2/7/2015 0:47:45","9","616377682603954176","13","Todo listo para salir a hacer las prácticas del cursillo de seducción científica.pic.twitter.com/WuHVcxFiix","twitter.com/Rocigaot/status/616377682603954176"
"2/7/2015 0:43:53","3","616376708653023233","12","Remember Take That?These are them now. Feel old yet?pic.twitter.com/NCWC1I1fct","twitter.com/Rocigaot/status/616376708653023233"
"2/7/2015 0:34:32","5","616374354608304128","","Cuando te acabas de separar y te da por organizar una cena con tus ex compañeros de cuandoibas a Salesianos.pic.twitter.com/pV8AYBQ9R7","twitter.com/Rocigaot/status/616374354608304128"
"2/7/2015 0:10:52","1","616368398453313536","","@SantaSuki @zezenzuska es que estaba a huevo XD","twitter.com/Rocigaot/status/616368398453313536"
"2/7/2015 0:08:21","1","616367766354923520","","@SantaSuki @zezenzuska Lo que me recuerda: https://www.youtube.com/watch?v=nVI4eiWSMPA …","twitter.com/Rocigaot/status/616367766354923520"
"2/7/2015 0:01:42","","616366090910887936","","@SantaSuki @zezenzuska Este momentazo es grande también XD https://www.youtube.com/watch?v=5Jp5OCV3E28 …","twitter.com/Rocigaot/status/616366090910887936"
"1/7/2015 23:59:10","1","616365452697174016","","@SantaSuki @zezenzuska molaa!","twitter.com/Rocigaot/status/616365452697174016"
"1/7/2015 23:55:39","","616364569217384448","","@SantaSuki @zezenzuska tengo pendiente hacerme un gif con el aplauso que sigue a esa frase!","twitter.com/Rocigaot/status/616364569217384448"
"1/7/2015 23:53:34","1","616364046107975680","","@SantaSuki @zezenzuska yo cuando se le aparece al otro en casa diciendo 'Let me in!!!' casi me meo encima, literalmente.","twitter.com/Rocigaot/status/616364046107975680"
"1/7/2015 23:51:25","","616363503826419712","","@SantaSuki @zezenzuska el de FriendFace es grandioso también. Y el de Internet. Y el de la falsa muerte de Jen. XD","twitter.com/Rocigaot/status/616363503826419712"
"1/7/2015 23:49:29","","616363016788025344","","@SantaSuki @zezenzuska el mío creo que también. Aunque me cuesta elegir, que los hay muy grandes.","twitter.com/Rocigaot/status/616363016788025344"
"1/7/2015 23:07:58","","616352571498889216","","@zezenzuska @SantaSuki es tan grande ese capítulo!","twitter.com/Rocigaot/status/616352571498889216"
"1/7/2015 22:04:14","","616336528638390272","","@Srta_Angus @rrazo me he planteado si es un fake, pero después de lo de los españoles muy españoles y mucho españoles me creo lo que sea.","twitter.com/Rocigaot/status/616336528638390272"
"1/7/2015 22:00:54","1","616335691182665728","1","Para Mariano solidaridad buena es lo de Cofidishttps://twitter.com/rrazo/status/616330955557613568 …Yo, es que... mira, así no puedo. pic.twitter.com/wxXeAAM3OU","twitter.com/Rocigaot/status/616335691182665728"
"1/7/2015 20:18:24","","616309896800305153","","@Chinobi_Ninja @SoniniSumode ya, si la serie la abandoné hace siglos. Creo que al principio de la 2ª o así.","twitter.com/Rocigaot/status/616309896800305153"
"1/7/2015 20:15:04","2","616309059147431940","","@Chinobi_Ninja @SoniniSumode ya te digo! aunque yo me había empezado a leer los comics y me estaban molando, tengo que ver por dónde iba!","twitter.com/Rocigaot/status/616309059147431940"
"1/7/2015 20:11:47","1","616308231317626880","","Y estos son los que se quejaron a su vecina de abajo porque sus nietos gritan.Les voy a regalar esto a esos críos.pic.twitter.com/rWPcrKNOQF","twitter.com/Rocigaot/status/616308231317626880"
"1/7/2015 20:07:04","","616307042593148928","","@SoniniSumode Pijandro dice en su canción que es un zombie a la intemperie?? Yo por suerte aún no lo he oído, estos son más de electrolatino","twitter.com/Rocigaot/status/616307042593148928"
"1/7/2015 20:00:39","","616305428121710593","","Ahora han pasado de Maná a la de 'voy a reír, voy a llorar, voy a vivir, lalalalaá'. Matadme. Bueno, o a mis vecinos.","twitter.com/Rocigaot/status/616305428121710593"
"1/7/2015 19:59:03","1","616305025804013568","","Pensaba yo en mi inocencia que en casa me concentraría más que en esa sauna de biblioteca. Hasta que los vecinos pusieron Maná a todo trapo","twitter.com/Rocigaot/status/616305025804013568"
"1/7/2015 19:44:16","1","616301305288630274","","@zezenzuska tus hijos podrían heredar esto y el perrolámpara de tu madre!","twitter.com/Rocigaot/status/616301305288630274"
"1/7/2015 18:33:25","","616283476925489152","","@MtroYupa Dalas Azada Camboyana.","twitter.com/Rocigaot/status/616283476925489152"
"1/7/2015 11:06:06","5","616170906126295040","1","Verás qué incómodo como en el módulo de tuiteros de la cárcel nos coincida compartir celda con gente con la que tuvimos broncas y blocks.","twitter.com/Rocigaot/status/616170906126295040"
"1/7/2015 11:04:57","","616170615498743808","","Sigfrido tiene razón, pese a la Ley Mordaza estamos mejor que Cuba: Aquí a los que nos oponemos no nos intentará ayudar Carromero.","twitter.com/Rocigaot/status/616170615498743808"