"date","fav","id","rt","text","url"
"1/6/2015 1:48:24","1","605158920135524352","","@PotiPotiInLove @ComandanteVimes es como Homer cuando iba retando a duelos a todo dios. XD","twitter.com/Rocigaot/status/605158920135524352"
"1/6/2015 1:29:10","2","605154077970956288","","@DrXaverius @ComandanteVimes @SantaSuki 'juro que es la primera vez que me pasa.Y no voto PP. Bueno, una vez, que fui a votar de reenganche'","twitter.com/Rocigaot/status/605154077970956288"
"1/6/2015 1:03:56","8","605147727727591425","2","@PotiPotiInLove le hago comer anchoas, pongo 1 jarra de agua a 6metros de su alcance y le digo 'si de verdad te esfuerzas, la conseguirás'","twitter.com/Rocigaot/status/605147727727591425"
"1/6/2015 0:57:22","1","605146076392370176","","@SantaSuki Yisus Craist!","twitter.com/Rocigaot/status/605146076392370176"
"1/6/2015 0:56:35","","605145878651895808","","@laMascota Ay, me encantaba cuando era peque! XD","twitter.com/Rocigaot/status/605145878651895808"
"1/6/2015 0:54:27","3","605145345086115840","1","@SuraTallulah @SantaSuki 'Cara al sol con la picha tiesa'","twitter.com/Rocigaot/status/605145345086115840"
"1/6/2015 0:50:43","3","605144402034601984","","@SantaSuki @SuraTallulah igual de ahí viene la nostalgia de los tiempos de tío paco. Por entonces aún alzaban algo más que el brazo XD","twitter.com/Rocigaot/status/605144402034601984"
"1/6/2015 0:48:31","3","605143851230183425","","@SuraTallulah @SantaSuki que es como 'pa qué? si no se os levanta!'","twitter.com/Rocigaot/status/605143851230183425"
"1/6/2015 0:46:24","6","605143317001740288","3","@SantaSuki nunca dejará de fascinarme esa relación entre prensa facha y anuncios para combatir el pichaflojismo.","twitter.com/Rocigaot/status/605143317001740288"
"1/6/2015 0:38:53","2","605141424674324481","1","Psicofonías de fantasmas ingleses. Casi tan difícil de entender como un escocés vivo. #CuartoMilenio","twitter.com/Rocigaot/status/605141424674324481"
"1/6/2015 0:02:08","3","605132176863174656","","Es cosa mía o #CuartoMilenio últimamente es una mezcla entre Intereconomía  y 'Pelo pico pata'?","twitter.com/Rocigaot/status/605132176863174656"
"31/5/2015 23:33:05","1","605124865939652608","","Una litera maldita en #CuartoMilenio. El clásico modelo FÄNTASMÄ del Ikea.","twitter.com/Rocigaot/status/605124865939652608"
"31/5/2015 22:07:35","1","605103349822824449","","Hay calor en la ciudad
Hay drones en la bahía http://cadenaser.com/ser/2015/05/31/gente/1433098660_892727.html?ssm=14092012-Ser-rs-1-Tw …","twitter.com/Rocigaot/status/605103349822824449"
"31/5/2015 21:20:46","4","605091568647860225","","@errejoners @zezenzuska @missultrasonica si me vienen con el 'total estás soltera' me niego así mi plan sea ver reposiciones de los Simpson","twitter.com/Rocigaot/status/605091568647860225"
"31/5/2015 21:19:27","2","605091236387692545","","@errejoners @zezenzuska @missultrasonica yo encima si no tengo plan y me dicen 'oye, te importa si cojo yo tal fecha?' la cedo, pero (1)","twitter.com/Rocigaot/status/605091236387692545"
"31/5/2015 21:14:37","2","605090018131111936","","@zezenzuska @missultrasonica como yo. O al menos antes creía más en eso de 'el amor puede con cualquier diferencia', y ahora ni de coña.","twitter.com/Rocigaot/status/605090018131111936"
"31/5/2015 21:10:46","","605089049376919552","","@zezenzuska @missultrasonica yo en esa cena flipé, y la coña es que tendría yo entonces 31 ó 32 tacos y era casi la mayor de esa mesa.","twitter.com/Rocigaot/status/605089049376919552"
"31/5/2015 21:08:25","2","605088460265930752","","@missultrasonica @zezenzuska toda la cena amenizada con los clásicos chistes de 'a esta siempre le duele la cabeza' a lo Pepa y Avelino.","twitter.com/Rocigaot/status/605088460265930752"
"31/5/2015 21:05:50","4","605087809762914306","","@zezenzuska @missultrasonica es que no han asumido que hay que bajar el listón. Y el novio al lado asintiendo, en vez de darse por aludido.","twitter.com/Rocigaot/status/605087809762914306"
"31/5/2015 21:05:01","2","605087602866331648","","@zezenzuska @missultrasonica todos hablando de que no entienden a las que siguen solteras pasados los 30, y una diciendo que su problema (2)","twitter.com/Rocigaot/status/605087602866331648"
"31/5/2015 21:04:26","2","605087458649350147","","@zezenzuska @missultrasonica a mí lo más chanante que me pasó fue acabar en una cena con todo parejas (amigos de unos amigos) menos yo (1)","twitter.com/Rocigaot/status/605087458649350147"
"31/5/2015 20:58:50","4","605086048033587200","","@zezenzuska @missultrasonica oh, el clásico 'los solteros tenéis que chupar las horas extras y coger las vacaciones cuando nadie las quiera'","twitter.com/Rocigaot/status/605086048033587200"
"31/5/2015 20:51:10","3","605084117546467328","","@missultrasonica @zezenzuska y como el trasfondo es 'por qué tu vida no es como la mía?' si dices que esa vida no te mola se te ofenden","twitter.com/Rocigaot/status/605084117546467328"
"31/5/2015 20:48:47","1","605083519770079232","","@missultrasonica @zezenzuska a mí alguna vez me lo han insinuado a la cara, así que sin estar yo delante a saber lo que habrán dicho :P","twitter.com/Rocigaot/status/605083519770079232"
"31/5/2015 19:50:54","29","605068950439895040","20","#SiaLosTorosEnTVE . Concretamente, sueltos por el plató del programa de Buruaga.","twitter.com/Rocigaot/status/605068950439895040"
"31/5/2015 18:30:45","1","605048783274156032","","@laMascota @zezenzuska lo único diver de Linkedin es buscar a la gente más inútil con la que has currao y ver sus presuntas competencias XD","twitter.com/Rocigaot/status/605048783274156032"
"31/5/2015 16:12:44","","605014050783817728","1","@ComandanteVimes que también lo entiendo, alguna vez tuve exámenes a las 4de la tarde a 42º y era una agonía, para pegarte ya ni te cuento.","twitter.com/Rocigaot/status/605014050783817728"
"31/5/2015 16:12:02","","605013872660115456","1","@ComandanteVimes sí, por eso lo digo,que a esa hora le venía mal por el calor y prefería un duelo al fresco. Las risas que me eché XD","twitter.com/Rocigaot/status/605013872660115456"
"31/5/2015 16:09:38","","605013268416053249","","@ComandanteVimes pero a una hora a la que ya refresque, no?","twitter.com/Rocigaot/status/605013268416053249"
"31/5/2015 15:52:53","1","605009054696636416","","@anuska_truska @PotiPotiInLove Hostal Zombie Manzanares.","twitter.com/Rocigaot/status/605009054696636416"
"31/5/2015 15:43:47","2","605006764728303616","","@wenwhy @Chinobi_Ninja como el niño nos ha salido barato en el recordatorio podemos tirar un poco la casa por la ventana.","twitter.com/Rocigaot/status/605006764728303616"
"31/5/2015 15:24:38","","605001942587293696","","A estas alturas la pobre Lina Morgan se va a morir más veces que Fidel Castro.https://twitter.com/XimoClemente/status/604999948338372608 …El Imparcial ha matado a Lina Morgan por enésima vez. Pobre mujer... pic.twitter.com/1sIVdb9tFU","twitter.com/Rocigaot/status/605001942587293696"
"31/5/2015 14:13:10","1","604983960532361216","","@Srta_Angus en su defensa diré que si yo tuviera que reunirme con Margallo también intentaría escaquearme :P","twitter.com/Rocigaot/status/604983960532361216"
"31/5/2015 1:47:40","","604796347292762113","","@PotiPotiInLovepic.twitter.com/zttkcNixAL","twitter.com/Rocigaot/status/604796347292762113"
"31/5/2015 0:22:32","2","604774923194761217","","@Chinobi_Ninja @Tabernita yo también tuve un momento de cortocircuito mental de pensar 'yo ese bar lo recordaba distinto' XD","twitter.com/Rocigaot/status/604774923194761217"
"31/5/2015 0:12:40","","604772439726419968","","@SoniniSumode @Marmota_Maligna aquí está. https://twitter.com/qwertee/status/603138514708992000 …","twitter.com/Rocigaot/status/604772439726419968"
"31/5/2015 0:11:46","","604772212722311168","","@SoniniSumode @Marmota_Maligna de qwertee también, la sacaron hace unos pocos días","twitter.com/Rocigaot/status/604772212722311168"
"31/5/2015 0:03:39","1","604770171564236803","","@Marmota_Maligna y yo! estoy por compartirla en FB invitando a mis amigos a regalármela, como hice con la de Bacon Pancakes (no coló,creo)","twitter.com/Rocigaot/status/604770171564236803"
"30/5/2015 16:23:16","11","604654310669066240","8","Ya lo he dicho más veces, pero la III Guerra Mundial empezará cuando Froilán y Prince Harry se piquen por un 'me has mirao mal' en un after","twitter.com/Rocigaot/status/604654310669066240"
"30/5/2015 16:18:23","3","604653082987905024","1","@undivaga @Seseandoencanil @Txita2pic.twitter.com/IJ7TVnrQJX","twitter.com/Rocigaot/status/604653082987905024"
"30/5/2015 15:29:07","1","604640685464109056","1","@Chinobi_Ninja la coreografía de Single Ladies es como la de Conde Roa con el burro y mama noel, se adapta a cualquier canción.","twitter.com/Rocigaot/status/604640685464109056"
"28/5/2015 21:41:48","","604009699487432704","","@uxialopez pues no sabía ni que había ese evento pero oye, no es mal plan. Si es que se juntan solos y lo ponen fácil. XD","twitter.com/Rocigaot/status/604009699487432704"
"28/5/2015 20:42:50","","603994858739630081","","Espe ya tiene plan para este finde.pic.twitter.com/akatFeoESS","twitter.com/Rocigaot/status/603994858739630081"
"28/5/2015 19:13:36","4","603972402121469952","","Cuando tengo que pasar con el coche por delante de Salesianos a la hora en la que recogen a los niños del cole.pic.twitter.com/tdNrlRHDl4","twitter.com/Rocigaot/status/603972402121469952"
"28/5/2015 18:29:41","2","603961350558187522","2","Alerta, se han infiltrado agentes bolivarianos haciéndose pasar por el servicio y están ofreciendo gintonics de Larios. #AcampadaSolNoPodéis","twitter.com/Rocigaot/status/603961350558187522"
"28/5/2015 18:17:18","4","603958231367589889","1","A las 19:00 conectaos a skype, que Yoani nos dará una webconferencia en señal de apoyo a través de su sandwichera. #AcampadaSolNoPodéis","twitter.com/Rocigaot/status/603958231367589889"
"28/5/2015 15:33:15","","603916949798682626","","@marmota_llorona creo que poco. Igual tu dirección es algo que se transmiten de generación en generación y esta es bisnieta de Mildred I.","twitter.com/Rocigaot/status/603916949798682626"
"28/5/2015 15:30:49","","603916337325432833","","@familiasunshine así no levantamos ESPAÑA  :P","twitter.com/Rocigaot/status/603916337325432833"
"28/5/2015 12:44:36","1","603874505140875264","2","@El__Yayo me sabe a poco esto ahora. Después de lo de ayer, yo esperaba que hoy propusiera una coalición con Gallardón y Bildu.","twitter.com/Rocigaot/status/603874505140875264"
"28/5/2015 12:35:45","","603872280024883201","","Compro vocal.https://twitter.com/pulseranopodeis/status/603677137321783297 …A ls q preguntan si sería provocativ llevr banders d España ls decimos,y por qué? Es nuestr país #orgullo. Tomad a USA cm ejemplo #NoPodeis","twitter.com/Rocigaot/status/603872280024883201"
"28/5/2015 11:29:42","","603855657176080384","","@sil_loh yo quería pensar que era fake, pero tiene pinta de que no. Han convocado una manifa para pedir que el PSOE pacte con Espe. XDDD","twitter.com/Rocigaot/status/603855657176080384"
"28/5/2015 1:28:45","3","603704423643291649","","@Tawil @laMascota @shakesphobic esa non a coñecía, acabo de googleala e é bonita. Pero quéroa lonxe.","twitter.com/Rocigaot/status/603704423643291649"
"28/5/2015 1:27:28","1","603704099578720256","","@laMascota @Tawil @shakesphobic el único momento en que pasé miedo viviendo sola fue una vez que se me coló una en casa. :P","twitter.com/Rocigaot/status/603704099578720256"
"28/5/2015 1:19:47","1","603702166830866432","","@laMascota @shakesphobic yo hace poco mientras bebía agua me di cuenta de que había una araña caminando por el borde del vaso. Casi lo rompo","twitter.com/Rocigaot/status/603702166830866432"
"28/5/2015 0:42:24","1","603692758251999232","","@klebam @pacohortado na, son los de la pulsera no podéis, que decían que los hackers socialdemócratas de Podemos le habían tirado la web XD","twitter.com/Rocigaot/status/603692758251999232"
"28/5/2015 0:38:21","","603691741984718848","","@klebam @pacohortado vaya por dios, lo habrán borrado o los habrán silenciado los hackers socialdemócratas? XD","twitter.com/Rocigaot/status/603691741984718848"
"28/5/2015 0:08:28","4","603684219378913281","5","Si es que ya os vale, hackers socialdemócratas. Que me he quedado sin descojonarme del resto de posts del blog. https://twitter.com/pulseranopodeis/status/603683363921207296 …","twitter.com/Rocigaot/status/603684219378913281"
"27/5/2015 23:40:12","2","603677105126252544","2","@ComandanteVimes @Pozuelen los de Madrid podéis pasaros por la manifa a ver si es de verdad o si está el Follonero diciendo 'picasteis!'","twitter.com/Rocigaot/status/603677105126252544"
"27/5/2015 23:35:23","1","603675894255857665","","@Pozuelen toda la argumentación es genial. El régimen de Pablemos es como el de Maduro porque los dos llevan camisa de doble bolsillo.","twitter.com/Rocigaot/status/603675894255857665"
"27/5/2015 23:31:27","3","603674902332362756","7","Ay, el blog de la pulserita antipodemos. Os acordáis de cuando en lengua os explicaban las siglas y los anacronismos?pic.twitter.com/r2T1MXKUo2","twitter.com/Rocigaot/status/603674902332362756"
"27/5/2015 23:17:01","","603671273441484800","","@Pozuelen sí, que a ver si van a confundirte con Pablemos y van a ir a pegarte entre los tres.","twitter.com/Rocigaot/status/603671273441484800"
"27/5/2015 22:41:08","","603662241389518848","","@Marmota_Maligna si es que no estás a lo que hay que estar. :P","twitter.com/Rocigaot/status/603662241389518848"
"27/5/2015 22:40:03","2","603661969812496385","1","@Marmota_Maligna Si lo dices tú te haremos caso cuatro gatos, en cambio así...pic.twitter.com/zhbyqWySZu","twitter.com/Rocigaot/status/603661969812496385"
"27/5/2015 22:36:50","","603661159636566016","","@Srta_Angus sí, qué grande fue ese día, qué risas. XDDD","twitter.com/Rocigaot/status/603661159636566016"
"27/5/2015 22:30:44","","603659622516453376","2","@Srta_Angus tengo que volver a subirlo porque es la creación de la que más orgullosa estoy.pic.twitter.com/AFyQLRG6BD","twitter.com/Rocigaot/status/603659622516453376"
"27/5/2015 22:19:20","1","603656753239216128","","Estamos seguros de que lo de la pulsera no podéis no es una cuenta parodia?","twitter.com/Rocigaot/status/603656753239216128"
"27/5/2015 17:04:12","2","603577449268535296","","En la próxima comparecencia Aguirre ya dirá que si la incluyen en el gobierno está dispuesta a aceptar un soviet chiquitito.","twitter.com/Rocigaot/status/603577449268535296"
"27/5/2015 16:35:46","3","603570292041129984","5","'Venga, va: hidalgo, hidalgo, sin alcaldía el que deje algo'pic.twitter.com/XndYLFicJT","twitter.com/Rocigaot/status/603570292041129984"
"27/5/2015 16:26:09","","603567872061939712","","#PorrapróximasofertasEspe: Gobierno de concentración con Andy y Lucas. Cree que le ha ofrecido la alcaldía a Lucas,pero siempre los confunde","twitter.com/Rocigaot/status/603567872061939712"
"27/5/2015 16:18:57","1","603566060101578753","","Al final por culpa de mi propuesta del gulag de coaches seré la única persona del planeta a la que Espe no ofrezca la alcaldía de Madrid. :(","twitter.com/Rocigaot/status/603566060101578753"
"27/5/2015 16:12:08","","603564346447396864","1","Espe colándose en el backstage del concierto de AC/DC para ofrecerle a Angus Young la alcaldía de Madrid.","twitter.com/Rocigaot/status/603564346447396864"
"27/5/2015 15:53:06","1","603559555658850304","","Espe, deja de soltar delirios que tengo que irme a nadar. http://www.eldiario.es/politica/Aguirre-gobierno-incluido-Ahora-Madrid_0_392311471.html …","twitter.com/Rocigaot/status/603559555658850304"
"27/5/2015 15:50:57","2","603559013414993920","","Pues me voy a nadar. No rompáis el sistema democrático occidental mientras no estoy, que os conozco.","twitter.com/Rocigaot/status/603559013414993920"
"27/5/2015 14:51:26","1","603544037791035392","","@PotiPotiInLove plan para esta tarde: quedarme viendo esto en bucle sin parar. XDDDD","twitter.com/Rocigaot/status/603544037791035392"
"27/5/2015 14:44:49","2","603542374065840128","1","Mira el lado bueno, Hermann, también podrás plantar patatas y destilar tu propio vodka.https://twitter.com/hermanntertsch/status/603481188938973184 …En el barrio de Salamanca se instalarán huertas agro ecológicas queridos amigos. Entre cola y cola podremos recoger unos rabanitos.","twitter.com/Rocigaot/status/603542374065840128"
"27/5/2015 12:51:22","2","603513821752360961","1","Lo del PP ya da para un reality: '¿Quién quiere pactar con mi candidato de centro-centro?'","twitter.com/Rocigaot/status/603513821752360961"
"27/5/2015 12:48:48","2","603513174982324225","1","@NewIlluminatus Es como el que va chica por chica preguntando 'quieres rollo?' cinco minutos antes de que enciendan las luces del after.","twitter.com/Rocigaot/status/603513174982324225"
"27/5/2015 1:52:58","","603348130512412672","","@PotiPotiInLove na, voy a pasar, que es familiar de amigos y luego los 'pobre, como te pasas' son para mí. Pero cuesta resistirse.","twitter.com/Rocigaot/status/603348130512412672"
"27/5/2015 1:49:51","","603347345539997697","","@PotiPotiInLove estoy por soltarle la chapa antiabstención por hurgar un poco en la herida XDDD","twitter.com/Rocigaot/status/603347345539997697"
"27/5/2015 1:49:22","","603347225322860545","","@PotiPotiInLove yo tengo al NNGG de mi FB diciendo que si cubazuela del norte. Lo mejor es que está de pataleta con el PP y no ha votado XD","twitter.com/Rocigaot/status/603347225322860545"
"27/5/2015 1:19:14","","603339639693438976","","@PotiPotiInLove piropos PUA de centro!","twitter.com/Rocigaot/status/603339639693438976"
"27/5/2015 1:17:38","","603339236360720384","","@PotiPotiInLove cómo está el centro derecha!","twitter.com/Rocigaot/status/603339236360720384"
"27/5/2015 1:17:10","","603339119025123328","","@Rocigaot luego ya le damos su pastillita y la internamos en un sitio donde puedan tratarle lo suyo y seguirle el rollo.","twitter.com/Rocigaot/status/603339119025123328"
"27/5/2015 1:16:40","4","603338996417179648","4","Hacer unas elecciones falsas para que Espe se quede tranquila,como hacían en los Simpson cuando Bart falló al batear en la final de beisbol.","twitter.com/Rocigaot/status/603338996417179648"
"27/5/2015 1:07:48","3","603336764460310528","3","@PotiPotiInLove 'Las 10 mejores frases llave para conseguir un pacto de centro'.","twitter.com/Rocigaot/status/603336764460310528"
"27/5/2015 0:46:04","11","603331292898447360","6","Espe por el centro de Madrid, con los PUA, asaltando a gente para ofrecerle la alcaldía de Madrid en un pacto de centro.","twitter.com/Rocigaot/status/603331292898447360"
"26/5/2015 23:27:05","1","603311417245245440","","@callaquenoveo @Chinobi_Ninja igual te dicen que el guión no se sostiene porque no es creíble.","twitter.com/Rocigaot/status/603311417245245440"
"26/5/2015 22:47:42","2","603301504028692482","","@Chinobi_Ninja creo que @callaquenoveo se lo propuso por twitter a la HBO cuando empezó a salir lo de Bárcenas.A ver si con las novedades...","twitter.com/Rocigaot/status/603301504028692482"
"26/5/2015 22:42:28","4","603300187520561152","1","Cifu en el Intermedio haciéndole un zasca a Espe. Está el PP que hace que Juego de Tronos parezca los osos amorosos.","twitter.com/Rocigaot/status/603300187520561152"
"26/5/2015 21:27:39","1","603281361823277057","","Si IU hubiera sacado representación Espe los habría invitado a pactar diciendo que eran Centro-izda-izda.Como Frank Junior-Junior en Friends","twitter.com/Rocigaot/status/603281361823277057"
"26/5/2015 21:14:41","1","603278097597734913","6","Con algo de suerte, si Espe intenta untar a alguno de la lista del PSOE, Gallardón le ofrece el doble para que le diga 'contigo no, bicho'","twitter.com/Rocigaot/status/603278097597734913"
"26/5/2015 21:04:47","1","603275604599898112","","Yo una vez romí el sistema democrático occidental, pero le eché la culpa al gato.","twitter.com/Rocigaot/status/603275604599898112"
"26/5/2015 20:50:35","4","603272033741451264","","@mbenet @leonburrera first we take Madrid, then we take el sistema democrático occidental.","twitter.com/Rocigaot/status/603272033741451264"
"26/5/2015 20:32:08","63","603267389665505280","71","Usar la alcaldía de Madrid para acabar con todo el sistema democrático occidental. Luego que si a los de la capi os llamamos sobradillos.","twitter.com/Rocigaot/status/603267389665505280"
"26/5/2015 20:10:17","1","603261890375090176","","O igual no es consciente y ya se volvió loca de todo: los golpes en la cabeza conduciendo a lo the fast and the furious son muy malos.","twitter.com/Rocigaot/status/603261890375090176"
"26/5/2015 20:08:12","3","603261367529906176","","Lo mejor es que fijo que Espe sabe que ese pacto multiplicaría las oportunidades de que Pablemos gane las generales, y se la suda.","twitter.com/Rocigaot/status/603261367529906176"
"26/5/2015 20:01:34","1","603259699060994049","","Oye, @MargaretCastor , con cuantos RTs le haces lo de la cucharilla a Espe también?","twitter.com/Rocigaot/status/603259699060994049"
"26/5/2015 19:59:55","","603259281350230016","","@sil_loh está como unas maracas. Y espérate que aún no monte otro tamayazo.","twitter.com/Rocigaot/status/603259281350230016"
"26/5/2015 19:46:39","2","603255942780694528","","También te digo que va a ser divertido ver a todos los del zETAp hacer la pelota al PSOE en la caverna y decir que era todo brominchi.","twitter.com/Rocigaot/status/603255942780694528"
"26/5/2015 19:43:50","","603255235302285312","","Qué cosas, @marianorajoy , que al final resulta que lo que era votar al PSOE sin saberlo era votar al PP en Madrid.","twitter.com/Rocigaot/status/603255235302285312"
"26/5/2015 19:36:06","1","603253286595092480","","-Como fuerzas de centro debemos unirnos para que Podemos no hunda la democracia...
-Señora, esto es el club de fans de Justin Bieber.","twitter.com/Rocigaot/status/603253286595092480"
"26/5/2015 19:28:25","","603251354648313856","","Pues para ser Espe ha estado moderada. Yo pensé que entraría con dos dragones gritando Dracarys!","twitter.com/Rocigaot/status/603251354648313856"
"26/5/2015 19:00:46","3","603244397820518400","2","Espe ahora mismo es el  tío que se acercaba a los grupos de chicas en la discoteca para preguntar: '¿alguna quiere rollo?'","twitter.com/Rocigaot/status/603244397820518400"
"26/5/2015 18:49:59","1","603241683610894336","","Habéis visto a mi Pecas, lo bonito que es? ME HACÉIS ALCALDESA O ME LO CARGO EN DIRECTO. #PorraRuedaDePrensaAguirre","twitter.com/Rocigaot/status/603241683610894336"
"26/5/2015 18:47:52","","603241150183510016","","He dado otro tamayazo, pero para que los rojos no me guardéis rencor os traigo la cabeza de Mariano en una pica. #PorraRuedaDePrensaAguirre","twitter.com/Rocigaot/status/603241150183510016"
"26/5/2015 18:40:36","","603239321370492928","1","Tengo 3 misiles nucleares apuntando a Madrid,tenéis hasta medianoche para hacerme alcaldesa o pulso el botón rojo #PorraRuedaDePrensaAguirre","twitter.com/Rocigaot/status/603239321370492928"
"26/5/2015 18:27:46","","603236089776754689","","@marmota_llorona ay, pues sí. Y la reacción popular será algo así:pic.twitter.com/o03OlfjQJz","twitter.com/Rocigaot/status/603236089776754689"
"26/5/2015 18:21:39","2","603234553327656960","","Qué apostáis que dirá Espe? Que hay tamayazo,que dimite, o que va a matar un gatito al día hasta que le dejen ser alcaldesa a ella?","twitter.com/Rocigaot/status/603234553327656960"
"26/5/2015 17:54:40","1","603227761336066049","","Ahora que ya ha llegado el de MRW podría irme a la piscina, pero a ver si me llama Espe para ofrecerme la alcaldía de Madrid y no estoy.","twitter.com/Rocigaot/status/603227761336066049"
"26/5/2015 16:41:44","","603209409251119104","","Aguirre invocando a Cthulhu para ofrecerle la alcaldía de Madrid.","twitter.com/Rocigaot/status/603209409251119104"
"26/5/2015 16:37:46","1","603208409245229056","1","@PotiPotiInLove @ComandanteVimes es un momento tan bueno como otro cualquiera para independizarnos, o unirnos a Portugal. :P","twitter.com/Rocigaot/status/603208409245229056"
"26/5/2015 15:30:45","","603191543705575425","","@deploreibol ahora puede usar el argumento de 'a diferencia de Pablemos, yo apuesto por los narcos autóctonos'. #facendopaís","twitter.com/Rocigaot/status/603191543705575425"
"26/5/2015 15:28:33","4","603190992238411776","1","@PotiPotiInLove @ComandanteVimes pero aunque él quiera aceptar,a poco listo que sea se lo impedirá Pedro Sánch...oh,dios, estáis jodidísimos","twitter.com/Rocigaot/status/603190992238411776"
"26/5/2015 15:24:20","","603189927933825024","","@marmota_llorona yo que tú le ponía nombre y la adoptaba como mascota.","twitter.com/Rocigaot/status/603189927933825024"
"26/5/2015 15:20:40","","603189004624887808","","@A_Losada en paro e sen comerte un rosco? Podemos axudarte!","twitter.com/Rocigaot/status/603189004624887808"
"26/5/2015 15:19:37","2","603188740413087745","","Yo si lo de Pablemos metiendo farlopa en España lo cuenta Feijóo me lo creo, que lo sabrá de fuentes expertas.","twitter.com/Rocigaot/status/603188740413087745"
"26/5/2015 15:12:34","1","603186968760078339","1","@ComandanteVimes @PotiPotiInLove esto os pasa por tanto 'mimimi,que pacten con Carmona para que tengamos material para memes' :P","twitter.com/Rocigaot/status/603186968760078339"
"26/5/2015 15:07:07","1","603185597319147520","1","@PotiPotiInLove @ComandanteVimes habría que ser muy gilipollas para aceptar eso ahor...oh,wait!","twitter.com/Rocigaot/status/603185597319147520"
"26/5/2015 15:00:58","","603184047746088960","","@A_Losada a min suxíreme ir a un novo programa da galega de buscar parella.","twitter.com/Rocigaot/status/603184047746088960"
"26/5/2015 12:00:36","1","603138656455491584","1","Si me queréis, regalarme la camiseta de Bacon Pancakes.","twitter.com/Rocigaot/status/603138656455491584"
"26/5/2015 10:19:40","2","603113257226866688","","¯\_(ツ)_/¯pic.twitter.com/vByiHMGTa7","twitter.com/Rocigaot/status/603113257226866688"
"26/5/2015 9:21:33","2","603098631730782208","","Grafólogos de derechas sexies en tu zona.","twitter.com/Rocigaot/status/603098631730782208"
"26/5/2015 9:17:57","1","603097726939582464","","'Las tripas de esta cabra sacrificada en luna llena prevén cartillas de racionamiento en Madrid', declaró un experto chamán a ABC.","twitter.com/Rocigaot/status/603097726939582464"
"26/5/2015 9:15:50","2","603097193495568384","1","#PorraABCdemañana: 9 tarotistas de programas de madrugada confirman que Carmena llevará el apocalipsis a Madrid.","twitter.com/Rocigaot/status/603097193495568384"
"26/5/2015 9:14:56","2","603096968534056960","","Por si con eso no nos queda claro que es una tía chunga,mañana lo confirmarán haciéndole una carta astral.https://twitter.com/mejillonsuicida/status/603095788579901442 …Díselo con nueve expertos en grafología pic.twitter.com/AW5X6NWyd0","twitter.com/Rocigaot/status/603096968534056960"
"26/5/2015 1:11:41","1","602975354677043200","","Dentro de todo el cúmulo de despropósitos es lo de menos, pero, haces tele y metes a un tío a leer un artículo de opinión de un papel?","twitter.com/Rocigaot/status/602975354677043200"
"26/5/2015 1:10:44","","602975111638028288","1","Y para finalizar va a salir Luis del Val a leer su redacción delante de todos sus compis.","twitter.com/Rocigaot/status/602975111638028288"
"26/5/2015 1:08:27","4","602974539853725697","1","Resumen de lo de Buruaga:pic.twitter.com/DRNK1EFzXx","twitter.com/Rocigaot/status/602974539853725697"
"26/5/2015 0:54:21","2","602970989799018497","1","Están pidiendo en lo de Buruaga que haya policías y soldados en los colegios o es que me ha dado mucho el sol esta tarde?","twitter.com/Rocigaot/status/602970989799018497"
"26/5/2015 0:39:39","","602967291270135811","","Paco citando a Churchill. Voy a por una cerveza.","twitter.com/Rocigaot/status/602967291270135811"
"26/5/2015 0:38:41","4","602967046415089666","1","Si lo dejas en manos de Dios no es enaltecimiento. #triquiñuelalegal.https://twitter.com/Rocigaot/status/602966595649052673 …Diosito, si existes, que alguien del público le tire un zapato a la cabeza a Buruaga.","twitter.com/Rocigaot/status/602967046415089666"
"26/5/2015 0:36:53","1","602966595649052673","","Diosito, si existes, que alguien del público le tire un zapato a la cabeza a Buruaga.","twitter.com/Rocigaot/status/602966595649052673"
"26/5/2015 0:24:35","4","602963498075848704","2","Me estáis dando curiosidad por poner lo de Buruaga, pero me viene fatal ahora mismo empezar a sangrar por los ojos.","twitter.com/Rocigaot/status/602963498075848704"
"25/5/2015 23:31:22","","602950107529650176","","@Marmota_Maligna yo creo que se va a hacer el longuis, a ver si no nos damos cuenta y puede pasar sin convocarlas. :P","twitter.com/Rocigaot/status/602950107529650176"
"25/5/2015 23:28:56","1","602949493827448833","","@Marmota_Maligna le faltó decir 'llegan a descubrir alguno de nuestros otros chanchullos que aún no se han aireado y ya lo flipamos'","twitter.com/Rocigaot/status/602949493827448833"
"25/5/2015 23:27:56","","602949243633033216","","@Marmota_Maligna no, no, si lo grande para mí es lo de los casos de corrupción 'al menos los que se descubrieron' XDDD","twitter.com/Rocigaot/status/602949243633033216"
"25/5/2015 23:25:58","","602948749573431299","","@Marmota_Maligna Bueno, y esto. XDhttps://twitter.com/Rocigaot/status/602899036602015744 …No jodáis que ha dicho esto. XDDD https://twitter.com/javierfpanadero/status/602897762007515136 …","twitter.com/Rocigaot/status/602948749573431299"
"25/5/2015 23:24:05","1","602948273897349120","","@Marmota_Maligna que igual les ha fallado comunicación y que peor es lo del PSOE que bajó votos sin estar gobernando. Y que no se va.","twitter.com/Rocigaot/status/602948273897349120"
"25/5/2015 22:12:37","","602930289376161793","","@morganaskwlkr huy, ese quién es? tu matemático, digo, al de la serie ya lo tengo fichao.","twitter.com/Rocigaot/status/602930289376161793"
"25/5/2015 22:10:50","1","602929838933078017","","@morganaskwlkr médico buenorro vs altas probabilidades de morir trágica y prematuramente. Las gallinas que entran por las que salen. XD","twitter.com/Rocigaot/status/602929838933078017"
"25/5/2015 22:04:20","1","602928203833974785","","@morganaskwlkr Imagínate esas elecciones de plazas del MIR. 'Joder, joder,con mi número voy a acabar en el hospital de la muerte'","twitter.com/Rocigaot/status/602928203833974785"
"25/5/2015 21:58:13","","602926663471669251","","@morganaskwlkr yo aún no me explico que a ese hospital no le haya caído una inspección de seguridad laboral. Cuántos médicos le han palmao?","twitter.com/Rocigaot/status/602926663471669251"
"25/5/2015 20:37:22","","602906319339806720","","@javierfpanadero @uxialopez como pa no!","twitter.com/Rocigaot/status/602906319339806720"
"25/5/2015 20:08:26","1","602899036602015744","","No jodáis que ha dicho esto. XDDDhttps://twitter.com/javierfpanadero/status/602897762007515136 …No valoráis suficientemente la frase de Rajoy: Nos han influido los casos de corrupción o los que han salido a la luz pública...","twitter.com/Rocigaot/status/602899036602015744"
"25/5/2015 20:03:26","","602897778281414656","","Ha aparecido Plasmaman mientras yo estaba en la playa? Qué se cuenta?","twitter.com/Rocigaot/status/602897778281414656"
"25/5/2015 13:02:56","","602791955614019585","","@Pozuelen Está llorando Soberano mientras tuitea.","twitter.com/Rocigaot/status/602791955614019585"
"25/5/2015 13:01:05","1","602791491614994432","","Ay, el tuiter de Sigfrid. XDDDDDDD","twitter.com/Rocigaot/status/602791491614994432"
"25/5/2015 12:49:12","1","602788501889929216","","@laMascota @Marmota_Maligna @SnowFey Emprended, emprended, malditos. #Enlacabezano","twitter.com/Rocigaot/status/602788501889929216"
"25/5/2015 12:39:24","3","602786033047105536","2","@Marmota_Maligna @SnowFey tenía que hacerlo.pic.twitter.com/H1qHBczqlB","twitter.com/Rocigaot/status/602786033047105536"
"25/5/2015 12:33:49","1","602784629691650048","","@Marmota_Maligna Espérate, que voy a llorar. XDDDD","twitter.com/Rocigaot/status/602784629691650048"
"25/5/2015 2:26:31","","602631799395753984","","@PotiPotiInLove ni en racionamiento dejan la manía antigluten. Les veo en mi futuro gulag rechazando el cuenco de leche porque no es de soja","twitter.com/Rocigaot/status/602631799395753984"
"25/5/2015 2:23:00","1","602630911918768128","1","El que está ahora en #CuartoMilenio no es el primoderiveralieber otra vez?","twitter.com/Rocigaot/status/602630911918768128"
"25/5/2015 1:19:34","2","602614946996854784","","Tengo de fondo #CuartoMilenio pero no me estoy enterando de mucho porque estoy on fire con los memes de la foto de Rita pedísimo.","twitter.com/Rocigaot/status/602614946996854784"
"25/5/2015 1:15:53","1","602614021867622400","","@SnowFey el desayuno de los campeones!","twitter.com/Rocigaot/status/602614021867622400"
"25/5/2015 1:15:01","","602613803495325696","","@Tabernita @andresrguez me ha dado hasta penita, porque yo quería que hasta ellos ganaran a UPyD .","twitter.com/Rocigaot/status/602613803495325696"
"25/5/2015 1:12:31","1","602613174785945601","","@Tabernita @andresrguez 283 votos, es de los pocos que ha quedado por debajo de UPyD","twitter.com/Rocigaot/status/602613174785945601"
"25/5/2015 0:59:03","1","602609784576208896","3","Espérate que Cospe también se pira.pic.twitter.com/CbtwpgBK6r","twitter.com/Rocigaot/status/602609784576208896"
"25/5/2015 0:39:05","3","602604760437542912","","Que yo estoy en Galicia y lo que pase en Madrid ni me va ni me viene, pero el asco que le tengo a Espe no entiende de barreras geográficas.","twitter.com/Rocigaot/status/602604760437542912"
"25/5/2015 0:35:44","3","602603918791733249","","Últimamente salgo tan poco que me he abierto una cerveza, voy por la mitad  y ya estoy casi tan pedo como Rita Barberá.","twitter.com/Rocigaot/status/602603918791733249"
"25/5/2015 0:26:47","5","602601666337210368","","Rita Barberá a estas alturas ya está más borracha que Massiel en Nochevieja o que Hermann cualquier martes por la tarde.","twitter.com/Rocigaot/status/602601666337210368"
"25/5/2015 0:22:38","22","602600621406035969","14","Aviso a navegantes, el tuit de Hermann es fake. Él a estas horas ya estará inconsciente recibiendo la B12","twitter.com/Rocigaot/status/602600621406035969"
"25/5/2015 0:08:24","11","602597040896516096","20","Tertulianos de Telemadrid actualizando su perfil de Infojobs.","twitter.com/Rocigaot/status/602597040896516096"
"24/5/2015 23:59:56","1","602594909435076608","","@laMascota tardó en confesármelo, no creas. XD","twitter.com/Rocigaot/status/602594909435076608"
"24/5/2015 23:56:00","2","602593919717769216","","@laMascota yo tuve un ex que a los 18 votó al PP, cuando la primera victoria de Ansar. Era una carta que jugué mucho en las discusiones.","twitter.com/Rocigaot/status/602593919717769216"
"24/5/2015 23:55:03","3","602593678314577922","","Ya están otra vez en #CuartoMilenio con momias y bichos disec... ah, calla, que no, que aún están con Cuñadanos.","twitter.com/Rocigaot/status/602593678314577922"
"24/5/2015 23:53:42","","602593340392132608","","@xoancastro segues vivo!","twitter.com/Rocigaot/status/602593340392132608"
"24/5/2015 23:45:26","3","602591260629725184","","@laMascota yo ya me descojonaba de UPyD antes de que se hiciera mainstream.","twitter.com/Rocigaot/status/602591260629725184"
"24/5/2015 23:15:28","2","602583718377709568","","Los votantes de UPyD y Vox se van a ahogar penas juntos. Para no tener que volver conduciendo pedo, compartirán un taxi.","twitter.com/Rocigaot/status/602583718377709568"
"24/5/2015 23:08:15","2","602581902923591682","","@chselles @laMascota mira, uno al que ha ganado UPyD. XDDD","twitter.com/Rocigaot/status/602581902923591682"
"24/5/2015 22:17:08","","602569039098073088","","No reírse de Rosa Díez, por favor.https://twitter.com/bola9_/status/602568260744282112 …Con el 37% pacma sigue por delante de upyd en Asturias","twitter.com/Rocigaot/status/602569039098073088"
"24/5/2015 22:02:45","2","602565419849928704","","@Tabernita eso fue el dinosaurio de la rotonda, que causó furor. :P","twitter.com/Rocigaot/status/602565419849928704"
"24/5/2015 21:53:23","2","602563059786321921","","Isabel, tía, no te rayes tú tampoco. :P https://twitter.com/isanseba/status/602557625004400641 …","twitter.com/Rocigaot/status/602563059786321921"
"24/5/2015 21:51:22","2","602562555362603008","","Rosa Díez, no te rayes tía XDDDD","twitter.com/Rocigaot/status/602562555362603008"
"24/5/2015 21:45:03","1","602560964333023232","","@laMascota a ver si vas a ser una influencer de esas XD","twitter.com/Rocigaot/status/602560964333023232"
"24/5/2015 21:43:19","1","602560527613763584","","@laMascota yo me estoy desorinando con eso también XDDD","twitter.com/Rocigaot/status/602560527613763584"
"24/5/2015 20:58:14","1","602549180876197888","2","Reconozco que yo también he pecado de estar pendiente de Madrid, pero es que los memes de Carmona tienen que ser patrimonio universal.","twitter.com/Rocigaot/status/602549180876197888"
"24/5/2015 20:50:42","1","602547288263827457","","@Marmota_Maligna hombre, la patata ya sería una mejora considerable respecto a Rita, las cosas como son.","twitter.com/Rocigaot/status/602547288263827457"
"24/5/2015 20:31:45","1","602542518371254273","","@PotiPotiInLove ah, fuiste tú?","twitter.com/Rocigaot/status/602542518371254273"
"24/5/2015 18:48:39","","602516569743368192","","@quetzal1980 no, es de cuando fueron a votar","twitter.com/Rocigaot/status/602516569743368192"
"24/5/2015 15:44:34","","602470243571802112","","PERO QUÉpic.twitter.com/3u8bACoSYb","twitter.com/Rocigaot/status/602470243571802112"
"24/5/2015 15:24:27","","602465182422556672","1","FREE PECAS! https://twitter.com/marmisaryn/status/602437568341417984 …","twitter.com/Rocigaot/status/602465182422556672"
"24/5/2015 13:21:21","5","602434201900683264","3","Bueno, pues ya tengo lista mi camiseta de ir a votar.pic.twitter.com/R5H7sUTqi1","twitter.com/Rocigaot/status/602434201900683264"
"24/5/2015 1:10:38","2","602250310875222016","1","@Tawil é máis cansino que matar un burro a bicos.","twitter.com/Rocigaot/status/602250310875222016"
"24/5/2015 0:53:05","1","602245897821511680","","@WatchingIu @DolorsBoatella ahí tienes razón y cuando la tienes te la hay que dar.","twitter.com/Rocigaot/status/602245897821511680"
"24/5/2015 0:39:52","1","602242568898932736","1","En serio, por qué todo dios vota a Italia si son Il Divo marca Hacendado? #ESC2015","twitter.com/Rocigaot/status/602242568898932736"
"24/5/2015 0:30:20","","602240172386885632","","@zezenzuska vamos a hacer un Change para pedirlo, o algo.","twitter.com/Rocigaot/status/602240172386885632"
"24/5/2015 0:29:44","","602240018531385345","","@SoniniSumode @zezenzuska pase lo que pase, todos ganamos.","twitter.com/Rocigaot/status/602240018531385345"
"24/5/2015 0:28:33","1","602239722824544256","","@SoniniSumode @zezenzuska las Nancys Rubias en Eurovisión en Rusia. Yo lo veo.","twitter.com/Rocigaot/status/602239722824544256"
"24/5/2015 0:26:44","","602239265930616832","","La que daba los puntos de España iba pedo o algo, pero al menos no ha dicho 'oig points' como la del año pasado. #ESC2015","twitter.com/Rocigaot/status/602239265930616832"
"24/5/2015 0:13:05","","602235829793198080","","Acabo de hacer la fuente con la cerveza y he duchado el monitor. https://twitter.com/DrZurdo/status/602234902512271360 …","twitter.com/Rocigaot/status/602235829793198080"
"24/5/2015 0:12:21","2","602235646984462336","2","No es por nada, España, pero si Australia queda por encima no va a valer la excusa de 'es que se votan entre vecincos'. #ESC2015","twitter.com/Rocigaot/status/602235646984462336"
"24/5/2015 0:09:11","1","602234850351960065","","@Tawil se é a típica canción hortera que cantan nas vodas de 'Casamos'.","twitter.com/Rocigaot/status/602234850351960065"
"24/5/2015 0:08:24","1","602234653060235264","","@SoniniSumode oye, pues yo creo que encajarían genial. Eurovisión es de mandar frikadas, y ahí no les gana ni dios.","twitter.com/Rocigaot/status/602234653060235264"
"24/5/2015 0:07:23","","602234395408359424","","El que da los puntos de Letonia va rebonico también. #ESC2015","twitter.com/Rocigaot/status/602234395408359424"
"23/5/2015 23:59:51","4","602232498173681665","1","Siempre decían que Grecia le daba a España por la reina, pero se ve que la cornamenta de Campechano con Corinna ha pasado factura. #ESC2015","twitter.com/Rocigaot/status/602232498173681665"
"23/5/2015 23:53:22","2","602230869097590784","","Pásame el balón, que no me están marcando!pic.twitter.com/7ntP3xOxgo","twitter.com/Rocigaot/status/602230869097590784"
"23/5/2015 23:37:25","","602226855522017280","","@mvizaguirre é tan sumamente hortera que mola.","twitter.com/Rocigaot/status/602226855522017280"
"23/5/2015 23:28:59","1","602224732558258176","","Esto está siendo un bajonazo tal que la actuación de Hungría en comparación es un concierto de AC/DC #ESC2015","twitter.com/Rocigaot/status/602224732558258176"
"23/5/2015 23:25:47","2","602223925137973248","6","La cosa está reñida porque todos los que van de magos oscuros han sacrificado su respectiva cabra para que Satán les dé la victoria #ESC2015","twitter.com/Rocigaot/status/602223925137973248"
"23/5/2015 23:23:06","","602223251654373376","","o/https://twitter.com/disquecool/status/602223021814865920 …Cantos estades 'alegres' pola nosa culpa? #disquevision15","twitter.com/Rocigaot/status/602223251654373376"
"23/5/2015 23:18:05","","602221986849366016","","Creo que voy a apoyar a Australia, por los buenos tiempos de #oproxecto.","twitter.com/Rocigaot/status/602221986849366016"
"23/5/2015 23:17:18","","602221790455341056","","Pues este año no tengo claro favorito. Pensaba ir con Islandia pero me los tumbaron en las semifinales. #ESC2015","twitter.com/Rocigaot/status/602221790455341056"
"23/5/2015 23:15:18","","602221288262934528","","@sil_loh ya te digo! igual como ahora la moda es que todos canten en inglés, no quería que se enteraran de que no lo estaba haciendo.","twitter.com/Rocigaot/status/602221288262934528"
"23/5/2015 23:13:21","2","602220797600608256","1","También os digo que le entiendo mejor lo que dicen a los Il Divo de marca blanca que a Edurne. #ESC2015","twitter.com/Rocigaot/status/602220797600608256"
"23/5/2015 22:54:43","","602216107576061954","","Yo creo que a la de Georgia me la crucé alguna vez en los baños del Pánico. #ESC2015","twitter.com/Rocigaot/status/602216107576061954"
"23/5/2015 22:52:41","","602215596286156800","","La húngara tiene un entusiasmo de estar ahí que me extraña que se haya dejado arreglar y no haya aparecido en chándal directamente. #ESC2015","twitter.com/Rocigaot/status/602215596286156800"
"23/5/2015 22:45:23","","602213761072635904","","Pues a estas alturas yo aún no he oído la canción de Edurne. Me he reservado para el WTF is this shit en la final. #ESC2015","twitter.com/Rocigaot/status/602213761072635904"
"23/5/2015 22:36:25","","602211502804828160","","@callaquenoveo esto es como cuando en Glee llevaban al grupo de sordos cantando Imagine.","twitter.com/Rocigaot/status/602211502804828160"
"23/5/2015 22:18:07","","602206899296182273","2","El de austria es una mezcla entre los BeeGees y 'acabo de llegar de un pueblo amish en Utah' #ESC2015","twitter.com/Rocigaot/status/602206899296182273"
"23/5/2015 22:06:01","","602203851941400576","","Dios, el de Chipre da aún más pereza que los Noruegos. #ESC2015","twitter.com/Rocigaot/status/602203851941400576"
"23/5/2015 22:04:09","","602203382661697537","","@xandreroman @yellowlaura e de puntos?","twitter.com/Rocigaot/status/602203382661697537"
"23/5/2015 21:55:26","","602201190760378368","","Noruega trae pop cortavenas hipster. #ESC2015","twitter.com/Rocigaot/status/602201190760378368"
"23/5/2015 21:45:22","2","602198654879932416","","El límite de tres minutos ha impedido a los armenios sacrificar un recién nacido a los dioses oscuros. #ESC2015","twitter.com/Rocigaot/status/602198654879932416"
"23/5/2015 21:30:37","7","602194943071940608","12","La canción de Israel es 'un canto a la libertad que se vive en Tel-Aviv'. Porque la de Palestina no les da ni para un politono. #ESC2015","twitter.com/Rocigaot/status/602194943071940608"
"23/5/2015 21:26:33","2","602193919003271168","","Uf, una canción de las de stop guerras. Ya que saquen los palitos luminosos como en Los Simpson. #Perezón  #ESC2015","twitter.com/Rocigaot/status/602193919003271168"
"23/5/2015 21:23:55","","602193259536998401","","Yo sobre estos ya me pronuncié en la semifinal. #ESC2015https://twitter.com/Rocigaot/status/601481832278978560 …El dúo de ahora es un matrimonio y el nombre del grupo es mezcla de sus dos nombres. Rollo Bar PayMar, de Paco y Mari. #ESC2015","twitter.com/Rocigaot/status/602193259536998401"
"23/5/2015 18:25:49","","602148438084562945","","@Srta_Angus yo con las de Negreira en los carteles electorales. Tengo uno casi al lado de casa y me dan miedo.","twitter.com/Rocigaot/status/602148438084562945"
"23/5/2015 18:17:46","1","602146412609073154","","@laMascota mira, ya sé de qué me voy a disfrazar los próximos carnavales. Lo tendrán los chinos o tendré que ir al Party Fiesta?","twitter.com/Rocigaot/status/602146412609073154"
"23/5/2015 15:59:51","2","602111702910509056","","@SantaSuki @Tabernita @Rebeca_LL yo también los busqué. https://www.youtube.com/watch?v=66qBaUpoctc …","twitter.com/Rocigaot/status/602111702910509056"
"23/5/2015 15:50:16","1","602109289952628736","","@Tabernita @SantaSuki @Rebeca_LL pero apalizarlo con una fusta reglamentaria de BDSM de Hello Kitty, claro.","twitter.com/Rocigaot/status/602109289952628736"
"23/5/2015 15:44:15","3","602107778090573824","","En el fondo está bien que haya condones de Mr Wonderful, para asegurarnos de que los fans de la marca no se reproduzcan.","twitter.com/Rocigaot/status/602107778090573824"
"23/5/2015 15:43:06","1","602107487936995328","","@SantaSuki @Tabernita @Rebeca_LL no me había enterado de la existencia de esos condones. Y vivía más feliz. :P","twitter.com/Rocigaot/status/602107487936995328"
"23/5/2015 14:53:15","1","602094944052969472","1","@El__Yayo ponles algo pa picarpic.twitter.com/339aHUddnB","twitter.com/Rocigaot/status/602094944052969472"
"23/5/2015 14:26:55","1","602088315215597569","","El colega que reaparece cuando lo deja con la novia y se empeña en que volváis a jugar la pachanguilla de los sábadospic.twitter.com/aWot6DV5Z3","twitter.com/Rocigaot/status/602088315215597569"
"23/5/2015 14:20:50","","602086784051322881","","@oneafter909_ sí, esa coñecíaa, e unha de galeses. Pero con escoceses xa sería o máximo desafío!","twitter.com/Rocigaot/status/602086784051322881"
"23/5/2015 14:16:14","","602085628654833665","","@oneafter909_ pero hai versión escocesa dese programa ou é a americana e é unha escocesa emigrada? haberá tamén un Jersey Shore escocés?","twitter.com/Rocigaot/status/602085628654833665"
"23/5/2015 14:09:04","","602083823095042048","","@oneafter909_ o de escoitar a escoceses e listening extremo.","twitter.com/Rocigaot/status/602083823095042048"
"23/5/2015 3:27:10","1","601922284970971136","","Sería más maduro y menos pasivoagresivo bajar a quejarme, pero la privación de sueño me pone de mala hostia.","twitter.com/Rocigaot/status/601922284970971136"
"23/5/2015 3:24:12","","601921536883367936","","Se lo he dejado en rock fm, que visto el recital pachanguero de esta tarde fijo les va a encantar.","twitter.com/Rocigaot/status/601921536883367936"
"23/5/2015 3:21:48","","601920936175136769","","Como siguen a voces y mi habitación está sobre la suya,he puesto el radio despertador al máximo pa las 8 y me he ido al cuarto de invitsdos","twitter.com/Rocigaot/status/601920936175136769"
"23/5/2015 2:28:25","2","601907498824634368","","A ver si las del 3º se hartan y suben a echarles la bronca antes que yo,que voy a imponer poco respeto con el pijama de Bob Esponja.","twitter.com/Rocigaot/status/601907498824634368"
"23/5/2015 2:12:39","2","601903531327631361","1","El mejor vecino que tuve hasta la fecha era el de los perros. 3 chuchos como caballos y ni un ruido. En tema vecinal, perros > gente.","twitter.com/Rocigaot/status/601903531327631361"
"23/5/2015 2:07:11","1","601902154157264896","","Igual de paso molesto a los vecinos del otro lado, pero son daños colaterales bastante asumibles,que tienen un niño con flauta.","twitter.com/Rocigaot/status/601902154157264896"
"23/5/2015 2:06:16","4","601901923902554112","","A los vecinos de quién van a despertar mañana a las 9:00 con Iron Maiden a todo trapo? o/","twitter.com/Rocigaot/status/601901923902554112"
"23/5/2015 1:17:55","1","601889758726508544","","Que digo yo, si necesitáis compañía constante de más gente para no estar discutiendo, dejadlo ya y dejadme dormir, cojones.","twitter.com/Rocigaot/status/601889758726508544"
"23/5/2015 1:17:14","","601889584914509824","","Ya son los 2ºs vecinos así que tengo. Parejas que o tienen gente en casa y hacen ruido de fiesta, o están solos y hace ruido de bronca.","twitter.com/Rocigaot/status/601889584914509824"
"23/5/2015 0:47:46","","601882169154392064","","@zezenzuska eso es lo que van a decir cuando se den cuenta del descojone general.","twitter.com/Rocigaot/status/601882169154392064"
"23/5/2015 0:41:54","","601880692755210240","","@Chinobi_Ninja o dejarle a una amable monjita que te guíe y te coja la papeleta correcta.","twitter.com/Rocigaot/status/601880692755210240"
"23/5/2015 0:38:57","1","601879953207078912","","La urna te confunde, parafraseando a Dinio.https://twitter.com/marianorajoy/status/601868756416012288 …Cuidado con votar a otro partido porque se acaba votando al PSOE sin darse cuenta #VotaPP","twitter.com/Rocigaot/status/601879953207078912"
"23/5/2015 0:05:49","1","601871615236911105","","@laMascota el momento niño en la caja es XDDDDD","twitter.com/Rocigaot/status/601871615236911105"
"23/5/2015 0:04:02","","601871164978425858","","@laMascota viste esto? XD  https://www.youtube.com/watch?v=Ervtik_7jYQ …","twitter.com/Rocigaot/status/601871164978425858"
"22/5/2015 23:53:58","2","601868629253169152","","@laMascota es como cuando se aprobó aquí,que oías la Cope y pensabas que te harían dejar a tu novio para casarte con una señora de Murcia.","twitter.com/Rocigaot/status/601868629253169152"
"22/5/2015 20:28:33","","601816936717115392","","Cuando volvió a casa, la música horrible de los vecinos seguía ahí a todo trapo. #microcuento #redrum","twitter.com/Rocigaot/status/601816936717115392"
"22/5/2015 18:59:53","","601794623384719360","","@errejoners joder, sí que paga bien ABC a los freelance!","twitter.com/Rocigaot/status/601794623384719360"
"22/5/2015 17:13:09","","601767761749086212","","Y ahora han pasado del reaggetón a Pijandro Sanz. Esto es denunciable al Tribunal de la Haya? #socorrito","twitter.com/Rocigaot/status/601767761749086212"
"22/5/2015 17:10:15","","601767033554993153","","Por algún motivo, mis vecinos piensan que nadie en esta calle tiene radio ni spotify y han decidido compartir su reaggetón con todos.","twitter.com/Rocigaot/status/601767033554993153"
"22/5/2015 2:19:39","","601542907414228992","","@oneafter909_ sería o máis listo de todo o programa, presentadora incluida.","twitter.com/Rocigaot/status/601542907414228992"
"22/5/2015 2:14:37","1","601541641103507456","","@oneafter909_ pois paréceme ben, oes. É unha das miñas razas de can preferidas.","twitter.com/Rocigaot/status/601541641103507456"
"22/5/2015 1:02:40","1","601523530623283201","","@PotiPotiInLove Encima como estuvisteis jugando con él,seguro que al volver a la manada la madre lo repudió porque le notó olor a humano :(","twitter.com/Rocigaot/status/601523530623283201"
"22/5/2015 0:49:26","","601520201222467584","","@PotiPotiInLove qué habrá sido de ese bonico del tó? En qué lista de Ciudadanos estará metido?","twitter.com/Rocigaot/status/601520201222467584"
"21/5/2015 22:32:36","","601485765755990016","","@DR_roldi @El__Yayo os engordaban para que alguien se os comiera?","twitter.com/Rocigaot/status/601485765755990016"
"21/5/2015 22:16:58","2","601481832278978560","2","El dúo de ahora es un matrimonio y el nombre del grupo es mezcla de sus dos nombres. Rollo Bar PayMar, de Paco y Mari. #ESC2015","twitter.com/Rocigaot/status/601481832278978560"
"21/5/2015 21:58:46","1","601477254120656901","","Lo de Azerbayán ganaba mucho sustituyendo a los bailarines por los tiburones de Katy Perry en la SuperBowl. #ESC2015","twitter.com/Rocigaot/status/601477254120656901"
"21/5/2015 15:35:39","","601380838933159936","","Allá vamos todos los filólogos a Guantánamo.  https://twitter.com/soydelbierzo/status/601379220368072704 …","twitter.com/Rocigaot/status/601380838933159936"
"21/5/2015 15:15:53","","601375864677335040","","Al final Ciudadanos va a tener que expulsar a tanto candidato que sólo quedarán en listas los que metieron sin consentimiento para rellenar","twitter.com/Rocigaot/status/601375864677335040"
"21/5/2015 14:48:54","","601369074539593728","","@Musicofeminista ay, ojalá. Es por el cartel de 'en Madrid se baila chotis, no reaggetón' que pusieron los okupas nazis.","twitter.com/Rocigaot/status/601369074539593728"
"21/5/2015 14:19:33","3","601361688277950464","3","@El__Yayo yo es que me estoy imaginando a dos skinheads agarraos bailando 'pichi, es el chulo que castiga' y me estoy desorinando.","twitter.com/Rocigaot/status/601361688277950464"
"21/5/2015 14:15:23","2","601360638179471360","","Neonazis bailando chotis. Quedaos con esa imagen mental, por favor. XD","twitter.com/Rocigaot/status/601360638179471360"
"21/5/2015 0:35:30","3","601154306025324544","","Si fuera mi hija colgaba la foto en grande en el salón, donde otros padres ponen la de la primera comunión XDhttps://twitter.com/Suanzes/status/601147577980051458 …La foto del año! https://www.facebook.com/ElMundoCantabria/photos/a.115756625181513.24008.113176648772844/816243935132775/?type=1&theater … vía @alfmatcad pic.twitter.com/gL9qIjv9iz","twitter.com/Rocigaot/status/601154306025324544"
"20/5/2015 22:10:16","1","601117758458372096","","@SoniniSumode qué bueno el piñabolso!!","twitter.com/Rocigaot/status/601117758458372096"
"20/5/2015 15:33:41","","601017954415808512","","@Tabernita mujer, eso es que eres una cazatendencias de esas. XD","twitter.com/Rocigaot/status/601017954415808512"
"20/5/2015 15:31:25","","601017383160020992","","@oneafter909_ si va por la serie esa del crucero de Telecinco, creo que prefiero embarcar con el capitán del Costa Concordia.","twitter.com/Rocigaot/status/601017383160020992"
"20/5/2015 14:03:00","2","600995135262961664","1","@ComandanteVimes yo creía que el protocolo si ves a Aguirre es tirarte en plancha al arcén por si te atropella.","twitter.com/Rocigaot/status/600995135262961664"
"20/5/2015 3:20:28","","600833434727100416","","@natxox pues unas cuantas hacía,aparte de ir a paso de tortuga. Lo cogí sólo un par de veces por huelga de buses y era la muerte en bolsitas","twitter.com/Rocigaot/status/600833434727100416"
"20/5/2015 2:22:37","","600818876360826880","","@natxox pues puede ser, pero yo después del tren Coruña-Ferrol que tardaba 2 horas y media en recorrer 40km...","twitter.com/Rocigaot/status/600818876360826880"
"20/5/2015 2:16:08","","600817246047436800","","@natxox pues será, pero te hablo del 2000 ó 2001, no tengo un recuerdo muy claro de lo que vi por la ventanilla del tren a estas alturas XD","twitter.com/Rocigaot/status/600817246047436800"
"20/5/2015 2:12:45","","600816394188562432","","@natxox yo es que de La Mancha no conozco nada, de verlo desde el tren cuando fui a Murcia allá en el pleistoceno, y ya.","twitter.com/Rocigaot/status/600816394188562432"
"20/5/2015 2:00:55","","600813416593432576","","@natxox yo nunca he pasado ni cerca, por eso sería aún más curioso si me descubro de candidata allí.","twitter.com/Rocigaot/status/600813416593432576"
"20/5/2015 1:48:07","2","600810196290666497","4","Esa intriga de no saber si me arrestarán por hacer chistes de Carrero Blanco o descubriré que soy nº15 de Cuñadanos en Motilla del Palancar","twitter.com/Rocigaot/status/600810196290666497"
"19/5/2015 22:43:31","","600763739646894081","","Y en la pausa de publicidad cascan dos anuncios seguidos de propaganda electoral: PP y Cuñadanos. #ESC2015","twitter.com/Rocigaot/status/600763739646894081"
"19/5/2015 22:20:50","1","600758028762124288","","@Srta_Angus como no sé si podré verla el sábado, voy adelantando ahora XD","twitter.com/Rocigaot/status/600758028762124288"
"19/5/2015 22:17:51","1","600757277700718592","","@Srta_Angus sólo son las semifinales, algo hay que dejar para la final.","twitter.com/Rocigaot/status/600757277700718592"
"19/5/2015 21:46:37","2","600749420636868608","4","'Pues al niño le han quedao pa septiembre mates, rap, y formación del espíritu emprendedor'https://twitter.com/sextaNoticias/status/600718696361910272 …Monago promete convertir el rap en enseñanza reglada si es reelegido  http://atres.red/u2_mg  pic.twitter.com/77oVwBguHW","twitter.com/Rocigaot/status/600749420636868608"
"19/5/2015 21:35:13","","600746550583754752","","@mjdelrio sí, según me dice @SuraTallulah van de país invitado. Eso se hacía ya de antes? Porque no me suena.","twitter.com/Rocigaot/status/600746550583754752"
"19/5/2015 21:33:04","1","600746010823041025","","Ya lo de meter a Israel como Europa era forzado, pero, Australia? #ESC2015","twitter.com/Rocigaot/status/600746010823041025"
"19/5/2015 21:32:31","2","600745870473170944","","Yo por lo pronto voy con Finlandia #ESC2015.","twitter.com/Rocigaot/status/600745870473170944"
"19/5/2015 21:19:22","","600742561603526656","","Mocedades, versión armenia. #ESC2015","twitter.com/Rocigaot/status/600742561603526656"
"19/5/2015 16:31:28","","600670110261579776","","@kalevorroko habemus mapache novo?","twitter.com/Rocigaot/status/600670110261579776"
"19/5/2015 16:01:30","","600662565996335104","","@Cascarelo pois alí supoño que o mesmo pasaría. Claro que as mulleres somos menos dadas a mexar contra estatuas, por razóns obvias.","twitter.com/Rocigaot/status/600662565996335104"
"19/5/2015 15:58:03","","600661698769494017","","@Cascarelo farei o que se poida, a ver se non me linchan XD","twitter.com/Rocigaot/status/600661698769494017"
"19/5/2015 15:54:17","","600660749497868288","","@Cascarelo de feito, descubrírono a segunda vez que viñeron á Coruña e botáronme a bronca por non terllo ensinado a primeira vez.","twitter.com/Rocigaot/status/600660749497868288"
"19/5/2015 15:53:19","","600660509189345280","","@Cascarelo cala, que as miñas amigas de Ávila namoráronse do Swatch xigante e sempre que veñen teñen que facerse unha foto con el. XD","twitter.com/Rocigaot/status/600660509189345280"
"19/5/2015 15:50:52","1","600659889669677056","","@Cascarelo non debería rir, que na Coruña temos un pavo real xigante nunha rotonda, pero...  XD","twitter.com/Rocigaot/status/600659889669677056"
"19/5/2015 14:32:24","3","600640143792406528","","Cuando te llega una notificación al FB de 'has sido etiquetado en una foto' y ves que es un cartel motivacional.pic.twitter.com/ot44zXFOk9","twitter.com/Rocigaot/status/600640143792406528"
"19/5/2015 12:10:43","1","600604490060955648","","@Srta_Angus calla, no mentes a la bicha, no vaya a ser...","twitter.com/Rocigaot/status/600604490060955648"
"19/5/2015 12:09:36","1","600604208186929152","","@Srta_Angus estamos en el 93? Mi máquina del tiempo funciona!","twitter.com/Rocigaot/status/600604208186929152"
"19/5/2015 1:54:44","","600449471378530304","","@Pezuniera @PotiPotiInLove la portada de El Mundo de mañana.https://twitter.com/lhermoso_/status/600418651691425794 …Ojo a la portada de El Mundo de mañana. pic.twitter.com/XFJgtynVX4","twitter.com/Rocigaot/status/600449471378530304"
"19/5/2015 1:34:24","1","600444352612192256","","@ozeiyo @alitecarlito @kalevorroko Miguel Angel Silva, Nika  y Joan Tena salen posando en los folletos de un doble grado en Derecho+ADE","twitter.com/Rocigaot/status/600444352612192256"
"19/5/2015 1:30:13","1","600443302471675905","","@alitecarlito @ozeiyo @kalevorroko de esa me acuerdo, que siempre estaba llorando o poniendo cara de estar oliendo huevos podres.","twitter.com/Rocigaot/status/600443302471675905"
"19/5/2015 1:27:31","1","600442620599500800","","@kalevorroko @ozeiyo @alitecarlito Hugo es el típico que está de copas con la llave del BMW en la mano a ver si así liga, fijo.","twitter.com/Rocigaot/status/600442620599500800"
"19/5/2015 1:13:50","1","600439179168894976","3","El que les grabó el videoclip electoral a los del PP de Oyón quiere a Podemos en el Gobiern....bueno, esto puede ser verdad perfectamente.","twitter.com/Rocigaot/status/600439179168894976"
"19/5/2015 1:12:12","2","600438766281428992","2","El creativo publicitario que hizo el anuncio de los monólogos de Ligeresa quiere a Podemos en el Gobierno. #IdeasParaElMundoDeAquíAl24Mayo","twitter.com/Rocigaot/status/600438766281428992"
"19/5/2015 1:07:02","","600437465653112832","","@ozeiyo @alitecarlito sí,creo que sí pero tanto no recuerdo (y me da pereza googlear pudiendo pasar el tiempo creando titulares de El Mundo)","twitter.com/Rocigaot/status/600437465653112832"
"19/5/2015 1:04:04","1","600436722254671872","","@ozeiyo @alitecarlito esa no es la que se casó con uno del PP y daba conciertillos en actos provida? O me confundo de triunfita?","twitter.com/Rocigaot/status/600436722254671872"
"19/5/2015 0:58:01","1","600435197159550976","2","Los que aparcan ocupando dos plazas quieren a Podemos en el Gobierno #IdeasParaElMundoDeAquíAl24Mayo","twitter.com/Rocigaot/status/600435197159550976"
"19/5/2015 0:37:08","9","600429942007066624","6","El que inventó el término 'fofisano' quiere a Podemos en el Gobierno #IdeasParaElMundoDeAquíAl24Mayo","twitter.com/Rocigaot/status/600429942007066624"
"19/5/2015 0:23:59","1","600426632944431105","2","Tu vecino el que te despierta los domingos a las 9 con bachata a todo trapo quiere a Podemos en el gobierno #IdeasParaElMundoDeAquíAl24Mayo","twitter.com/Rocigaot/status/600426632944431105"
"19/5/2015 0:22:52","1","600426350722162688","1","Joder, estábamos tan pendientes de las portadas tróspidas del ABC que ni hemos visto venir la de El Mundo.","twitter.com/Rocigaot/status/600426350722162688"
"19/5/2015 0:21:54","2","600426108048248832","2","Sauron quiere a Podemos en el Gobierno #IdeasParaElMundoDeAquíAl24Mayo","twitter.com/Rocigaot/status/600426108048248832"
"18/5/2015 17:07:22","","600316756650041344","1","AY, QUE NO HABÍA VISTO LA MOSCA DE LA U.https://twitter.com/rosadiezupyd/status/600204917358333952 …Para nosotros hasta tu desayuno importa     #Libres pic.twitter.com/3Xjk38NEZG","twitter.com/Rocigaot/status/600316756650041344"
"18/5/2015 14:58:34","2","600284343815303168","","Pues a lo tonto se me ha pegado la musiquita del vídeo del PP de Oyón. Algún lobotomizador en la sala?","twitter.com/Rocigaot/status/600284343815303168"
"18/5/2015 14:35:42","1","600278588164825088","","@morganaskwlkr múdate a Coruña, el año pasado tuvimos tiempo de medias hasta julio. :P","twitter.com/Rocigaot/status/600278588164825088"
"18/5/2015 12:03:00","2","600240159465037824","","Un clásico LET, las subvenciones están fatal pero aflójame la pasta para llevar al nene a la privada.","twitter.com/Rocigaot/status/600240159465037824"
"18/5/2015 11:03:07","","600225089368502272","","@WatchingIu en la vida lo había oído!","twitter.com/Rocigaot/status/600225089368502272"
"18/5/2015 2:47:41","1","600100407625576448","","@Chinobi_Ninja casi mejor napalm.","twitter.com/Rocigaot/status/600100407625576448"
"18/5/2015 2:46:54","","600100211944497152","","Vale, tamaño centollo igual es mucho,pero en algún bar la podrían hacer pasar por una nécora si el cliente tiene pinta de turista madrileño","twitter.com/Rocigaot/status/600100211944497152"
"18/5/2015 2:44:46","1","600099675341979648","","Lo mejor para conciliar el sueño es encontrarte, justo antes de ir a la cama, una araña del tamaño de un centollo #no","twitter.com/Rocigaot/status/600099675341979648"
"18/5/2015 1:16:35","","600077484894396417","","@Chinobi_Ninja sí, eso resume bastante la conversación. Aunque ese bigote es más Aznar que Pérez Reverte.","twitter.com/Rocigaot/status/600077484894396417"
"18/5/2015 1:06:42","1","600074994299830273","","@gmit3 no viste el día que hablaron de 'El secreto' y ni De Vidente se lo creía? Fue grandioso aquello.","twitter.com/Rocigaot/status/600074994299830273"
"18/5/2015 1:04:57","3","600074554388684801","","Es oír hablar de Reverte y recordar la mejor conversación tuitera en la que he estado en lo que va de año.https://twitter.com/Tawil/status/590887195411611648 …— Meu, comes-me a cona fatal.
— No mira guapa, no seas inculta. La RAE dice que... pic.twitter.com/wCsZ2dctX2","twitter.com/Rocigaot/status/600074554388684801"
"18/5/2015 0:26:01","","600064758793003008","2","Cuando vas a ver al recién nacido de unos amigos y dices 'uy, qué rico...' intentando que no se te note que mientes.pic.twitter.com/6eX4vCC2mT","twitter.com/Rocigaot/status/600064758793003008"
"18/5/2015 0:06:54","","600059946655440896","","@PotiPotiInLove mi duda ahora es: han pagado por la grabación de esa cosa?","twitter.com/Rocigaot/status/600059946655440896"
"17/5/2015 23:59:29","","600058079783329792","","@PotiPotiInLove estoy de acuerdo con el primer comentario del youtube. El que les hizo el video es de Podemos, fijo.","twitter.com/Rocigaot/status/600058079783329792"
"17/5/2015 23:55:38","","600057113059184641","","Fantasmas en medios de comunicación? Buah, novedad. #CuartoMilenio","twitter.com/Rocigaot/status/600057113059184641"
"17/5/2015 23:27:23","1","600050002325590017","","@Pozuelen Carmona, campaña o revienta.","twitter.com/Rocigaot/status/600050002325590017"
"17/5/2015 23:23:54","1","600049125950922753","11","Rescato esto que creo que no le hicisteis justicia en su día.pic.twitter.com/6pNylVyopK","twitter.com/Rocigaot/status/600049125950922753"
"17/5/2015 23:11:35","2","600046024221130752","","@SnowFey en el de la policía?","twitter.com/Rocigaot/status/600046024221130752"
"17/5/2015 22:47:16","1","600039905205575680","","Cuando habíais quedado en disfrazaros de los ángeles de Charlie en Carnaval y tus dos amigas te plantan a última horapic.twitter.com/jrkrB3WQIV","twitter.com/Rocigaot/status/600039905205575680"
"17/5/2015 22:32:01","1","600036067346149377","1","Cuando veías al que te molaba estando de botellón y reunías valor para ir a saludarle.pic.twitter.com/1xk4PAoGDk","twitter.com/Rocigaot/status/600036067346149377"
"17/5/2015 22:30:28","","600035679549181952","","Cuando vas a una boda y te sientan en la mesa de los descartes junto a un supercuñado.pic.twitter.com/HpF4tGo0V9","twitter.com/Rocigaot/status/600035679549181952"
"17/5/2015 21:57:17","","600027326072692737","","@familiasunshine yo tengo pero lo miro más desde el ordenador, que con la pantalla táctil del móvil siempre la lío.","twitter.com/Rocigaot/status/600027326072692737"
"17/5/2015 21:53:34","","600026392617721858","1","@familiasunshine yo hoy por culpa de la pantalla táctil le di like en feisbuc a un álbum de Cuñadanos haciendo campaña. :(","twitter.com/Rocigaot/status/600026392617721858"
"17/5/2015 17:07:55","2","599954507494199296","","@PotiPotiInLove cómo es lo de la dieta? les obligas a comer bacon para colapsarles las arterias?","twitter.com/Rocigaot/status/599954507494199296"
"17/5/2015 15:44:25","1","599933491468435456","","@PotiPotiInLove yo ya me he llevado varios chascos por eso mismo, pero no pierdo la esperanza.","twitter.com/Rocigaot/status/599933491468435456"
"17/5/2015 0:53:45","","599709347678199809","","@Chinobi_Ninja ES QUE NADIE VA A PENSAR EN LOS NIÑOS DE RAJOY??","twitter.com/Rocigaot/status/599709347678199809"
"17/5/2015 0:49:34","3","599708297000853504","","@Marmota_Maligna igual los del Ministerio del Tiempo convencieron a Franco para hacer pantanos pa que el hijo de Rajoy tuviera eso al menos","twitter.com/Rocigaot/status/599708297000853504"
"17/5/2015 0:47:27","38","599707762772340736","77","Te enteras a estas horas del drama humano del hijo de Rajoy y se te queda un mal cuerpo que a ver quién duerme.https://twitter.com/mjguemes/status/599651964566249473 …Rajoy: 'A mi hijo le gusta mucho la vela y como vive en Madrid tiene que ir a un pantano' http://directo.cadenaser.com/Event/Elecciones_autonomicas_y_municipales_las_caravanas/164238519 …","twitter.com/Rocigaot/status/599707762772340736"
"16/5/2015 23:13:41","","599684166754684928","","You talking to me?pic.twitter.com/kny74ptqyw","twitter.com/Rocigaot/status/599684166754684928"
"16/5/2015 23:03:38","4","599681638537265154","","Con la que liaron los MRA por lo de Charlize Theron en Mad Max veréis cuando se enteren de lo de la nueva de Torrentepic.twitter.com/jFeRG1nqyb","twitter.com/Rocigaot/status/599681638537265154"
"16/5/2015 22:57:46","","599680161345314816","","La nueva heroína de acción. THANCHANCHANCHÁN! GUAR-DIA-NA-DE-LA-BAN-DE-RA!pic.twitter.com/i1BICxBXX2","twitter.com/Rocigaot/status/599680161345314816"
"16/5/2015 1:44:20","1","599359690519240704","","@PotiPotiInLove fue apoteósico. Encima estuvo como hora y pico discutiendo, el tío convencidísimo, y cuando suelta lo del ERE fue...","twitter.com/Rocigaot/status/599359690519240704"
"16/5/2015 1:34:03","1","599357104630161409","1","@PotiPotiInLove fue de lo más grande que me ha pasado por twitter jamás. XD","twitter.com/Rocigaot/status/599357104630161409"
"16/5/2015 1:26:20","1","599355161258151936","","@PotiPotiInLove y ya tras dos horas de chapa así, dice que al final hubo un ERE y los largaron a todos, incluido él.","twitter.com/Rocigaot/status/599355161258151936"
"16/5/2015 1:25:26","","599354933524172800","","@PotiPotiInLove y que si sus jefes sabían que él era profesional y lo valoraban más que al resto por eso, y no sé qué rollo más (3)","twitter.com/Rocigaot/status/599354933524172800"
"16/5/2015 1:23:06","1","599354347970023425","","@PotiPotiInLove era el primero, y que si siempre daba todo al 100% y que si qué vagos los que no se entregaban como a él en el trabajo (2)","twitter.com/Rocigaot/status/599354347970023425"
"16/5/2015 1:22:20","","599354154251919361","","@PotiPotiInLove no sé si llegaste a ver una discusión que tuve hace ya tiempo por aquí con un padefo que decía que si para él el cliente (1)","twitter.com/Rocigaot/status/599354154251919361"
"16/5/2015 1:07:16","","599350361607020545","","@PotiPotiInLove y es como: 'joder, ¿EN SERIO os parece tan genial todo? En serio, que rule lo que os tomáis, que me hace falta'","twitter.com/Rocigaot/status/599350361607020545"
"16/5/2015 1:05:56","","599350027383939073","","@PotiPotiInLove yo tengo a peña en FB en plan superhappy positivo, diciendo que si este mes tienen tres trabajos (que no suman 600 euros)","twitter.com/Rocigaot/status/599350027383939073"
"16/5/2015 0:52:50","1","599346730648399874","","@PotiPotiInLove yo en el periodismo vi mucho síndrome de Estocolmo laboral de ese.Y en mi breve incursión en el mundo autónomos ni te cuento","twitter.com/Rocigaot/status/599346730648399874"
"15/5/2015 17:57:31","","599242211935522816","1","@ComandanteVimes igual ganas y todo, que tengo poca fe en la comprensión lectora de esa gente...","twitter.com/Rocigaot/status/599242211935522816"
"15/5/2015 14:48:19","1","599194597839998976","1","@ComandanteVimes pudiera llegar un día en que me aburriera de hacer chistes sobre la cabeza de Carromero. Pero hoy no es ese día.","twitter.com/Rocigaot/status/599194597839998976"
"15/5/2015 14:46:53","1","599194237922607104","2","@ComandanteVimes Santa María de la Cabeza? Patrona de Carromero?pic.twitter.com/PCiDjBasrL","twitter.com/Rocigaot/status/599194237922607104"
"15/5/2015 1:07:52","6","598988124283346944","1","También os digo que si el que te va a penetrar es Carmona, cualquier número de veces por encima de cero me parece un exceso.","twitter.com/Rocigaot/status/598988124283346944"
"15/5/2015 1:06:42","3","598987832913453056","","Ay, que no había visto la de Carmona todavía.pic.twitter.com/7FNhlJsx5x","twitter.com/Rocigaot/status/598987832913453056"
"15/5/2015 0:47:33","1","598983013502947328","","@morganaskwlkr joder, si es que cuanto más lo veo más yuyu da. Si tengo pesadillas será tu culpa :P","twitter.com/Rocigaot/status/598983013502947328"
"15/5/2015 0:43:06","1","598981892281671680","","@morganaskwlkr Ya te digo, es un poco rollo asesino de Scream versión ecológica.","twitter.com/Rocigaot/status/598981892281671680"
"15/5/2015 0:40:55","","598981342114766848","","@morganaskwlkr HOSTIAS!","twitter.com/Rocigaot/status/598981342114766848"
"14/5/2015 21:21:11","","598931080616488960","","@PotiPotiInLove es que esa foto pide un meme a gritos.","twitter.com/Rocigaot/status/598931080616488960"
"14/5/2015 21:19:18","1","598930606051975168","2","No sé si se me ocurre un plan que mole tanto como este. Tal vez hacerse la depilación brasileña con un soplete.https://twitter.com/EsperanzAguirre/status/598922954513248256 …Mañana, por la mañana, a misa en la Real Colegiata de San Isidro y a la Pradera.

Y, por la tarde, a los toros con Vargas-Llosa. ¡Buen día!","twitter.com/Rocigaot/status/598930606051975168"
"14/5/2015 21:16:55","1","598930004605542402","","@PotiPotiInLove queda feo citarse a una misma, pero....https://twitter.com/Rocigaot/status/597130512386371589 …pic.twitter.com/pHIjP2tpCp","twitter.com/Rocigaot/status/598930004605542402"
"14/5/2015 15:22:41","1","598840861049409537","1","@PotiPotiInLove  es como cuando trincaron a Al Capone por evasión de impuestos.","twitter.com/Rocigaot/status/598840861049409537"
"14/5/2015 13:27:15","","598811808737157120","1","@Srta_Angus máster combinado en 'apariciones de la virgen+coaching' #compro","twitter.com/Rocigaot/status/598811808737157120"
"14/5/2015 1:12:10","","598626818862743553","1","@ComandanteVimes pero ahora ya me lo has recordado. Ya te vale. :P","twitter.com/Rocigaot/status/598626818862743553"
"14/5/2015 1:08:04","","598625789870002176","","@ComandanteVimes joder, había olvidado que existía!","twitter.com/Rocigaot/status/598625789870002176"
"13/5/2015 23:08:41","","598595743893553152","","@LumpenPerro estos son unos disidentes. Donde esté el Frente del Pueblo Judaico...","twitter.com/Rocigaot/status/598595743893553152"
"13/5/2015 11:12:33","2","598415522515005440","","@Facking_Ancho @Pozuelen joder, a ese amigo o amiga tienes derecho a exigirle hasta que te done un riñón si hace falta.","twitter.com/Rocigaot/status/598415522515005440"
"13/5/2015 11:10:32","2","598415016396718080","","@Facking_Ancho @Pozuelen porque nadie quería ir con ella y me dio pena. Y porque me salía gratis que tenía pase de prensa, también es cierto","twitter.com/Rocigaot/status/598415016396718080"
"13/5/2015 11:08:54","2","598414603933061120","","@Pozuelen @Facking_Ancho yo acompañé a una amiga a ver a Maná. Ni siquiera a alguien a quien me quisiera follar, a una amiga. Beatificadme.","twitter.com/Rocigaot/status/598414603933061120"
"13/5/2015 10:55:54","1","598411334754160640","","@Bilborrebotado fijo, no llegó a superar la muerte de Franc...de Chanquete.","twitter.com/Rocigaot/status/598411334754160640"
"13/5/2015 10:55:01","3","598411109809393664","7","Identificado el hipster que se coló con su bici en el Giro de Italia. Aquí con dos amigas rumbo al FIB.pic.twitter.com/5WdGrzinGg","twitter.com/Rocigaot/status/598411109809393664"
"13/5/2015 10:51:51","5","598410312623235072","4","Remember the kids from 'Verano Azul'? These are them now. Feel old yet?pic.twitter.com/sNsdEyiXmC","twitter.com/Rocigaot/status/598410312623235072"
"13/5/2015 0:33:18","1","598254652707217408","","@laMascota @Facking_Ancho pero igual si te quedas parada esperando a que el bicho se mueva (alguna vez lo he hecho) te suspenden igual.","twitter.com/Rocigaot/status/598254652707217408"
"13/5/2015 0:30:13","2","598253874529570816","","@Facking_Ancho @laMascota y no atropelles gaviotas por el paseo martítimo, que conozco a una a la que suspendieron por eso.","twitter.com/Rocigaot/status/598253874529570816"
"13/5/2015 0:12:41","","598249461165461505","","@Pozuelen yo cuando voy debo de llegar por un portal del tiempo a un futuro gobernado por Pablemos, porque anda que no me clavan siempre.","twitter.com/Rocigaot/status/598249461165461505"
"12/5/2015 23:56:15","","598245326965846017","","Que tampoco es que tenga muchos, pero un ratito zapateando con cada par aún tiene que joder.","twitter.com/Rocigaot/status/598245326965846017"
"12/5/2015 23:55:39","2","598245177078194177","1","Lo bueno es que como los ruidosos están en el piso de abajo, si me desvelo puedo esperar a que se acuesten para probarme TODOS mis tacones.","twitter.com/Rocigaot/status/598245177078194177"
"12/5/2015 23:53:51","","598244724269576192","","Y mis vecinos no podían hacer los botellones en fin de semana como la gente normal?","twitter.com/Rocigaot/status/598244724269576192"
"12/5/2015 23:16:41","5","598235371529310208","4","@El__Yayo @MargaretCastor @sorluciacaram no sé cuando ni dónde vi esto y lo guardé para cuando viniera a cuento. xDpic.twitter.com/EOUHSmpBGE","twitter.com/Rocigaot/status/598235371529310208"
"12/5/2015 22:48:32","1","598228286674702336","","Por favorcito, decidme que esto es fake. http://www.yometiroalmonte.es/2015/05/12/pp-getafe-regala-condones-cara-candidato/ …","twitter.com/Rocigaot/status/598228286674702336"
"12/5/2015 22:10:05","","598218608855142400","","@oneafter909_ vaya! Igual lo dejan en suspense para la próxima temporada.","twitter.com/Rocigaot/status/598218608855142400"
"12/5/2015 21:59:27","","598215932750757889","","@oneafter909_ no lo han hecho ya??","twitter.com/Rocigaot/status/598215932750757889"
"12/5/2015 21:52:23","4","598214153023664128","11","Se ve que si un hombre mata a los hijos de su pareja la culpa es de ella por no hacer voto de castidad perpetua.https://twitter.com/MujerPrensaSVQ/status/597712751637696512 …ABC y El Mundo publican esta carta al director que culpa a las mujeres de que sus parejas acaben matando a sus hijos pic.twitter.com/q8VijyI5us","twitter.com/Rocigaot/status/598214153023664128"
"12/5/2015 2:18:08","4","597918646867009536","1","Estoy leyendo por twitter lo de Anatomía de Grey. A ese hospital nunca le ha caído una inspección de seguridad laboral?","twitter.com/Rocigaot/status/597918646867009536"
"12/5/2015 1:44:07","","597910083612323840","","@PotiPotiInLove @Pezuniera @ComandanteVimes lo útiles que van a ser todas esas lecturas sobre productividad para picar piedra más rápido. XD","twitter.com/Rocigaot/status/597910083612323840"
"12/5/2015 1:34:04","2","597907555327856640","2","@Pezuniera @PotiPotiInLove @ComandanteVimes eso sí, lo montemos donde lo montemos, que en la entrada ponga 'Espacio de coworking'","twitter.com/Rocigaot/status/597907555327856640"
"12/5/2015 1:33:08","1","597907322317438977","","@Pezuniera @PotiPotiInLove @ComandanteVimes la verdad es que habría que montar gulags en todos los continentes, por tema de logística.","twitter.com/Rocigaot/status/597907322317438977"
"12/5/2015 1:28:41","1","597906199997190145","","@Pezuniera @PotiPotiInLove @ComandanteVimes yo tenía pensado algo por Soria o Teruel: poco comunicado y con clima extremo.","twitter.com/Rocigaot/status/597906199997190145"
"12/5/2015 1:26:12","","597905575159197697","","@PotiPotiInLove @ComandanteVimes @Pezuniera ya me estás plagiando mi propuesta electoral estrella para cuando sea lideresa XD","twitter.com/Rocigaot/status/597905575159197697"
"11/5/2015 1:54:58","1","597550427224289282","","Entonces el de 'Abraham, soy Dios y quiero que te cargues a tu hijo' era un extraterrestre al que le gustaba trollear, no? #CuartoMilenio","twitter.com/Rocigaot/status/597550427224289282"
"11/5/2015 1:50:35","6","597549326043328512","8","Extraterrestres reptilianos que se aparean con terrestres. Pero eso es la Biblia o V? #CuartoMilenio","twitter.com/Rocigaot/status/597549326043328512"
"11/5/2015 1:30:18","","597544219230806016","","@SnowFey joder, si es que el más normal de esa mesa es De Vidente, eso ya marca el nivel.","twitter.com/Rocigaot/status/597544219230806016"
"11/5/2015 1:19:51","1","597541591788683265","","'Cómo sería para los israelíes encontrarse con esos extraterrestres?' #CuartoMileniopic.twitter.com/x3RU8aV8x2","twitter.com/Rocigaot/status/597541591788683265"
"11/5/2015 1:16:49","2","597540825627807744","","'Hay huecos que no sabemos cómo rellenar'. Si os referís a la escaleta del programa, sí, hace tiempo que se viene notando. #CuartoMilenio","twitter.com/Rocigaot/status/597540825627807744"
"11/5/2015 1:14:12","1","597540169449873409","","@Marmota_Maligna típico, se dan cuenta a última hora de que van de visita sin llevar un detallito y compran cualquier mierda en los chinos","twitter.com/Rocigaot/status/597540169449873409"
"11/5/2015 1:03:18","","597537425934708736","","'La voz que dice no, recitando una serie de números'. Igual era el espíritu de alguien que curraba en un bingo. #CuartoMilenio","twitter.com/Rocigaot/status/597537425934708736"
"11/5/2015 1:01:14","","597536903005655040","","@deploreibol pero puedes dormir mirando hacia el otro lado, así en todo caso será su culo en tu nuca.","twitter.com/Rocigaot/status/597536903005655040"
"11/5/2015 0:59:29","","597536464201723904","","@deploreibol no cabes en el trozo que te deja libre muy generosamente?","twitter.com/Rocigaot/status/597536464201723904"
"11/5/2015 0:38:09","1","597531094184009728","","Coño, una curva republicana! #CuartoMilenio","twitter.com/Rocigaot/status/597531094184009728"
"11/5/2015 0:06:44","2","597523190857015298","","Que no esté poniendo de fondo 'like a rolling stone' para contar lo de las piedras que se mueven solas es un fallo #CuartoMilenio","twitter.com/Rocigaot/status/597523190857015298"
"11/5/2015 0:04:30","1","597522626479783937","","Qué supersticiosos los indios, creyendo que el niño deforme es Ganesha reencarnado... y seguimos con el fantasma samurai #CuartoMIlenio","twitter.com/Rocigaot/status/597522626479783937"
"10/5/2015 23:52:00","","597519481028612096","","@familiasunshine LET MI INNNNN!!!!","twitter.com/Rocigaot/status/597519481028612096"
"10/5/2015 23:51:48","","597519432521555969","","@familiasunshine yo casi me meo, literalmente con la falsa muerte de Jen, cuando se presenta el casa del que decía que se la había tirado","twitter.com/Rocigaot/status/597519432521555969"
"10/5/2015 23:47:40","","597518391516254209","","@familiasunshine Tiene grandes momentazos. https://www.youtube.com/watch?v=5Jp5OCV3E28 …","twitter.com/Rocigaot/status/597518391516254209"
"10/5/2015 23:33:02","","597514707407380480","","@familiasunshine soy muy fan :D","twitter.com/Rocigaot/status/597514707407380480"
"10/5/2015 15:21:40","1","597391052790706177","","@Srta_Angus ni idea, no se me ocurre ningún escritor al que los chavales pudieran confundir con él, pero sería un momento precioso.","twitter.com/Rocigaot/status/597391052790706177"
"10/5/2015 13:50:14","2","597368044260823041","1","Ay, ojalá esto mismo pero pasándole a Pérez-Reverte. http://www.lavozdegalicia.es/noticia/gente/2015/05/08/grupo-fans-queda-decepcionado-tras-confundir-marta-sanchez-fifth-harmony/00031431110451325744788.htm …","twitter.com/Rocigaot/status/597368044260823041"
"10/5/2015 13:41:18","","597365792502611969","","Pues como tengan que rogarle a la señora que eche a Pablemos van listos, que mira con lo del paro el caso que hizohttps://twitter.com/mariano9605/status/597361199391596546 …PP reparte panfletos en una Romería advirtiendo a los fieles q si no les votan, ganará Podemos http://www.elplural.com/2015/05/10/la-ultima-del-pp-reparte-panfletos-en-una-romeria-advirtiendo-a-los-feligreses-de-que-si-no-les-votan-gobernara-podemos/ … pic.twitter.com/F4Tnl551Ks","twitter.com/Rocigaot/status/597365792502611969"
"10/5/2015 0:51:16","1","597172007873155072","1","@mjdelrio @robciria Madrordor?","twitter.com/Rocigaot/status/597172007873155072"
"10/5/2015 0:50:16","","597171758010114048","","@LatveriasDoom oye, viendo como se forraron las del porno de dinosaurios, igual hay otro filón ahí.","twitter.com/Rocigaot/status/597171758010114048"
"10/5/2015 0:32:38","1","597167319278817281","","Están saliendo tantos libros chungos idealizando relaciones de maltrato que ya me da también para gulag de pseudoescritores de esos.","twitter.com/Rocigaot/status/597167319278817281"
"10/5/2015 0:30:03","1","597166668419309569","","@Iriagparente ya veo, ya. Joder, si es que vamos muy para atrás.","twitter.com/Rocigaot/status/597166668419309569"
"10/5/2015 0:27:52","1","597166122136375297","","Que yo pensaba que no podía existir nada más chungo que 50 sombras de Grey, pero mira, siempre hay margen para empeorar.","twitter.com/Rocigaot/status/597166122136375297"
"10/5/2015 0:24:57","2","597165386791026688","","Ni me había enterado de que existía el libro ese de 'After' que está comentando @Iriagparente . Y vivía más feliz, hoygan.","twitter.com/Rocigaot/status/597165386791026688"
"10/5/2015 0:00:46","1","597159300629450752","","@Dr_Fleibur ya estoy en modo REDRUM sólo de leer el desglose, así que no sé cómo leyendo el libro aún no ha prendido fuego a nada","twitter.com/Rocigaot/status/597159300629450752"
"9/5/2015 22:13:18","","597132257086832640","","@Srta_Angus se siente!","twitter.com/Rocigaot/status/597132257086832640"
"9/5/2015 22:06:22","1","597130512386371589","1","pic.twitter.com/pHIjP2tpCp","twitter.com/Rocigaot/status/597130512386371589"
"9/5/2015 15:32:15","","597031327813210116","","@delocoprimo @laMascota hostia, no me acordaba del truqui ese!","twitter.com/Rocigaot/status/597031327813210116"
"9/5/2015 0:56:06","","596810837257510913","","@Marmota_Maligna aquí nos vinieron unos días a 22 en semana santa y ya estábamos muchos en la playa cual lagartos","twitter.com/Rocigaot/status/596810837257510913"
"9/5/2015 0:50:19","1","596809380110151681","","@laMascota fue cuando me cambié el avatar, pa porsi.","twitter.com/Rocigaot/status/596809380110151681"
"9/5/2015 0:49:58","1","596809294592507905","","@laMascota yo en mi último curro descubrí a las dos semanas que mi jefe y yo nos seguíamos mutuamente en twitter vete a saber de cuándo.","twitter.com/Rocigaot/status/596809294592507905"
"9/5/2015 0:42:41","","596807461446758400","","@Marmota_Maligna yo cuando llueve hasta julio envidio a los que tenéis sol desde mayo. Luego recuerdo mis junios en Salamanca y se me pasa.","twitter.com/Rocigaot/status/596807461446758400"
"8/5/2015 20:01:36","","596736723478020098","","@delocoprimo que eche un1 euromillón. Estadísticamente las posibilidades son ínfimas,pero hay más que de hacerte rico ahorrando con el SMI.","twitter.com/Rocigaot/status/596736723478020098"
"8/5/2015 19:24:50","2","596727470793039872","","@Cascarelo @Tawil Á Coruña chégalle tamén. Ou será cousa do meu TL.","twitter.com/Rocigaot/status/596727470793039872"
"8/5/2015 19:07:47","1","596723180854779904","1","Hay alguna opción de 'silenciar todo lo que no sean fotos de gatos hasta que pase la campaña'?","twitter.com/Rocigaot/status/596723180854779904"
"8/5/2015 19:06:40","","596722900192886784","","Lo estoy poniendo aquí por no replicarle, que luego entramos en una espiral de comentarios kilométricos y se me va la tarde sin tocar el TFG","twitter.com/Rocigaot/status/596722900192886784"
"8/5/2015 19:05:35","3","596722624966819842","","Dice el pepero de mi FB sobre Monedero y Pablemos que las puñaladas son típicas de partidos comunistas. Lo de Espe y Rajoy será acupuntura.","twitter.com/Rocigaot/status/596722624966819842"
"8/5/2015 1:16:47","","596453656263798785","","@Harko_yo @ComandanteVimes a mí tampoco me bloquea nadie nunca, no soy nadie en twitter :(","twitter.com/Rocigaot/status/596453656263798785"
"8/5/2015 1:08:42","9","596451621317521408","7","Estoy viendo a conocidos que llevan años en el PP sin conseguir pillar carguito mirando a Ciudadanos con ojos de gato de Shrek.","twitter.com/Rocigaot/status/596451621317521408"
"8/5/2015 0:40:14","3","596444454745145344","1","@laMascota es aún mejor que el 'voy conduciendo a toda hostia para intentar arreglar lo del atropello de mi mujer' del Ministerio del Tiempo","twitter.com/Rocigaot/status/596444454745145344"
"7/5/2015 19:43:59","1","596369902358941696","","@deploreibol hay algún juego de beber para eventos networking? Rollo 'chupito cuando alguien diga proactividad'?","twitter.com/Rocigaot/status/596369902358941696"
"7/5/2015 19:39:47","1","596368844177985537","","@deploreibol adolescentes diciendo que no es un botellón, que es un evento networking,para que la poli no les quite el calimocho.","twitter.com/Rocigaot/status/596368844177985537"
"6/5/2015 22:31:34","1","596049687548944385","","@laMascota @zezenzuska creo que fue el año pasado que sí que tuvimos una concentración de esas. The horror, the horror.","twitter.com/Rocigaot/status/596049687548944385"
"6/5/2015 1:33:05","","595732980431253504","","@Pozuelen @errejoners la llamaban María a secas, no recuerdo cómo salió el tema para que confesara lo de 'de la regla'","twitter.com/Rocigaot/status/595732980431253504"
"6/5/2015 1:32:04","","595732726424203264","","@errejoners @Pozuelen que la vi una vez en la vida y no la reconocería si me la encontrara, pero lo del nombre me dejó traumita.","twitter.com/Rocigaot/status/595732726424203264"
"6/5/2015 1:31:31","","595732586976157696","","@errejoners @Pozuelen yo ni sabía que existía esa virgen hasta el día que me presentaron a la chica esa.","twitter.com/Rocigaot/status/595732586976157696"
"6/5/2015 1:31:00","","595732456910757888","","@missultrasonica @Pozuelen ya te digo, si es que hay padres muy cabrones.","twitter.com/Rocigaot/status/595732456910757888"
"6/5/2015 1:28:37","1","595731857188245505","","@Pozuelen al menos no hicieron el combo y la bautizaron 'Dolores de la Regla', que ya habría sido ser padres muy troll.","twitter.com/Rocigaot/status/595731857188245505"
"6/5/2015 1:26:50","","595731407063916545","","@Pozuelen yo me quejaba de mi nombre hasta que conocí a una chica a la que bautizaron como'María de la Regla' en honor a esa virgen.","twitter.com/Rocigaot/status/595731407063916545"
"6/5/2015 1:15:25","","595728536566165505","","@mjdelrio igual son torreznos light.","twitter.com/Rocigaot/status/595728536566165505"
"5/5/2015 21:55:34","","595678240615833600","2","Igual los demás ya lo sabíais, pero yo acabo de descubrir que en twitter puedes reportar blasfemias. #hadichojehovápic.twitter.com/RQje33uaRX","twitter.com/Rocigaot/status/595678240615833600"
"5/5/2015 14:59:27","","595573523340468224","","Sigfrid era el guionista que metía lo del trasplante de cerebro en el culebrón de Joey Tribbiani.","twitter.com/Rocigaot/status/595573523340468224"
"4/5/2015 1:44:10","","595010994574893056","","Ay, que están repitiendo el de Irene Villa en Friker. Otra oportunidad para acabar presa.","twitter.com/Rocigaot/status/595010994574893056"
"4/5/2015 1:37:41","","595009362097262592","","@callaquenoveo yo el invierno pasado tuve invasión de ciempiés, no sé cuántos días me encontré uno enorme cerca de la cama. Y acababa igual.","twitter.com/Rocigaot/status/595009362097262592"
"4/5/2015 1:16:00","","595003907098746880","","@ComandanteVimes @SuraTallulah @PotiPotiInLove lástima, porque la réplica habría estado tan a huevo...","twitter.com/Rocigaot/status/595003907098746880"
"4/5/2015 1:14:52","2","595003621609201664","","@ComandanteVimes @SuraTallulah @PotiPotiInLove 'bueno, doctora, pues esta consulta no la voy a pagar, pero ¿y lo entretenida que ha estado?'","twitter.com/Rocigaot/status/595003621609201664"
"4/5/2015 1:08:49","1","595002099001331712","","@PotiPotiInLove @SuraTallulah yo un día haré una adaptación de 'The office' protagonizada por ese tío, a ver si me forro gracias a él.","twitter.com/Rocigaot/status/595002099001331712"
"4/5/2015 1:01:50","2","595000339994128384","","@PotiPotiInLove @SuraTallulah eso sí, ese jefe era tan personaje que me ha dejado un sinfín de anécdotas que no se pagan con dinero XD","twitter.com/Rocigaot/status/595000339994128384"
"4/5/2015 1:00:31","","595000010158284800","","@PotiPotiInLove @SuraTallulah que ya se sabe, si podemos trabajar de periodistas tenemos que aplaudir con las orejas, cobremos o no.","twitter.com/Rocigaot/status/595000010158284800"
"4/5/2015 0:59:33","","594999768063049728","","@PotiPotiInLove @SuraTallulah ese era de periodista, una publicación especializada de estas por suscripción.","twitter.com/Rocigaot/status/594999768063049728"
"4/5/2015 0:57:50","2","594999333877055488","","@SuraTallulah @PotiPotiInLove no, mira, tengo tropecientas series a medio ver, un TFG a medias y mucha lectura pendiente. Show me the money","twitter.com/Rocigaot/status/594999333877055488"
"4/5/2015 0:56:55","2","594999105266569216","","@SuraTallulah @PotiPotiInLove es como cuando estás en paro y te sugieren aceptar prácticas no remuneradas 'porque estás entretenida'","twitter.com/Rocigaot/status/594999105266569216"
"4/5/2015 0:51:20","3","594997698731847681","","@SuraTallulah @PotiPotiInLove  me recuerda a mi ex jefe el que descartaba a los que preguntaban por el sueldo porque 'vienen por el dinero'","twitter.com/Rocigaot/status/594997698731847681"
"4/5/2015 0:50:22","1","594997453486694401","","@PotiPotiInLove @SuraTallulah es para responder 'pues hombre, tantas tantas ganas como para trabajar gratis en algo de dudosa legalidad, no'","twitter.com/Rocigaot/status/594997453486694401"
"4/5/2015 0:48:13","","594996913428164609","","@PotiPotiInLove @SuraTallulah qué legal suena todo XD","twitter.com/Rocigaot/status/594996913428164609"
"4/5/2015 0:43:17","","594995671121395712","","@SuraTallulah @PotiPotiInLove lo más chungo que he visto en una entrevista de trabajo, y será por chunguedades.","twitter.com/Rocigaot/status/594995671121395712"
"4/5/2015 0:42:37","1","594995506255896578","","@SuraTallulah @PotiPotiInLove al día siguiente supuestamente había que volver para la formación. Aún pueden estar esperando.","twitter.com/Rocigaot/status/594995506255896578"
"4/5/2015 0:41:29","1","594995219378118656","","@SuraTallulah @PotiPotiInLove y ya ofrecían los libros, si no colaba,atacaban con un 'y si a ti hijo le pasa algo y no tienes el libro?'","twitter.com/Rocigaot/status/594995219378118656"
"4/5/2015 0:40:12","","594994895271628800","","@SuraTallulah @PotiPotiInLove 1ºdecían que era una campaña de información para mamás recientes,las acojonaban con posibles accidentes(3)","twitter.com/Rocigaot/status/594994895271628800"
"4/5/2015 0:39:16","","594994663083417602","","@SuraTallulah @PotiPotiInLove aunque me sonó muy chungo fui a la segunda entrevista, donde nos hacían demostración de cómo venderlo (2)","twitter.com/Rocigaot/status/594994663083417602"
"4/5/2015 0:38:47","","594994538692923392","","@SuraTallulah @PotiPotiInLove yo fui a una entrevista de teleoperadora que resultó ser para vender libros sobre cuidados del bebé (1)","twitter.com/Rocigaot/status/594994538692923392"
"4/5/2015 0:35:09","3","594993624414322689","2","@PotiPotiInLove me recuerda a cuando curré captando socios para ONG, la sensación de 'soy la única que ve que esto es una mierda?'","twitter.com/Rocigaot/status/594993624414322689"
"3/5/2015 23:48:39","","594981922775953408","","Los anarquistas del misterio #CuartoMilenio","twitter.com/Rocigaot/status/594981922775953408"
"3/5/2015 23:26:05","","594976245630271488","","Hala, ya me he desahogado, me paso a ver a Friker.","twitter.com/Rocigaot/status/594976245630271488"
"3/5/2015 23:21:57","1","594975205166063616","","Y ellas no son egoístas porque eh, a ver, es que al estar emparejados ya son decisiones de dos,y no vaya a sobrarle paella a la suegra.","twitter.com/Rocigaot/status/594975205166063616"
"3/5/2015 23:20:57","1","594974953033838592","","Lo mejor es que las sobrinas que viven al lado se iban a pasar 'en algún momento' porque claro,tenían comida con los suegros.","twitter.com/Rocigaot/status/594974953033838592"
"3/5/2015 23:14:47","1","594973402156392448","","Quiero decir, con ese argumento, no se supone que yo estando soltera tendría que estar exenta de mierdas familiares varias?","twitter.com/Rocigaot/status/594973402156392448"
"3/5/2015 23:14:22","1","594973295600136192","","Lo que más lóker me tiene es la premisa de que si mi madre no puede ir a algo tengo que ir 'PORQUE SI NO TU PADRE IRÍA SOLO'.","twitter.com/Rocigaot/status/594973295600136192"
"3/5/2015 23:08:20","","594971779250126849","","@LumpenPerro @missultrasonica Fijo. Si no le tragaba ni dios.","twitter.com/Rocigaot/status/594971779250126849"
"3/5/2015 23:05:29","","594971061214715906","","@missultrasonica sí, el kit completo de 'es que qué van a decir si no vas'.","twitter.com/Rocigaot/status/594971061214715906"
"3/5/2015 23:04:36","1","594970840170680320","","Que a todo esto, ni los hermanos del difunto se habían presentado aún en el velatorio porque estaba a mal con todo cristo, pero eh.","twitter.com/Rocigaot/status/594970840170680320"
"3/5/2015 23:03:28","3","594970550927302656","","'Es que a ver si va a ser más importante acabar la carrera un año u otro que la vida de una persona'. Ah, que si voy resucita?","twitter.com/Rocigaot/status/594970550927302656"
"3/5/2015 22:56:54","2","594968899692699648","","@missultrasonica ha sido precioso, despliegue de chantaje moral. Y lo mejor es que ellos tampoco tragaban al difunto. Bueno, ni nadie.","twitter.com/Rocigaot/status/594968899692699648"
"3/5/2015 22:55:53","1","594968643101921281","1","Que según mi madre,como ella no puede ir si no voy yo le toca a mi padre ir sólo, y se ve que va contra el protocolo de velatorios.","twitter.com/Rocigaot/status/594968643101921281"
"3/5/2015 22:55:19","2","594968503305797634","1","Que mi propuesta fue 'no puedo perder 2días fuera, así que en vez de irme hoy voy sólo mañana por la tarde al entierro', pero ah, ofensa.","twitter.com/Rocigaot/status/594968503305797634"
"3/5/2015 22:53:02","4","594967925645271040","1","He ofendido a la familia porque antepongo acabar el TFG a velar 2días a un tío político que lo más bonito que me dijo nunca fue 'gorda'.","twitter.com/Rocigaot/status/594967925645271040"
"2/5/2015 23:47:11","1","594619164838502400","","@Marmota_Maligna no los he visto, pero no pueden ser peor que el de biomanán de 'y cuándo es la boda'. Gulag de publicistas ya.","twitter.com/Rocigaot/status/594619164838502400"
"2/5/2015 23:37:54","2","594616830381203456","","Que igual el boxeo ya estaba de moda de antes y no me había enterado. Como nunca me contáis las cosas...","twitter.com/Rocigaot/status/594616830381203456"
"2/5/2015 23:36:56","","594616588143321088","1","Me encierro una tarde a intentar avanzar en el TFG rodeada de adolescentes preparando selectividad, y cuando salgo está de moda el boxeo :O","twitter.com/Rocigaot/status/594616588143321088"
"1/5/2015 18:28:05","","594176473839378435","","@robciria puede ser, a lo mejor se me pasó tan rápido el tiempo ese día que pasé de 21 a 43 años sin enterarme siquiera!","twitter.com/Rocigaot/status/594176473839378435"
"1/5/2015 18:26:14","1","594176007785021440","","@robciria en la de 21 tengo en brazos un bebé de 10 meses al que le echó 3 años. Y una amiga de 33 que para el robot es un amigo de 26.","twitter.com/Rocigaot/status/594176007785021440"
"1/5/2015 18:23:33","","594175332040716288","","@robciria yo he probado con dos fotos del mismo día: en una supuestamente tengo 21 años y en otra 43.","twitter.com/Rocigaot/status/594175332040716288"