"date","fav","id","rt","text","url"
"30/4/2015 12:26:50","","593723174946217984","","@MtroYupapic.twitter.com/wFy63AkTFR","twitter.com/Rocigaot/status/593723174946217984"
"30/4/2015 11:24:56","1","593707599037657088","","@Pozuelen yo no estaba y no pregunté. Luego que si soy una antisocial y me escaqueo de las reuniones familiares. :P","twitter.com/Rocigaot/status/593707599037657088"
"30/4/2015 11:19:03","","593706116913221632","","@Pozuelen na, estos es porque el chaval es pelín maniático. También se llevó sus propias galletas por si no tenían las que desayuna siempre","twitter.com/Rocigaot/status/593706116913221632"
"30/4/2015 1:08:15","1","593552404752244737","","@Pozuelen igual se presenta con sus propias sábanas, como hicieron mi prima y su novio una vez que se quedaron en casa de mis padres XD","twitter.com/Rocigaot/status/593552404752244737"
"30/4/2015 1:03:15","1","593551145576050689","","@Pozuelen me pone nerviosa la gente que hace eso. Deduzco que si ven mi casa sólo entrarán con un traje de bioseguridad.","twitter.com/Rocigaot/status/593551145576050689"
"28/4/2015 23:49:39","","593170237689864193","","@oh_rus yo tengo epidemia de madres recientes en whatsapp y alguna vez he mandado mensaje a quien no es porque me confundo de foto de crío","twitter.com/Rocigaot/status/593170237689864193"
"28/4/2015 23:28:12","","593164836395180032","","@oh_rus creo que si en los 2primeros años de vida del bebé te pones una foto de Whatsapp donde no salga te quitan la custodia, o algo.","twitter.com/Rocigaot/status/593164836395180032"
"28/4/2015 1:19:35","1","592830479574892545","","@SuraTallulah no me extraña, qué joyita habéis encontrado!","twitter.com/Rocigaot/status/592830479574892545"
"28/4/2015 1:16:41","","592829750508400640","","@SuraTallulah entonces los mendigos de verdad son los que lo hacen por hobby?","twitter.com/Rocigaot/status/592829750508400640"
"27/4/2015 11:32:25","7","592622317668278273","9","@mjdelrio hay un dulce llamado cojones del anticristo y lo que estàn de moda son los cupcakes? En qué mundo vivimos?","twitter.com/Rocigaot/status/592622317668278273"
"27/4/2015 0:36:15","1","592457189031284736","","@Pezuniera es de esos descubrimientos que a mí me hacen escuchar 'Pueblos del mundo, extinguíos' en bucle.","twitter.com/Rocigaot/status/592457189031284736"
"27/4/2015 0:32:20","","592456202497429504","","@Pezuniera un youtuber. Casi mejor déjalo ahí y no indagues más, por lo de conservar un poco de fe en la humanidad.","twitter.com/Rocigaot/status/592456202497429504"
"27/4/2015 0:14:53","2","592451808594939904","","Ah, bueno, si lo que cuentan los testigos coincide con una escena de Ghost, TIENE que ser verdad. #CuartoMilenio","twitter.com/Rocigaot/status/592451808594939904"
"26/4/2015 23:40:01","4","592443037911011328","3","Friker ya ha dicho que estamos en un mundo excesivamente 'políticamente incorrecto'. Chupito. #CuartoMilenio","twitter.com/Rocigaot/status/592443037911011328"
"26/4/2015 22:45:13","2","592429244871024642","1","@Tawil librámonos do arresto cando Friker levou a Irene Villa, pero hoxe podemos gañar unha viaxe gratis a Guantánamo!","twitter.com/Rocigaot/status/592429244871024642"
"26/4/2015 14:15:33","1","592300985357365248","2","@ComandanteVimes si ellos mismos se creyeran lo de las subvenciones les faltaba tiempo para declararse feminazis e ir a poner el cazo","twitter.com/Rocigaot/status/592300985357365248"
"25/4/2015 18:16:10","1","591999148712419328","","@PotiPotiInLove lo bastante alta para que no se me ocurra hacer multis al azar, por si acabo rompiendo twitter.","twitter.com/Rocigaot/status/591999148712419328"
"25/4/2015 0:25:34","","591729724386373632","1","@PotiPotiInLove hay una que pretende ir en serio y una fake con la i mayúscula en vez de la segunda L que es de coña ya conscientemente.","twitter.com/Rocigaot/status/591729724386373632"
"24/4/2015 0:52:32","1","591374122690707458","","@Chinobi_Ninja aunque era peor la parejita que vivía a mi lado en mi ex piso,que o tenían bronca o ponían reaggetón para todo el barrio","twitter.com/Rocigaot/status/591374122690707458"
"24/4/2015 0:50:47","","591373679507939329","","@Chinobi_Ninja aquí es un piso por planta, así que los que oigo son de los edificios de al lado,y como si estuvieran en mi cuarto, oye.","twitter.com/Rocigaot/status/591373679507939329"
"24/4/2015 0:47:15","2","591372790239985664","","Pujalte era coach? Mira qué bien, otro para mi futuro gulag. http://www.eldiario.es/economia/ejecutivo-recibia-asesoramiento-Pujalte-politico_0_380412488.html …","twitter.com/Rocigaot/status/591372790239985664"
"24/4/2015 0:44:09","","591372011294875648","","@Chinobi_Ninja los míos son todos producto autóctono, los estoy oyendo berrear ahora mismo. :(","twitter.com/Rocigaot/status/591372011294875648"
"24/4/2015 0:38:01","2","591370470123053058","","@Tawil qué va, no me llego.","twitter.com/Rocigaot/status/591370470123053058"
"24/4/2015 0:01:07","","591361182105214977","","PERO PERO PERO...https://twitter.com/hooligags/status/591358216564559872 …Això podria ser el culmen de la història del cartellisme polític a Espanya. Després d'això, el no-res. (via @La_SER) pic.twitter.com/S98V0IiyWj","twitter.com/Rocigaot/status/591361182105214977"
"23/4/2015 0:30:15","3","591006125564231680","","@missultrasonica @zezenzuska @Tawil @shakesphobic peor sería encontrártelo ahora, que recordarías toda esta conversación XD","twitter.com/Rocigaot/status/591006125564231680"
"23/4/2015 0:22:34","3","591004192921231360","","@Tawil @missultrasonica @shakesphobic @zezenzuska ESTOY LLORANDO","twitter.com/Rocigaot/status/591004192921231360"
"23/4/2015 0:20:01","4","591003551201153024","","@missultrasonica @Tawil @shakesphobic yo es que soy así, si tengo una imagen mental traumática tengo que compartirla con el mundo :P","twitter.com/Rocigaot/status/591003551201153024"
"23/4/2015 0:09:17","9","591000849670877184","4","@Tawil pola túa culpa estou a imaxinar a Reverte aplicando a boca en vulvas e quedei sen libido até 2025 @shakesphobic","twitter.com/Rocigaot/status/591000849670877184"
"22/4/2015 22:59:20","1","590983245308768256","","@Srta_Angus @mjdelrio @LaMalaTW @EstherMartn @Tawil aaah, vale. Yo también pensaba que hablábamos de la ministra. XD","twitter.com/Rocigaot/status/590983245308768256"
"22/4/2015 22:57:25","1","590982762401812480","","@mjdelrio @LaMalaTW @EstherMartn @Srta_Angus @Tawil a qué viene lo de Chinchón, a todo esto, que llevo todo el día desconectada?","twitter.com/Rocigaot/status/590982762401812480"
"22/4/2015 22:50:01","3","590980902928384001","1","@SoniniSumode yo tengo este para cuando me intentan asustar-chantajear moralmente con algo que me la pela.pic.twitter.com/wf1UDCMkdR","twitter.com/Rocigaot/status/590980902928384001"
"21/4/2015 23:35:59","","590630080541544449","","Viendo los logos y banderitas, diseñadores gráficos en Liberland no hay muchos, ¿no? #misojos","twitter.com/Rocigaot/status/590630080541544449"
"21/4/2015 22:44:06","1","590617025350885378","","Ay, esperaos. XDpic.twitter.com/83hqqeyKW3","twitter.com/Rocigaot/status/590617025350885378"
"21/4/2015 22:39:53","1","590615962598166530","","Pues a mí lo de Liberland me suena más a parque temático de LETS, como el Jubilandia de Flanders.","twitter.com/Rocigaot/status/590615962598166530"
"21/4/2015 22:23:19","2","590611795045416962","","@PotiPotiInLove Es como lo del 1ºjefe de The IT Crowd, que cuando empezó sólo tenía un sueño y seis millones de libras.","twitter.com/Rocigaot/status/590611795045416962"
"21/4/2015 22:18:31","","590610585198399490","","@MtroYupa me va a decir a mí Papá Estado en qué sentido tengo que tomar las rotondas??  :P","twitter.com/Rocigaot/status/590610585198399490"
"21/4/2015 22:16:00","1","590609952961626112","","@errejoners llevo yo años queriendo hacer mi gulag de coachs y LETs y al final me van a dar el trabajo hecho. Sí que son emprendedores!","twitter.com/Rocigaot/status/590609952961626112"
"21/4/2015 22:13:54","2","590609425775386627","2","Los de la banderita de España y el 'jodeos catalufos que sois ESPAÑOLES', empalmadísmos con lo de Liberland. Si es que son rebonicos.","twitter.com/Rocigaot/status/590609425775386627"
"19/4/2015 23:44:00","1","589907325055594496","","Friker está repitiendo programa o sólo repitiendo temas? Porque de esto de los muñecos chungos ya nos reímos hace poco. #CuartoMilenio","twitter.com/Rocigaot/status/589907325055594496"
"19/4/2015 23:37:09","1","589905600382902273","","@Pezuniera @La_Muerta_Viva @PotiPotiInLove @Dalek_fan joder, no me extraña que los mandara a la mierda. Y bien que hizo.","twitter.com/Rocigaot/status/589905600382902273"
"19/4/2015 23:15:39","1","589900188325675011","","@La_Muerta_Viva @Dalek_fan @PotiPotiInLove @Pezuniera por asegurarme de que no se encarga nadie que se plantee ponerme una diadema de polla","twitter.com/Rocigaot/status/589900188325675011"
"19/4/2015 23:14:50","1","589899983987613696","","@La_Muerta_Viva @Dalek_fan @PotiPotiInLove @Pezuniera yo si un día me da por casarme elegiré organizadora de mi despedida a dedo (1)","twitter.com/Rocigaot/status/589899983987613696"
"19/4/2015 16:06:19","1","589792144216436736","","@Tabernita @_Quimi_ Dios mío, tanto estreno junto no, por favor, que si eljio una me voy a tragar todos los spoilers de la otra por aquí!","twitter.com/Rocigaot/status/589792144216436736"
"19/4/2015 16:04:33","","589791699209220096","","@Tabernita @PotiPotiInLove @Dalek_fan 
-Ya tenemos un recinto para es...
-En ESPAÑA los conciertos son en plazas de toros.No sois españoles?","twitter.com/Rocigaot/status/589791699209220096"
"19/4/2015 16:02:09","1","589791096466763778","","@Tabernita @PotiPotiInLove @Dalek_fan tuve una compañera 'antitaurina' y se reía de que no tuviéramos plaza de toros para los conciertos (1)","twitter.com/Rocigaot/status/589791096466763778"
"19/4/2015 15:59:55","2","589790532773224448","","@LumpenPerro @PotiPotiInLove @Dalek_fan oye, igual hay negocio. Lo mismo yo al tercer día colapso y los mato a todos, pero....","twitter.com/Rocigaot/status/589790532773224448"
"19/4/2015 15:58:36","1","589790202215927809","","@Tabernita @PotiPotiInLove @Dalek_fan na, si las formas de putear a animales estando pedo no son las mismas que las suyas eres raro :P","twitter.com/Rocigaot/status/589790202215927809"
"19/4/2015 15:50:44","1","589788223641149441","","@PotiPotiInLove @Dalek_fan un poco el rollo'que los gallegos no os ponéis borrachos a torear una vaquilla? Ay, pero qué atrasaos estáis'","twitter.com/Rocigaot/status/589788223641149441"
"19/4/2015 15:49:23","","589787883491438592","","@PotiPotiInLove @Dalek_fan yo también, pero mi facultad hacía una por las fiestas y aún recuerdo cuando pregunté qué era eso. :P","twitter.com/Rocigaot/status/589787883491438592"
"19/4/2015 15:44:16","1","589786594758025217","","@Dalek_fan @PotiPotiInLove yo descubrí lo que eran cuando me fui a Salamanca, porque en Galicia como que tampoco. Es muy darwinista todo.","twitter.com/Rocigaot/status/589786594758025217"
"19/4/2015 15:40:17","1","589785593330151424","","@PotiPotiInLove era en Salamanca? Si no te llevaron a una capea ya puedes dar gracias.  @Dalek_fan","twitter.com/Rocigaot/status/589785593330151424"
"18/4/2015 20:57:40","1","589503074277924864","","@repollo_ si esto existiera yo no cabría ya por las puertas de mi casa. :P","twitter.com/Rocigaot/status/589503074277924864"
"18/4/2015 19:42:09","1","589484071761379328","","Con los ansiolíticos voy zombi por la calle pero en la piscina voy como la seda. Será como lo de andar mejor con tacones si estoy borracha?","twitter.com/Rocigaot/status/589484071761379328"
"18/4/2015 1:57:29","","589216138942373888","","@Pezuniera podían pagarte por ser canguro perruno. Como cuando contratas a alguien que se queda con tus hijos mientras trabajas.","twitter.com/Rocigaot/status/589216138942373888"
"18/4/2015 1:53:26","","589215121236484096","","@Pezuniera a mí se me quitaron las ganas viendo al veterinario de mi aldea inseminando a las vacas. :P","twitter.com/Rocigaot/status/589215121236484096"
"18/4/2015 1:50:54","","589214481122775041","","@Pezuniera yo de peque quería ser veterinaria, luego ya me hice de letras a muerte y tiré por el periodismo, maldita la hora. :(","twitter.com/Rocigaot/status/589214481122775041"
"17/4/2015 0:35:19","","588833072600240128","1","Esperanza Gracia aceptando la inclusión de Offiuco entre los signos del zodiaco para que Rato no sea Piscis.","twitter.com/Rocigaot/status/588833072600240128"
"17/4/2015 0:22:47","3","588829919666372609","2","@_hectrol_ @Tawil tengo que rescatar otra maravilla de hace uno o dos meses.pic.twitter.com/yyV0WmJ8Md","twitter.com/Rocigaot/status/588829919666372609"
"17/4/2015 0:05:54","1","588825672639971328","","@laMascota o los que se ponen en la bio 'workaholic'. Esos van para mi futuro gulag también.","twitter.com/Rocigaot/status/588825672639971328"
"17/4/2015 0:02:45","2","588824878486290435","","@laMascota es como los que dicen 'pues si me tocara el Euromillón seguiría currando igual porque si no me aburriría'. XD","twitter.com/Rocigaot/status/588824878486290435"
"16/4/2015 23:54:28","1","588822794496040960","","@laMascota Es como cuando te dicen lo de trabajar aunque sea gratis 'por ocupar tu tiempo'. Ya me busco yo mis hobbies, graciasdenada","twitter.com/Rocigaot/status/588822794496040960"
"16/4/2015 23:38:39","1","588818815049453569","","@laMascota y espera, que de falso autónomo a jornada completa ganarás más que de asalariado. Cómo? Ah, misterio!","twitter.com/Rocigaot/status/588818815049453569"
"16/4/2015 23:37:28","2","588818514141675520","2","@Rocigaot repito que me lié de link. Dentro mejora la cosa.pic.twitter.com/uDD8VENAXX","twitter.com/Rocigaot/status/588818514141675520"
"16/4/2015 23:33:58","8","588817633216200706","4","Pero locas loquísimas, oye.pic.twitter.com/kNeb6STrqb","twitter.com/Rocigaot/status/588817633216200706"
"16/4/2015 1:08:44","","588479097245929472","","@alitecarlito y mira que he leído mucha mierda...","twitter.com/Rocigaot/status/588479097245929472"
"16/4/2015 1:08:29","","588479034528501760","","@alitecarlito igual tengo el recuerdo algo deformado porque hace siglos que lo leí, pero creo que es lo puto peor que he leído jamás.","twitter.com/Rocigaot/status/588479034528501760"
"16/4/2015 0:58:03","","588476405425561600","","@alitecarlito  'La mirada del otro', premio Planeta del 95. Aunque creo que o lo metí en la caja que doné el año pasado o lo llevé al pueblo","twitter.com/Rocigaot/status/588476405425561600"
"16/4/2015 0:47:59","1","588473874779607040","","@Bilborrebotado ah, sí, si todos mis futuros gulags son para gente que bien ganado se lo tiene!","twitter.com/Rocigaot/status/588473874779607040"
"16/4/2015 0:44:48","12","588473072157622272","4","Los del 'yo es que soy supersincero y todo te lo digo a la cara' también van a tener su gulag el día que yo sea lideresa suprema.","twitter.com/Rocigaot/status/588473072157622272"
"16/4/2015 0:37:55","3","588471339423510529","2","@Pezuniera hay mucha tendencia a confundir sinceridad con 'te voy a echar mierda encima y aún me tienes que dar las gracias'.","twitter.com/Rocigaot/status/588471339423510529"
"15/4/2015 23:04:00","1","588447704105099264","1","Wikipedia dando ideas.https://twitter.com/Durf/status/588208643591507968 …What the hell, Wikipedia pic.twitter.com/Yezh6Xv9s7","twitter.com/Rocigaot/status/588447704105099264"
"15/4/2015 22:16:43","4","588435807448477696","","El que inventó los ansiolíticos se merecía el Nobel de Medicina. O el de la Paz, que fijo que han evitado más de un Puerto Hurraco.","twitter.com/Rocigaot/status/588435807448477696"
"15/4/2015 14:48:16","","588322950224416768","","@SnowFey lo peor es que cuando por fin te aprendes un nombre, el personaje sufre un accidente/tiroteo/secuestro/armaggedón nuclear y palma","twitter.com/Rocigaot/status/588322950224416768"
"15/4/2015 1:25:54","","588121027462434816","","@Credendo_Vides1 se lo podía haber ahorrado, oye... y habría sido mejor para ella también, que creo que la ahogué al tirar el agua.","twitter.com/Rocigaot/status/588121027462434816"
"15/4/2015 1:23:08","","588120333040939009","","@Credendo_Vides1 yo un día de estos intentaré preparar León come Gamba en casa, que creo que está dentro de mis posibilidades culinarias","twitter.com/Rocigaot/status/588120333040939009"
"15/4/2015 1:02:24","","588115114601095168","","@callaquenoveo Jimmy Fallon tiene twitter?","twitter.com/Rocigaot/status/588115114601095168"
"15/4/2015 0:55:52","4","588113471369310208","1","Que readmitan en MasterChef al autor del león come a gamba, que es la primera vez que me río a carcajadas en la mierda de mes que llevo.","twitter.com/Rocigaot/status/588113471369310208"
"15/4/2015 0:37:19","1","588108801364127746","","@mjdelrio na, así tocan a más los que sí les gustan!","twitter.com/Rocigaot/status/588108801364127746"
"15/4/2015 0:34:39","","588108128794898432","","@ComandanteVimes sí, esa ha sido mi reacción, básicamente.","twitter.com/Rocigaot/status/588108128794898432"
"15/4/2015 0:34:17","1","588108037354872836","","@robciria na, malo será...","twitter.com/Rocigaot/status/588108037354872836"
"15/4/2015 0:33:41","","588107885999169536","","@mjdelrio no te creas que me emocionan mucho los percebes.Aunque esos no se me cuelan en casa  (lástima, aún sacaba unas pelas vendiéndolos)","twitter.com/Rocigaot/status/588107885999169536"
"15/4/2015 0:31:59","1","588107460067651584","","@robciria con el asquito que me dan... y aún menos mal que no era muy grande. Supongo que por eso no la vi al coger el vaso.","twitter.com/Rocigaot/status/588107460067651584"
"15/4/2015 0:31:09","","588107251807825920","","@mjdelrio pero proteínas en forma muy asquerosa.","twitter.com/Rocigaot/status/588107251807825920"
"15/4/2015 0:26:13","1","588106009111097345","","Cojo un vaso. Me sirvo agua. Según estoy bebiendo veo una araña caminando por el borde del vaso hacia mi cara. No lo he roto de milagro.","twitter.com/Rocigaot/status/588106009111097345"
"14/4/2015 2:14:04","3","587770761294774272","","Y se ve que mis nuevos vecinos van a montar botellón, partida de cartas o lo que sea cada lunes porque hacerlo el sábado es muy mainstream.","twitter.com/Rocigaot/status/587770761294774272"
"14/4/2015 1:32:12","","587760226780196865","","@zezenzuska yo hasta ahora lo más fuerte que me había tomado era una valeriana, pero se ve que hay una primera vez para todo.","twitter.com/Rocigaot/status/587760226780196865"
"14/4/2015 1:28:11","","587759214275207168","","Mañana tengo médico y de paso no sé si pedirle algo flojito para la ansiedad o lo que le dieron a Ross cuando su crisis del bocadillo.","twitter.com/Rocigaot/status/587759214275207168"
"14/4/2015 1:22:12","1","587757709937737729","","@laMascota igual es eso, y en el taller le han dado un caballo de sustitución!","twitter.com/Rocigaot/status/587757709937737729"
"14/4/2015 1:20:12","1","587757207028178944","","@laMascota yo el año pasado me encontré uno por A Grela, disfrazado no sé de qué. Creo que no es el mismo, al menos el caballo no.","twitter.com/Rocigaot/status/587757207028178944"
"13/4/2015 23:24:34","1","587728104422035456","","@gmit3 Poco se le está reconociendo a Lola Flores haber sido la precursora de la moda del crowdfunding.","twitter.com/Rocigaot/status/587728104422035456"
"13/4/2015 1:30:21","1","587397370763153409","","@Mi_Bombin yo tampoco detecto espectros. Este mes tengo vez en el ginecólogo, lo comentaré a ver. :P","twitter.com/Rocigaot/status/587397370763153409"
"12/4/2015 15:42:11","1","587249355511435264","","@missultrasonica ay, como yo! Bueno,yo conseguía ir sola sin ruedas cuando me iban empujando y me soltaban, pero equilibrarme sola no :(","twitter.com/Rocigaot/status/587249355511435264"
"12/4/2015 15:16:39","3","587242927564443648","","Current mood.pic.twitter.com/rDw9hUgDbL","twitter.com/Rocigaot/status/587242927564443648"
"12/4/2015 2:24:45","","587048673768517632","","@PotiPotiInLove yo también conocía a una a la que le ponían. Es una parafilia como otra cualquier... bueno, no, esta es muy chunga.","twitter.com/Rocigaot/status/587048673768517632"
"10/4/2015 23:44:30","1","586645959414837248","","@Tawil si, cada vez que o lembro doume de hostias. E cando lembro que dicía que qué aburrido ser funcionaria daríame as hostias cun bate.","twitter.com/Rocigaot/status/586645959414837248"
"10/4/2015 23:38:46","3","586644514938445824","","1capítulo del Ministerio del Tiempo donde busquen a mi yo del pasado que no quiso hacer el CAP ni opositar y le den 1colleja a tiempo #porfa","twitter.com/Rocigaot/status/586644514938445824"
"10/4/2015 1:21:08","","586307888194256896","","@Marmota_Maligna @laMascota a esa también le afecta ver ese percal, pero de fe en la humanidad voy más escasa :p","twitter.com/Rocigaot/status/586307888194256896"
"10/4/2015 1:05:51","","586304041363181568","","@Marmota_Maligna @laMascota yo no me he hecho cuenta por eso. Igual le doy el tiro de gracia a la poca fe en la humanidad que me queda...","twitter.com/Rocigaot/status/586304041363181568"
"10/4/2015 0:03:29","1","586288347519307777","","@Tawil @laMascota GUAT DE FAC","twitter.com/Rocigaot/status/586288347519307777"
"9/4/2015 21:59:13","4","586257074671247362","1","@zezenzuska en mi despensa aparecieron hace poco mis libros de 2ºde BUP, así que creo que se me han pasado un par de limpiezas estacionales","twitter.com/Rocigaot/status/586257074671247362"
"8/4/2015 23:41:07","4","585920331589808129","1","Y ya son muchos años usando el rap para hacerse los modernos. A ver si en las generales algún candidato prueba con el reaggetón, por ejemplo","twitter.com/Rocigaot/status/585920331589808129"
"8/4/2015 23:38:14","","585919607233458177","","Al leer lo del rap de Monago pensaba que de verdad salía él rapeando. Que ya puestos a gastar pasta en gilipolleces podía, por las risas.","twitter.com/Rocigaot/status/585919607233458177"
"8/4/2015 23:26:04","1","585916544061956096","","@Facking_Ancho @ozeiyo si no nos concociéramos ya el percal sería para pensar que es una cuenta parodia.","twitter.com/Rocigaot/status/585916544061956096"
"8/4/2015 23:20:14","","585915073803202561","2","Yo es que soy más de Puerto del Sonido.  https://twitter.com/GaliciaBilingue/status/585519076149227521 …","twitter.com/Rocigaot/status/585915073803202561"
"7/4/2015 0:54:41","","585214069877145600","","Llevo media hora oyendo a los nuevos vecinos trastear con la bombona. Estoy por bajar a ayudarles, no sea que la líen y volemos todos.","twitter.com/Rocigaot/status/585214069877145600"
"6/4/2015 15:15:08","3","585068221373513729","","@Tawil @laMascota deja bastante claro que lo de los preliminares ya si eso.","twitter.com/Rocigaot/status/585068221373513729"
"6/4/2015 1:42:21","","584863679058960384","","@Marmota_Maligna sí, mi idea es volver a los 18 con el conocimiento vital acumulado a los 35 (que tampoco es tanto, no te creas XD)","twitter.com/Rocigaot/status/584863679058960384"
"6/4/2015 1:40:13","","584863140631937024","","@Marmota_Maligna yo a los años de facultad sí que volvía. A la adolescencia, ni de coña.","twitter.com/Rocigaot/status/584863140631937024"
"6/4/2015 1:23:21","1","584858896684158976","","@Marmota_Maligna que luego ya con un cuerpo de más de 1,60 para llegar a los estantes altos me doy con un canto en los dientes. XD","twitter.com/Rocigaot/status/584858896684158976"
"6/4/2015 1:21:39","1","584858467497836544","","@Marmota_Maligna ah, mucho mejor, dónde va a parar, me puedo poner un cuerpo de tía buena! XD","twitter.com/Rocigaot/status/584858467497836544"
"6/4/2015 1:19:16","3","584857868945510400","1","Imagina que te trasplantan la cabeza de Carromero. Los años de rehabilitación hasta que aprendes a caminar con ese peso. #CuartoMilenio","twitter.com/Rocigaot/status/584857868945510400"
"6/4/2015 1:16:21","1","584857135185408000","","@PotiPotiInLove si no avisas me lo pierdo, pondré el despertador para media hora antes por no perdérmelo! :P","twitter.com/Rocigaot/status/584857135185408000"
"6/4/2015 1:00:31","2","584853149476900864","","@Tawil estou por mandar CV ao programa pra currar nesas reconstruccións. Ou na revista de De Vidente.","twitter.com/Rocigaot/status/584853149476900864"
"6/4/2015 0:53:32","3","584851390129954817","1","'Había cosas raras, que si el demonio en su casa, y tal'. Na, cosillas. #CuartoMilenio","twitter.com/Rocigaot/status/584851390129954817"
"6/4/2015 0:33:36","","584846376380542976","","Un buzzfeed de 'las 10 resurrecciones de hijos de dioses que te dejarán boquiabierto' #CuartoMilenio","twitter.com/Rocigaot/status/584846376380542976"
"6/4/2015 0:09:45","","584840374365134848","","El títulos crucis es lo del INRI de las esquelas, que diría Mariló? #CuartoMilenio","twitter.com/Rocigaot/status/584840374365134848"
"6/4/2015 0:04:54","11","584839151138304000","7","Una videoconsola con fantasmas es una Wii-ja? #badumtss #CuartoMilenio #enlacabezanoqueestoyestudiando","twitter.com/Rocigaot/status/584839151138304000"
"5/4/2015 23:59:43","","584837847196299266","","Ojo a la grabación de Graham Bell, que esto en un par de programas nos lo intentan colar como psicofonía.","twitter.com/Rocigaot/status/584837847196299266"
"5/4/2015 23:57:53","2","584837387496333312","","@Tawilpic.twitter.com/X5WRcUIUD4","twitter.com/Rocigaot/status/584837387496333312"
"5/4/2015 23:51:36","1","584835807858425856","","@Tawil iso é unha conspiración clarísima.","twitter.com/Rocigaot/status/584835807858425856"
"5/4/2015 23:39:59","","584832882734145537","","@Marmota_Maligna es muy grande. NO ME IDOLATRES!","twitter.com/Rocigaot/status/584832882734145537"
"5/4/2015 23:36:30","","584832004979609601","","@Marmota_Maligna Nunca es mal momento para volver a ver esto! https://www.youtube.com/watch?v=Ao4A2fC0f5s …","twitter.com/Rocigaot/status/584832004979609601"
"5/4/2015 23:34:36","1","584831526346567681","","@Marmota_Maligna no sé que ha dicho ahora pero hago fav preventivo porque ya me conozco el percal XD","twitter.com/Rocigaot/status/584831526346567681"
"5/4/2015 20:35:19","","584786409095061505","","@Srta_Angus que creo que jamás he perdido una lentilla en la playa, pero cada cual tiene sus paranoias!","twitter.com/Rocigaot/status/584786409095061505"
"5/4/2015 20:30:57","1","584785309000413184","","@Srta_Angus yo antes de mudarme iba a Matadero, que la tenía casi a la puerta de casa. Ay, cómo echo de menos ese piso!","twitter.com/Rocigaot/status/584785309000413184"
"5/4/2015 20:27:31","1","584784448597667840","","@Srta_Angus a veces en verano voy a las de Arteixo,pero me emparanoia perder las lentilllas en el agua y no poder conducir de vuelta XDD","twitter.com/Rocigaot/status/584784448597667840"
"5/4/2015 20:26:15","","584784127771152384","","@Srta_Angus si voy sola suelo ir a Riazor u Orzán porque son las que me quedan más cerca para ir a pie.","twitter.com/Rocigaot/status/584784127771152384"
"5/4/2015 20:23:26","","584783419240030208","","@Srta_Angus hay que aprovechar para hacer la fotosíntesis, para una vez que nos viene sol... :)","twitter.com/Rocigaot/status/584783419240030208"
"5/4/2015 20:22:51","1","584783272120553472","","@Srta_Angus yo sí, los otros días simplemente fui a andar y me llevé un libro para leer un rato,y hoy ya llevé bikini, toalla y todo :D","twitter.com/Rocigaot/status/584783272120553472"
"5/4/2015 19:56:06","2","584776539692265472","","Lo de haber podido ir a la playa a principios de abril me ha compensado con creces por quedarnos sin #llantocofrade este año. :D","twitter.com/Rocigaot/status/584776539692265472"
"3/4/2015 23:38:11","4","584107652222976002","","@alitecarlito @zezenzuska @NewIlluminatus es todo parte de la misma mierda: mientras no tienes pareja se supone que tu vida está a medias.","twitter.com/Rocigaot/status/584107652222976002"
"3/4/2015 23:20:52","","584103295511306240","","@NewIlluminatus @alitecarlito sí, mano de santo!","twitter.com/Rocigaot/status/584103295511306240"
"3/4/2015 23:19:37","2","584102979789291520","","@NewIlluminatus @alitecarlito le ofrecí muy amablemente apuntarse a mi plan por bares metaleros y no he vuelto a saber de ella. XD","twitter.com/Rocigaot/status/584102979789291520"
"3/4/2015 23:18:10","1","584102616889761792","","@NewIlluminatus @alitecarlito encima ni un 'quedamos un día para tomar un café', era 'salimos hoy'=quiero salir a ligar y no tengo con quién","twitter.com/Rocigaot/status/584102616889761792"
"3/4/2015 23:15:57","","584102059143782400","","@NewIlluminatus @alitecarlito tal cual, yo ya no tenía ni su número guardado.","twitter.com/Rocigaot/status/584102059143782400"
"3/4/2015 23:12:39","","584101226490568704","","@NewIlluminatus @alitecarlito a mí el año pasado me llamó una de estas después de ocho años a ver si se podía acoplar a mis planes.","twitter.com/Rocigaot/status/584101226490568704"
"3/4/2015 23:09:37","1","584100466197401600","","@NewIlluminatus @alitecarlito a mí me fascina ese morro de llamar a los amigos solteros tras años desaparecidos para que les lleven por ahí","twitter.com/Rocigaot/status/584100466197401600"
"3/4/2015 23:05:47","1","584099502056992768","","@alitecarlito @NewIlluminatus pues es peor cuando lo de volver a los bares les hace ilusión y te llaman para que los saques por ahí. :P","twitter.com/Rocigaot/status/584099502056992768"
"3/4/2015 22:56:39","3","584097203226071040","","@alitecarlito @NewIlluminatus porque su círculo social se limita a otras parejas y volver a la soltería es quedarse más solos que la una.","twitter.com/Rocigaot/status/584097203226071040"
"3/4/2015 22:15:04","","584086738584399873","","@VIVAANTES decoración ideal para o salón. Aínda que ao sacalo do paquete deixa de ser un obxecto de coleccionista.","twitter.com/Rocigaot/status/584086738584399873"
"3/4/2015 22:10:06","","584085485250863105","","@VIVAANTES ai, que cousa máis grande, se ven con cabra e todo!","twitter.com/Rocigaot/status/584085485250863105"
"3/4/2015 16:02:49","","583993057231634432","","@_Quimi_ Jehová! Jehová!","twitter.com/Rocigaot/status/583993057231634432"
"3/4/2015 15:51:10","","583990126272970752","2","@Pezuniera 'cómo va a ser superficial con la chapa que me ha soltado en el after sobre cómo le cambió la vida su viaje mochilero a Calcuta?'","twitter.com/Rocigaot/status/583990126272970752"
"2/4/2015 18:02:26","","583660771130900480","","Otra opción de escaqueo sería echarme novio y decir que no vamos a la boda porque él no puede. Eso lo aceptan así se case tu hermana siamesa","twitter.com/Rocigaot/status/583660771130900480"
"2/4/2015 17:39:25","2","583654979317137408","","Pues eso, 6 meses por delante de 'no seas así', 'es que es familia', 'es que qué pensarán si haces tal o cuál', que es que dónde se ha visto","twitter.com/Rocigaot/status/583654979317137408"
"2/4/2015 17:31:11","","583652908945776640","","Que mi opción de consenso era 'yo voy en mi coche y me vuelvo al acabar y mi padre que se quede al domingo si quiere',pero tampoco vale.","twitter.com/Rocigaot/status/583652908945776640"
"2/4/2015 17:27:42","","583652032243970048","","Tampoco es válido que yo vaya por mi cuenta y me vuelva cuando quiera,porque qué dirá la gente si voy sola yendo mi padre también.","twitter.com/Rocigaot/status/583652032243970048"
"2/4/2015 17:22:36","","583650749248360448","","@_Quimi_ Encima es en otra ciudad y mi padre está empeñado en que hay que hacer noche, con lo que me joden el domingo también.","twitter.com/Rocigaot/status/583650749248360448"
"2/4/2015 17:17:21","","583649425890893824","","@_Quimi_ yo  llevaba tres años tranquilamente sin verla. Al novio era la 2ªvez que lo veía. Estarán desolados si no voy, fijo.","twitter.com/Rocigaot/status/583649425890893824"
"2/4/2015 17:09:18","","583647398880247809","","@judgitanilla sí, porque mi primer intento de escaqueo fue 'no tengo pasta para el regalo, paso de ir'.","twitter.com/Rocigaot/status/583647398880247809"
"2/4/2015 17:08:41","","583647243909144576","","@_Quimi_ en mi caso ni han venido a una boda mía, ni tengo en mente casarme. Y si lo hago y no vienen pues sitio que me queda para amigos","twitter.com/Rocigaot/status/583647243909144576"
"2/4/2015 17:06:33","","583646706866266112","","En fin, seis meses de chantaje moral tengo por delante.","twitter.com/Rocigaot/status/583646706866266112"
"2/4/2015 17:00:36","3","583645212603506688","","'Pues a las bodas de amigos vas'. Barra libre con amigos vs parientes lejanos brasas diciendo que se me pasa el arroz. Dura elección.","twitter.com/Rocigaot/status/583645212603506688"
"2/4/2015 16:58:02","4","583644564893913088","","'Es que a tu prima le vas a dar un disgusto si no estás'. Nos vemos como una vez cada dos años, no sé, yo creo que lo superará.","twitter.com/Rocigaot/status/583644564893913088"
"2/4/2015 16:51:04","7","583642809892208640","2","Si algo echo de menos de los horarios loquísimos del periodismo es lo fácil que era inventarte guardias falsas para escaquearte de las bodas","twitter.com/Rocigaot/status/583642809892208640"