"date","fav","id","rt","text","url"
"29/9/2016 19:02:51","129","781539750603792385","110","A lo mejor en la cara de Susana Díaz podemos descubrir un nuevo material capaz de rayar la cara de Espe.","twitter.com/Rocigaot/status/781539750603792385"
"28/9/2016 23:52:18","98","781250206981644289","73","Si estáis traduciendo la movida de Ferraz para Owen Jones pasádsela también a George RR Martin, a ver si sale del bloqueo creativo.","twitter.com/Rocigaot/status/781250206981644289"
"1/10/2016 0:28:09","1","781984001166835712","","sí, lo vi por aquí como dos minutos después de poner el tuit, que ni hecho a propósito! XD","twitter.com/Rocigaot/status/781984001166835712"
"30/9/2016 23:13:42","2","781965267446398977","","Feisbuc, no me anuncies cursos para aprender a entender de vinos, que de qué me vale si sólo me da la pasta para Don Simón con costra cola.","twitter.com/Rocigaot/status/781965267446398977"
"30/9/2016 23:09:34","2","781964228085317636","","oye, al menos no se ventilan toda la temporada nueva en una noche, que es muy de Neox también.","twitter.com/Rocigaot/status/781964228085317636"
"30/9/2016 20:53:34","9","781930001620926464","10","Pues estos saraos políticos invitan a pillarse unas pizzas y seguir el reality, así que si Telepizza vende menos se lo está montando fatal.","twitter.com/Rocigaot/status/781930001620926464"
"30/9/2016 19:35:25","3","781910334475005952","","parecidos razonablespic.twitter.com/1NsJ5NrPOw","twitter.com/Rocigaot/status/781910334475005952"
"29/9/2016 23:58:00","","781614028212858880","","lo tengo que preguntar: ¿Qué estabas buscando en Wikipedia para llegar a esto?","twitter.com/Rocigaot/status/781614028212858880"
"29/9/2016 19:21:36","1","781544467471958016","","no, a ver, siempre hay clases. Los votantes del PSOE llenarán un taxi por sí solos y a los de VOX les sobrará una plaza.","twitter.com/Rocigaot/status/781544467471958016"
"29/9/2016 19:12:06","6","781542078950014980","7","Después de esto no es que les vaya a dar el sorpasso Podemos. Es que se lo va a dar hasta Pacma.","twitter.com/Rocigaot/status/781542078950014980"
"29/9/2016 17:27:38","7","781515788075278336","2","Seat Gibraltar. Lo anuncia Álvaro Ojeda gritando GIBRALTAR ESPAÑOL y dando golpes en el volante hasta que salta el airbag.","twitter.com/Rocigaot/status/781515788075278336"
"29/9/2016 17:25:38","1","781515283223773185","","Seat Santa Comba. Tuneado de serie.","twitter.com/Rocigaot/status/781515283223773185"
"29/9/2016 15:43:34","11","781489601114497024","5","Los de los fanfics políticos deben de estar un poco así.pic.twitter.com/ECwT5i0viP","twitter.com/Rocigaot/status/781489601114497024"
"29/9/2016 15:36:44","5","781487880640335873","","Aprovecho para resucitar uno de mis memes más infravalorados. Creo que la referencia es muy viejuna pa tuiter.pic.twitter.com/8noN0qZeuF","twitter.com/Rocigaot/status/781487880640335873"
"29/9/2016 15:32:15","16","781486751034507266","22","Podían resolver el enfrentamiento de pedristas y antipedristas con un duelo de baile.pic.twitter.com/K6x10EVBlf","twitter.com/Rocigaot/status/781486751034507266"
"29/9/2016 15:26:32","","781485311067037696","","Madre mía las cabezas.","twitter.com/Rocigaot/status/781485311067037696"
"29/9/2016 15:24:46","1","781484867641114624","","joder, aún tardé unos segundos en caer en la cuenta de que era El Mundo Today! XD","twitter.com/Rocigaot/status/781484867641114624"
"29/9/2016 13:51:21","1","781461359380860928","","hostia,vi el titular de pasada en mi TL y pensé que era de El Mundo Today!","twitter.com/Rocigaot/status/781461359380860928"
"29/9/2016 13:14:03","2","781451972599803905","","ou igual é o PSOE o que se inspira en GoT. Eu vexo a Susana moi capaz de volar Ferraz con fogo valirio.","twitter.com/Rocigaot/status/781451972599803905"
"29/9/2016 12:53:26","2","781446782467371008","","@prazapublica acabo de verlo y entraba á ponéroslo ","twitter.com/Rocigaot/status/781446782467371008"
"29/9/2016 12:36:58","1","781442641833713664","","@CadenaPeco veo tu Corcuera y subo a Paco Vázquez","twitter.com/Rocigaot/status/781442641833713664"
"29/9/2016 11:45:17","1","781429631580790784","","@verne sí, ya lo vi! El de Cebrián ya no me lo metieron ","twitter.com/Rocigaot/status/781429631580790784"
"29/9/2016 10:37:05","1","781412469386477569","","ai, si, acabo de velo xusto agora!","twitter.com/Rocigaot/status/781412469386477569"
"29/9/2016 10:34:19","","781411772322447360","","@xurxochapela o de Verne non, pero vin algúns dos replies en vivo  ","twitter.com/Rocigaot/status/781411772322447360"
"29/9/2016 0:48:18","","781264298177953792","","hoy no creo que nada supere a Felipe y su 'con todo lo que hicimos en País Vasco', pero cualquier otro día se llevaría el oro","twitter.com/Rocigaot/status/781264298177953792"
"28/9/2016 23:30:54","","781244821482659840","","es eso que nos decían nuestras madres de 'cuidado cuando sales no pierdas de vista tu vaso, a ver si te van a echar PSdeG'","twitter.com/Rocigaot/status/781244821482659840"
"28/9/2016 23:29:24","1","781244442690908160","","si a Caballero le faltó decir que Dinoseto sería mejor opción que Leiceaga. Bueno, no descarto que lo haya dicho.","twitter.com/Rocigaot/status/781244442690908160"
"28/9/2016 23:26:13","1","781243641557815296","","Dice Carmona que los resultados en Galicia fueron nefastos 'a pesar de los esfuerzos de los compañeros gallegos'.Cojones como bolsas de Ikea","twitter.com/Rocigaot/status/781243641557815296"
"28/9/2016 23:11:25","2","781239915489165312","","Bueno, a ver, seamos justos: El PSdeG llevaba dando vergüencita desde bastante antes de empezar la campaña.","twitter.com/Rocigaot/status/781239915489165312"
"28/9/2016 23:08:36","3","781239208765693953","2","La hostia del domingo tuvo que ser culpa total de PDRO porque no es como si el PSdeG llevara toda la campaña dando vergüencita o algo.","twitter.com/Rocigaot/status/781239208765693953"
"28/9/2016 22:35:54","2","781230980405362690","4","Cebrián redactando el editorial sobre Pdro. Recreación.pic.twitter.com/ByK2JuQrcs","twitter.com/Rocigaot/status/781230980405362690"
"28/9/2016 21:45:02","4","781218176105385984","","Ya me pierdo con quién odia a quién en twitter, como para no perderme con el pifostio del PSOE.","twitter.com/Rocigaot/status/781218176105385984"
"28/9/2016 21:23:02","1","781212642719531008","","A ver si todo esto esta amañado para que simpaticemos con PDRO y en las terceras le votemos por pena, a lo Ania en GH1.","twitter.com/Rocigaot/status/781212642719531008"
"28/9/2016 1:17:41","","780909306216583168","","de todas formas mi gran trauma son los que le hablan al niño en inglés siendo castellanohablantes para que les salga bilingüepic.twitter.com/kxkJqXEiSt","twitter.com/Rocigaot/status/780909306216583168"
"27/9/2016 23:58:43","","780889434115993600","","a mí la lactancia me parece bien, pero los piques de 'yo soy mejor madre porque doy la teta' me saturan mucho.","twitter.com/Rocigaot/status/780889434115993600"
"27/9/2016 23:29:33","3","780882094184595456","2","¿Que han hecho una película de 'Esta muerta está muy viva'? ¡Han arruinado mi infancia!pic.twitter.com/VCJotlwch3","twitter.com/Rocigaot/status/780882094184595456"
"27/9/2016 23:24:14","2","780880754221940737","1","Cuando sales el jueves pero el viernes te han plantado una asignatura en la que la asistencia cuenta para nota.pic.twitter.com/b8tjxgxHkW","twitter.com/Rocigaot/status/780880754221940737"
"27/9/2016 23:21:53","","780880162703499264","","y yo pensando: 'lo mismo es innovador porque los demás obligan a sus niños a hacerles la trimestral del IVA y yo sin saberlo'","twitter.com/Rocigaot/status/780880162703499264"
"27/9/2016 23:20:32","","780879823342280705","","a mí hace poco me soltaron una chapa de 'a mi hijo lo criamos con el método noséqué, que escogen ellos a qué quieren jugar' (1)","twitter.com/Rocigaot/status/780879823342280705"
"27/9/2016 23:10:04","","780877190598692864","","yo el año pasado estuve con extraescolares en inglés. 20/25críos por clase, de infantil a primaria. Casi hago Puerto Hurraco Kids.","twitter.com/Rocigaot/status/780877190598692864"
"27/9/2016 22:59:39","","780874568311435264","","yo cada vez tengo más claro que la maternidad no es para mí porque con sólo leer del tema de pasada ya me da la pereza mortal","twitter.com/Rocigaot/status/780874568311435264"
"27/9/2016 22:55:20","","780873481265315840","","y los rollos de malasmadres que siempre me hacen pensar:'si vosotras sois las mamás no obsesivas cómo es el resto?'","twitter.com/Rocigaot/status/780873481265315840"
"27/9/2016 18:37:35","1","780808615108153344","","lembras cuando o PP arrasou en Muxía tralo Prestige e todos dicían: 'se é o que escolleron por algo será, non critiquemos'? XD","twitter.com/Rocigaot/status/780808615108153344"
"27/9/2016 18:00:56","1","780799394526396416","","es que se habrán quedado a gusto. ¿Entre que traducían y doblaban a nadie le chirrió eso?","twitter.com/Rocigaot/status/780799394526396416"
"27/9/2016 17:56:59","","780798399272591364","","vale, ya he leído el siguiente tuit XD","twitter.com/Rocigaot/status/780798399272591364"
"27/9/2016 17:56:32","1","780798287733485569","","¿y aprenderé a dar cursos de cualquier cosa, o aprenderé a dar cursos de cómo dar cursos?","twitter.com/Rocigaot/status/780798287733485569"
"27/9/2016 17:55:25","1","780798006706798593","","Tengo Neox de fondo y en un capítulo doblado de The Middle está dando un discurso de boda 'el mejor hombre' (sic)pic.twitter.com/9BYCNJlIbR","twitter.com/Rocigaot/status/780798006706798593"
"27/9/2016 16:04:40","1","780770134952665088","2","'el presidente nos dedica una lavada de partes'- > !Joder, ha nacido para el puesto!","twitter.com/Rocigaot/status/780770134952665088"
"27/9/2016 12:30:09","","780716149826871296","","que pa eso el linkedin también serviría, pero se chiva de qué perfiles visitas XD","twitter.com/Rocigaot/status/780716149826871296"
"27/9/2016 12:29:33","1","780715999490375680","","y también un poquito para cotillear a gente que me cae como el culo, debo confesar XD","twitter.com/Rocigaot/status/780715999490375680"
"27/9/2016 12:26:15","1","780715168338702336","","además, pese a todo, a veces es un reducto acogedor cuando aquí estallan los flames.","twitter.com/Rocigaot/status/780715168338702336"
"27/9/2016 12:25:15","2","780714914751062016","","3, poner las chorradas que aquí no me caben por el límite de caracteres. :D","twitter.com/Rocigaot/status/780714914751062016"
"27/9/2016 12:24:15","2","780714664145584128","","de que no son de los que comparten lo de Álvaro Ojeda (2). XD","twitter.com/Rocigaot/status/780714664145584128"
"27/9/2016 12:23:55","2","780714581509414913","","1. Conservar contacto con gente que vive lejos. 2. Cotillear a posibles ligues y asegurarte(1)","twitter.com/Rocigaot/status/780714581509414913"
"27/9/2016 12:21:28","1","780713961951989760","","bueno, y gente que difunde dando por buenas noticias de medios tan fiables como mediterráneo digital.pic.twitter.com/7iBIECkdR0","twitter.com/Rocigaot/status/780713961951989760"
"27/9/2016 12:19:55","1","780713571542003712","","a mí Ojedas y similares no tanto como chorradas pseudofilosóficas, pero alguno cae de cuando en cuando.","twitter.com/Rocigaot/status/780713571542003712"
"27/9/2016 12:15:02","1","780712344204763136","","cuñadez de Ojeda tipo 'dónde están las feministas cuando me multan los de la ORA'->comparte si estás de acuerdo","twitter.com/Rocigaot/status/780712344204763136"
"27/9/2016 12:13:38","2","780711990557863936","","'Un amén por él'-> Foto de crío con graves malformaciones que supongo se curarán al llegar a 3000 amenes.","twitter.com/Rocigaot/status/780711990557863936"
"27/9/2016 12:09:57","","780711063197143040","","o los de 'voy a poner a prueba a mis amigos a ver quiénes se leen este tocho copiaypegado y dejan 1comment'","twitter.com/Rocigaot/status/780711063197143040"
"27/9/2016 12:08:30","1","780710699534254085","","tampoco faltan los que ponen carteles tipo 'den like si les gustaría que este niño no tuviera cáncer'.","twitter.com/Rocigaot/status/780710699534254085"
"27/9/2016 12:06:55","","780710302367309825","","eso iba a preguntar yo!","twitter.com/Rocigaot/status/780710302367309825"
"27/9/2016 11:51:07","7","780706324782968832","1","Fulanito te ha invitado a darle like a su página 'Tintorería Paco'. Por si tú, que vives en Ferrol, quieres ir a lavar el nórdico a Murcia.","twitter.com/Rocigaot/status/780706324782968832"
"27/9/2016 11:28:36","6","780700658378936320","","¿Recordáis cuando los muros de FB eran fotos de fiesta y marujeo y no 50% cosas de bebés /50% peña haciendo spam de su empresa?","twitter.com/Rocigaot/status/780700658378936320"
"27/9/2016 0:20:42","1","780532577551650816","","y a otro de los tipos le dice 'no seas envidiosa pero búscate aliadas'-> AUNQUE TODAS QUERRÁN PISARTE PARA CONSEGUIR UN MACHO","twitter.com/Rocigaot/status/780532577551650816"
"27/9/2016 0:19:10","1","780532189935104000","1","a algunas las critica por no buscar pareja y al final concluye que 'pero todas te apuñalarán por un hombre'pic.twitter.com/1MsNsEOnjA","twitter.com/Rocigaot/status/780532189935104000"
"26/9/2016 22:33:42","","780505649616658433","","¿ya están otra vez queriendo mover los horóscopos de sitio?","twitter.com/Rocigaot/status/780505649616658433"
"26/9/2016 22:03:14","10","780497982890373120","","'le voy a recetar una cucharada de Dalsy con las comidas y un Ave María Purísima cada ocho horas'","twitter.com/Rocigaot/status/780497982890373120"
"26/9/2016 21:59:46","3","780497108105396226","","madre mía, yo creo que buscaría la cámara oculta!","twitter.com/Rocigaot/status/780497108105396226"
"26/9/2016 21:58:00","6","780496665853714432","","pic.twitter.com/UIAlfpAx3E","twitter.com/Rocigaot/status/780496665853714432"
"26/9/2016 20:03:27","2","780467835797643265","","ULTRAFAN de la chavala!","twitter.com/Rocigaot/status/780467835797643265"
"26/9/2016 14:38:33","1","780386072366878720","","uf, la cosa esta ya lleva tiempo rulando y cada vez que la veo pongo los ojos tan en blanco que al final me veré el cerebro.","twitter.com/Rocigaot/status/780386072366878720"
"26/9/2016 14:36:18","5","780385505598926849","","para morirse de la pena.Y hablamos de gente de treintaytantos, no de la generación de mis abuelos.","twitter.com/Rocigaot/status/780385505598926849"
"26/9/2016 14:34:08","3","780384963732631552","1","como si fuera un locurón la idea de que para su pareja el sexo pueda ser satisfactorio y apetecible.","twitter.com/Rocigaot/status/780384963732631552"
"26/9/2016 14:33:10","6","780384718038630401","","se descojonen y digan: 'no, si ahora encima de acceder a follar,mi mujer tendrá que entusiasmarse con la idea' (2)","twitter.com/Rocigaot/status/780384718038630401"
"26/9/2016 14:32:21","5","780384511767044096","","una reacción que me deprime mogollón, hablando de consentimiento entusiasta con tíos casados/ennoviados, es que(1)","twitter.com/Rocigaot/status/780384511767044096"
"26/9/2016 14:25:06","4","780382690252091393","1","Youtube, para que yo seal target de esos anuncios de pruebas de embarazo, la reacción al positivo tendría que ser 'oh,mierda' y no 'yupiii!'","twitter.com/Rocigaot/status/780382690252091393"
"26/9/2016 0:00:12","","780165031094812673","","pic.twitter.com/sjxz68Cv4a","twitter.com/Rocigaot/status/780165031094812673"
"25/9/2016 23:45:15","2","780161268313366528","","UNA PIÑA PARA GOBERNARLOS A TODOS Y ATARLOS EN LAS TINIEBLAS","twitter.com/Rocigaot/status/780161268313366528"
"25/9/2016 23:41:45","3","780160386872012800","","calla, que llevo todo el verano viendo cosas de piñas en las tiendas y pensando: 'mira, merchandising de Facking Ancho!'","twitter.com/Rocigaot/status/780160386872012800"
"25/9/2016 23:36:30","1","780159066366676992","1","de hecho soy tan fake que en la vida real NI SIQUIERA TENGO GATO. NI UNO.","twitter.com/Rocigaot/status/780159066366676992"
"25/9/2016 23:35:55","2","780158920677548032","1","ojo, que aquí he tenido replies de machimonguers que parecían creer que el avatar de la loca de los gatos es mi foto REAL","twitter.com/Rocigaot/status/780158920677548032"
"25/9/2016 23:33:19","1","780158264659042305","","desnudo revolcándose en sobres de Bárcenas.","twitter.com/Rocigaot/status/780158264659042305"
"25/9/2016 23:30:55","1","780157662059257856","","yo voy a incluir a la conversación a @PotiPotiInLove y ya lo que surja. XD","twitter.com/Rocigaot/status/780157662059257856"
"25/9/2016 23:29:12","3","780157227265036288","1","cómo son las nudes peperas? desnudo y con un lazo de la bandera de españa en el pito?","twitter.com/Rocigaot/status/780157227265036288"
"25/9/2016 23:25:44","1","780156354153574400","","Me encantaría poder pensar que sólo votan al PP los viejos o que es cosa de Galicia. Sería cuestión de esperar o emigrar. Peeeero...","twitter.com/Rocigaot/status/780156354153574400"
"25/9/2016 23:01:55","1","780150363555041280","","yo es que siempre tuve claro que no se iban a comer más que los mocos, y no es que sea un hacha haciendo pronósticos, pero...","twitter.com/Rocigaot/status/780150363555041280"
"25/9/2016 22:57:44","1","780149309694181376","","Pero alguén contaba con que Cuñadanos sacase escaño aquí?","twitter.com/Rocigaot/status/780149309694181376"
"25/9/2016 22:32:30","","780142961120145408","","Pensaba que en Friker estaban con algún caso de niño endemoniado, pero no, lo que oigo son los críos de los vecinos. #quevengaHerodes","twitter.com/Rocigaot/status/780142961120145408"
"25/9/2016 22:22:29","3","780140437038333952","","si lo sabía, pero aún así una parte de mí espera el milagro. Como cuando me pruebo un sujetador del Oysho.","twitter.com/Rocigaot/status/780140437038333952"
"25/9/2016 22:02:16","7","780135351063023616","3","Cuando lees un tuit de 'jajaja, los gayegos votan al PP, qué brutos', entras a su cuenta y ves que es de Madrid.pic.twitter.com/7c71zUz1BT","twitter.com/Rocigaot/status/780135351063023616"
"25/9/2016 21:34:18","2","780128312664416256","","Bueno, empieza Friker así que me desconecto del sondeo. Que ya son ganas de cabrearme por algo que ya sabía.","twitter.com/Rocigaot/status/780128312664416256"
"25/9/2016 20:02:43","69","780105266272563201","71","O meme oficial das autonómicas.pic.twitter.com/l0vYEb7aMR","twitter.com/Rocigaot/status/780105266272563201"
"25/9/2016 14:27:33","6","780020916747137024","3","a mí me fascina que gente de + de 12 años considere divertido dedicar un sábado noche a decirle a las niñas 'pene,pene,pene'","twitter.com/Rocigaot/status/780020916747137024"
"25/9/2016 14:10:55","1","780016731498618880","","A ver, minuto y resultado: tenemos ya algún caso de carretaxe? Porque yo no me siento de verdad en día de elecciones hasta que sale alguno.","twitter.com/Rocigaot/status/780016731498618880"
"25/9/2016 13:59:16","1","780013801714413572","1","eu fun votar coa raia pintada. Coa de onte á noite.","twitter.com/Rocigaot/status/780013801714413572"
"25/9/2016 13:58:39","","780013644759363584","","@hematocritico ay, me ha recordado al juicio del rocanrol de Muchachada Nui!","twitter.com/Rocigaot/status/780013644759363584"
"25/9/2016 1:12:12","","779820761666158593","","CLASICAZO","twitter.com/Rocigaot/status/779820761666158593"
"24/9/2016 20:25:16","1","779748551958069248","","me alegro! Cuando estés ya al 100% no va a haber quien te pare!pic.twitter.com/QvjHtrg7kf","twitter.com/Rocigaot/status/779748551958069248"
"24/9/2016 20:21:14","","779747535657242624","","Qué tal vas con la recuperación, por cierto?","twitter.com/Rocigaot/status/779747535657242624"
"24/9/2016 20:18:55","","779746954314153984","","en mi caso en 2011, pero por lo demás, tal cual.","twitter.com/Rocigaot/status/779746954314153984"
"24/9/2016 19:58:50","1","779741900429459460","2","La pancarta de la manifa por lo de la calle de Millán Astray es un poco lema del Team Rocket.pic.twitter.com/LRBjlbcYAw","twitter.com/Rocigaot/status/779741900429459460"
"24/9/2016 15:41:30","1","779677138530213889","","Outfit casual con mis nuevas Hunter.","twitter.com/Rocigaot/status/779677138530213889"
"24/9/2016 15:33:32","1","779675133636124672","","Menos mal que ya están berreando los críos de los vecinos otra vez. LLevaban una hora calladitos y ya me estaba preocupando.","twitter.com/Rocigaot/status/779675133636124672"
"24/9/2016 15:14:18","","779670295389016065","","yo el de morderle las uñas detrás de una puerta nunca lo había oído antes y me dejó el culo torcidísimo.","twitter.com/Rocigaot/status/779670295389016065"
"23/9/2016 23:48:35","3","779437330029502468","3","'¡Ay, pero si tú eres el pequeño de la Herminia, lo que has crecido! ¿En qué curso estás ya, bonito?'pic.twitter.com/KBUpGzEjzB","twitter.com/Rocigaot/status/779437330029502468"
"23/9/2016 18:00:18","","779349680396337152","","Habrá que estar antentos al twitter de Feijóo por si un día de estos descubre el chiste del perro Mistetas.","twitter.com/Rocigaot/status/779349680396337152"
"23/9/2016 15:15:38","","779308242153435136","","es que hay otros que piensas: 'vale, puedo entender que la gente lo creyera cuando había poca información', pero ese es muy WTF","twitter.com/Rocigaot/status/779308242153435136"
"23/9/2016 15:10:54","","779307051264671744","","el de cortarle las uñas con los dientes detrás de una puerta es para enmarcar.","twitter.com/Rocigaot/status/779307051264671744"
"23/9/2016 0:09:34","1","779080224709414912","","no sé, es probable que el holograma de Fraga les anime, al menos a algunos. :P","twitter.com/Rocigaot/status/779080224709414912"
"22/9/2016 23:59:53","1","779077786241732608","","me sigue pareciendo poco. Y ya si sumamos a las cuentas de 'filosofía' o 'frases románticas', buceo en fosa de purín directamente","twitter.com/Rocigaot/status/779077786241732608"
"22/9/2016 23:57:19","","779077142126657536","","a lo mejor si lo practicamos en días de temporal, si no poco castigo me parece.","twitter.com/Rocigaot/status/779077142126657536"
"22/9/2016 23:47:48","6","779074743907549184","","Cuando sea lideresa suprema, ¿meto a los poetuiteros en el mismo gulag que los del coaching o les hago uno propio?","twitter.com/Rocigaot/status/779074743907549184"
"22/9/2016 23:21:03","","779068012779433984","","son más cuquis que Rosell, eso me lo reconocerás. XD","twitter.com/Rocigaot/status/779068012779433984"
"22/9/2016 23:12:57","2","779065975102636032","","pero para estar esclavizados por empresaurios tipo Rosell mejor que nos esclavicen los delfines, que son cuquis!","twitter.com/Rocigaot/status/779065975102636032"
"22/9/2016 21:52:42","","779045781751947268","","a lo mejor si llegamos a las cuartas elecciones vuelve como fichaje estrella de Cuñadanos.","twitter.com/Rocigaot/status/779045781751947268"
"22/9/2016 20:19:49","5","779022405238923267","3","Lo que dice Feijóo tampoco es novedad. A ver si creéis que quieren que vuestros hijos sepan inglés para competir con los suyos por puestazos","twitter.com/Rocigaot/status/779022405238923267"
"22/9/2016 19:13:19","1","779005668850270209","","'no tienes por qué ir a muxir las vacas si no quieres que la izquierda las muxa por ti'.pic.twitter.com/FOrUjMzGze","twitter.com/Rocigaot/status/779005668850270209"
"22/9/2016 19:11:42","1","779005263026196480","","y que a veces la gente decía: 'no puedo, tengo que muxir las vacas' (muxir=ordeñar), y entonces él les decía 'el domingo (2)","twitter.com/Rocigaot/status/779005263026196480"
"22/9/2016 19:10:54","1","779005061913518081","","dice que recuerda q un compañero suyo,cuando cerraba elecciones en Galicia, decía a la gente 'el domingo tienes que ir a votar'(1)","twitter.com/Rocigaot/status/779005061913518081"
"22/9/2016 19:07:39","1","779004245425188872","","mira mi rt anterior y escucha el audio.","twitter.com/Rocigaot/status/779004245425188872"
"22/9/2016 19:06:27","1","779003940880932864","1","Coño, que Pablito Casado no sabe que las vacas no se pueden dejar sin ordeñar cuando quieres. Con lo puesto que parecía en la vida rural.pic.twitter.com/aYXejZutYh","twitter.com/Rocigaot/status/779003940880932864"
"22/9/2016 18:08:34","7","778989375480889344","8","Deportivas marca 'Mike' o 'Pluma' del chino, versión elecciones.pic.twitter.com/ZKwROBkufx","twitter.com/Rocigaot/status/778989375480889344"
"22/9/2016 16:36:48","1","778966278950232072","","bueno, sí, el perro ladra menos.","twitter.com/Rocigaot/status/778966278950232072"
"22/9/2016 16:36:23","1","778966177087389696","","tengo una así al lado. A veces no la distingo del perro de los de abajo.","twitter.com/Rocigaot/status/778966177087389696"
"22/9/2016 14:01:47","2","778927271415574528","","joder, es casi tan cruel como ponerle Regla a tu hija en honor a la virgen de la ídem.","twitter.com/Rocigaot/status/778927271415574528"
"21/9/2016 22:50:06","1","778697835919179776","","a mí a veces sí que me da, pero creo que es más por todo el gas de toooda la cerveza que por la cogorza en sí.","twitter.com/Rocigaot/status/778697835919179776"
"21/9/2016 22:45:44","1","778696739683303424","","cojo el obujo
do vuelco y llennno l vafo
y ya son sei chubitos de obufo 
dos qu así me he pimblad...hic!","twitter.com/Rocigaot/status/778696739683303424"
"21/9/2016 22:29:26","1","778692637695938562","","me pasa lo mismo. Y la tirria se multiplica por diez si se trata de 'coro de niños cantando Imagine'.","twitter.com/Rocigaot/status/778692637695938562"
"21/9/2016 17:58:28","1","778624444252184577","","ay, exactamente lo mismo que me había pasado a mí. Al final acabé yendo a su almacén porque temia no volver a ver la calle.","twitter.com/Rocigaot/status/778624444252184577"
"21/9/2016 17:40:19","","778619876499922949","","ay, que aún he visto AHORA por qué estabais  todos en mi TL hablando de Telepizza XD","twitter.com/Rocigaot/status/778619876499922949"
"21/9/2016 17:38:59","1","778619541274390530","","rápido, pregúntame si tengo vacas o si puedo pasarte coca antes de que te quiten el carnet de madrileño!","twitter.com/Rocigaot/status/778619541274390530"
"21/9/2016 17:18:39","1","778614422982000640","","con relativamente pronto quería decir 'hace relativamente poco', que estoy espesísima hoy. :P","twitter.com/Rocigaot/status/778614422982000640"
"21/9/2016 17:18:03","1","778614271873847296","","aquí Dominos llegó relativamente pronto y no tenemos pizza hut, que no todos vivimos en la capi #ñiñiiñiñi","twitter.com/Rocigaot/status/778614271873847296"
"21/9/2016 17:05:03","2","778611003579834368","","yo si estoy de resaca máxima es Telepizza o chino. La pizza buena no me alivia igual. XD","twitter.com/Rocigaot/status/778611003579834368"
"21/9/2016 2:14:39","1","778386927011717120","","ya ni recuerdo quién fue porque me los lío, pero el tono era muy de 'pero qué público más tonto(no) tengo'.","twitter.com/Rocigaot/status/778386927011717120"
"21/9/2016 2:03:38","1","778384154731941888","","yo este no lo vi y del anterior pasé desde que se pillaron berrinche en twitter por no petarlo en audiencia.","twitter.com/Rocigaot/status/778384154731941888"
"21/9/2016 2:00:56","1","778383473593708544","","aquí o en el 1.0? Porque si es aquí, anímale para que le haga un instagram al gato, sigue al gato y desagrega al humano.","twitter.com/Rocigaot/status/778383473593708544"
"21/9/2016 1:58:09","1","778382772176052225","","me huele más a que los que lo llevaban antes y colegas estarán rayando cada martes con 'el nuestro era mejor mimimimimi'","twitter.com/Rocigaot/status/778382772176052225"
"21/9/2016 1:27:37","2","778375089163235328","1","pic.twitter.com/oPtEuAzxye","twitter.com/Rocigaot/status/778375089163235328"
"20/9/2016 22:52:46","1","778336118861361152","1","'As miñas prioridades son o Deportivo, os cans e Nerea'. Romperon Brangelina pero xa temos nova parella a envidiar. #Casamos","twitter.com/Rocigaot/status/778336118861361152"
"20/9/2016 22:50:58","","778335669269721089","","No #Casamos de hoxe, 'despedíronme por deixar aos nenos xogando á súa bola mentras ligaba con ela'. Ok.pic.twitter.com/qRAhlFVQFx","twitter.com/Rocigaot/status/778335669269721089"
"20/9/2016 20:48:17","2","778304792057749504","2","Estoy por ponerme esto de foto de portada en Facebook.https://twitter.com/DrXaverius/status/778303968082624512 …pic.twitter.com/mnsZ9kgJ5Z","twitter.com/Rocigaot/status/778304792057749504"
"20/9/2016 17:26:25","6","778253993499848704","15","Mira, @Dr_Fleibur , TontoGuitarras ha cobrado vida! https://twitter.com/elenagallop/status/778242874697736192 …","twitter.com/Rocigaot/status/778253993499848704"
"20/9/2016 15:27:41","1","778224111793364992","","conmigo supuestamente hicieron 2intentos, en el 1ºllamaron y no estaba y en el 2º les faltaba información para la entregapic.twitter.com/ELeqaI32Bf","twitter.com/Rocigaot/status/778224111793364992"
"20/9/2016 15:23:40","","778223098944512000","","y eso si no te enteras por su web de que supuestamente llamaron y no estabas, como me hicieron a mí en mi único pedido con ellos.","twitter.com/Rocigaot/status/778223098944512000"
"19/9/2016 17:29:37","1","777892409921470464","","eu coa cara de canciño Tristón que lle vexo imaxino un cartel de 'non compres, adopta'.","twitter.com/Rocigaot/status/777892409921470464"
"19/9/2016 17:09:42","1","777887397640081408","","si con eso no lo petan en audiencia volverán a llamarnos memos a todos por twitter como en la otra temporada?","twitter.com/Rocigaot/status/777887397640081408"
"19/9/2016 14:19:37","","777844593480040448","","é o que tería que ter feito eu,pero non estiven atenta no momento e agora ao quedar sen nómina empezaron a sangrarme ao bestia","twitter.com/Rocigaot/status/777844593480040448"
"19/9/2016 14:18:10","","777844230412767232","","se les va muchísimo. Yo antes tenía Banesto y por sacar en cajero de Santander(mismo grupo) eran 2 ó 3 euros.","twitter.com/Rocigaot/status/777844230412767232"
"19/9/2016 14:16:58","2","777843925360975872","","-¿17 euros son un tercio de 30?
-Es que la de mantenimiento son 24, el resto ya son otras comisiones. 
#muchomejorandevaaparar","twitter.com/Rocigaot/status/777843925360975872"
"19/9/2016 14:10:06","2","777842197857206272","","-Y esta comisión de qué es, si ya me clavasteis los 30 euros hace un mes?
-Es la parte proporcional de la comisión de mantenimiento.","twitter.com/Rocigaot/status/777842197857206272"
"19/9/2016 14:08:52","2","777841889613602816","","25 euros me piden porque es que tenía un descubierto de 2 euros(la comisión al vaciar la cuenta) +17 euros que me pasaron de comisión.","twitter.com/Rocigaot/status/777841889613602816"
"19/9/2016 14:06:17","1","777841240142471168","","mierda, olvidé la bombona de oxígeno. Ya debo de tener un descubierto de 400 eurazos mínimo.","twitter.com/Rocigaot/status/777841240142471168"
"19/9/2016 14:05:33","1","777841052648632320","","Que ya hace tiempo que tendría que haber salido de ahí, que es el mal absoluto, pero la pereza de cambiar domiciliaciones y tal.","twitter.com/Rocigaot/status/777841052648632320"
"19/9/2016 14:04:09","12","777840701455339520","3","He ido a intentar cancelar una cuenta al Banco Santander y ahora me preocupa haberme sentado porque igual por eso también hay comisión.","twitter.com/Rocigaot/status/777840701455339520"
"18/9/2016 23:08:37","1","777615332605366272","","QUE YO NO VI LA HABITACIÓN ESA, EH, SÓLO LAS CHICAS QUE FUMAN","twitter.com/Rocigaot/status/777615332605366272"
"18/9/2016 22:59:54","","777613138015481856","1","he cotilleado en Tripadvisor y parece que la gente no queda muy convencida https://www.tripadvisor.es/Hotel_Review-g1063682-d1565711-Reviews-Hotel_Algete-Algete.html#review_393419442 …","twitter.com/Rocigaot/status/777613138015481856"
"18/9/2016 22:40:26","2","777608239575887876","","digo yo que en Youtube, Que luego habrá masters online de Satanismo+Coaching, pero son de pago y no compensa.","twitter.com/Rocigaot/status/777608239575887876"
"18/9/2016 22:38:20","10","777607710762303488","3","'Hay satanistas que se hacen por Internet'. Si es que ahora hay videotutoriales de todo. #CuartoMilenio","twitter.com/Rocigaot/status/777607710762303488"
"18/9/2016 22:28:01","","777605114219601920","","lo tengo de fondo y ni caso le estoy haciendo.","twitter.com/Rocigaot/status/777605114219601920"
"18/9/2016 21:52:16","","777596117706047489","","sí, si te entendí!","twitter.com/Rocigaot/status/777596117706047489"
"18/9/2016 21:32:19","","777591099749724161","","ya quisiera ser capaz de leerlos enteros!","twitter.com/Rocigaot/status/777591099749724161"
"18/9/2016 20:52:40","2","777581119957000193","","luego reaccioné y mi 2º pensamiento fue 'ay,,que los vecinos pensarán que estoy oyendo esto aposta'","twitter.com/Rocigaot/status/777581119957000193"
"18/9/2016 20:49:20","2","777580281788264448","","y me desperté con un sustaco de la hostia, en plan AY, LA HOSTIA, GOLPE DE ESTADO FACHA!","twitter.com/Rocigaot/status/777580281788264448"
"18/9/2016 20:47:08","1","777579728677007361","","no sé dónde coño acabé, que a las 5:50 me despierta el himno de España y una arenga militar. (3)","twitter.com/Rocigaot/status/777579728677007361"
"18/9/2016 20:46:05","1","777579463185985536","","creo que en la Ser o algo así, y una vez se conoce que moví el dial pensando que era el volumen, y (2)","twitter.com/Rocigaot/status/777579463185985536"
"18/9/2016 20:45:13","1","777579245979787264","","ay, me estoy acordando una vez, cuando me levantaba a las 6 y tenía el radio despertador sintonizado(1","twitter.com/Rocigaot/status/777579245979787264"
"18/9/2016 20:41:29","1","777578306887622657","","ay, sí, lo había leído por aquí y estuve un par de días pensando que era una coña del Mundo Today!","twitter.com/Rocigaot/status/777578306887622657"
"18/9/2016 20:27:54","4","777574886696943616","","te he retuiteado, pero con miedo a que alguien se lo tome en serio y ponga en práctica el negocio. :P","twitter.com/Rocigaot/status/777574886696943616"
"18/9/2016 20:24:53","1","777574127012048896","","sí, hasta en eso se han estrujado mucho la neurona.","twitter.com/Rocigaot/status/777574127012048896"
"18/9/2016 20:16:45","25","777572083610030080","15","El libro de Álvaro Ojeda es todo dibujos y letra enorme porque ni autor ni público objetivo llegaron a los libros naranjas de Barco de Vapor","twitter.com/Rocigaot/status/777572083610030080"
"18/9/2016 19:09:10","","777555074381938690","","que como irás con hambre pedirás más, y más pasta para el negocio. Oye, pues está bien pensado!","twitter.com/Rocigaot/status/777555074381938690"
"18/9/2016 19:08:44","7","777554966043103232","1","a lo mejor funciona mejor al revés. Una sesión BDSM para ir abriendo apetito, y luego a reponer fuerzas al asador.","twitter.com/Rocigaot/status/777554966043103232"
"18/9/2016 18:57:59","5","777552258057834496","1","'tú átame y vas haciendo pero no esperes que me mueva mucho, que me he pasado con el cochinillo y estoy empachá'","twitter.com/Rocigaot/status/777552258057834496"
"18/9/2016 18:51:40","1","777550671021219841","","intuyo que tiene el mismo target que los anuncios de los geles de placer durex.","twitter.com/Rocigaot/status/777550671021219841"
"18/9/2016 18:44:56","1","777548977239691266","","pic.twitter.com/Bw4wghV9K0","twitter.com/Rocigaot/status/777548977239691266"
"18/9/2016 18:40:51","4","777547945956765696","","y dando golpes en la mesa a tu lado cada poco. Acabas tomándote trankimazines como si fueran pipas.","twitter.com/Rocigaot/status/777547945956765696"
"18/9/2016 18:37:25","","777547082240495617","","ojalá alguien se lo haya escrito entero,porque peor es si le dejan escribir algo y tienes que ser su corrector.","twitter.com/Rocigaot/status/777547082240495617"
"18/9/2016 18:34:36","1","777546374908870660","","es normal que Ojeda se interese por los libros: tiene que tener todas las mesas cojas de tanto golpe y hay que calzarlas.","twitter.com/Rocigaot/status/777546374908870660"
"18/9/2016 18:17:11","14","777541992272257024","3","y hacen bodas, comuniones y bautizos. Verás qué risa como se hagan un lío con las reservas.","twitter.com/Rocigaot/status/777541992272257024"
"18/9/2016 18:13:25","10","777541044351209472","","donde pone 'multitud de argollas' leí 'multitud de anguilas' y ya iba a decir 'PERO QUÉ MIERDA ESPERAN QUE PASE AHÍ'","twitter.com/Rocigaot/status/777541044351209472"
"18/9/2016 18:03:39","14","777538587030061056","5","'No soy proletario, eh, que trabajo con un ordenador que me he pagado yo'-> Eres proletario y un poco primo.","twitter.com/Rocigaot/status/777538587030061056"
"18/9/2016 17:48:44","1","777534833698496512","","Esto está casi al nivel del tuit del sol y la energía nuclear de JimmyPokemon.","twitter.com/Rocigaot/status/777534833698496512"
"17/9/2016 20:25:46","","777211962270818304","","Acabo de tener un momento así buscando una cesta en el Carreful.pic.twitter.com/VXVyTdduAl","twitter.com/Rocigaot/status/777211962270818304"
"17/9/2016 15:19:24","1","777134863732408321","","UNFOLLOW+BLOCK+REPORT","twitter.com/Rocigaot/status/777134863732408321"
"17/9/2016 14:53:29","","777128340830490624","","a ver si se ha equivocado de chat y el mensaje no era para ti... XD","twitter.com/Rocigaot/status/777128340830490624"
"17/9/2016 14:47:35","","777126855732293632","","yo con las cosas que se hacen solas soy muy de olvidar que se están haciendo y puedo acabar quemando la casa :P","twitter.com/Rocigaot/status/777126855732293632"
"17/9/2016 14:46:36","42","777126609610506240","36","Cuando pienso que tomo malas decisiones en la vida, recuerdo que hay peña que dio pasta a Pedro Jota para que refundara el periodismo.","twitter.com/Rocigaot/status/777126609610506240"
"17/9/2016 14:44:05","","777125974777458688","","venga, manda, que yo además soy super vaga para hacerlas!","twitter.com/Rocigaot/status/777125974777458688"
"17/9/2016 14:41:53","1","777125420760199168","","Si me queréis, venirse a hacerme la comida.","twitter.com/Rocigaot/status/777125420760199168"
"17/9/2016 13:52:44","13","777113053699661824","4","-Ya no estoy enamorado de ella, pero no quiero hacerle daño porque es muy buena pers..
-BINGOOO!","twitter.com/Rocigaot/status/777113053699661824"
"17/9/2016 13:49:17","8","777112186032455680","","voto por hacer el bingo, y cuando empiecen a soltar el rollo,ir tachando casillas en su cara.","twitter.com/Rocigaot/status/777112186032455680"
"17/9/2016 13:46:33","5","777111495834476544","2","y esa de 'le he dado a entender muchas veces que ya no siento nada pero hace como que no se entera'.","twitter.com/Rocigaot/status/777111495834476544"
"17/9/2016 13:40:47","12","777110046283075584","2","Que no falte el clásico 'quiero dejarla pero ahora no puedo porque está pasando un mal momento'","twitter.com/Rocigaot/status/777110046283075584"
"16/9/2016 19:32:41","2","776836214666199041","4","No jodáis que han muerto árboles para que se imprima un libro de Álvaro Ojeda.","twitter.com/Rocigaot/status/776836214666199041"
"16/9/2016 17:41:36","23","776808262553436160","10","'tu novio tiene cara de montar un puesto de castañas y decir que es CEO de una pop-up store'","twitter.com/Rocigaot/status/776808262553436160"
"16/9/2016 17:36:55","21","776807082033049600","7","'tu novio me tiene pinta de creer en el cambio sensato'","twitter.com/Rocigaot/status/776807082033049600"
"16/9/2016 15:45:28","8","776779036911669248","2","'Es que hay modelos haciéndose fotos sexy con mandos sin ser gamers'=Es que hay boys que van de bomberos sin haber aprobado las oposiciones.","twitter.com/Rocigaot/status/776779036911669248"
"16/9/2016 15:34:09","1","776776189310562305","","vai pesar máis a bolsa do material que o neno!","twitter.com/Rocigaot/status/776776189310562305"
"16/9/2016 15:27:25","","776774491053621249","","ya, está más allá de toda comparación. No tengo claro si los antichocolatistas sois humanos o reptilianos infiltrados!","twitter.com/Rocigaot/status/776774491053621249"
"16/9/2016 14:58:29","2","776767209813209088","","separados al nacer XDDDD","twitter.com/Rocigaot/status/776767209813209088"
"16/9/2016 13:12:06","2","776740438837428224","","Tengo la serie algo olvidada,pero por lo que recuerdo,todos los novios de Rory son para echarles de comer aparte","twitter.com/Rocigaot/status/776740438837428224"
"16/9/2016 3:02:52","4","776587120274210816","1","No te gusta el chocolate?? Y luego dirás de los sincebollistas...","twitter.com/Rocigaot/status/776587120274210816"
"16/9/2016 2:31:57","","776579338984710144","","Hoy, en 'Aliexpress WTF'... 
https://es.aliexpress.com/item/Funny-Donald-Trump-T-Shirt-USA-presidential-election-Campaign-Vote-Republican-candidate-Tops-Tees-Men-Women/32707699739.html?spm=2114.11040108.159.2118.VzjxSW&scm=1007.13562.39355.0&pvid=2792203b-43c3-4198-8e7f-9ab14e8e1a88&tpp=1 …","twitter.com/Rocigaot/status/776579338984710144"
"16/9/2016 0:29:35","","776548547089010688","","a mí me tiene pinta de trollazo también.","twitter.com/Rocigaot/status/776548547089010688"
"16/9/2016 0:09:28","1","776543482039136256","","madre mía las cabezas. Aunque con esa mentalidad, tiene sentido que defienda a la Iglesia.","twitter.com/Rocigaot/status/776543482039136256"
"15/9/2016 23:18:49","1","776530735104688128","","yo de eso ni tengo, siempre he sido doña calores, aunque últimamente soy algo más friolera. Será que voy viejuna ya.","twitter.com/Rocigaot/status/776530735104688128"
"15/9/2016 23:08:10","1","776528058266312705","","yo estoy con pijama largo (finito, eso sí), y anoche casi pongo la manta en la cama y todo.","twitter.com/Rocigaot/status/776528058266312705"
"15/9/2016 22:31:41","11","776518874409889792","1","Estoy a dos berridos del crío de los vecinos de hacerme una ligadura de trompas casera con el alambre del pan de molde.","twitter.com/Rocigaot/status/776518874409889792"
"15/9/2016 22:19:39","1","776515846743154688","","al cabrón de 'ahora tengo mi vida' era para contratar a un torero del moroso pero que fuera voceando tras él con un altavoz.","twitter.com/Rocigaot/status/776515846743154688"
"15/9/2016 22:17:20","1","776515263164547076","","a veces con los humoristas o actores piensas: 'qué gracioso, cómo hace de cuñao ahí', y tampoco estaba interpretando tanto :P","twitter.com/Rocigaot/status/776515263164547076"
"15/9/2016 21:40:07","1","776505898520997888","","Pues al final ninguno ganamos la porra. Y mira que yo estaba convencida de que el próximo era Loquillo. https://twitter.com/hdcarrefour/status/776497861462790144 …","twitter.com/Rocigaot/status/776505898520997888"
"15/9/2016 17:42:45","1","776446162152857600","","es mi entrepreneur interior que me da ideas en sueños. ","twitter.com/Rocigaot/status/776446162152857600"
"15/9/2016 17:41:49","1","776445928119074816","","coido que en verdad non teñen. Ou eso espero, que se non aínda vai dicir a xente que lles fago publicidade encuberta.","twitter.com/Rocigaot/status/776445928119074816"
"15/9/2016 17:40:16","4","776445536597598208","","poca fuerza me daba miedo no lanzarla lo bastante lejos y matarme yo también. Y ahí ya me desperté, sin saber si la lanzaba o no.","twitter.com/Rocigaot/status/776445536597598208"
"15/9/2016 17:38:26","3","776445077879189504","","Y tenía una en forma de calabaza de Halloween con purpu, y había que quitarle la parte de arriba en plan anilla y lanzar, pero como tengo","twitter.com/Rocigaot/status/776445077879189504"
"15/9/2016 17:36:11","6","776444510603776000","1","Acabo de recordar que ayer soñé que me unía a una guerrilla y preparaba un ataque con granadas de mano de colores que compraba en el Tiger.","twitter.com/Rocigaot/status/776444510603776000"
"15/9/2016 15:19:10","1","776410028513251333","1","y lo bien que tiene que oler el pie después de unas horitas con eso puesto?","twitter.com/Rocigaot/status/776410028513251333"
"14/9/2016 23:11:46","2","776166572939501568","","pic.twitter.com/LygCT2q9ye","twitter.com/Rocigaot/status/776166572939501568"
"14/9/2016 23:09:01","3","776165883387514880","1","De verdad Cuñadanos no tenía a nadie mejor que presentar en Galicia? El gato de mi vecina creo que tiene la agenda bastante libre.","twitter.com/Rocigaot/status/776165883387514880"
"14/9/2016 23:01:09","5","776163904573628417","2","Tengo puesto Vía V para hacer el juego de beber de chupito cada vez que Cristina Losada haga el ridíc...pic.twitter.com/ChugEPoeaE","twitter.com/Rocigaot/status/776163904573628417"
"14/9/2016 22:40:17","1","776158650427727873","","¿Marías?","twitter.com/Rocigaot/status/776158650427727873"
"14/9/2016 22:38:15","2","776158138739388417","","y bronca del que hubiera estado a punto de dejarse los dientes en el pasillo, claro.","twitter.com/Rocigaot/status/776158138739388417"
"14/9/2016 22:37:43","4","776158006941667329","","yo tenía que dejar el cable del modem atravesado en el pasillo, y si alguien tropezaba adiós conexión","twitter.com/Rocigaot/status/776158006941667329"
"14/9/2016 22:33:38","4","776156978712379392","","ponte en plan abuelo Cebolleta: 'no sabéis lo que era bajar 1canción por Napster y con la tarifa plana de Terra!'","twitter.com/Rocigaot/status/776156978712379392"
"14/9/2016 22:25:14","3","776154864816689152","1","Yo: Era 1997, casi nadie tenía movil, no había apps
Ella:Claro, yo aún no había nacido
Yo:pic.twitter.com/qdRLYG8Jh1","twitter.com/Rocigaot/status/776154864816689152"
"14/9/2016 22:21:25","7","776153903968751617","1","me dijo: 'hala, ¿y no se te ocurrió entrar a la web de los buses desde el móvil y buscar la línea correcta?'.","twitter.com/Rocigaot/status/776153903968751617"
"14/9/2016 22:20:11","3","776153592210350080","1","en 1º de carrera(97)me perdí por Salamanca por equivocarme de bus. El año pasado se lo conté a una alumna y (1)","twitter.com/Rocigaot/status/776153592210350080"
"14/9/2016 19:52:19","4","776116379678375936","2","Cuando descubres que esa persona que te cae fatal tiene el Instagram público.pic.twitter.com/qYj02lnHKy","twitter.com/Rocigaot/status/776116379678375936"
"14/9/2016 1:23:37","6","775837367961841664","3","Y EN VEZ DE DOS AL CUBO LE DICEN DOS AO CALDEIRO Y CLARO, ASÍ SUSPENDEN.","twitter.com/Rocigaot/status/775837367961841664"
"13/9/2016 23:56:10","2","775815360037527552","1","Si es fake no me lo digáis. I want to believe.https://twitter.com/Alex_Fidalgo/status/775812084001038336 …No puede ser verdad...  pic.twitter.com/0fwvX7RuEB","twitter.com/Rocigaot/status/775815360037527552"
"13/9/2016 23:55:01","2","775815069590355971","","¿te ha mandado fototetas por Linkedin?","twitter.com/Rocigaot/status/775815069590355971"
"13/9/2016 22:58:33","3","775800858546147329","1","A maioría de parellas de #Casamos preñáronse accidentalmente aos poucos meses. Igual Dúrex debía publicitar menos os xeles e máis os condóns","twitter.com/Rocigaot/status/775800858546147329"
"13/9/2016 22:52:25","1","775799318821367808","","yo ahora estoy con Casamos, así que si pasa algo trepidante ahí no hagas spoilers!","twitter.com/Rocigaot/status/775799318821367808"
"13/9/2016 22:50:59","2","775798955888275456","","claro, borró el lugar de nacimiento con tippex y puso que era del mismo Oxford","twitter.com/Rocigaot/status/775798955888275456"
"13/9/2016 22:48:54","1","775798431201787904","","'Quería casar para pegar un puñetazo encima de la mesa'. ¿Este que é, o irmán secreto do Ojeda? #Casamos","twitter.com/Rocigaot/status/775798431201787904"
"13/9/2016 22:47:43","","775798133527867392","","Anda, que hoxe botan Casamos. Pero non era os mércores?","twitter.com/Rocigaot/status/775798133527867392"
"13/9/2016 22:46:08","2","775797736012644352","","normal, es que menuda tensión, y encima si te pillan capaces son de decir que tú les mentiste a ellos","twitter.com/Rocigaot/status/775797736012644352"
"13/9/2016 22:41:16","1","775796510369968128","","además esta ciudad no es tan grande,imagina que tienes conocidos comunes con algún padre de alumno","twitter.com/Rocigaot/status/775796510369968128"
"13/9/2016 22:37:37","2","775795591188217856","","MA-RA-VI-LLO-SO. Si hablabas castellano con alguien de la academia tenías que poner acento?","twitter.com/Rocigaot/status/775795591188217856"
"13/9/2016 22:36:02","1","775795194298003457","1","that's the spiritpic.twitter.com/mBpP5I3eQk","twitter.com/Rocigaot/status/775795194298003457"
"13/9/2016 22:09:40","2","775788557390733312","","y más una empresa que trabaja todo con 'autónomos' (LOL), que dudo que sea ignorancia...","twitter.com/Rocigaot/status/775788557390733312"
"13/9/2016 22:08:27","2","775788252477419520","","sí, pero una cosa es que te lo diga el cuñao de turno y otra que te lo diga alguien que lleva una empresa.","twitter.com/Rocigaot/status/775788252477419520"
"13/9/2016 22:04:29","1","775787253062836224","","que darme de alta en autónomos. Y yo en plan:pic.twitter.com/EUic4NFRkW","twitter.com/Rocigaot/status/775787253062836224"
"13/9/2016 22:01:31","1","775786508632612864","","sin parte fija de salario, donde la entrevistadora me dijo que por ley,mientras no llegara al SMI, no tenía (2)","twitter.com/Rocigaot/status/775786508632612864"
"13/9/2016 22:00:38","1","775786283910238208","","yo recuerdo una entrevista para un curro MUY chungo de telemarketing donde hacían contrato mercantil y  (1)","twitter.com/Rocigaot/status/775786283910238208"
"13/9/2016 21:53:43","1","775784545547325440","","pues si le llega una inspección de trabajo y estás ahí sin contrato de ningún tipo se mete en 1lío ella también","twitter.com/Rocigaot/status/775784545547325440"
"13/9/2016 21:47:40","1","775783024013312000","","me meo. Te pagas autónomos, nos traes clientes y nos pagas por el aula. Cojones como pelotas de Nivea.","twitter.com/Rocigaot/status/775783024013312000"
"13/9/2016 11:49:03","1","775632375015505920","","Mi prima la de Cádiz me pregunta si le puedo mandar unas botellas de Alvarito o lo pararán en Aduanas.","twitter.com/Rocigaot/status/775632375015505920"
"13/9/2016 0:36:35","2","775463143061524480","1","yo cada vez que hay autonómicas.pic.twitter.com/SuGd5M6Mng","twitter.com/Rocigaot/status/775463143061524480"
"12/9/2016 23:59:55","","775453915542421504","","En serio, PP, se Chenoa pode ir á xuntanza esa con Bisbal sen facer drama vós podedes superar o do bipartito.  #DebateCRTVG","twitter.com/Rocigaot/status/775453915542421504"
"12/9/2016 23:52:13","","775451980303110144","","#JesuislaprimadeLosada #DebateCRTVG","twitter.com/Rocigaot/status/775451980303110144"
"12/9/2016 22:39:07","5","775433583045537792","4","#OrgulloNaranjapic.twitter.com/FhXAwZH2pu","twitter.com/Rocigaot/status/775433583045537792"
"12/9/2016 22:24:21","2","775429865814257668","","es la única que le está haciendo algo de pupa, porque el resto...","twitter.com/Rocigaot/status/775429865814257668"
"12/9/2016 22:15:21","1","775427600361590785","","no recuerdo a quién le leí que es como cuando en Gran Hermano votaban a Fresita porque ay, la pobre.","twitter.com/Rocigaot/status/775427600361590785"
"12/9/2016 22:13:28","1","775427129093812224","","na, según eso yo no sé español, que hay gente de zonas del sur que si me habla muy rápido... XD","twitter.com/Rocigaot/status/775427129093812224"
"12/9/2016 22:10:57","2","775426495678414849","","sí, porque lo que es a la de Cuñadanos creo que ya la aventaja sólo con los Casamos que ha visto XD","twitter.com/Rocigaot/status/775426495678414849"
"12/9/2016 21:56:01","1","775422734771847168","","a este paso cuando nos independicemos pides la nacionalidad XD","twitter.com/Rocigaot/status/775422734771847168"
"12/9/2016 21:54:43","1","775422406861160448","","¡Emprendedores! #Chupito #DebateCRTVG","twitter.com/Rocigaot/status/775422406861160448"
"12/9/2016 21:44:38","2","775419871073042432","3","Lo nuestro duró
Lo que dura una candidata a la Xunta de Ciudadanos hablando en gallego","twitter.com/Rocigaot/status/775419871073042432"
"12/9/2016 21:12:20","","775411740863528964","","y si se quedan todas embarazadas menos una dejan de ajuntarla?","twitter.com/Rocigaot/status/775411740863528964"
"12/9/2016 20:57:30","","775408008520200192","","será un aliño para gintonic.","twitter.com/Rocigaot/status/775408008520200192"
"12/9/2016 20:55:45","","775407567472394241","","pic.twitter.com/0rZbSTl6vy","twitter.com/Rocigaot/status/775407567472394241"
"12/9/2016 19:54:10","1","775392069535817728","","sí, mujer, yo te adopto! siempre he dicho que aquí tendríamos que promocionarnos en el sur con el 'turismo de fresquito'.","twitter.com/Rocigaot/status/775392069535817728"
"12/9/2016 19:45:56","1","775389997167935489","","aquí nos llega hoy la primera alerta amarilla de la temporada. :P","twitter.com/Rocigaot/status/775389997167935489"
"12/9/2016 18:40:12","5","775373456108118016","3","-Te quiero
-pic.twitter.com/WCISdyxMiJ","twitter.com/Rocigaot/status/775373456108118016"
"12/9/2016 17:50:59","5","775361069908893701","4","como dice una amiga mía, si me vuelven a hablar de emprender la emprendo a hostias.","twitter.com/Rocigaot/status/775361069908893701"
"12/9/2016 17:29:20","2","775355623013806081","1","La vida es lo que pasa mientras esperas a que se instalen las tropecientas actualizaciones del portátil.","twitter.com/Rocigaot/status/775355623013806081"
"12/9/2016 15:38:21","","775327691914510336","","pic.twitter.com/2bSdltGMsR","twitter.com/Rocigaot/status/775327691914510336"
"12/9/2016 1:51:19","1","775119561716826113","","yo diría que es true pijerío, pero si curras en la Razón y no eres monárquica supongo que tienes que afinar la ironía mucho","twitter.com/Rocigaot/status/775119561716826113"
"12/9/2016 1:32:18","1","775114778591264768","","' el que tenía revolucionadas a todas las niñas con sus constantes bromas'= El gilipollas que te toca el culo a traición.","twitter.com/Rocigaot/status/775114778591264768"
"11/9/2016 23:50:34","2","775089174672187392","1","#PeliculizaUnTuitero  Andritxol rumbo a Río. #perdón #enlacabezanoqueestoyestudiando","twitter.com/Rocigaot/status/775089174672187392"
"11/9/2016 23:42:51","","775087232445218816","","díselo a la pobre perra, que el susto que le he dado XD","twitter.com/Rocigaot/status/775087232445218816"
"11/9/2016 23:40:32","3","775086649038561282","1","Acabo de soltar una carcajada que he hecho ladrar a la perra de los vecinos.https://twitter.com/henryharkerhart/status/775085232747900928 … pic.twitter.com/9nyC668krt","twitter.com/Rocigaot/status/775086649038561282"
"11/9/2016 23:16:29","1","775080599006679040","","pues no me suena, pero igual leyeron algo en alguna boda cuando yo ya estaba así.pic.twitter.com/SivITnr9zs","twitter.com/Rocigaot/status/775080599006679040"
"11/9/2016 23:14:47","","775080169866395648","","yo ahora sin recordatorio de Fb sólo recuerdo ese, 2 amigos del 1de mayo y un ex que cumple cuando la lotería de navidad.","twitter.com/Rocigaot/status/775080169866395648"
"11/9/2016 23:12:14","","775079529391980545","","cuál es ese? Yo lo que más veces he sufrido son cosas de Coelho o lo del 'volar juntos pero no atados' que no sé de quién es","twitter.com/Rocigaot/status/775079529391980545"
"11/9/2016 23:10:24","","775079067142021120","","ella hacía la coña de 'vale que le dije a Osama que era un rollo que la gente olvide mi cumple, pero creo que se pasó'","twitter.com/Rocigaot/status/775079067142021120"
"11/9/2016 23:08:54","","775078689998528512","","oye, yo tengo una amiga que cumple el 11S y desde 2001 no ha habido un solo año que se me olvidara felicitarla.","twitter.com/Rocigaot/status/775078689998528512"
"11/9/2016 23:07:58","1","775078454161276978","","si es de esas donde sube todo dios a leer y ponen diapositivas te da tiempo a echar una cabezadita en la ceremonia.","twitter.com/Rocigaot/status/775078454161276978"
"11/9/2016 22:52:34","1","775074578913693696","","yo en Aliexpress me compré una vez una bata tipo kimono, talla L. Si vuelvo a los 46kgs de mis 16años igual cierra","twitter.com/Rocigaot/status/775074578913693696"
"11/9/2016 22:38:13","2","775070966548496384","","yo a veces a mis vecinos quiero decirles que o hablen más bajo o vocalicen mejor para que pueda cotillear del todo.","twitter.com/Rocigaot/status/775070966548496384"
"11/9/2016 19:14:26","","775019684773101568","","qué larga se me está haciendo la edad de oro del periodismo.","twitter.com/Rocigaot/status/775019684773101568"
"11/9/2016 18:40:51","2","775011232634077184","","da para hacer un meme!","twitter.com/Rocigaot/status/775011232634077184"
"11/9/2016 17:13:50","1","774989333145190400","","...y niños, así fue como empezó la I Guerra del Tuiter, que se convirtió en la III Guerra Mundial. XD","twitter.com/Rocigaot/status/774989333145190400"
"11/9/2016 17:09:28","1","774988236326367232","","sí, porfa! un excel con nombre de usuario, avatar y mote. Y un diagrama de quiénes se odian y qiuénes son coleguis.","twitter.com/Rocigaot/status/774988236326367232"
"10/9/2016 17:21:41","1","774628921438507008","1","con flores a Pikachu.","twitter.com/Rocigaot/status/774628921438507008"
"10/9/2016 17:20:59","","774628746699632641","","todos tenemos días espesos! :D","twitter.com/Rocigaot/status/774628746699632641"
"10/9/2016 17:18:05","1","774628015636701184","","yo lo pillé porque si me dieran un euro por cada vez que me lo han dicho tendría más pasta que AO, y sin niños cosiendo.","twitter.com/Rocigaot/status/774628015636701184"
"10/9/2016 17:11:09","8","774626270588071936","8","Meterte con los poderosos->Envidia,LO PEOR
Reírte de los que están jodidos-> 'Paso de la dictadura de lo políticamente correcto'","twitter.com/Rocigaot/status/774626270588071936"
"10/9/2016 15:58:54","5","774608089505001472","2","'los médicos recetan ir en busca de la luz limpia del sur'. ¡Veraneo en Puerto Hurraco, Veraneo en Puerto Hurraco!","twitter.com/Rocigaot/status/774608089505001472"
"10/9/2016 15:41:22","1","774603675541049344","","recuerdo un vestido de Blanco, hace años, que casi me tienen que excarcelar los bomberos.","twitter.com/Rocigaot/status/774603675541049344"
"10/9/2016 15:40:51","1","774603544632684544","","lo mejor es cuando te pruebas algo y al ir a quitártelo se queda encajao bajo el pecho y no sale.","twitter.com/Rocigaot/status/774603544632684544"
"10/9/2016 14:33:28","1","774586587388735488","","confieso que desde que lo descubrí en el  buscador de gifs estaba esperando el momento para poder usarlo XD","twitter.com/Rocigaot/status/774586587388735488"
"10/9/2016 14:28:32","3","774585347258933248","","pic.twitter.com/BaIonuIFtn","twitter.com/Rocigaot/status/774585347258933248"
"10/9/2016 14:26:33","2","774584849504079877","","no sabía que el problema era que sólo hacían copas B y pensaba que era yo la que estaba mal hecha.","twitter.com/Rocigaot/status/774584849504079877"
"10/9/2016 14:26:01","2","774584714342662144","","sí compraba en Oysho y WS y si una me quedaba grande pillaba una talla más, que me iba grande de contorno.","twitter.com/Rocigaot/status/774584714342662144"
"10/9/2016 14:23:54","1","774584179132686336","","supongo que mucha gente lleva sus sujes sin que les queden bien por no saber lo de las copas. Yo de más joven(1)","twitter.com/Rocigaot/status/774584179132686336"
"10/9/2016 14:15:43","4","774582119733555200","5","Mira, ya llevábamos una temporadita sin un PP fast and PP furious.https://twitter.com/La_SER/status/774581600575258625 …La vicepresidenta de la Junta de Castilla y Léon, retenida tras superar la tasa de alcoholemia http://cadenaser.com/emisora/2016/09/10/radio_valladolid/1473506688_761049.html … Por @ValladolidSER","twitter.com/Rocigaot/status/774582119733555200"
"10/9/2016 14:12:20","1","774581271414579201","","yo hace poco como estoy adelgazando un poco me probé una 90C del Oysho. Y dice la gente que no soy optimista. XDDD","twitter.com/Rocigaot/status/774581271414579201"
"10/9/2016 13:59:43","3","774578093872799744","","ay, me estoy acordando de cuando Oysho anunció que sacaba la copa C y pensé, ilusa de mí, que ya me valdrían sus sujetadores.","twitter.com/Rocigaot/status/774578093872799744"
"9/9/2016 14:03:54","1","774216761793245184","","y además al llevar a Falangito les vale ya pa las terceras generales!","twitter.com/Rocigaot/status/774216761793245184"
"9/9/2016 14:01:17","2","774216101387444224","","Se me ha roto el corazoncito del sobre, que era otra joya del diseño gráfico.pic.twitter.com/GE4JjuwPZ2","twitter.com/Rocigaot/status/774216101387444224"
"9/9/2016 13:54:39","2","774214432478097410","","'Sabemos llegar a acuerdos, lo hemos demostrado'pic.twitter.com/JdE8Rr8jsT","twitter.com/Rocigaot/status/774214432478097410"
"9/9/2016 13:52:45","","774213955241840641","","Por dentro la cosa mejora aún más.pic.twitter.com/4ojhttyzmj","twitter.com/Rocigaot/status/774213955241840641"
"9/9/2016 13:48:49","2","774212962785591296","","Ya me ha empezado a llegar propaganda electoral para las autonómicas y se ve que por Cuñadanos se presenta Falangitopic.twitter.com/E2k7ff1eaZ","twitter.com/Rocigaot/status/774212962785591296"
"8/9/2016 22:57:15","1","773988595589931009","","si se deja... xD","twitter.com/Rocigaot/status/773988595589931009"
"8/9/2016 22:51:52","6","773987238950600704","2","-Si eres feminista no ligaré contigo
-¿Me lo podrías repetir por escrito y ante notario?","twitter.com/Rocigaot/status/773987238950600704"
"8/9/2016 22:41:31","8","773984636653428736","7","Cuando invitas a tu boda por pena al pesado de la pandi y se dedica a dar la brasa a tus primas las de ADE+Derecho.pic.twitter.com/X6pECfj7Du","twitter.com/Rocigaot/status/773984636653428736"
"8/9/2016 20:20:22","2","773949113721360384","","estoy por ponérmelo de bio del tuiter.","twitter.com/Rocigaot/status/773949113721360384"
"8/9/2016 0:14:20","4","773645605688188928","","'Lo primero que hizo en la noche de bodas al llegar al hotel fue poner la tele y ver una peli de chinos'. #Casamospic.twitter.com/XrY1LqtxdW","twitter.com/Rocigaot/status/773645605688188928"
"8/9/2016 0:07:02","","773643767912038400","1","'El mejor momento fue cuando nacieron mis hijos, sobre todo cuando nació el macho'. Ok. #Casamospic.twitter.com/usDx0pnmIk","twitter.com/Rocigaot/status/773643767912038400"
"7/9/2016 23:32:51","2","773635164173955072","1","Digo eu que ao mellor hai cancións que pegan máis para bailar na túa voda que 'vete, olvida ni nombre y pega la vuelta' #Casamos","twitter.com/Rocigaot/status/773635164173955072"
"7/9/2016 23:07:48","","773628859321294848","","Pois o #Casamos de hoxe de momento moi aburrido. Vai ser difícil chegar ao listón dos de 'coñecémonos en Mil Anuncios' do outro día.","twitter.com/Rocigaot/status/773628859321294848"
"7/9/2016 22:53:03","1","773625150247952385","","'Quen tirou o embarazo para adiante foi el'. Muller, digo eu que ti algo tamén aportarías ao asunto. #Casamos","twitter.com/Rocigaot/status/773625150247952385"
"7/9/2016 14:21:50","1","773496497249878016","","ay, los ortegaliebers, qué pereza.","twitter.com/Rocigaot/status/773496497249878016"
"7/9/2016 14:04:50","","773492219407962112","","es como cuando leo a gente de mi edad(1979) criticar a los veinteañeros por hablar del 23-F y la transición sin haberlo vivido","twitter.com/Rocigaot/status/773492219407962112"
"6/9/2016 1:22:01","1","772937861754683392","3","Cuando te toca la pipa amarga.pic.twitter.com/VweGycpUNL","twitter.com/Rocigaot/status/772937861754683392"
"6/9/2016 1:19:13","4","772937156046254080","1","Cuando te enteras de que alguien a quien no tocarías ni con un palo va contando que se lió contigo.pic.twitter.com/Ge0jzUS2qh","twitter.com/Rocigaot/status/772937156046254080"
"6/9/2016 1:12:15","4","772935403519221761","2","Cuando subes una foto tuya a Facebook vs cuando te etiquetan tus amigos.pic.twitter.com/SmOVRd8XF2","twitter.com/Rocigaot/status/772935403519221761"
"6/9/2016 0:02:11","2","772917772779130880","1","Franco, el Muzzy de los patriotas.Lo veo.","twitter.com/Rocigaot/status/772917772779130880"
"5/9/2016 23:40:37","1","772912343877611524","","para nosotros 27 grados es MUCHO CALOR. Al menos para los de la costa, para Ourense eso sería calorcillo de entretiempo. XD","twitter.com/Rocigaot/status/772912343877611524"
"5/9/2016 23:01:00","1","772902375237582848","","#EnMiLápidaPondrá Cuando vuelva como zombi, a ti te comeré el primero.","twitter.com/Rocigaot/status/772902375237582848"
"5/9/2016 22:13:51","","772890507827617792","1","Pero esto tamén o farán poñendo cara de pouca gana, coma cando votaron para investir a Rajoy.https://twitter.com/prazapublica/status/772889606739996672 …Rivera ofrécese a soster o goberno do PP en Galicia se Feijóo non logra a absoluta http://praza.gal/politica/12517/rivera-ofrecese-a-soster-o-goberno-do-pp-en-galicia-se-feijoo-non-logra-a-absoluta/ … pic.twitter.com/JnCBfT0Riy","twitter.com/Rocigaot/status/772890507827617792"
"5/9/2016 19:18:33","","772846391685177344","","Nunca es mal momento para volver a ver esto. https://www.youtube.com/watch?v=AxbuXCPmvoU …","twitter.com/Rocigaot/status/772846391685177344"
"5/9/2016 15:50:39","3","772794072075567104","","pic.twitter.com/NNU339uVS0","twitter.com/Rocigaot/status/772794072075567104"
"5/9/2016 15:05:59","3","772782830619336706","1","Ya está @ComandanteVimes quedando con animalicos del tuiter para pegarse.pic.twitter.com/oxZOuBtFgb","twitter.com/Rocigaot/status/772782830619336706"
"4/9/2016 23:08:52","2","772541964080283648","1","pic.twitter.com/xqWHj6aMvR","twitter.com/Rocigaot/status/772541964080283648"
"4/9/2016 22:43:50","","772535665355620352","1","¿Una niña que tiene un amigo invisible? OH MISTERIO MISTERIOSO #CuartoMilenio","twitter.com/Rocigaot/status/772535665355620352"
"4/9/2016 22:36:13","2","772533748004978689","","La cría de mis vecinos está en esa encantadora edad de berrinches con chillidos hiperagudos que podrían estallar cristales. #quevengaherodes","twitter.com/Rocigaot/status/772533748004978689"
"4/9/2016 22:30:51","","772532399142014976","","uy, es un habitual!","twitter.com/Rocigaot/status/772532399142014976"
"4/9/2016 22:26:08","","772531210618859520","","Y LOS MEDIOS LO OCULTAN","twitter.com/Rocigaot/status/772531210618859520"
"4/9/2016 22:25:44","1","772531112275042304","","que al parecer hay una conspiración para ocultar que hay tiburones mordiéndole la mano a los niños en la playa.","twitter.com/Rocigaot/status/772531112275042304"
"4/9/2016 22:21:04","","772529936343195650","","estaban, ahora están con el misterio de 'tiburones en España'.","twitter.com/Rocigaot/status/772529936343195650"
"4/9/2016 21:54:42","8","772523301877014528","2","'Si la gente ya no mira a los eclipses, con Pokemon Go menos'. Pokemon Go, evitando daños oculares desde 2016. #CuartoMilenio","twitter.com/Rocigaot/status/772523301877014528"
"4/9/2016 21:39:58","16","772519591813738496","14","Llámame loca, Carmen, pero si vas cazando pokemons y te disparan igual el problema no es Pokemon Go sino el acceso a armas #CuartoMilenio","twitter.com/Rocigaot/status/772519591813738496"
"4/9/2016 20:59:52","1","772509503740866560","1","que da más risa aún considerando que empezó hablando de lo chungo de no tener camareros con dominio del inglés.","twitter.com/Rocigaot/status/772509503740866560"
"4/9/2016 20:58:28","","772509151406727169","1","por no hablar de lo falso del argumento de 'es una inversión pero como aprendes inglés te cambia la vida'.","twitter.com/Rocigaot/status/772509151406727169"
"4/9/2016 19:55:53","","772493400289513472","","esa y la de 'ahora si quieres puedes poner una denuncia falsa,jojo'pic.twitter.com/uaWeHfm6n4","twitter.com/Rocigaot/status/772493400289513472"
"4/9/2016 19:53:38","","772492834628898816","","yo soy super patosa y siempre tengo algún moratón de chocarme contra todo.Ni sé las veces que me han hecho esa broma","twitter.com/Rocigaot/status/772492834628898816"
"4/9/2016 19:27:14","2","772486188548624384","","pues yo esa parada la uso bastante, con mi gafe ya es raro que no me pillara debajo :P","twitter.com/Rocigaot/status/772486188548624384"
"4/9/2016 19:25:26","3","772485736385970176","1","la parada inteligente ha tomado conciencia de sí misma y ha intentado huir. :P","twitter.com/Rocigaot/status/772485736385970176"
"4/9/2016 19:23:05","4","772485146113105920","1","Cristina Losada: 'Dúas horas levo frente ao castelo de San Antón e non empezan os concertos do Noroeste'pic.twitter.com/VckryikaCU","twitter.com/Rocigaot/status/772485146113105920"
"4/9/2016 19:03:11","1","772480136117620736","","'si no sabes inglés', separado, que acabo de ver mi errata y me sangran los ojos :P","twitter.com/Rocigaot/status/772480136117620736"
"4/9/2016 18:48:55","","772476549153099776","","(basado en hechos reales, que en mi barrio hay mucho aparcamiento creativo)","twitter.com/Rocigaot/status/772476549153099776"
"4/9/2016 18:48:31","","772476447579598848","","eso es como los que aparcan en doble fila delante de una plaza vacía de discapacitados para que no le multen por ocupar la plaza.","twitter.com/Rocigaot/status/772476447579598848"
"4/9/2016 17:55:26","2","772463087442100224","","sí, pero te lo venden como 'es tu culpa porque sino sabes inglés, qué esperas', que es lo que me repatea.","twitter.com/Rocigaot/status/772463087442100224"
"4/9/2016 17:52:31","1","772462351895388160","","a mí me han llamado para cosas para las que antes no me llamarían, pero en condiciones bastante mierder.","twitter.com/Rocigaot/status/772462351895388160"
"4/9/2016 17:33:21","2","772457532380024832","","yo tengo amigos poco mayores que yo que llegaron a hacerla y me desorino cuando veo las fotos de jura de bandera.","twitter.com/Rocigaot/status/772457532380024832"
"4/9/2016 16:48:30","2","772446245482790912","","esto de que el caralibro te meta en el muro cualquier cosa a la que reaccionan tus contactos es un facepalm continuo.","twitter.com/Rocigaot/status/772446245482790912"
"4/9/2016 16:46:23","48","772445710105112576","50","Facebook is dark and full of terrors.pic.twitter.com/8zjsKqEUFY","twitter.com/Rocigaot/status/772445710105112576"
"4/9/2016 16:33:11","4","772442390879756289","","Por cierto, filólogos ingleses y similares de mi TL, hablemos de eso de que una vez sabes inglés tu vida laboral va sobre ruedas. LOL","twitter.com/Rocigaot/status/772442390879756289"
"4/9/2016 16:23:38","1","772439985182142464","","'Españolito que coges el petate y el Easyjet, te guarde Dios'","twitter.com/Rocigaot/status/772439985182142464"
"4/9/2016 16:01:52","2","772434509690175488","","Lo típico de que te tiras un año trabajando en un Burger King de Londres y te vuelves con el C2 debajo del brazo.https://twitter.com/lugaricano/status/772408932904079361 …Londres está abarrotado de españolitos que se cogen el petate y el Easyjet y se van un año a aprender inglés y trabajar","twitter.com/Rocigaot/status/772434509690175488"
"4/9/2016 2:04:58","1","772223893927067648","","yo la he guardado también :D","twitter.com/Rocigaot/status/772223893927067648"
"4/9/2016 1:40:51","1","772217824844611585","","a mí también me lo ponen cada dos por tres!","twitter.com/Rocigaot/status/772217824844611585"
"3/9/2016 23:13:41","4","772180791833001985","","Pues ha ganado ampliamente Nocillo, aunque yo apuesto por Loquillo claramente.https://twitter.com/Rocigaot/status/771815065242787840 …Si hay terceras elecciones, ¿qué famosete meterán esta vez en listas de Cuñadanos?","twitter.com/Rocigaot/status/772180791833001985"
"3/9/2016 21:53:49","","772160691667099649","","esperar a las startups con un rifle en la mecedora del porche.","twitter.com/Rocigaot/status/772160691667099649"
"3/9/2016 21:43:24","2","772158071011471360","","Unión, Progreso y Trogloditas","twitter.com/Rocigaot/status/772158071011471360"
"3/9/2016 21:30:31","","772154826415337472","","oye, pues sí, me tiene toda la pinta también.","twitter.com/Rocigaot/status/772154826415337472"
"3/9/2016 21:28:50","","772154401993654272","","sí, pero a fin de cuentas todos los cuñadaners que conozco son ex peperos, así que no descartemos nada.","twitter.com/Rocigaot/status/772154401993654272"
"3/9/2016 21:26:20","2","772153774097989632","","es mi claro favorito también. Me lo tengo pedido si hacemos porra desde que se empezó a hablar de terceras elecciones.","twitter.com/Rocigaot/status/772153774097989632"
"3/9/2016 21:23:36","","772153085179334656","","Una horita queda para votar! De momento hay un claro favorito!https://twitter.com/Rocigaot/status/771815065242787840 …Si hay terceras elecciones, ¿qué famosete meterán esta vez en listas de Cuñadanos?","twitter.com/Rocigaot/status/772153085179334656"
"3/9/2016 19:11:15","4","772119780987957249","","Yo me encuentro esto en casa y le prendo fuego. A la casa.https://twitter.com/HdAnchiano/status/772065220915265536 …¿Algún entomólogo en la sala? Hay un café en juego a que la bolsa que ha aparecido en casa de mi hermana es el nido. pic.twitter.com/HjO3X93MGc","twitter.com/Rocigaot/status/772119780987957249"
"3/9/2016 16:29:16","1","772079015205167104","","yo estuve convencida mucho tiempo de que su apellido era otro que sonara parecido y en tuiter le llamaban rufián por la coña","twitter.com/Rocigaot/status/772079015205167104"
"3/9/2016 16:27:19","1","772078525453045760","","y nos fuimos de cañas para hacer tiempo. Lástima que no iba vestida de novia, para que fuera todo aún más LOL.","twitter.com/Rocigaot/status/772078525453045760"
"3/9/2016 16:26:53","1","772078415335792640","","les casaba ya en un momento 'y así ya nos lo quitamos de encima'. Al final la convencimos para esperar a los invitados (2)","twitter.com/Rocigaot/status/772078415335792640"
"3/9/2016 16:26:20","1","772078275963281408","","cuando se casó una de mis mejores amigas llegamos (los novios y yo) prontísimo, y dijo que a ver si estaba ya la concejala (1)","twitter.com/Rocigaot/status/772078275963281408"
"3/9/2016 16:01:35","3","772072047061176320","","y de beber, albóndigas.","twitter.com/Rocigaot/status/772072047061176320"
"3/9/2016 12:35:58","1","772020302515691520","","De verdad que me fascina la gente con tantísimo morro. Cómo será ir así por la vida?","twitter.com/Rocigaot/status/772020302515691520"
"3/9/2016 0:54:25","1","771843751090200576","","'Si es que cómo son estos locuelos, dejamos de vigilarlos un momento y la que lían'. #cojonescuadraosawardpic.twitter.com/KZ21laILVB","twitter.com/Rocigaot/status/771843751090200576"
"3/9/2016 0:48:19","1","771842217346494465","","si alguien quiere hacerle cuenta parodia le dejo el nombre en bandeja. XD","twitter.com/Rocigaot/status/771842217346494465"
"3/9/2016 0:34:03","3","771838628012167168","1","hay un duende invisible en su hombro diciéndole 'Mátalos, Albert. Mátalos a todos'.","twitter.com/Rocigaot/status/771838628012167168"
"3/9/2016 0:05:48","2","771831516913602560","1","And the Cojones Cuadraos Award goes to...https://twitter.com/Albert_Rivera/status/771827942414483456 …El Gobierno en funciones deberá dar explicaciones en el Congreso del nombramiento de Soria como candidato a director del Banco Mundial.","twitter.com/Rocigaot/status/771831516913602560"
"3/9/2016 0:01:43","2","771830492081586176","","en mi cabeza ha sonado con voz de Joaquín Reyes.","twitter.com/Rocigaot/status/771830492081586176"
"2/9/2016 23:23:14","1","771820806733049856","6","'El fotógrafo nos propuso varios diseños pero al final nos decantamos por el que hacía juego con la biblia nacarada'pic.twitter.com/d4yVSPHFva","twitter.com/Rocigaot/status/771820806733049856"
"2/9/2016 23:00:25","9","771815065242787840","19","Si hay terceras elecciones, ¿qué famosete meterán esta vez en listas de Cuñadanos?","twitter.com/Rocigaot/status/771815065242787840"
"2/9/2016 21:03:23","6","771785613368500224","2","En estos momentos, Albert ya debe de haberle mandado a Pdro un WhatsApp de 'hola wapo ke haces, a ver si tomamos un café un día '","twitter.com/Rocigaot/status/771785613368500224"
"2/9/2016 20:25:54","2","771776176398491648","","yo nunca tuve claro si Sofía y Felipe de Borbón le lavaban el culo a Franco o lavaban sus respectivos culos.","twitter.com/Rocigaot/status/771776176398491648"
"2/9/2016 20:19:29","5","771774565303382016","","yo de peque creía que la de 'Franco, Franco, que tiene el culo blanco' era de verdad la letra del himno.","twitter.com/Rocigaot/status/771774565303382016"
"2/9/2016 20:08:38","2","771771832303247360","2","Ojalá Albert intentando volver con Pdro si este intenta investirse y excusando lo del PP con el 'estábamos tomándonos un descanso' de Ross.","twitter.com/Rocigaot/status/771771832303247360"
"2/9/2016 19:58:10","2","771769198691385344","","Alguien ya está preparándose por si hay que cambiar de chaqueta otra vez por el bien de España.https://twitter.com/CiudadanosCs/status/771766853559615488 ….@Albert_Rivera 'Hoy finaliza el acuerdo de las #150ReformasCs' #SesiónDeInvestidura pic.twitter.com/h9xf82OP5x","twitter.com/Rocigaot/status/771769198691385344"
"2/9/2016 19:53:17","","771767971987517440","","Hacedme más gifs pa que pueda seguir la investidura, que estoy en la peluquería y me lo estoy perdiendo.","twitter.com/Rocigaot/status/771767971987517440"
"2/9/2016 17:07:02","2","771726131246620672","2","Esto es como cuando se estrenó Titanic y se la spoileé á una amiga por decir que el barco se hundía.https://twitter.com/laralopez_16/status/771695157838245888 …Gente llamando spoilera a una muerte histórica de hace 30 años. Gracias Twitter. pic.twitter.com/zBKdUpYSbO","twitter.com/Rocigaot/status/771726131246620672"
"2/9/2016 16:16:14","","771713345959391232","","y twitter te da infinitas ocasiones para usarlo. XD","twitter.com/Rocigaot/status/771713345959391232"
"2/9/2016 16:14:09","1","771712824619982848","","pic.twitter.com/jxy3zAwJlf","twitter.com/Rocigaot/status/771712824619982848"
"1/9/2016 22:18:47","2","771442198462300160","","'First Dates' me provoca el mismo efecto que los anuncios de geles de placer Durex. En plan 'quién fuera una amebita feliz'.","twitter.com/Rocigaot/status/771442198462300160"
"1/9/2016 21:58:38","1","771437126319767552","","Uno de 18 diciendo 'todas mis relaciones hasta ahora han fracasado'.","twitter.com/Rocigaot/status/771437126319767552"
"1/9/2016 19:11:17","2","771395012915564544","","@ComandanteVimes faltó 'hacemos luchas de esgrima con los penes'","twitter.com/Rocigaot/status/771395012915564544"
"1/9/2016 18:07:01","","771378839272452097","","a 1 ex-jefa casi tengo que hacerle un dibujo para que entendiera que irme a las 14:00no era currar 1/2jornada si entraba a las 6","twitter.com/Rocigaot/status/771378839272452097"
"1/9/2016 17:22:52","1","771367730092138497","","yo no le odio tanto como a Dalas porque lo he visto/leído menos, pero acollejable es un rato.","twitter.com/Rocigaot/status/771367730092138497"
"1/9/2016 16:31:29","1","771354796536238080","","pero alguien se había tragado la epifanía feminista de Japlo?","twitter.com/Rocigaot/status/771354796536238080"
"1/9/2016 15:18:43","1","771336485060698112","","o/","twitter.com/Rocigaot/status/771336485060698112"
"1/9/2016 15:07:11","3","771333581071380481","","De verdad que no sé ni por qué quiero opositar, si me desbordan las ideas emprendedoras.pic.twitter.com/1j3WSTTW6Z","twitter.com/Rocigaot/status/771333581071380481"
"1/9/2016 15:04:43","6","771332961568452608","9","¿Nadie ha inventado aún un Linkedin para bebés o niños, para que los padres compitan por quién hace más actividades? Porque veo negocio ahí.","twitter.com/Rocigaot/status/771332961568452608"
"1/9/2016 15:02:08","3","771332310335651841","","me sorprende que nadie haya sacado aún una especie de Linkedin para bebés para que los padres presuman de sus avances.","twitter.com/Rocigaot/status/771332310335651841"
"1/9/2016 14:57:24","1","771331122865246208","","porque con una clase semanal en el cole no estaba cogiendo nivel suficientemente rápido. Tres años.","twitter.com/Rocigaot/status/771331122865246208"
"1/9/2016 14:55:27","1","771330631615864832","","a mí con extraescolares me pasó que desapuntaron a una niña de 3 años porque preferían ponerle una profesora en casa 1h/día(1)","twitter.com/Rocigaot/status/771330631615864832"
"1/9/2016 14:22:37","5","771322367058599937","1","En serio: vuestros hijos no van a quedar condenados para siempre por no parecer del mismo Cambridge cuando empiecen Primaria. Relax.","twitter.com/Rocigaot/status/771322367058599937"
"1/9/2016 14:19:12","3","771321506848792576","1","De verdad que va siendo hora de ponerle un poquito de freno a la obsesión con el inglés. https://twitter.com/jzamorabonilla/status/771309861917253633 …","twitter.com/Rocigaot/status/771321506848792576"
"1/9/2016 14:14:39","","771320363359801344","","que incluso con un buen nivel yo no lo haría ni de coña, pero esto aún lo hace más penoso todo.","twitter.com/Rocigaot/status/771320363359801344"
"1/9/2016 14:08:44","","771318873060675584","","y madre mía los comentarios ofendiditos en el artículo del link.","twitter.com/Rocigaot/status/771318873060675584"
"1/9/2016 14:01:13","1","771316981924593664","","yo un día vi a unos en el super. Entre ellos hablaban español, y al niño en inglés anabotellano.","twitter.com/Rocigaot/status/771316981924593664"
"1/9/2016 13:54:18","72","771315239946035200","46","-Si no tienes hijos contribuyes a la extinción de la especie
-Si ya tenía decidido no tenerlos, deja de añadirle ventajas.","twitter.com/Rocigaot/status/771315239946035200"
"1/9/2016 12:38:33","1","771296177815977986","","Pois oes, si, estanme a dar ganas de quemar cousas. Vou irme ao sur a despexar a cabeza. A Puerto Hurraco ou así.  @elmundoes","twitter.com/Rocigaot/status/771296177815977986"