"date","fav","id","rt","text","url"
"29/5/2016 21:33:30","22","737003953607610369","18","Es que les obligan a dar las matemáticas en gayego y en vez de tres al cubo les dicen tres ao caldeiro.pic.twitter.com/m06h9kQApx","twitter.com/Rocigaot/status/737003953607610369"
"29/5/2016 21:45:24","28","737006950379065344","41","'Ahora es que si eres hombre y heterosexual parece que tienes que pedir perdón, que estamos discriminaos'pic.twitter.com/lVGqIIaCzA","twitter.com/Rocigaot/status/737006950379065344"
"29/5/2016 21:35:24","31","737004435197595648","34","'Así que le dije al catalufo: estamos en ESPAÑA así que o hablas en español o no entiendo y no te pago las cañas'pic.twitter.com/carspdur7A","twitter.com/Rocigaot/status/737004435197595648"
"29/5/2016 15:19:31","17","736909839721500672","28","También me hace gracia la obsesión de C's con que la izquierda son vagos que esperan favores, cuando gran parte de los que se pasaron(1)","twitter.com/Rocigaot/status/736909839721500672"
"31/5/2016 21:23:10","2","737726129633689600","1","quedas con él para salir y te llama para cancelar a última hora porque le da pereza quitarse el pijama.","twitter.com/Rocigaot/status/737726129633689600"
"31/5/2016 16:29:40","1","737652270578446337","","ya, es lo malo. Yo una vez cogí un mes de prueba de lesbiana y o llamas tú pa darte de baja o te siguen cobrando, como en Spotify.","twitter.com/Rocigaot/status/737652270578446337"
"31/5/2016 16:18:48","","737649533342089216","","por si alguien va a preguntar, está recortado del artículo de El Mundo de mi RT anterior.","twitter.com/Rocigaot/status/737649533342089216"
"31/5/2016 16:18:09","35","737649372050169856","56","Que al parecer si Johnny Depp fue violento es porque ella no había llamado para darse de baja de la bisexualidad.pic.twitter.com/aPNhUxThQ5","twitter.com/Rocigaot/status/737649372050169856"
"31/5/2016 16:09:26","4","737647175514087424","","Yo tendría que irme pensando si al final quiero hacer el máster de profesorado o si eso me llevaría a montar Puerto Hurraco Kids.","twitter.com/Rocigaot/status/737647175514087424"
"31/5/2016 15:26:27","","737636361839247360","","pero bueno, en general tiendo a liarme con gente muy poco aficionada a RRSS.","twitter.com/Rocigaot/status/737636361839247360"
"31/5/2016 15:24:09","2","737635782840573954","","cuando mi último ex existían messenger y creo que fotolog, pero es de esa gente que lo mismo aún tiene hotmail.","twitter.com/Rocigaot/status/737635782840573954"
"31/5/2016 15:16:17","2","737633802684620800","","yo lo mismo que la Zezen!","twitter.com/Rocigaot/status/737633802684620800"
"31/5/2016 13:43:07","","737610355866632192","","instagram, que entero no me cabía por el límite de caracteres.","twitter.com/Rocigaot/status/737610355866632192"
"30/5/2016 17:42:32","1","737308217487695872","","yo apostaría por el clásico: 'pues mi tío vivió hasta los 90''¿Con obesidad?' 'No, sin meterse donde no le llamaban'","twitter.com/Rocigaot/status/737308217487695872"
"30/5/2016 15:57:30","1","737281785889951745","","una de dos: o vas a mala hostia o hablas de algo de lo que no sabes, en cuyo caso, no te metas. Nadie pidió tu opinión y no aporta nada.","twitter.com/Rocigaot/status/737281785889951745"
"30/5/2016 15:50:23","2","737279995978997764","","eres culpable de colapsar el sistema sanitario, cómo puedes dejarte así'...cosas que puedes leer en cualquier IG de gente con obesidad.","twitter.com/Rocigaot/status/737279995978997764"
"30/5/2016 15:49:12","3","737279695553728512","","¿Y qué hacen los cuñaos para, según ellos, motivar a adelgazar? provocar más depresión o ansiedad con perlas tipo 'morirás joven por gordo,,","twitter.com/Rocigaot/status/737279695553728512"
"30/5/2016 15:47:44","2","737279329529368577","","en muchos casos, la obesidad se debe a relaciones emocionales con la comida (como comer más cuando estás deprimida, ansiosa...)","twitter.com/Rocigaot/status/737279329529368577"
"30/5/2016 15:30:55","5","737275094125400064","2","Eso sí, creo que hay más conciencia que antes de que la anorexia es un trastorno, pero la obesidad se sigue viendo como 'vaga sin voluntad'","twitter.com/Rocigaot/status/737275094125400064"
"30/5/2016 15:27:42","12","737274286965039104","5","Pesas 35 kilos->Cómete unas lentejas. Pesas 100kgs-> Come menos. GRACIAS, JODER, EL PROBLEMA ES QUE NO HABÍAN CAÍDO EN ELLO.","twitter.com/Rocigaot/status/737274286965039104"
"30/5/2016 15:26:02","13","737273867702566913","12","Los que le dicen a los gordos 'tienes que adelgazar' son como los que hace 20 años curarían a cualquier anoréxica con un bocata y un sopapo.","twitter.com/Rocigaot/status/737273867702566913"
"30/5/2016 15:22:58","1","737273097271844864","","qué va, saben lo que querías decir pero lo usan para darle la vuelta y decir 'eres tú la que odia a los gordos'. Clásico de tuiter","twitter.com/Rocigaot/status/737273097271844864"
"30/5/2016 1:02:10","1","737056468730556416","","Estaba a otras cosas sin hacer caso a Friker y cuando he puesto la oreja estaban leyendo 'Caperucita y los pederastas' o algo así.","twitter.com/Rocigaot/status/737056468730556416"
"30/5/2016 0:43:41","1","737051815368380416","","ALUCINO EN TECNICOLOR, TÍA","twitter.com/Rocigaot/status/737051815368380416"
"30/5/2016 0:40:01","1","737050895830093824","","estás en Lisboa mientras yo estoy en mi casa oyendo de fondo a Enrique de Vidente? UNFOLLOW","twitter.com/Rocigaot/status/737050895830093824"
"30/5/2016 0:05:34","2","737042225964716032","","novoyahacerelchiste, novoyahacerelchiste,no voy...  YOU KNOW NOTHING, JON SNOW.","twitter.com/Rocigaot/status/737042225964716032"
"30/5/2016 0:03:08","9","737041612560343041","","Que al final parecía que todos éramos del PSOE por decir 'no, ZP no te obligará a dejar a tu mujer y casarte con un camionero de Murcia'","twitter.com/Rocigaot/status/737041612560343041"
"29/5/2016 23:55:35","7","737039710573461504","2","pero vamos, que es todo un tremendo día de la marmota porque esto mismo pasaba con ZP en su primera legislatura.","twitter.com/Rocigaot/status/737039710573461504"
"29/5/2016 23:50:35","4","737038454236844032","1","sino que ponen el chiste tan a huevo que hasta los que antes hacíamos memes de Pablemos ahora tenemos más material con sus desbarradas.","twitter.com/Rocigaot/status/737038454236844032"
"29/5/2016 23:49:38","6","737038215933202436","5","Creo que la caverna no se da cuenta de que no es que todos los que descojonemos de sus delirios lo hagamos porque somos de Podemos.","twitter.com/Rocigaot/status/737038215933202436"
"29/5/2016 23:47:42","2","737037727896571908","","pic.twitter.com/nxldY7Fxzo","twitter.com/Rocigaot/status/737037727896571908"
"29/5/2016 23:15:19","1","737029578057777152","","Ay, que ya ha empezado Fríker. La cosa va de selfies de la muerte.","twitter.com/Rocigaot/status/737029578057777152"
"29/5/2016 22:09:04","19","737012908144644097","6","serían personas que murieron comiendo Philadelphia?como los fantasmas que se aparecen con la ropa que llevaban al palmarla ?","twitter.com/Rocigaot/status/737012908144644097"
"29/5/2016 21:53:50","3","737009071048560645","","Antes dije que el anuncio de C's sería mejor interpretado por Joaquín Reyes y lo retiro.Me he repensado el casting.pic.twitter.com/1gvEJYQJsG","twitter.com/Rocigaot/status/737009071048560645"
"29/5/2016 21:51:05","1","737008380129255425","","al menos es un mensaje claramente personalizado. Eres guapo y cuqui lo puedes dejar en 15chats a ver quién te da bola.","twitter.com/Rocigaot/status/737008380129255425"
"29/5/2016 21:46:26","","737007212128829442","","Ajá.https://twitter.com/tongo_vip15/status/737006365097492480 …Lo q usted quiera señor Rivera pero yo quiero saber adonde va mi voto y con C's  lo sé, al PSOE #PorEsoVotaremosalPP https://twitter.com/Rocigaot/status/737003953607610369 …","twitter.com/Rocigaot/status/737007212128829442"
"29/5/2016 21:42:42","1","737006272046845952","","'Hay un moro que ni sabe español y lleva años viviendo de subvenciones,que lo vi ayer en el Feisbuc de mi primo'pic.twitter.com/YaXFaPDp4A","twitter.com/Rocigaot/status/737006272046845952"
"29/5/2016 21:40:58","2","737005835151396865","3","'Está bien que tengamos rey porque está muy preparado y sabe hablar inglés y así quedamos bien en el extranjero'pic.twitter.com/hK7QxbGJ1S","twitter.com/Rocigaot/status/737005835151396865"
"29/5/2016 19:53:09","1","736978702261755904","2","ahora necesito un 'lo del vídeo es una cortina de humo para que no habléis de whatever' y ya hago línea.","twitter.com/Rocigaot/status/736978702261755904"
"29/5/2016 19:51:21","3","736978247515262976","7","Esta vez aún he tardado unas horas en ver el primer 'a ver, os explico, Cuñadanos quiere que habléis del vídeo'.pic.twitter.com/v2wvUfWLaz","twitter.com/Rocigaot/status/736978247515262976"
"29/5/2016 17:49:54","1","736947683668152320","","he echado de menos un polo de esos de Ralph con el caballo a escala 1:1. Por lo demás...pic.twitter.com/rKGPWo2Sjc","twitter.com/Rocigaot/status/736947683668152320"
"29/5/2016 17:47:58","1","736947199884562433","","chicas, no aceptéis nada que os dé un señor desconocido por la calle. A menos que sea algo supuestamente dietético.","twitter.com/Rocigaot/status/736947199884562433"
"29/5/2016 15:50:42","7","736917685288763392","1","'Si escribes en gallego, como no lo entiendo, no podré darte MI opinión'pic.twitter.com/D7cMbtLdjr","twitter.com/Rocigaot/status/736917685288763392"
"29/5/2016 15:48:54","2","736917233121792000","","@ailalelo mira que se perdes a gran oportunidade de coñecer a súa opinión por falar galego en vez de inglés ou hebreo...","twitter.com/Rocigaot/status/736917233121792000"
"29/5/2016 15:31:04","6","736912745916944384","6","El anuncio de Cuñadanos: chicos con polo que levantan el país vs vagos melenudos.pic.twitter.com/ECB6ZhsW4g","twitter.com/Rocigaot/status/736912745916944384"
"29/5/2016 15:24:56","2","736911201997885440","1","'Vamos, Albert, sal a bailar, que tú lo haces fenomenal! Tu cuerpo se mueve, como una palmera, suave, suave, su su, suave!'","twitter.com/Rocigaot/status/736911201997885440"
"29/5/2016 15:23:52","2","736910934086692864","4","Bueno, o restos del naufragio de UPyD.pic.twitter.com/UkCc3IEhUH","twitter.com/Rocigaot/status/736910934086692864"
"29/5/2016 15:22:28","4","736910581056294913","3","habría mejorado mogollón con Joaquín Reyes haciendo TODOS los papeles del anuncio.","twitter.com/Rocigaot/status/736910581056294913"
"29/5/2016 15:20:55","24","736910190029774850","27","a C's son gente que llevaban años en NNGG y similares esperando su momento y sin comerse un cagao.","twitter.com/Rocigaot/status/736910190029774850"
"29/5/2016 15:15:24","10","736908804605018112","12","Al menos el anuncio de C's deja claro que es un partido para señores con polo que cuñadean en el bar.","twitter.com/Rocigaot/status/736908804605018112"
"29/5/2016 13:35:14","","736883597035110401","","pues a mí me suena a 'ahora que tener hijos te da un motivo para salir al exterior,te descubrimos el protecor solar'","twitter.com/Rocigaot/status/736883597035110401"
"29/5/2016 13:33:10","","736883076089978881","","y porque, como eres madre, si te va a dar el sol tiene que ser porque vas a estar en el parque con los niños.","twitter.com/Rocigaot/status/736883076089978881"
"29/5/2016 13:32:11","","736882828663750656","","que dan el consejo como si fuera algo que tienes que hacer porque es que eres madre y tienes que ir al parque.","twitter.com/Rocigaot/status/736882828663750656"
"29/5/2016 13:29:15","","736882091552542721","","en qué momento la maternidad te impide saber tú solita que tienes que usar hidratante y protección solar?","twitter.com/Rocigaot/status/736882091552542721"
"29/5/2016 13:22:31","2","736880397506760704","","En serio, que he currado en prensa/blogs especializados y sé que a veces hay que sacar temas de donde no hay, pero hay cosas que no.","twitter.com/Rocigaot/status/736880397506760704"
"29/5/2016 13:20:20","5","736879844898840576","3","Hola, como la cuenta se llama eres madre vamos a asociar con la maternidad hasta el lavarte los dienteshttps://twitter.com/GemAysh/status/736879283814170624 …Hola, la cuenta se llama eres madre. https://twitter.com/Rocigaot/status/736868871831998464 …","twitter.com/Rocigaot/status/736879844898840576"
"29/5/2016 12:36:44","19","736868871831998464","12","Las mujere sin hijos no necesitamos protector solar porque pa qué vas a salir si no hay que llevar al niño al parquehttps://twitter.com/EresMadre/status/736326859550396416 …Usa humectante con protector solar: De esa forma, si decides pasar un momento con tus hijos en el parque, tu rostro estará listo.","twitter.com/Rocigaot/status/736868871831998464"
"29/5/2016 12:32:22","6","736867776338513920","1","'ven, perrito..'pic.twitter.com/f7V6XGnPz8","twitter.com/Rocigaot/status/736867776338513920"
"29/5/2016 12:24:05","2","736865690385276928","","@SantaSukipic.twitter.com/7RYgXNetJh","twitter.com/Rocigaot/status/736865690385276928"
"29/5/2016 12:20:12","1","736864713619935232","","yo cuando me salen en el tl o en el muro de fb páginas 'para mamás' de este tipo.pic.twitter.com/j92Q8FuBy0","twitter.com/Rocigaot/status/736864713619935232"
"29/5/2016 12:12:05","11","736862672327725056","12","Papá también puede ayudarte porque él es así de comprensivo. Pero sólo de vez en cuando, eh, tampoco te flipes.https://twitter.com/EresMadre/status/736726066513862656 …Papá también puede ayudarte. Un padre comprensivo sale con sus hijos de vez en cuando sin mamá.","twitter.com/Rocigaot/status/736862672327725056"
"29/5/2016 12:01:34","3","736860024970960896","1","os meus favoritos son os que enlazan unha noticia nun medio pra dicir 'os medios nunca falarán disto'  ¯\_(ツ)_/¯","twitter.com/Rocigaot/status/736860024970960896"
"28/5/2016 23:38:28","1","736673018127241216","","salir a pegar bocinazos alrededor de una rotonda a medianoche porque en Game of Thrones han matado a uno que te caía gordo.","twitter.com/Rocigaot/status/736673018127241216"
"28/5/2016 23:36:38","","736672555122167810","","ya me parecía.","twitter.com/Rocigaot/status/736672555122167810"
"28/5/2016 23:36:02","","736672403217121282","","vale, ya me he enterado sola. #petardoyresultado","twitter.com/Rocigaot/status/736672403217121282"
"28/5/2016 23:35:18","","736672217896001536","","¿Ha ganao ya alguien, que están los vecinos y los del bar a gritos y lolololololos?","twitter.com/Rocigaot/status/736672217896001536"
"28/5/2016 21:58:48","1","736647932976467969","","Pensaba que ya se había extinguido la moda infernal de las vuvuzelas, pero se ve (o más bien se oye) que no. #lospesaosdelbardeabajo","twitter.com/Rocigaot/status/736647932976467969"
"28/5/2016 21:56:14","1","736647290174201857","","entre los míos hay división, unos han tirado petardos y hay otros cagándose en todo.","twitter.com/Rocigaot/status/736647290174201857"
"28/5/2016 21:18:38","1","736637826561892353","","es muy tutorial de Elvisa.","twitter.com/Rocigaot/status/736637826561892353"
"28/5/2016 21:17:50","2","736637625222696960","","oye, pues no lo veo descabellado. ¡Convierte tu smoothie verde antioxidante en un copazo!","twitter.com/Rocigaot/status/736637625222696960"
"28/5/2016 21:17:02","1","736637421882908672","","conste que así me quedé yo la primera vez que vi las semillas esas.","twitter.com/Rocigaot/status/736637421882908672"
"28/5/2016 21:15:16","3","736636978184265731","1","'las mejores recetas de calimocho con Thermomix'","twitter.com/Rocigaot/status/736636978184265731"
"28/5/2016 20:26:14","","736624638193729536","","Qué posmo, Mariano.","twitter.com/Rocigaot/status/736624638193729536"
"28/5/2016 19:34:55","1","736611726083379200","","que yo les daría una autocaravana y que cagaran de campo,cada uno detrás de un arbusto diferente.","twitter.com/Rocigaot/status/736611726083379200"
"28/5/2016 19:33:59","2","736611491286290432","","hace poco en las minicasas había una pareja que decía que le llegaban 18m2 pero con 1baño pa cada uno.","twitter.com/Rocigaot/status/736611491286290432"
"28/5/2016 19:32:26","1","736611099773112320","","'necesitamos una casa cerca del centro, pero con establo y picadero para su caballo'","twitter.com/Rocigaot/status/736611099773112320"
"28/5/2016 19:27:50","1","736609942669496321","","tenemos que mudarnos porque cuando tenemos invitados TIENEN QUE USAR EL MISMO BAÑO QUE NOSOTROS.","twitter.com/Rocigaot/status/736609942669496321"
"28/5/2016 19:19:42","2","736607894167257088","","Siendo sólo dos arreglábamos con el baño completo y el aseo, PERO ES QUE AHORA HAY QUE BAÑAR AL BEBÉ.","twitter.com/Rocigaot/status/736607894167257088"
"28/5/2016 19:17:32","4","736607351516606464","1","-Hay amianto hasta en la taza del wc y grietas en muros de carga
-PERO LA CUEVA DE HOMBRES ME LA HARÁS??","twitter.com/Rocigaot/status/736607351516606464"
"28/5/2016 19:12:36","15","736606108727529472","9","NO VEO EL FURBOL NO VEO EL FURBOL VOSOTROS ESTARÉIS VIENDO EL FURBOL Y YO LEYENDO A BALZAC NO VEO...pic.twitter.com/3B731wZo0b","twitter.com/Rocigaot/status/736606108727529472"
"28/5/2016 19:07:37","","736604855398203392","","esa es otra. Imagínate hacer pescado en una casa con concepto abierto.","twitter.com/Rocigaot/status/736604855398203392"
"28/5/2016 19:06:23","1","736604543887286272","","y viví para contarlo. Y si no, coño, que los vigile tu marido en vez de estar en la cueva de hombres del sótano.","twitter.com/Rocigaot/status/736604543887286272"
"28/5/2016 19:04:50","1","736604155423391744","","de peque mi habitación estaba justo en la punta opuesta de la casa a la cocina. Y encima era la habitación con balcón.","twitter.com/Rocigaot/status/736604155423391744"
"28/5/2016 19:04:14","1","736604002985611265","","una cosa que me encanta es el 'necesito el concepto abierto para ver qué hacen los niños mientras cocino'.","twitter.com/Rocigaot/status/736604002985611265"
"28/5/2016 18:57:06","4","736602208104517632","","la paella valenciana auténtica lleva iPads y no Kindles, eso es arroz con cosas!","twitter.com/Rocigaot/status/736602208104517632"
"28/5/2016 18:39:16","1","736597719641378817","","no hay tiempo que odie más que lluvia con bochornazo.","twitter.com/Rocigaot/status/736597719641378817"
"27/5/2016 23:15:57","1","736304963568214016","","Pues ya he terminado un trabajo, he cenado y he explorado los límites de la vergüenza ajena. ¿Vuestro viernes qué tal?","twitter.com/Rocigaot/status/736304963568214016"
"27/5/2016 20:39:27","4","736265577640124416","3","He tomado malas decisiones en mi vida pero oye, peor es lo de los que dieron pasta a El Ejpañol para refundar el periodismo.","twitter.com/Rocigaot/status/736265577640124416"
"27/5/2016 16:54:37","","736208996026191872","","Parece que ya va esta mierda, aunque casi a la velocidad de cuando intenté meterle Photoshop a mi portátil del año 2000.","twitter.com/Rocigaot/status/736208996026191872"
"27/5/2016 16:51:02","","736208096645763072","","que quiero conservar Chrome como navegador predeterminado, que se lo he cambiado seis veces y no se da por aludido. #REDRUM","twitter.com/Rocigaot/status/736208096645763072"
"27/5/2016 16:50:20","","736207920006733824","","ahora parece que he conseguido recuperar la barra de herramientas y la de inicio, sólo me queda que acepte de una vez (1)","twitter.com/Rocigaot/status/736207920006733824"
"27/5/2016 16:40:12","1","736205370234970113","","mira, alt f4, otra cosa que tampoco me funciona.pic.twitter.com/C7YbglgTg0","twitter.com/Rocigaot/status/736205370234970113"
"27/5/2016 16:38:15","","736204876879962112","","el mío se me cambió anoche a traición, y ayer pude apagarlo normal, pero hoy ya no ha habido forma, falla todo.","twitter.com/Rocigaot/status/736204876879962112"
"27/5/2016 16:36:43","","736204493759614976","","para arreglar aunque sea lo de inicio y no tener que apagar a machete el ordenador cada vez, y nada funciona.","twitter.com/Rocigaot/status/736204493759614976"
"27/5/2016 16:36:18","","736204386599374848","","recuperarlo si abro el administrador de tareas, porque ya no me queda en la barra de abajo. Estoy probando todo lo que leo","twitter.com/Rocigaot/status/736204386599374848"
"27/5/2016 16:35:17","","736204129421426688","","básicamente, el botón de inicio ha quedado inutilizado totalmente, la opción buscar también, y si minimizo algo sólo puedo (1)","twitter.com/Rocigaot/status/736204129421426688"
"27/5/2016 16:27:30","","736202170899521536","","llevo dos horas buscando por google formas de arreglar esto y no me va ninguna. Y sigo teniendo que apagar a machete cada vez.","twitter.com/Rocigaot/status/736202170899521536"
"27/5/2016 16:24:39","","736201456366325764","","creo que sí, aunque este ordenador lo heredé de mi padre cuando el mío de sobremesa murió y no estaba cuando lo compró.","twitter.com/Rocigaot/status/736201456366325764"
"27/5/2016 15:48:21","","736192318374580224","","outra solución sería poder volver pa atrás e poder ter os programas abertos como tiña antes sen ter que darlle máis voltas.","twitter.com/Rocigaot/status/736192318374580224"
"27/5/2016 15:44:09","1","736191264819974144","","pero eu para o que o uso apañaba con isto sen problema. E seguiría así se non me actualizara a traición.","twitter.com/Rocigaot/status/736191264819974144"
"27/5/2016 15:43:35","","736191120795963392","","xa, pero non creo que iso arregle o das pestañas que desaparecen ao minimizar, o de que o botón de inicio deixara de funcionar...","twitter.com/Rocigaot/status/736191120795963392"
"27/5/2016 15:38:51","","736189928082640896","","eu uso open office, e con iso e o chrome, se minimizo algunha teño que ir a administrador de tareas.E o botón de inicio nin vai.","twitter.com/Rocigaot/status/736189928082640896"
"27/5/2016 15:28:56","2","736187433168035840","","No me extraña que tengan que actualizarte a Windows 10 a traición porque nadie se instalaría esta mierda voluntariamente.","twitter.com/Rocigaot/status/736187433168035840"
"27/5/2016 15:26:43","","736186877691199489","","ya me lo ha hecho dos veces. Y en una se quedó pillado del todo y tuve que apagar a machete.","twitter.com/Rocigaot/status/736186877691199489"
"27/5/2016 15:25:58","1","736186687559196672","","Que supuestamente tienes opción de vista de tareas, pero oye, ni así. Tengo por un documento de texto a medio escribir en el limbo.","twitter.com/Rocigaot/status/736186687559196672"
"27/5/2016 15:23:43","2","736186122737442816","","Maravillas de Windows 10: cuando minimizo una ventana no hay forma de recuperarla, así que tener varios programas abiertos a la vez ya tal.","twitter.com/Rocigaot/status/736186122737442816"
"27/5/2016 15:03:52","6","736181127187210240","9","Falangito's gonna falange.https://twitter.com/eldiarioes/status/736129306154401792 …Albert Rivera: 'Las dictaduras no tienen libertad, pero tienen cierta paz y orden' http://www.eldiario.es/politica/Albert-Rivera-dictaduras-libertad-cierta_0_520398115.html … pic.twitter.com/1rzj6mMn0a","twitter.com/Rocigaot/status/736181127187210240"
"27/5/2016 14:49:54","1","736177610791759872","","cuando un alumno me da a leer su intento de comentario de texto y me pregunta qué tal lo ha hecho.pic.twitter.com/8jotgceX3V","twitter.com/Rocigaot/status/736177610791759872"
"27/5/2016 1:57:30","","735983231003136001","","yo estaba resistiendo heroicamente, pero bajé la guardia :(","twitter.com/Rocigaot/status/735983231003136001"
"27/5/2016 1:55:54","2","735982828370964480","1","ejem, ejem..pic.twitter.com/LSfAvptj2U","twitter.com/Rocigaot/status/735982828370964480"
"27/5/2016 0:55:57","6","735967741765619713","1","Joder, si ya antes me iba lento ahora acabaría antes tuiteando desde la tostadora en plan Yoani.","twitter.com/Rocigaot/status/735967741765619713"
"27/5/2016 0:50:15","7","735966305254277121","6","Irme un rato a la tele y que el ordenador se me actualice a windows10 a traición. Me cago en tus muertos pisaos, microsoft.","twitter.com/Rocigaot/status/735966305254277121"
"26/5/2016 21:41:49","","735918884478455808","1","uf, en el Casino con la de laca que hay se monta un pifostio que ríete tú de los neumáticos de Seseña!","twitter.com/Rocigaot/status/735918884478455808"
"26/5/2016 21:38:00","3","735917923282395138","","@zezenzuskapic.twitter.com/hSIeVepHsx","twitter.com/Rocigaot/status/735917923282395138"
"26/5/2016 21:37:03","","735917687147220992","","Sólo pido que no veamos otro intento de los tuiteros del PP de hacer memes graciosos. Stop this madness.","twitter.com/Rocigaot/status/735917687147220992"
"26/5/2016 21:34:46","2","735917110514331649","","que básicamente el tío está diciendo que las mujeres son atrezzo para dar clase a la ciudad, pero nada, vosotras mismas. Ea, a vuestro ritmo","twitter.com/Rocigaot/status/735917110514331649"
"26/5/2016 21:28:20","2","735915492611919872","","Espera, que según las meigas quien las trata de mujeres florero es el Concello y no el figura de 'ciudad de mujeres guapas paseando'.","twitter.com/Rocigaot/status/735915492611919872"
"26/5/2016 21:24:37","1","735914554803269632","","aaay, la quiero!","twitter.com/Rocigaot/status/735914554803269632"
"26/5/2016 21:19:52","1","735913362123546624","","anda, justo hace un rato estaba escuchándola!","twitter.com/Rocigaot/status/735913362123546624"
"26/5/2016 21:13:52","5","735911848961318913","","es un poco como cuando Lisa era Miss Springfield infantil.","twitter.com/Rocigaot/status/735911848961318913"
"26/5/2016 14:52:50","5","735815960079306757","2","que, por supuesto, es algo que practican todas las parejas gays y sólo las parejas gays. ¯\_(ツ)_/¯","twitter.com/Rocigaot/status/735815960079306757"
"26/5/2016 14:52:24","10","735815853053218816","5","pero nada, se ve que algunos creen que si tu hijo conoce a una pareja homosexual a los 4 años tendrás que hablarle de sexo anal ¯\_(ツ)_/¯","twitter.com/Rocigaot/status/735815853053218816"
"26/5/2016 14:40:36","1","735812883880259584","","porque para explicar el concepto de pareja como '2personas que se quieren mucho' a un crío de esa edad, da igual quién forme la pareja.","twitter.com/Rocigaot/status/735812883880259584"
"26/5/2016 14:32:31","1","735810847247851520","","de decir que era antinatura a acabar en la mesa Celine Dion de la boda de Maroto La vida te lleva por caminos raros. :D","twitter.com/Rocigaot/status/735810847247851520"
"26/5/2016 14:30:36","1","735810365091635200","","que a mí siempre me hacía pensar: 'esta objeción sólo tiene sentido si ellos cuentan a sus hijos de 4años cómo se tiran a sus respectivas'.","twitter.com/Rocigaot/status/735810365091635200"
"26/5/2016 14:29:30","","735810089488093185","","En HázteloMirar leías cosas tipo 'pues a ver cómo le explicas a un niño de cuatro años lo de que papá 1pone a papá 2 mirando a Cuenca'","twitter.com/Rocigaot/status/735810089488093185"
"26/5/2016 14:27:33","1","735809596145717248","","Lo que acabo de RT me recuerda a las burradas que decían los de la caverna cuando se aprobó el matrimonio igualitario y su derecho a adoptar","twitter.com/Rocigaot/status/735809596145717248"
"26/5/2016 14:21:05","1","735807969896599552","","me encanta el detalle del lazo negro en señal de luto por la paguita que se va!","twitter.com/Rocigaot/status/735807969896599552"
"26/5/2016 13:58:26","1","735802272416960512","","@echeoqhai @danicuv @hematocriticopic.twitter.com/SOIgshjkut","twitter.com/Rocigaot/status/735802272416960512"
"26/5/2016 13:54:15","","735801219671859200","","verás el disgustazo cuando vengan mis amigos de fuera y no encuentren la fiesta con marchamo y seriedad que esperan","twitter.com/Rocigaot/status/735801219671859200"
"25/5/2016 0:13:09","2","735232193614774273","3","Iba a decir que me pasa a mí y me tiro con el coche al mar, pero ya sólo con la abeja de dentro me daría un chungo.https://twitter.com/gizmodoES/status/735167636045193216 …20.000 abejas persiguen un coche durante 24 horas porque la reina estaba encerrada dentro http://gizmo.do/KHEUnts  pic.twitter.com/gyjYJzF7C7","twitter.com/Rocigaot/status/735232193614774273"
"24/5/2016 22:55:17","4","735212597990068224","","Hoy, en el diario de Patricia, 'eres mi primo y te aprecio pero si sigues retuiteando a Ajfram todo el rato te va a caer un unfollow'","twitter.com/Rocigaot/status/735212597990068224"
"24/5/2016 22:53:24","5","735212122527956993","","Si echaran El diario de Patricia en la era Twitter veríamos cosas tipo 'Paco no sabe que el tuitero al que montó un flame está en el plató'","twitter.com/Rocigaot/status/735212122527956993"
"24/5/2016 12:08:43","1","735049882059313154","","es que son rebonicos.","twitter.com/Rocigaot/status/735049882059313154"
"24/5/2016 1:23:07","2","734887411856052224","1","en serio es todo ficción en una serie cuya premisa es 'funcionarios que viajan en el tiempo'??pic.twitter.com/ptoCv3VkA4","twitter.com/Rocigaot/status/734887411856052224"
"24/5/2016 0:59:41","2","734881516992487424","1","cuando un facepalm no es suficiente.pic.twitter.com/HlWeO6VGo4","twitter.com/Rocigaot/status/734881516992487424"
"24/5/2016 0:47:03","1","734878335059304448","","xa lle estás encargando a Tegan o babeiro de 'Soy de la Esperanza de Triana'","twitter.com/Rocigaot/status/734878335059304448"
"23/5/2016 21:49:29","","734833649535848449","","no talla enano como Zara,pero de un tiempo a esta parte yo sí que les noto el tallaje más pequeño.","twitter.com/Rocigaot/status/734833649535848449"
"23/5/2016 19:15:24","1","734794873891590144","","muero http://malamusa.tumblr.com/post/137745018281/hitler-feat-don-omar …","twitter.com/Rocigaot/status/734794873891590144"
"23/5/2016 19:12:28","2","734794135790571520","","ay, que no conocía este tumblr y acabo de ver esto! http://malamusa.tumblr.com/post/140806805151/en-honor-aleonardodicaprio-por-su-oscar-edward …","twitter.com/Rocigaot/status/734794135790571520"
"23/5/2016 19:08:25","2","734793117208051720","","@kalevorroko @oh_ruspic.twitter.com/lnAXkYzs12","twitter.com/Rocigaot/status/734793117208051720"
"23/5/2016 18:31:03","1","734783714983612416","","Comentario a las tablas poéticas de Cascales, era. Aún lo tengo por si me toca hacer un amigo invisible a alguien que odie. XD","twitter.com/Rocigaot/status/734783714983612416"
"23/5/2016 18:25:21","","734782278258331650","","no sé ahora con el Grado cómo será, que yo la aprobé justo antes de hacer el cambio a Bolonia.","twitter.com/Rocigaot/status/734782278258331650"
"23/5/2016 18:24:26","1","734782048221732864","","temario y creo que profesor. Saqué un ocho.","twitter.com/Rocigaot/status/734782048221732864"
"23/5/2016 18:24:00","","734781939119443968","","de las tablas aristotélicas. Suspendí las ordinarias y una extraordinaria, la dejé pa luego, y en algún momento cambiaron(2)","twitter.com/Rocigaot/status/734781939119443968"
"23/5/2016 18:23:01","1","734781691894636544","","yo la tuve en la UNED cuando aún era Filo Inglesa. Al principio tenía dos libros rarísimos de los que sólo recuerdo algo(1)","twitter.com/Rocigaot/status/734781691894636544"
"23/5/2016 15:07:30","","734732488380186624","1","Sex, green smoothies and rock&roll!","twitter.com/Rocigaot/status/734732488380186624"
"23/5/2016 0:27:15","4","734510966646411264","1","El Yacuzzi de la desesperación: El primer spa para emos. #CuartoMilenio","twitter.com/Rocigaot/status/734510966646411264"
"23/5/2016 0:21:57","1","734509634107629568","","'hostia, que está mi madre aquí, que no me vea!'","twitter.com/Rocigaot/status/734509634107629568"
"23/5/2016 0:21:30","1","734509519758315521","","lo mejor fue que ni me había coscado de que había dado su tarjeta, y cuando oí que anunciaban su nombre pensé:","twitter.com/Rocigaot/status/734509519758315521"
"23/5/2016 0:19:53","1","734509113858756609","","Apasionante lo de los toreros de Cuarto Milenio.pic.twitter.com/EvxKcCQrLC","twitter.com/Rocigaot/status/734509113858756609"
"23/5/2016 0:17:01","2","734508392325259265","","que no sué cuántas señoras de cincuenta y tantos irán a pedirles la píldora del día después, pero no pusieron pegas. XD","twitter.com/Rocigaot/status/734508392325259265"
"23/5/2016 0:16:24","","734508236297150464","","tenían tanto lío que no se dieron ni cuenta de que me confundí y les di la tarjeta del sergas de mi madre en vez de la mía.","twitter.com/Rocigaot/status/734508236297150464"
"23/5/2016 0:15:40","3","734508051521228801","1","'Avispado, si estás con nosotros, manifiéstate'
(El vaso se mueve sobre la ouija. M, U, U, U)","twitter.com/Rocigaot/status/734508051521228801"
"23/5/2016 0:14:21","1","734507721295269888","","yo tuve que ir una vez la tarde de nochebuena y aquello era un muestrario de 'si bebes no cocines ni discutas con tu cuñao' XD","twitter.com/Rocigaot/status/734507721295269888"
"23/5/2016 0:09:45","1","734506563759640577","","y ahí suele ir todo relativamente deprisa, al no tener urgencias 'gordas'.","twitter.com/Rocigaot/status/734506563759640577"
"23/5/2016 0:05:22","","734505460116672512","","yo de peque también muchas, luego nada hasta los 28-29, y entonces tuve unos años de tener una o dos al año.Ahora parece que paró","twitter.com/Rocigaot/status/734505460116672512"
"23/5/2016 0:02:26","1","734504721801711617","","viendo las estrellas. Así que desde esa, según me daba, pa la casa del mar directa,que encima siempre me tocaba en finde.","twitter.com/Rocigaot/status/734504721801711617"
"23/5/2016 0:00:51","","734504323049230337","","'que cómo has esperado tanto, loca, que menuda infección tienes' (y no había esperao na, me había acostado normal y desperté (2)","twitter.com/Rocigaot/status/734504323049230337"
"22/5/2016 23:59:26","","734503964721418241","","yo es que tuve una racha hace unos años de varias otitis seguidas, y en la primera me echó la bronca la médica según llegué (1)","twitter.com/Rocigaot/status/734503964721418241"
"22/5/2016 23:55:10","1","734502892908990469","","si te duele mucho tira pa urgencias, que aún se te va a perforar el tímpano!","twitter.com/Rocigaot/status/734502892908990469"
"22/5/2016 23:50:04","1","734501608428601345","","pues no llegué a verlo en pantalla porque tengo la tele de espaldas al ordenador y si me giro a escribir no la veo XD","twitter.com/Rocigaot/status/734501608428601345"
"22/5/2016 23:46:33","5","734500724613222401","3","Ahora en #CuartoMilenio, el misterio de que te pones a tocarle los cojones a un toro e inexplicablemente te mata.","twitter.com/Rocigaot/status/734500724613222401"
"22/5/2016 23:42:04","2","734499593145180162","","@Tawilpic.twitter.com/tlhGLSeppd","twitter.com/Rocigaot/status/734499593145180162"
"22/5/2016 23:40:31","4","734499204274491394","1","Si te crían las cabras fijo que te acostumbras desde pequeño a comer de todo. Minipunto para las cabras. #CuartoMilenio","twitter.com/Rocigaot/status/734499204274491394"
"22/5/2016 23:38:41","6","734498742775230464","2","¿qué oscuro misterio hizo que una persona que se puso a cabrear a un bicho de chopocientos kilos con cuernos acabase muerto?","twitter.com/Rocigaot/status/734498742775230464"
"22/5/2016 23:37:11","3","734498366982344704","","Vistas las criaturitas que sueltan algunos papás por bares y tiendas, yo le daría un voto de confianza a las cabras.https://twitter.com/navedelmisterio/status/734495745659817984 …En 1990 se localizó un niño de ocho años criado por cabras en los Andes peruanos #CuartoMilenio pic.twitter.com/JEvxzIElcC","twitter.com/Rocigaot/status/734498366982344704"
"22/5/2016 18:53:12","3","734426901100560384","2","No sé si esto es verídico o es fake pero I WANT TO BELIEVE  https://twitter.com/jadronda/status/734393886274166784 …","twitter.com/Rocigaot/status/734426901100560384"
"22/5/2016 13:56:11","","734352153490391040","","ya digo que yo fui la primera sorprendida. Igual es más complicado si quieres un horario de consultas concreto,a mí me daba igual","twitter.com/Rocigaot/status/734352153490391040"
"22/5/2016 13:48:13","","734350146448830464","","e iba medio concienciada de que me iban a marear con papeleo, y na. Me dieron un impreso, y la siguiente vez ya me tocaba otro.","twitter.com/Rocigaot/status/734350146448830464"
"22/5/2016 13:47:18","","734349918735892480","","y acabó retrasando todo el proceso, así que llegué a mi centro de salud con un rebote del 15 pidiendo que me dejaran cambiar (2)","twitter.com/Rocigaot/status/734349918735892480"
"22/5/2016 13:45:28","","734349455592394752","","no, de hecho llegué bastante rebotada, porque era cuando estaba para hacerme la conización, me derivó al centro que no tocaba (1)","twitter.com/Rocigaot/status/734349455592394752"
"22/5/2016 13:43:04","","734348850224369664","","yo cambié de médico de familia hace unos 5 ó 6 años. Si no recuerdo mal tuve que rellenar un impreso y listo.","twitter.com/Rocigaot/status/734348850224369664"
"22/5/2016 12:47:59","5","734334990851420160","1","¿Que es el cumple de @Facking_Ancho ?pic.twitter.com/DfxpcFDEeU","twitter.com/Rocigaot/status/734334990851420160"
"22/5/2016 12:36:19","1","734332055698481152","","a mí con el pánico que me dan saldría por patas y la abeja se acabaría quedando mi casa.","twitter.com/Rocigaot/status/734332055698481152"
"21/5/2016 21:43:44","2","734107429328326656","3","pic.twitter.com/eB058uK4SI","twitter.com/Rocigaot/status/734107429328326656"
"21/5/2016 21:37:00","11","734105733927669761","10","A estas horas y @PotiPotiInLove sin hacer esta. ¿A que está estudiando y escaqueándose de su deber tuitero?pic.twitter.com/Kidwvl6oIF","twitter.com/Rocigaot/status/734105733927669761"
"21/5/2016 21:21:01","2","734101711120412672","","La UIP con la manifa nazi, recreación:pic.twitter.com/C0TyP4TQAy","twitter.com/Rocigaot/status/734101711120412672"
"21/5/2016 21:07:52","2","734098399910301696","2","'Hola, shurmanos. Algún forero que me recorte de la foto y me ponga sujetando la torre de Pisa?'pic.twitter.com/k0SVtVoXFp","twitter.com/Rocigaot/status/734098399910301696"
"21/5/2016 21:02:59","","734097171025428480","","conste que non comprobei se alguén máis o fixera antes!","twitter.com/Rocigaot/status/734097171025428480"
"21/5/2016 20:56:50","4","734095624765886464","9","pic.twitter.com/Fjwl12T6qI","twitter.com/Rocigaot/status/734095624765886464"
"21/5/2016 20:50:01","6","734093909975011328","2","Esta se la dedico a @morganaskwlkrpic.twitter.com/njdqEQrsRu","twitter.com/Rocigaot/status/734093909975011328"
"21/5/2016 20:45:06","6","734092671866839042","4","pic.twitter.com/sqbSmSNUJ0","twitter.com/Rocigaot/status/734092671866839042"
"21/5/2016 19:26:24","1","734072868787605509","","@SnowFeypic.twitter.com/AmV6j5ens9","twitter.com/Rocigaot/status/734072868787605509"
"21/5/2016 19:08:04","68","734068252461178880","77","Eh, tourists, visit Madrid! Enjoy a relaxing salir por patas huyendo from the nazis in the Gran Vía!","twitter.com/Rocigaot/status/734068252461178880"
"21/5/2016 19:03:28","13","734067096792014848","11","Entonces, ¿las manifas son caca porque afectan a la hostelería,pero si quieren salir los nazis les decimos a los bares que cierren y listo?","twitter.com/Rocigaot/status/734067096792014848"
"21/5/2016 18:04:25","","734052235076853760","","ah, que has vuelto! te leí antes algo de pasar calor, pensaba que estabas aún en Dublín y estaba flipando!","twitter.com/Rocigaot/status/734052235076853760"
"21/5/2016 18:00:22","6","734051215525416960","1","En tuiter soy @ifilosofiapic.twitter.com/Fj9ZFpKXNf","twitter.com/Rocigaot/status/734051215525416960"
"21/5/2016 17:55:48","3","734050068362350592","2","Ajfram es un crackpic.twitter.com/U89LfU900r","twitter.com/Rocigaot/status/734050068362350592"
"21/5/2016 17:54:46","4","734049805270454273","1","Soy de Galicia Bilingüepic.twitter.com/iKfu7Or0p8","twitter.com/Rocigaot/status/734049805270454273"
"21/5/2016 17:44:07","2","734047125856788480","","creo que fue ahí donde corté contacto con ella, porque antes pensaba 'igual es que soy muy susceptible'","twitter.com/Rocigaot/status/734047125856788480"
"21/5/2016 17:42:53","2","734046816052883458","","que se había pasado un huevo.","twitter.com/Rocigaot/status/734046816052883458"
"21/5/2016 17:42:36","2","734046742832947200","","lo que le había pasado a la chavala, que eso nos lo contó cuando ella se fue porque las demás le dijimos","twitter.com/Rocigaot/status/734046742832947200"
"21/5/2016 17:42:02","2","734046601371586561","","que fue en una conversación de dos minutos de 'nos encontramos por la calle de bares', sin saber (2)","twitter.com/Rocigaot/status/734046601371586561"
"21/5/2016 17:41:34","2","734046485042614272","","encima nosotras ya flipamos según le soltó lo de 'estar triste no es una excusa para ponerte así' (1)","twitter.com/Rocigaot/status/734046485042614272"
"21/5/2016 17:34:03","2","734044591549251584","","fue un momento de esos de: '¿Esto acaba de pasar de verdad?'","twitter.com/Rocigaot/status/734044591549251584"
"21/5/2016 17:20:20","2","734041139754471424","1","....a una conocida suya que estaba con depresión porque su novio había muerto unos meses antes.","twitter.com/Rocigaot/status/734041139754471424"
"21/5/2016 17:19:55","2","734041036419436544","1","la+ jevi que le oí fue 'vale que estás triste,pero cómo te has dejado. Es más fácil saltarte que darte la vuelta'..","twitter.com/Rocigaot/status/734041036419436544"
"21/5/2016 17:18:37","4","734040708609363973","2","que lo curioso de los supersinceros es que llevan fatal que les des opiniones a la cara sinceramente A ELLOS","twitter.com/Rocigaot/status/734040708609363973"
"21/5/2016 17:16:50","4","734040258879365120","1","yo tuve una amiga de las de 'yo soy supersincera y te digo las cosas a la cara porque soy así'. Ex amiga también.","twitter.com/Rocigaot/status/734040258879365120"
"21/5/2016 17:09:32","4","734038423321903104","","sólo hay algo peor que los 'es que soy así' y son los 'mi problema es que soy DEMASIADO BUENO'","twitter.com/Rocigaot/status/734038423321903104"
"21/5/2016 16:37:20","2","734030318185910272","","¿Te ponen Cifuentes y Tamara Falcó? Bueno, mujer, yo creo que eso se cura, con electroshock o algo.","twitter.com/Rocigaot/status/734030318185910272"
"21/5/2016 10:48:22","6","733942499186724864","2","TE CONTÉ LO LIGERA QUE ME SIENTO DESDE QUE NO ME ENVENENO CON GLUTEN Y LACTOSA?pic.twitter.com/k0aqNpHDLI","twitter.com/Rocigaot/status/733942499186724864"
"21/5/2016 2:12:15","1","733812612287320064","","'pues mira, Linkedin, ya que me das a elegir me interesa trabajar de jefaza en HBO, así que ponte ya con eso'","twitter.com/Rocigaot/status/733812612287320064"
"21/5/2016 1:26:19","1","733801055209816066","","yo lo difumino o no según cuánto necesite disimular que no me han quedado los ojos simétricos :P","twitter.com/Rocigaot/status/733801055209816066"
"21/5/2016 1:23:25","","733800324142665728","","yo suelo usar lápiz. Con el de gel alguna vez me he apañado, pero con el líquido ya he desistido por miedo a dejarme ciega XD","twitter.com/Rocigaot/status/733800324142665728"
"21/5/2016 1:19:56","","733799448179036160","","yo como soy negada para pintarme los ojos,cuando me arreglo tiro de rojazo porque así con el rímel y el lápiz de ojo voy que chuto","twitter.com/Rocigaot/status/733799448179036160"
"21/5/2016 1:14:40","1","733798121591967748","","yo estuve años sin ponerme más que tonos claritos y ahora tengo rojos para usar de aquí a que me muera aunque llegue a los cien XD","twitter.com/Rocigaot/status/733798121591967748"
"21/5/2016 1:10:17","","733797018850721792","1","si es que ya no salen bonicos del tó en tuiter como los de antes.","twitter.com/Rocigaot/status/733797018850721792"
"21/5/2016 1:08:51","5","733796659633790977","3","NEVER FORGEThttps://twitter.com/JaimeBN1987/status/391305377398022144 …La izquierda muy en contra de la energía nuclear, pero bien que disfrutan del Sol, que al fin y al cabo también lo es.","twitter.com/Rocigaot/status/733796659633790977"
"21/5/2016 1:07:55","","733796424001945600","","ya te digo. Últimamente me salen en el TL todo el rato las tropas tuiteras del PP de aquí y no son ni la mitad de graciosas","twitter.com/Rocigaot/status/733796424001945600"
"21/5/2016 1:05:51","","733795902666756096","","ay, llevaba tiempo sin ver a Jimmy por mi TL!","twitter.com/Rocigaot/status/733795902666756096"
"21/5/2016 0:42:36","1","733790054695460864","","ese es uno de los coles carne de meigamayorismo por los que pasé yo. Todo cobra sentido. XD","twitter.com/Rocigaot/status/733790054695460864"
"21/5/2016 0:40:53","","733789622602506240","","yo nunca conocí a ninguna, y mira que fui a coles que eran carne de meigamayorismo. :P","twitter.com/Rocigaot/status/733789622602506240"
"21/5/2016 0:38:43","","733789076118241280","","a día de hoy sigo sin tener del todo claro cuál es su papel en la celebración, porque no las he visto jamás.","twitter.com/Rocigaot/status/733789076118241280"
"21/5/2016 0:34:12","3","733787937553416193","1","'Qué bien que ya llega San Juan y podremos ver lo de la Meiga Mayor', me dijo nadie nunca en mis 37 años de vida como coruñesa.","twitter.com/Rocigaot/status/733787937553416193"
"20/5/2016 17:54:59","1","733687471179980800","","@Vanfunfunpic.twitter.com/HeAn3IHPwl","twitter.com/Rocigaot/status/733687471179980800"
"20/5/2016 17:51:20","1","733686553327874048","","'¿Otro bolso, mamá?Luego dirás que no puedo tener la moto porque no os llega el dinero'. Y así hasta el infinito.","twitter.com/Rocigaot/status/733686553327874048"
"20/5/2016 17:49:27","1","733686079430250496","","'pues a mi amigo Juan le quedó una más que a mí y tiene moto' 'Pues pa mi moto no hay pero para la ortodoncia del enano sí'","twitter.com/Rocigaot/status/733686079430250496"
"20/5/2016 17:48:38","1","733685876765646848","","el PP en la oposición es un poco el adolescente que como no le compran la moto da por saco a ver si ceden por no aguantarlo","twitter.com/Rocigaot/status/733685876765646848"
"20/5/2016 2:03:06","3","733447923770462208","2","Queridos vecinos: o habláis más bajo para que pueda dormir, o vocalizáis mejor para que pueda cotillear. #grasiasdeantebraso","twitter.com/Rocigaot/status/733447923770462208"
"20/5/2016 0:20:57","2","733422218118615040","5","-no ves el mundial?
-Paso del fútbol
-Pero es la selección española
-Paso del patriotismo
-YA ESTÁIS LOS ROJOS POLITIZANDO","twitter.com/Rocigaot/status/733422218118615040"
"20/5/2016 0:18:44","","733421657130295301","1","cuando dicen lo de no politizar el fútbol pienso siempre en la discusión a lo día de la marmota de cada mundial, no falla:","twitter.com/Rocigaot/status/733421657130295301"
"19/5/2016 15:44:14","2","733292181457342464","2","igual tienen un perro chamán que bendice los úteros y el pienso se lo llevas como tributo!","twitter.com/Rocigaot/status/733292181457342464"
"18/5/2016 15:13:32","","732922066576510976","","creo que lo mejor que llegué a ver fue una oferta pidiendo community manager que también fuera modista.pic.twitter.com/ZUcLHdkuVr","twitter.com/Rocigaot/status/732922066576510976"
"17/5/2016 23:57:59","4","732691662460313600","","-Te quiero
-Te llamabas...?","twitter.com/Rocigaot/status/732691662460313600"
"17/5/2016 14:48:52","2","732553472718032897","","pero si ahí te las quitas y no las ve nadie! reserva las bragas chulas para lucir en otras consultas, mujer!","twitter.com/Rocigaot/status/732553472718032897"
"17/5/2016 12:34:28","2","732519647455682561","","tuve 1compañera de resi que ponía el despertador los sábados a las 8 para decir'te jodes que hoy no me levanto' y seguir durmiendo","twitter.com/Rocigaot/status/732519647455682561"
"17/5/2016 0:21:36","1","732335217902518272","","hostia, que has resucitado este hilo! me había encontrado en notificaciones favs a tuits de hace meses y estaba flipando XD","twitter.com/Rocigaot/status/732335217902518272"
"16/5/2016 17:14:06","","732227631979057153","","pero llevo un par de días que me salen mogollón de patrocinados así, es cansinísimo.","twitter.com/Rocigaot/status/732227631979057153"
"16/5/2016 17:11:07","","732226882834472965","","juas! de hecho me salió en el tl casi encima de tu tuit XD","twitter.com/Rocigaot/status/732226882834472965"
"16/5/2016 17:09:26","","732226460526751744","","si es una rubia abrazada a un abuelete con un culturista al lado, esa me ha salido a mí también hace na XD","twitter.com/Rocigaot/status/732226460526751744"
"16/5/2016 17:07:31","","732225975895887872","","últimamente un montón. Con foto tipo peli de madrugada en tv local y letrajos que no sé si son aleatorios o es serbocroata","twitter.com/Rocigaot/status/732225975895887872"
"16/5/2016 17:04:28","3","732225207948222464","","lo peor es que en esos casos está mal visto sacar el orfidal del bolso con disimulo y decir a los monos:'tomad, caramelos'","twitter.com/Rocigaot/status/732225207948222464"
"16/5/2016 15:41:25","","732204307454496769","2","Lo de las Meigas me sorprende poquito,pero me fascina que haya un grupo FB de 'El rincón del franquista'. Suena a tienda gourmet facha.","twitter.com/Rocigaot/status/732204307454496769"
"16/5/2016 15:37:55","1","732203426935930880","","mi slogan será algo como 'por fin llegan los rojos montagulags que Intereconomía lleva esperando desde 2004!'","twitter.com/Rocigaot/status/732203426935930880"
"16/5/2016 12:13:15","4","732151920241090561","","Lo guay es que al repetir elecciones igual está vez puedo presentarme, con mi propuesta estrella del gulag para los del coaching","twitter.com/Rocigaot/status/732151920241090561"
"16/5/2016 12:10:20","1","732151186527297536","","Luego que por qué quiero montar un gulag para coacheshttps://twitter.com/GuidoBCor/status/731842955384885248 …R u kidding me? http://www.elmundo.es/vida-sana/mente/2016/03/22/56ec019546163ffc418b461d.html … via @msebastian_psi pic.twitter.com/2plDcLN2uE","twitter.com/Rocigaot/status/732151186527297536"
"16/5/2016 1:29:21","10","731989878355988480","1","Qué suerte, Gaona: su piso está tan bien insonorizado que al oír ruidos piensa antes en fantasmas que en vecinos tocahuevos #CuartoMilenio","twitter.com/Rocigaot/status/731989878355988480"
"16/5/2016 0:41:03","1","731977725536272385","","moñecos y roboces.","twitter.com/Rocigaot/status/731977725536272385"
"16/5/2016 0:14:59","1","731971162176143360","","Ese es Monchito el de José Luis Moreno, Friker. #CuartoMilenio","twitter.com/Rocigaot/status/731971162176143360"
"15/5/2016 23:48:30","","731964499012521986","","Idea: la segunda temporada de #quierosermonja en el convento de las Mercedarias de Santiago.","twitter.com/Rocigaot/status/731964499012521986"
"15/5/2016 19:11:50","1","731894873603903488","","@Panterasr0sas habría que ver quién hace la escala, que igual pillas 'rojoZP' buscando algo sutil,pero el nombre lo puso Losantos","twitter.com/Rocigaot/status/731894873603903488"
"15/5/2016 19:04:33","","731893039254409216","","ay, en el de las minicasas vi una que dijo que 20m cuadrados le parecía suficiente, pero que necesitaba 2baños.","twitter.com/Rocigaot/status/731893039254409216"
"15/5/2016 15:20:19","1","731836608987709440","","'no me puedes acusar de antigayego porque llevo algo celta en el avatar.Jaque mate, separatistas!'pic.twitter.com/Mpb4oLgNKb","twitter.com/Rocigaot/status/731836608987709440"
"15/5/2016 15:05:53","2","731832976368111616","","Un día descubriremos que Galicia Risible es un fake de Sacha Baron Cohen y todo cobrará sentido.https://twitter.com/GaliciaBilingue/status/731547005084925953 …Distintos tiempos, los mismos fanáticos. 
Heil Galiza -- Heil Hitler pic.twitter.com/Gg329hXwYM","twitter.com/Rocigaot/status/731832976368111616"
"15/5/2016 13:48:50","1","731813586796990464","","me gustaría,pero ya estoy haciéndole de intermediaria con ellos a 1 príncipe nigeriano que tiene que sacar su pasta del país","twitter.com/Rocigaot/status/731813586796990464"
"15/5/2016 13:38:29","1","731810982280957952","2","huy, conozco gente que puso pasta ahí en plan 'estoy ayudando a refundar el periodismo'.pic.twitter.com/mSZupgNtaP","twitter.com/Rocigaot/status/731810982280957952"
"15/5/2016 13:33:26","2","731809712799399936","9","Gente que puso pasta para El Español: Qué dinero más bien invertido, ¿eh?https://twitter.com/elespanolcom/status/731423578365661184 …Iglesias/Garzón, siete diferencias para elegir al más guapo http://www.elespanol.com/corazon/20160513/124487779_0.html … pic.twitter.com/OGtzpjfvKv","twitter.com/Rocigaot/status/731809712799399936"
"15/5/2016 13:12:17","1","731804392010203136","","si es que no somos lo bastante emprendedores y así nos va :P","twitter.com/Rocigaot/status/731804392010203136"
"15/5/2016 1:22:24","3","731625743759872001","1","yo a PDRO lo veo con la típica balada rancier, rollo el disco aquel de 'A ti, mujer' de  Antonio Hidalgo.","twitter.com/Rocigaot/status/731625743759872001"
"15/5/2016 1:18:18","2","731624709083795456","1","y si hay coalición pueden montar un dúo o una boyband!","twitter.com/Rocigaot/status/731624709083795456"
"15/5/2016 1:11:57","","731623112043843589","","mandárona a derrotar aos ingleses, coma a Xoana de Arco, non me digas máis!","twitter.com/Rocigaot/status/731623112043843589"
"15/5/2016 1:08:51","2","731622330477203456","","ay, sí, Conchita moló también y ya ni me acordaba de ella!","twitter.com/Rocigaot/status/731622330477203456"
"15/5/2016 1:05:56","4","731621596482392068","1","También no sé de qué me sorprendo, si la única vez que me alegré con un resultado de Eurovisión fue el año de Lordi.","twitter.com/Rocigaot/status/731621596482392068"
"15/5/2016 0:44:48","1","731616280063684608","","Lo de Ucrania ha sido un poco rollo el Oscar de Marisa Tomei #TROSPIDIVISION","twitter.com/Rocigaot/status/731616280063684608"
"15/5/2016 0:39:05","2","731614839349645312","","Esto ha sido un tongo como un castillo. #TROSPIDIVISION #Eurovision","twitter.com/Rocigaot/status/731614839349645312"
"15/5/2016 0:34:22","","731613652902674433","1","No me jodas que en televoto también quedó tan arriba el truño ucraniano que no me lo creo #TROSPIDIVISION","twitter.com/Rocigaot/status/731613652902674433"
"15/5/2016 0:10:40","2","731607688153550852","2","Pues oye, mejor mil veces que gane Australia al truño ucraniano que no me explico cómo va tan arriba. #Eurovision","twitter.com/Rocigaot/status/731607688153550852"
"14/5/2016 23:59:02","","731604760151883776","","El de los puntos de Malta es como el típico que se enrolla con su discurso de aceptación  del Oscar al mejor vestuario #TROSPIDIVISION","twitter.com/Rocigaot/status/731604760151883776"
"14/5/2016 23:55:41","","731603920959766528","","Ay, San Marino! Sigue existiendo! #TROSPIDVISION","twitter.com/Rocigaot/status/731603920959766528"
"14/5/2016 23:52:22","2","731603084334497793","","en mi caso con cerveza. Pero habrá insensatos que vean Eurovisión totalmente sobrios.","twitter.com/Rocigaot/status/731603084334497793"
"14/5/2016 23:34:35","3","731598609200893952","","Ojo, que eso a lo largo une, mira los países balcánicos como se votan siempre entre ellos. https://twitter.com/azucarkane/status/731592883816566785 …","twitter.com/Rocigaot/status/731598609200893952"
"14/5/2016 23:28:10","2","731596993747947520","","Eurovisión presentado por Gayoso. Eu digo SI.","twitter.com/Rocigaot/status/731596993747947520"
"14/5/2016 23:05:34","10","731591306032648193","4","PAVA,ME ESTABAS MIRANDO MAL?? A QUE TE METO! #TROSPIDVISIONpic.twitter.com/07vksH9lQk","twitter.com/Rocigaot/status/731591306032648193"
"14/5/2016 23:02:22","5","731590500130656258","2","Lo guay de la noche de Eurovisión es que es un sábado en que no tengo a medio TL hablando de la Sexta Noche.","twitter.com/Rocigaot/status/731590500130656258"
"14/5/2016 22:58:57","2","731589642831679488","","Pues na, yo este año voy con Armenia y con Serbia, que pa algo son del gremio #gofilólogas #Eurovision","twitter.com/Rocigaot/status/731589642831679488"
"14/5/2016 22:57:27","4","731589264107053063","2","Otra filóloga en Eurovisión, como la de Serbia! #insercionlaboral #TROSPIDVISION","twitter.com/Rocigaot/status/731589264107053063"
"14/5/2016 22:56:30","","731589023358169088","","hemos pensao lo mismo! XD","twitter.com/Rocigaot/status/731589023358169088"
"14/5/2016 22:55:05","1","731588667198844932","1","The British Gemeliers #TROSPIDVISION #Eurovision","twitter.com/Rocigaot/status/731588667198844932"
"14/5/2016 22:51:55","1","731587870620852232","1","La de Austria con ese vestido y esa canción es como cuando te vas pronto de una boda y tiras pa la discoteca con tus amigos #TROSPIDVISION","twitter.com/Rocigaot/status/731587870620852232"
"14/5/2016 22:46:46","3","731586573649727489","1","Los de Georgia actúan en Eurovisión irónicamente, claro está. #TROSPIDVISION #Eurovision","twitter.com/Rocigaot/status/731586573649727489"
"14/5/2016 22:38:08","3","731584402518605825","1","Lo de este año es Bajonavisión #TROSPIDVISION","twitter.com/Rocigaot/status/731584402518605825"
"14/5/2016 22:34:52","1","731583579956891649","","Claaaaaaroooo...","twitter.com/Rocigaot/status/731583579956891649"
"14/5/2016 22:31:30","4","731582735115014144","1","NO JODÁIS QUE SE HA CAÍDO Y ME LO HE PERDIDO POR ESTAR TUITEANDO #TROSPIDVISION  #Eurovision","twitter.com/Rocigaot/status/731582735115014144"
"14/5/2016 22:30:32","1","731582489534337026","2","A Barei no la han avisado de la hora y ha llegado con la camiseta de dormir y el moño de andar por casa. Eso es a mala leche #TROSPIDVISION","twitter.com/Rocigaot/status/731582489534337026"
"14/5/2016 22:28:57","6","731582090995728384","3","La española con una camiseta deportiva brilli brilli del Bershka. #TROSPIDVISION","twitter.com/Rocigaot/status/731582090995728384"
"14/5/2016 22:25:43","3","731581279557275649","1","La coreografía de los bailarines del ruso la estuvimos haciendo justo ayer en clase de zumba. #TROSPIDVISION","twitter.com/Rocigaot/status/731581279557275649"
"14/5/2016 22:21:59","1","731580338519064577","","¡Cambio de vestuario en el escenario! ¡chupito! #TROSPIDVISION #Eurovision","twitter.com/Rocigaot/status/731580338519064577"
"14/5/2016 22:21:19","","731580172516872192","","La croata se ha puesto una especie de collar bomba sobre el plástico ese y volará a todos por los aires si no le votan.#TROSPIDVISION","twitter.com/Rocigaot/status/731580172516872192"
"14/5/2016 22:08:52","","731577037211766787","","non perdiches gran cousa!","twitter.com/Rocigaot/status/731577037211766787"
"14/5/2016 21:59:35","2","731574700942430210","","todas petándole la pestaña de menciones a @Pozuelen raitnau XD","twitter.com/Rocigaot/status/731574700942430210"
"14/5/2016 21:58:08","5","731574335329173504","1","Ay, ahora va @Pozuelen por Polonia! #Eurovision","twitter.com/Rocigaot/status/731574335329173504"
"14/5/2016 21:47:17","","731571604241666049","","Qué perecita el viejoven sueco. Next. #Eurovision","twitter.com/Rocigaot/status/731571604241666049"
"14/5/2016 21:38:41","8","731569443688595457","4","El emo de Israel lleva el tupé de Trump pero en moreno. #TROSPIDVISION #eurovision","twitter.com/Rocigaot/status/731569443688595457"
"14/5/2016 21:34:38","21","731568421691920384","16","Sentido homenaje de Italia a todos los niños a los que tocó hacer de árbol en las funciones de teatro del cole. #trospidvision #eurovision","twitter.com/Rocigaot/status/731568421691920384"
"14/5/2016 21:26:02","1","731566256957063169","","Me he abierto una Estrella para ver #trospidvision y no sé por qué estaba casi sin espuma #xulioferreirodimisión","twitter.com/Rocigaot/status/731566256957063169"
"14/5/2016 16:21:58","2","731489738952192001","","Que también os digo que seguro que amortizo los dos impermeables, que ni que viviera una en Murcia.","twitter.com/Rocigaot/status/731489738952192001"
"14/5/2016 16:20:28","5","731489360118464513","","Tras Seis Meses Buscando Su Chubasquero Por Casa Se Rindió Y Se Compró Uno Nuevo Y No Creerás Qué Pasó A Continuación.","twitter.com/Rocigaot/status/731489360118464513"
"14/5/2016 13:39:31","","731448854671953920","","lo saqué del buscador de gifs del tuiter, poniendo evil laugh","twitter.com/Rocigaot/status/731448854671953920"
"14/5/2016 13:31:32","11","731446845852033024","8","yo voto por hacer un remake con prota femenina de La Jungla de Cristal.pic.twitter.com/aHmvNeKmFR","twitter.com/Rocigaot/status/731446845852033024"
"13/5/2016 20:07:45","","731184168374292481","","ese también tiene telita.","twitter.com/Rocigaot/status/731184168374292481"
"13/5/2016 17:44:00","8","731147995299913731","11","Que le faltaba añadir: 'QUE QUEDE CLARITO QUE LO TOMÉ ENGAÑAO. QUE ESTABA EN CASA POR MI NOVIA. NOVIA. CON A'","twitter.com/Rocigaot/status/731147995299913731"
"13/5/2016 17:42:43","6","731147670224576512","12","contando por qué lo tomaba.Y salía un pavo soltando algo como 'lo tenía mi novia, un día lo probé pensando que era colacao normal y me moló'","twitter.com/Rocigaot/status/731147670224576512"
"13/5/2016 17:41:50","6","731147449759354880","10","En esto de las comidas para ellos y ellas lo más glorioso que vi fue un anuncio del colacao bajo en calorías, que era, básicamente, gente...","twitter.com/Rocigaot/status/731147449759354880"
"13/5/2016 17:32:54","1","731145200320516096","","y saco el paquete del producto anunciado, que llevo encima porque sí cuando voy a un restaurante. XD","twitter.com/Rocigaot/status/731145200320516096"
"13/5/2016 17:32:22","1","731145065704390657","","que además sería el único público con el que sería creíble lo típico de los anuncios de 'estamos comiendo por ahí (1)'","twitter.com/Rocigaot/status/731145065704390657"
"13/5/2016 17:10:38","","731139598731104256","","igual lo de colarnos el pavo a las mujeres como sea es para compensar todas las mierdas con fibra que nos intentan colocar.","twitter.com/Rocigaot/status/731139598731104256"
"13/5/2016 17:05:04","9","731138197590315012","12","para ellos los desafíos tipo 'demuestra tu hombría comiéndote a bocaos este cerdo entero sumergido en un tanque de salsa barbacoa'","twitter.com/Rocigaot/status/731138197590315012"
"13/5/2016 17:03:19","6","731137753774166016","12","a nosotras nos toca el pavo, las tortitas de arroz, yogures con fibra y la leche sin lactosa porque la de verdad 'no nos hace sentir ligera'","twitter.com/Rocigaot/status/731137753774166016"
"13/5/2016 16:59:22","19","731136759879335936","25","Pavofrío, alimentando otro modelo de mujer. Porque el pavo es claramente para mujeres, que son las que tienen que comer ligero y tal.","twitter.com/Rocigaot/status/731136759879335936"
"13/5/2016 14:25:52","1","731098131262246912","","di que sí! seguro que el cartero se lo piensa dos veces antes de meter la propaganda en el buzón :P","twitter.com/Rocigaot/status/731098131262246912"
"13/5/2016 14:21:13","2","731096962209058817","","@Beatriz_efepic.twitter.com/zrqwFZPxJj","twitter.com/Rocigaot/status/731096962209058817"
"12/5/2016 22:42:46","","730860794179665925","","yo esta temporada estoy viendo todo lo que me ponía pa salir en1ºde carrera, en 1997.","twitter.com/Rocigaot/status/730860794179665925"
"12/5/2016 22:20:10","7","730855105092816896","5","A Georgia han llegado ahora los 90,como cuando Robin decía en How I met your mother que los 80 no llegaron a Canadá hasta 1992 #Eurovision","twitter.com/Rocigaot/status/730855105092816896"
"12/5/2016 22:07:18","5","730851869287956480","1","aunque ayer en la piscina calculé mal nadando de espaldas,frené de cabeza y ahora creo que C's es el cambio sensato.","twitter.com/Rocigaot/status/730851869287956480"
"12/5/2016 22:06:14","2","730851600282079232","","yo ahora llevo meses sin caídas aparatosas, toco madera.","twitter.com/Rocigaot/status/730851600282079232"
"12/5/2016 21:55:15","1","730848834201518081","","ay, pobre! yo soy experta en caídas gloriosas también. Y en casa aún ahorro el bochorno de cuando me doy un hostión en público","twitter.com/Rocigaot/status/730848834201518081"
"12/5/2016 21:39:32","1","730844879937519617","","@posedise @kuriosopic.twitter.com/Sk5K9CANsA","twitter.com/Rocigaot/status/730844879937519617"
"12/5/2016 0:29:26","1","730525247875776514","","al final me creeré estas cosas y les votaré, y verás qué chasco cuando no hagan nada de estopic.twitter.com/Ea8XjJHB2Q","twitter.com/Rocigaot/status/730525247875776514"
"11/5/2016 17:50:55","","730424958036357120","","@_Quimi_ creo que no, pero la próxima vez que vaya a la aldea me llevo mis apuntes de Sintaxis y hago una prueba empírica!","twitter.com/Rocigaot/status/730424958036357120"
"10/5/2016 22:48:09","8","730137371300220929","15","Hola, refugiados, somos Europa. Ayudar no os ayudaremos, pero eh, ¡os dedicaremos un número de baile en una semifinal de Eurovisión!","twitter.com/Rocigaot/status/730137371300220929"
"10/5/2016 22:40:15","1","730135384764624896","","@Lasti_ creo que en el bingo de beber de Eurovisión del año pasado había una casilla al respecto, rollo 'comentarista dice una babosada'","twitter.com/Rocigaot/status/730135384764624896"
"10/5/2016 22:36:17","1","730134386243469314","","@Lasti_ a mí me parece horterísima todo, pero a ver, es la gracia de Eurovisión.","twitter.com/Rocigaot/status/730134386243469314"
"10/5/2016 22:26:13","","730131851696803842","","@Lasti_ vale, @PotiPotiInLove ha sido más rápido y eficaz que yo XD","twitter.com/Rocigaot/status/730131851696803842"
"10/5/2016 22:25:49","","730131753516605440","","@Lasti_ @PotiPotiInLove ni idea, aquí está en la 2, no sé si algún canal público(tve o de otros países) la echará en la web también.","twitter.com/Rocigaot/status/730131753516605440"
"10/5/2016 22:21:58","","730130782887481344","","@Lasti_ @PotiPotiInLove  y el año pasado invitaron a Australia, porque se ve que le parecían pocos!","twitter.com/Rocigaot/status/730130782887481344"
"10/5/2016 22:19:34","","730130179704623109","","@PotiPotiInLove es que tengo que elegir al más tróspido para apoyarle el sábado! (que imagino que es ya este sábado si están hoy con esto)","twitter.com/Rocigaot/status/730130179704623109"
"10/5/2016 22:17:37","","730129686290944000","","¿Por qué no me avisáis de que están con las semifinales de Eurovisión? ¿Me he perdido alguna trospidez importante?","twitter.com/Rocigaot/status/730129686290944000"
"10/5/2016 15:44:06","4","730030655514513409","","@MargaretCastor ¿sabemos qué cerveza era? Porque a ver si van a tomar Cruzampo y la gente ahí, votándoles.","twitter.com/Rocigaot/status/730030655514513409"
"10/5/2016 15:40:36","9","730029775117537280","4","@hematocritico MADRE MÍA EL CÉSPED DE LA MARINApic.twitter.com/hxnreNEHqD","twitter.com/Rocigaot/status/730029775117537280"
"10/5/2016 12:16:07","2","729978317844123648","","Ay, ojalá una calle arrobalovepuntocom.https://twitter.com/EveyHn/status/725686353506238464 …El momento en que te das cuenta de que la comunidad de Madrid tiene demasiadas calles... pic.twitter.com/4iQhDpheKV","twitter.com/Rocigaot/status/729978317844123648"
"10/5/2016 1:03:53","1","729809142819528705","","@NewIlluminatus invitarlo a movidas era como invitar a Jessica Fletcher: pa qué lo hacen si ya saben que alguien va a palmar.","twitter.com/Rocigaot/status/729809142819528705"
"10/5/2016 0:45:25","11","729804495010582528","4","Madre mía Joey y Chandler en el piloto de Friends.pic.twitter.com/tSkGXYiOlx","twitter.com/Rocigaot/status/729804495010582528"
"10/5/2016 0:42:28","29","729803753486946304","27","Esas nos están mirando. Tú saca la guitarra, yo atacaré con la historia de cuando estuve de mochilero por la India.pic.twitter.com/s9OmsESBui","twitter.com/Rocigaot/status/729803753486946304"
"10/5/2016 0:40:49","4","729803338552848384","","@Genko parece una escena de una fiesta en el piso de Friends.","twitter.com/Rocigaot/status/729803338552848384"
"10/5/2016 0:37:44","2","729802562673754112","2","'Hola, ¿conoces a Alberto?'pic.twitter.com/wP3W3oTc3C","twitter.com/Rocigaot/status/729802562673754112"
"9/5/2016 0:07:01","6","729432443191754752","1","Yo veo una cucaracha por casa y la dejo seca de un zapatazo, igual no amortizaban el robot espía #CuartoMilenio","twitter.com/Rocigaot/status/729432443191754752"
"7/5/2016 22:58:36","2","729052837863403522","","@ikerdobarro @MargaretCastor @mjdelrio @CamaradaBakunin @laguiri @Daurmith @obdriftwood 37, conozco la lista de los godos por Zipi y Zape","twitter.com/Rocigaot/status/729052837863403522"
"7/5/2016 17:05:53","","728964072499236864","","@PotiPotiInLovepic.twitter.com/nYeyk2FrF0","twitter.com/Rocigaot/status/728964072499236864"
"7/5/2016 16:57:08","1","728961871030718466","","@Srta_Angus @PotiPotiInLove yo vi el de Martina Klein y el de Carlos Jean. El del Ajfram aún no me ha coincidido (por suerte, imagino).","twitter.com/Rocigaot/status/728961871030718466"
"7/5/2016 16:54:08","3","728961116823498752","","@SantaSuki una peli como La Terminal pero con una persona que se tiene que vivir dentro de un Carrefour por años. Lo veo.","twitter.com/Rocigaot/status/728961116823498752"
"7/5/2016 16:16:47","14","728951716645867521","7","Como veo que ya está empezando la temporada de bodas, voy dejando esto por aquí. #denadapic.twitter.com/jUzuDbMtaf","twitter.com/Rocigaot/status/728951716645867521"
"7/5/2016 16:13:26","1","728950874064703488","","@alitecarlito @oneafter909_ sí, pero quiero pensar que con alcalde secsi no te refieres a Paco XDDDDD","twitter.com/Rocigaot/status/728950874064703488"
"7/5/2016 16:07:36","1","728949408105152515","","@alitecarlito me está recordando esta joya de nuestro ex alcalde dando una clase magistral de chinología. https://www.youtube.com/watch?v=P-DMu-N3tTE …","twitter.com/Rocigaot/status/728949408105152515"
"7/5/2016 16:02:01","","728948001889263616","","@Lasti_ @missultrasonica 'Hola, me llamo Íñigo Montoya, tú criticaste a mi Nadal, prepárate a morir'. XD","twitter.com/Rocigaot/status/728948001889263616"
"7/5/2016 15:59:11","1","728947289683861509","","@missultrasonica @Lasti_ los mismos de 'el humor no tiene límites', 'cómo sois las feminazis', 'dictadura de lo políticamente correcto'","twitter.com/Rocigaot/status/728947289683861509"
"7/5/2016 15:58:33","1","728947127364276224","","@missultrasonica @Lasti_ a mí ha habido quien me ha desagregado por hacer coñas a costa de Nadal o de la Selección Española. Casualmente (1)","twitter.com/Rocigaot/status/728947127364276224"
"7/5/2016 15:50:03","2","728944991838539776","","@ComandanteVimes @PotiPotiInLovepic.twitter.com/XCUdiaEjda","twitter.com/Rocigaot/status/728944991838539776"
"7/5/2016 12:44:43","2","728898351211614210","","@uxialopez soy muy sugestionable por la publi así que aquí estoy, picoteando unos grillitos mientras estudio para ser guardia civil. XD","twitter.com/Rocigaot/status/728898351211614210"
"7/5/2016 12:42:51","","728897880115777536","","@Tabernita ¿no sabe a pollo, que es lo que te dicen de todas las cosas que a priori te da asquito probar?","twitter.com/Rocigaot/status/728897880115777536"
"7/5/2016 12:34:02","2","728895660704010240","1","Hoy el caralibro me sugiere esto y una academia para preparar las oposiciones a Guardia Civil.pic.twitter.com/lhgB9CDpg3","twitter.com/Rocigaot/status/728895660704010240"
"7/5/2016 0:55:45","","728719931861250048","","@familiasunshine Que encima sólo se da de sí cuando practicas con muchos distintos, pero si lo haces con tu marido siempre que quiera, no.","twitter.com/Rocigaot/status/728719931861250048"
"7/5/2016 0:54:45","1","728719680383418369","","@familiasunshine mayonesa y como yo estaba con la regla se la podía cortar (Confieso que no les discutí por escaquearme de cocinar)","twitter.com/Rocigaot/status/728719680383418369"
"7/5/2016 0:54:03","","728719502964297728","","@familiasunshine otra vez alojada en casa de amigos de carrera de ciencias me hicieron salir de la cocina porque iban a preparar (1)","twitter.com/Rocigaot/status/728719502964297728"
"7/5/2016 0:51:03","2","728718750334263296","","@familiasunshine y un ex mío tenía un compañero de facultad que creía que a todas nos bajaba la regla a la vez con la luna llena.","twitter.com/Rocigaot/status/728718750334263296"
"7/5/2016 0:49:48","1","728718436470292480","","@familiasunshine conocí a uno de Biología que creía que la regla era como hacer un pis con sangre y hala, lista hasta el mes que viene.","twitter.com/Rocigaot/status/728718436470292480"
"6/5/2016 23:58:19","1","728705477425664001","","Si algo tengo claro en esta vida es que el inventor del Guitar Hero vive en una vivienda unifamiliar sin vecinos por ningún lado. #redrum","twitter.com/Rocigaot/status/728705477425664001"
"6/5/2016 22:46:46","3","728687471228243969","","Si tendré abandonao twitter estos días que no he hecho un triste meme de Rajoy con las gafas de realidad virtual.","twitter.com/Rocigaot/status/728687471228243969"
"5/5/2016 20:13:08","1","728286422424260613","","Que es que tiene gente en casa a cenar. A Felipe y Letizia, supongo, porque yo si invito a gente de confianza y falla algo no me pongo así","twitter.com/Rocigaot/status/728286422424260613"
"5/5/2016 20:04:30","","728284250286501889","","Le ha gritado a la dependienta. Le ha gritado a la chica que va con ella (su hija, deduzco) por no enfadarse lo bastante con la dependienta","twitter.com/Rocigaot/status/728284250286501889"
"5/5/2016 20:00:27","3","728283229069938688","","Gensanta el pollo que está montando una en la panadería porque le llegó una tarta rota. Hubo gente en lo de la colza que dramatizó menos.","twitter.com/Rocigaot/status/728283229069938688"
"5/5/2016 18:03:55","3","728253903637233664","","El buscador de gifs del twitter no me da ninguno del bonico del tó. Con la de uso que yo le daría.","twitter.com/Rocigaot/status/728253903637233664"
"4/5/2016 19:20:40","3","727910831904665600","","Madre mía el remake de 'Algo pasa con Mary'pic.twitter.com/Hs4qQ3ZOWK","twitter.com/Rocigaot/status/727910831904665600"
"4/5/2016 19:17:49","3","727910112954875905","","@Srta_Angus @SantaSuki @SoniniSumode sospecho que para que nunca adelgazáramos y nunca pudiéramos desmatricularnos XD","twitter.com/Rocigaot/status/727910112954875905"
"4/5/2016 19:17:26","3","727910016506793984","","@Srta_Angus @SantaSuki @SoniniSumode hace años iba a un gimnasio pequeñito de barrio y los dueños nos liaban para ir de cañas al salir(1)","twitter.com/Rocigaot/status/727910016506793984"
"2/5/2016 0:54:05","5","726907572284960768","","He vuelto tras un finde fuera y he visto que el viernes olvidé desconectar la radio despertador. Programada para las 5 a.m. #perdónvecinos","twitter.com/Rocigaot/status/726907572284960768"