"date","fav","id","rt","text","url"
"31/10/2016 14:03:42","21","793075979883347968","13","Lo mejor de lo de Marichalar es que mucha gente daba por hecho que la historia del Blablacar era ficción hasta que se pilló el berrinchito.","twitter.com/Rocigaot/status/793075979883347968"
"1/11/2016 0:22:35","8","793231725149257728","4","Que Bisbal hizo la cobra porque sabe que le está viendo todo dios, pero esta noche tras unas copas mete ficha lo tenemos todos claro, ¿no?","twitter.com/Rocigaot/status/793231725149257728"
"1/11/2016 0:39:48","1","793236058171383808","","#JesuisChenoa","twitter.com/Rocigaot/status/793236058171383808"
"1/11/2016 0:37:42","","793235529466798080","","constatar en persona lo gilipollas que eran, acordarme al escucharlos y  que me amargara el escuchar los discos. XD","twitter.com/Rocigaot/status/793235529466798080"
"1/11/2016 0:36:46","","793235296687120384","","ah, si yo eso también, si cuando era periodista prefería no tener que entrevistar a gente cuya música me molara, para no(1)","twitter.com/Rocigaot/status/793235296687120384"
"1/11/2016 0:33:16","1","793234415300247552","","ay, yo siempre le he tenido tirria, ya desde los tiempos del programa.","twitter.com/Rocigaot/status/793234415300247552"
"1/11/2016 0:25:26","1","793232442194886657","","y ahí debería mandarle ella a la mierda. O chuscárselo y luego decir 'pues te recordaba más hábil, chico'.","twitter.com/Rocigaot/status/793232442194886657"
"31/10/2016 19:24:19","2","793156665801633793","","es nuestra estrategia independentista, mandar la morralla a Madrid hasta que nos inviten a irnos ","twitter.com/Rocigaot/status/793156665801633793"
"31/10/2016 19:21:23","3","793155927809593345","","en Galicia somos más de 'si nos jodemos nosotros os jodéis también el resto'.Ahí tenéis a Rajoy y al tiempo,que tendréis a Feijóo","twitter.com/Rocigaot/status/793155927809593345"
"31/10/2016 15:20:58","","793095421287686146","","'García, sácame ahí una lista de varones de 30 a 45 años con un lunar en la cacha izquierda y un tatuaje tribal en la derecha'","twitter.com/Rocigaot/status/793095421287686146"
"31/10/2016 15:11:17","1","793092986997530625","","ai, oxalá un capítulo de Criminal Minds con esta historiaza.","twitter.com/Rocigaot/status/793092986997530625"
"31/10/2016 15:09:53","1","793092635091230720","","(aclararei que só é unha esperanza e que non vou poñer da miña parte para que pase, por se hai alguén da Fiscalía cotilleando).","twitter.com/Rocigaot/status/793092635091230720"
"31/10/2016 15:08:46","1","793092351329787905","","eu teño a esperanza de que palme Preparao antes de que expidan o meu e veña firmado por Leonor con boli de cores con purpu.","twitter.com/Rocigaot/status/793092351329787905"
"31/10/2016 15:00:50","1","793090356409733120","","yo aún no he conseguido pillarlos, en mi súper están agotadísimos siempre!","twitter.com/Rocigaot/status/793090356409733120"
"31/10/2016 14:11:23","","793077912509542400","","me he portado como un maleducado pero es porque la República pedía a gritos que se la cargasen, o algo así.","twitter.com/Rocigaot/status/793077912509542400"
"31/10/2016 14:10:34","3","793077705147310081","","ya no podrás comprarte ese ático con vistas en el Paseo Marítimo, tía.","twitter.com/Rocigaot/status/793077705147310081"
"31/10/2016 14:09:41","1","793077484657008641","1","También mola aludir a 'la censura de lo políticamente correcto' cuando toda la prensa saca tu réplica a un post de El Estado Mental.","twitter.com/Rocigaot/status/793077484657008641"
"31/10/2016 14:07:31","2","793076938407604224","","y si alguien pensaba que pasó pero que la autora exageró y se tomó licencias literarias,ya ha dejado claro él solito que no","twitter.com/Rocigaot/status/793076938407604224"
"31/10/2016 14:06:38","1","793076716994498561","","yo también, pero he leído a mucha gente dando por hecho que era ficción.","twitter.com/Rocigaot/status/793076716994498561"
"31/10/2016 12:14:36","2","793048522958528512","","Como es Halloween voy a hacer una invocación. Voy a meterme en la ducha, y veréis como llega el mensajero con mi paquete de Amazon.","twitter.com/Rocigaot/status/793048522958528512"
"31/10/2016 12:11:35","3","793047762199777281","","En vez de decirte 'ahí me maté yo' te da la brasa con su moto acuática y te defiende el franquismo. Acojona mil veces más..","twitter.com/Rocigaot/status/793047762199777281"
"31/10/2016 12:10:33","9","793047502836658176","3","Aún estamos a tiempo de disfrazarnos de Álvaro de Marichalar on the road este Halloween, en plan niña de la curva pero en más cuñao.","twitter.com/Rocigaot/status/793047502836658176"
"31/10/2016 11:30:30","1","793037423517245440","","puedes ponerte unos patines y es como las carreras de cuadrigas de Ben-Hur XD","twitter.com/Rocigaot/status/793037423517245440"
"31/10/2016 11:24:40","1","793035957536747520","","a mí me encantan, aunque no sé cómo será pasear a un bicho que me saca más de 30kgs. Si le da por correr me arrastra XD","twitter.com/Rocigaot/status/793035957536747520"
"31/10/2016 11:07:37","1","793031664758915072","","el otro día por el paseo marítimo me crucé con un gran danés que me llegaba a la altura del pecho <3","twitter.com/Rocigaot/status/793031664758915072"
"31/10/2016 10:59:58","1","793029740286345220","","cuando crezca va a ser como un pony! ","twitter.com/Rocigaot/status/793029740286345220"
"31/10/2016 10:18:31","5","793019310335721472","1","Los críos de al lado hoy se pueden disfrazar de niños poseídos, que los gritos a lo niña del Exorcista los clavan. #quevengaHerodes","twitter.com/Rocigaot/status/793019310335721472"
"30/10/2016 23:44:28","1","792859745694646274","","a mí me fascina que no entiendan por qué para un niño es más divertido disfrazarse y pedir chuches que ir a limpiar lápidas.","twitter.com/Rocigaot/status/792859745694646274"
"30/10/2016 23:24:56","1","792854829181890560","","podían dicilo abertamente, que todo o mundo ía ser moito máis comprensivo.","twitter.com/Rocigaot/status/792854829181890560"
"30/10/2016 23:22:52","2","792854311319531522","","non descartemos que os británicos montaran toda a movida do Brexit para ter unha excusa e librarse de Juan Camus.","twitter.com/Rocigaot/status/792854311319531522"
"30/10/2016 23:20:48","","792853787228663808","","¿Cuántos años se supone que lleva Juan Camus en UK? #relaxingcupofcaféconleche","twitter.com/Rocigaot/status/792853787228663808"
"30/10/2016 22:01:05","2","792833729806864385","","ay, lo de la cuchara lo tengo que probar, a ver si así!","twitter.com/Rocigaot/status/792833729806864385"
"30/10/2016 21:47:27","5","792830296488046596","1","seguro que hay posers que se los ponen por moda y no se han leído ni un boletín provincial de Burgos.","twitter.com/Rocigaot/status/792830296488046596"
"30/10/2016 12:40:24","","792692626390679552","1","Ir crucificado tiene que ser algo incómodo cuando te pidas una copa en los bares, pero por lo demás es una ideaza.https://twitter.com/margareig/status/790926344557367296 …Idea para disfraces católicos, @NConcostrina santa Librada. Le creció vello facial para preservar su castidad. Ideal para hipsters. pic.twitter.com/RSPev9jsdc","twitter.com/Rocigaot/status/792692626390679552"
"30/10/2016 0:05:53","","792487645809172481","","ah, porque podía ser como aquella de Tom Cruise en la que volaban la plaza mayor de Salamanca pero se rodaba en México. XD","twitter.com/Rocigaot/status/792487645809172481"
"30/10/2016 0:02:03","","792486681794514944","","pero sabes de qué va?Tiene algún sentido argumental rodar aquí o van a estar fingiendo que esto es Corea?","twitter.com/Rocigaot/status/792486681794514944"
"30/10/2016 0:00:41","","792486337073016832","","yo ni idea de quién son, que de series coreanas sé cero patatero, pero lo he visto por FB y me he partido. En su día ni me enteré!","twitter.com/Rocigaot/status/792486337073016832"
"29/10/2016 23:55:50","1","792485120016080896","","amigos, amigos... la mayoría son ex compañeros de clase a los que acepté cuando era nueva en el feisbuc. XD","twitter.com/Rocigaot/status/792485120016080896"
"29/10/2016 23:54:39","2","792484819334815744","","ah, lo hacen un montón. Y cortar a mitad de una frase. Y luego dicen que la gente piratea o que Netflix es competencia desleal.","twitter.com/Rocigaot/status/792484819334815744"
"29/10/2016 23:53:02","","792484411866542080","","Oye, @mascoria ,estabas al tanto de este rodaje en tierras coruñentas? Me he quedao picuetísima!  https://www.youtube.com/watch?v=NtrqW7LmdK8&app=desktop …","twitter.com/Rocigaot/status/792484411866542080"
"29/10/2016 23:47:44","","792483078472101888","","faltou que lles dixeran 'ahora pediros perdón y daros un beso' como facía unha monxa do meu cole.","twitter.com/Rocigaot/status/792483078472101888"
"29/10/2016 23:19:14","","792475907650904064","","bueno, fruta definitivamente lleva!","twitter.com/Rocigaot/status/792475907650904064"
"29/10/2016 23:18:41","","792475767724773376","","en serio? Rollo los Simpson, 'póngale más perro'","twitter.com/Rocigaot/status/792475767724773376"
"29/10/2016 23:15:40","","792475007918174208","","yo cuento también la cerveza, que la cebada animal no es XD","twitter.com/Rocigaot/status/792475007918174208"
"29/10/2016 23:12:28","1","792474205841395716","","yo esta tarde decidí que un cupcake de calabaza contaba como pieza diaria de fruta y verdura, así que... XD","twitter.com/Rocigaot/status/792474205841395716"
"29/10/2016 23:09:23","2","792473428443947008","","técnicamente, son todo vegetales. Dieta sana.","twitter.com/Rocigaot/status/792473428443947008"
"29/10/2016 22:58:46","2","792470757179883521","","CATSPREADING","twitter.com/Rocigaot/status/792470757179883521"
"29/10/2016 22:50:54","3","792468775299842048","4","- Íñigo se viene al pueblo a poner flores al abuelo por Difuntos!
-Le prometí que podía salir en Halloween!
-Eso, tú sigue consintiéndolo!pic.twitter.com/uE16kQDDIn","twitter.com/Rocigaot/status/792468775299842048"
"29/10/2016 22:45:15","3","792467357008527362","1","A Erre fáltalle meterse en plan @oneafter909_ berrando 'no discutir, todos tenéis razón!'","twitter.com/Rocigaot/status/792467357008527362"
"29/10/2016 22:35:23","","792464870457413633","","te creo, si fijo que se le ha ocurrido a más gente! XDDD","twitter.com/Rocigaot/status/792464870457413633"
"29/10/2016 22:34:41","4","792464695059972096","","- Bob Dylan se merecía el Nobel!
- Las canciones no son literatura!
-Que sí!
-Que no!pic.twitter.com/9cjmZsbUGn","twitter.com/Rocigaot/status/792464695059972096"
"29/10/2016 22:32:45","150","792464207581212672","224","-LA TORTILLA CON CEBOLLA!
-SIN CEBOLLA!
-CON!!! 
-SIN!!!pic.twitter.com/tJdHSPY0q3","twitter.com/Rocigaot/status/792464207581212672"
"29/10/2016 22:21:15","","792461313729523712","","ay, me molaría saber irlandés, pero parece chungo de cojones. XD","twitter.com/Rocigaot/status/792461313729523712"
"29/10/2016 22:19:11","1","792460795372273664","","estuve por acompañar con un trozo de carrot cake, por eso de meter variedad de vegetales, pero al final ná.","twitter.com/Rocigaot/status/792460795372273664"
"29/10/2016 22:04:33","1","792457114375651328","","también puede ser. Que a los 17 se grabaran cintas con rancheras de Bertín y en la carátula pusieran 'Iron Maiden' pa disimular. XD","twitter.com/Rocigaot/status/792457114375651328"
"29/10/2016 22:01:43","2","792456398105939969","","pondrían en sus bodas a primera hora Barricada o AC/DC 'para que bailen un poco los yayos y luego ya ponemos lo que nos gusta'.","twitter.com/Rocigaot/status/792456398105939969"
"29/10/2016 22:00:37","1","792456123961974785","","la COPE, ir a ver las procesiones y bailar pasodobles en las bodas? Porque siempre imaginé que cuando tuviéramos 80, nuestros nietos (4)","twitter.com/Rocigaot/status/792456123961974785"
"29/10/2016 21:58:50","1","792455675301466112","","pasaría a tener los gustos y aficiones que nos parecían de viejunos cuando teníamos 20 años. ¿Un día te levantas y te apetece escuchar(3)","twitter.com/Rocigaot/status/792455675301466112"
"29/10/2016 21:58:13","","792455520342908929","","Siempre pensé que al ir envejeciendo las nuevas generaciones verìan nuestros gustos como cosas de viejunos, no que la gente de mi edad (2)","twitter.com/Rocigaot/status/792455520342908929"
"29/10/2016 21:56:27","7","792455072529674240","1","Una cosa que me deja picuetísima es ver por FB que ex compañeros, gente de mi edad, van a cosas como las funciones de Bertín y Arévalo.","twitter.com/Rocigaot/status/792455072529674240"
"29/10/2016 21:47:14","1","792452754564341760","","aah, el de aquí es eléctrico, pero ahora que pienso, creo que el de mi ex piso no tenía reloj.","twitter.com/Rocigaot/status/792452754564341760"
"29/10/2016 21:45:29","","792452315244617728","","no? el mío si hay apagón y se va la hora, hasta que pones una (la que sea) no funciona.","twitter.com/Rocigaot/status/792452315244617728"
"29/10/2016 21:43:33","2","792451828306894848","","Si no tenéis coche podéis aplicarlo al reloj del horno.https://twitter.com/Rocigaot/status/792447987872108544 …Mañana empezáis los 6 meses de llevar el reloj del coche...","twitter.com/Rocigaot/status/792451828306894848"
"29/10/2016 21:42:06","1","792451461137461248","","pues la del horno, que yo tampoco la cambio nunca. ","twitter.com/Rocigaot/status/792451461137461248"
"29/10/2016 21:28:17","2","792447987872108544","","Mañana empezáis los 6 meses de llevar el reloj del coche...","twitter.com/Rocigaot/status/792447987872108544"
"29/10/2016 21:26:58","1","792447654559158272","","yo el de la radio despertador. En el coche entro en la mitad de año de llevarlo en hora.","twitter.com/Rocigaot/status/792447654559158272"
"29/10/2016 19:19:03","6","792415462046965760","1","¿Cuenta un cupcake de calabaza como una de las raciones diarias recomendadas de frutas y verduras? Yo digo sí.","twitter.com/Rocigaot/status/792415462046965760"
"29/10/2016 18:27:37","1","792402521407053824","","una con Marco, una con Marco! Y con Iceta de Amedio!","twitter.com/Rocigaot/status/792402521407053824"
"29/10/2016 13:44:16","2","792331210827653120","1","Mi padre lleva la COPE en el coche y están con una tertulia sobre lo de las cenizas. Y el teléfono para que el oyente opine es un 666.pic.twitter.com/25eWDOdUmF","twitter.com/Rocigaot/status/792331210827653120"
"29/10/2016 13:10:36","3","792322739507986432","2","¿Sabéis si PDRO se va a dar de alta en Blablacar para lo de ir recorriendo España?","twitter.com/Rocigaot/status/792322739507986432"
"29/10/2016 12:28:33","3","792312155911651328","1","los pobres, voy a llorar y todopic.twitter.com/qEDzx3Y3Nh","twitter.com/Rocigaot/status/792312155911651328"
"28/10/2016 12:34:47","11","791951338762440704","1","Si me rescataran tras estrellarme en los Andes y sobrevivir comiéndome a los muertos, lo1°que me diría mi madre es 'hay q teñir esas raíces'","twitter.com/Rocigaot/status/791951338762440704"
"27/10/2016 21:05:36","1","791717500606148612","","@Dalek_fan Insoportéibol, alucino en tecnicolor, mover el esqueleto, dar un voltio...","twitter.com/Rocigaot/status/791717500606148612"
"27/10/2016 11:01:25","3","791565453768417280","","Naumaquias en el Retiro y puerto para cruceros en el Manzanares, supongo. Están en Madrid que lo petan.https://twitter.com/ccifuentes/status/791496502925336576 … Queremos atraer más turismo convirtiendo Madrid en “puerto de entrada y salida” para cruceros de lujo http://bit.ly/2ff0kuS ","twitter.com/Rocigaot/status/791565453768417280"
"26/10/2016 18:06:57","1","791310153534566401","","ay, ese era genial!","twitter.com/Rocigaot/status/791310153534566401"
"26/10/2016 18:05:14","4","791309725082259457","1","yo me voy a poner 'sobrina-nieta', que hay que innovar al poner parentescos en la bio.","twitter.com/Rocigaot/status/791309725082259457"
"26/10/2016 14:50:06","2","791260614916247556","","pic.twitter.com/ci90M0yzJC","twitter.com/Rocigaot/status/791260614916247556"
"26/10/2016 14:46:43","1","791259762944008192","","eso existe??","twitter.com/Rocigaot/status/791259762944008192"
"26/10/2016 13:18:31","1","791237569413603328","","ahora la iglesia diciendo que no puedes quemar a tus muertos y esta los quemaba aún vivos y la hacen santa, ¡qué cosas!","twitter.com/Rocigaot/status/791237569413603328"
"26/10/2016 13:01:10","","791233203440934913","","MUY FAN","twitter.com/Rocigaot/status/791233203440934913"
"26/10/2016 10:46:08","4","791199219055034368","1","Santa Olga de Kiev, patrona de las que no se andan con hostias con los seductores científicos.https://twitter.com/MarysCrane/status/791008927571927040 …Puestos a disfrazarse de santos por Halloween como dice ese Sr.Obispo yo me pido ésta: ladies and gentlemen, Santa Olga de Kiev. pic.twitter.com/ZCeGq5dK1O","twitter.com/Rocigaot/status/791199219055034368"
"25/10/2016 21:48:04","1","791003413513461760","","¿Que el PSOE nos da una de cal y una de Arenas está dicho ya?https://twitter.com/iescolar/status/790812894984364032 …Javier Arenas invitó a senadores a la investidura de Rajoy dos días antes del Comité Federal del PSOE http://buff.ly/2eGmsvp ","twitter.com/Rocigaot/status/791003413513461760"
"25/10/2016 14:52:06","6","790898730136469505","1","se nos va a quedar muy pequeño el gulag.","twitter.com/Rocigaot/status/790898730136469505"
"25/10/2016 14:23:13","1","790891463953481732","","pic.twitter.com/l6MMmA1L2b","twitter.com/Rocigaot/status/790891463953481732"
"25/10/2016 12:21:25","1","790860811178770432","","yo creo que deberíamos hacer un verkami y juntar pasta para crear la serie, que esto lo peta!","twitter.com/Rocigaot/status/790860811178770432"
"25/10/2016 12:03:39","1","790856341078286336","","Queipo de Llano es un gato gordo que habla y lleva un collarcito para comunicarse con Franco-Chan telepáticamente","twitter.com/Rocigaot/status/790856341078286336"
"25/10/2016 11:59:53","1","790855390292545536","","notice me, Hituler-senpai!","twitter.com/Rocigaot/status/790855390292545536"
"25/10/2016 11:58:01","1","790854921654525952","","yo vería esa serie!","twitter.com/Rocigaot/status/790854921654525952"
"25/10/2016 11:36:04","2","790849398234292224","","habría que imitar más el anime en estas cosas. Una serie de la revuelta comunera donde son magical girls, y así.","twitter.com/Rocigaot/status/790849398234292224"
"25/10/2016 11:23:05","2","790846131177680896","","pensé que estabas proponiendo otra hipotética trama demencial en coña, pero ya veo que Japón nunca defrauda.","twitter.com/Rocigaot/status/790846131177680896"
"24/10/2016 18:06:01","","790585145938108416","","ese no sé quién es,estoy tan empanada en Twitter como en el 1.0!","twitter.com/Rocigaot/status/790585145938108416"
"24/10/2016 18:00:33","1","790583769266814978","","follagallinas? Vuelvo a decir que hace falta un Excel para organizar los apodos del tuiter, que algunos nos perdemos!","twitter.com/Rocigaot/status/790583769266814978"
"24/10/2016 13:57:21","1","790522564066021377","","pic.twitter.com/Yw6KYvmWK5","twitter.com/Rocigaot/status/790522564066021377"
"24/10/2016 13:52:16","3","790521285977763844","","Bueno, menos los que vivíamos de alquiler, que éramos tontos que tirábamos el dinero.","twitter.com/Rocigaot/status/790521285977763844"
"24/10/2016 13:49:40","4","790520633499287553","1","no han conseguido resolver tamaño misterio.Eso sí, por medio llegó la burbuja, todo dios se hipotecó y ahí pasamos de vagos a inconscientes","twitter.com/Rocigaot/status/790520633499287553"
"24/10/2016 13:48:16","3","790520281794224128","1","Siempre me acuerdo cuando sale algún artículo de 'por qué los jóvenes de ahora escogen no independizarse', porque se ve que en 15 años","twitter.com/Rocigaot/status/790520281794224128"
"24/10/2016 13:43:36","3","790519103933014016","","tomar ejemplo de Preparao, que se independizaba y se iba a vivir solo mientras la mayoría seguíamos apalancaos en casa de papá y mamá.","twitter.com/Rocigaot/status/790519103933014016"
"24/10/2016 13:42:51","1","790518914899992576","","Estaban hablando de la nueva casita de Preparao. Y una de las tertulianas soltó con todo su papo que los jóvenes de hoy en día deberíamos(4)","twitter.com/Rocigaot/status/790518914899992576"
"24/10/2016 13:42:09","1","790518741666856961","","Estaba tomando café en casa de unos amigos con la tele de fondo, y en una tertulia de magazine de la Campos, Emma García o similares(3)","twitter.com/Rocigaot/status/790518741666856961"
"24/10/2016 13:41:27","1","790518563132022784","","Primeros dosmiles, gobernaba Aznar, yo acababa de terminar la carrera, la mayoría de mis amigos estaban en paro o currando en negro(2)","twitter.com/Rocigaot/status/790518563132022784"
"24/10/2016 13:39:46","1","790518139301859329","","Con lo del RT anterior me estoy acordando de cuando Preparao VI, entonces todavía príncipe, se hizo su casita de soltero. (1).","twitter.com/Rocigaot/status/790518139301859329"
"23/10/2016 22:42:49","1","790292415408136192","1","Entre la falta de ortografía y la cursilería rollo acción poética yo también me estamparía para derribarlo.https://twitter.com/antoniovico/status/790120905473220608 …#Jaén Cuando no aguantas que se escriba coger con 'j' en un grafiti. pic.twitter.com/72HjCJvllO","twitter.com/Rocigaot/status/790292415408136192"
"23/10/2016 22:22:28","","790287294804664321","","no lo sabía! igual lo de 'Fui a tu boda, luego te separaste' de Llácer es una indirecta de 'devúelveme la pasta del regalo'","twitter.com/Rocigaot/status/790287294804664321"
"23/10/2016 21:42:52","12","790277328492527620","2","Pues me he hecho una tosta de aguacate para cenar, adiós al ático dúplex que me iba a comprar en primera línea de playa.","twitter.com/Rocigaot/status/790277328492527620"
"23/10/2016 16:17:53","3","790195545054842880","5","-Señoría, qué vota? Señoría...? Señoría!! 
#FormasCreativasdeAbstenersepic.twitter.com/5UneqyjKnC","twitter.com/Rocigaot/status/790195545054842880"
"23/10/2016 16:09:27","4","790193423491870721","3","-Señoría,qué vota?
-Siñiríí,quí viti?
-Piensa contestar en serio?
-Pinsi quintistir in sirii? #FormasCreativasdeAbstenerse","twitter.com/Rocigaot/status/790193423491870721"
"23/10/2016 15:32:55","5","790184228092870656","6","Tenía que elegir entre comprar aguacates y emprender y por culpa de un antojo de guacamole ahora no soy la nueva Amancia Ortega.https://twitter.com/Betinaserrano/status/789881727896457216 …EN AGUACATE. pic.twitter.com/f9bHC0vGz4","twitter.com/Rocigaot/status/790184228092870656"
"23/10/2016 15:09:01","2","790178215054671872","3","Bueno, a lo mejor ahora los afiliados al PSOE que seguían defendiendo que su partido es de izquierdas se caen del guindo de una vez.","twitter.com/Rocigaot/status/790178215054671872"
"22/10/2016 23:58:17","1","789949021750194178","","no, pillé prestado uno de mi madre ","twitter.com/Rocigaot/status/789949021750194178"
"22/10/2016 23:55:11","23","789948241316118528","14","Somos todos muy hipsters hasta que te ponen a Rafaella y a Camilo Sesto en una boda y acabas bailando en modo Iceta.","twitter.com/Rocigaot/status/789948241316118528"
"22/10/2016 0:19:06","2","789591870011768832","","yo a veces me sorprendo de que en USA haya tantos tiroteos en institutos cometidos por alumnos y tan pocos por profes.","twitter.com/Rocigaot/status/789591870011768832"
"21/10/2016 13:58:26","","789435672662777856","","Primark!","twitter.com/Rocigaot/status/789435672662777856"
"21/10/2016 13:15:47","28","789424941271834625","40","Seguro que hay gente que la lleva por postureo, sin trabajar en la NASA ni haber ido al espacio ni ná.pic.twitter.com/9IBCf5GmOG","twitter.com/Rocigaot/status/789424941271834625"
"20/10/2016 22:34:53","1","789203255230275584","1","¿Algún valiente que haga la lectura comentada en twitter del libro de Nocillo y su churri, como cuando el de Dalas?https://twitter.com/hematocritico/status/789202213537132549 …Hostias este párrafo @noelceballos_ pic.twitter.com/VaKzIbBxCc","twitter.com/Rocigaot/status/789203255230275584"
"20/10/2016 22:25:35","","789200917337821184","","si dices 'huele a canela' y no responde 'pero es veneno', no te lo/la folles.","twitter.com/Rocigaot/status/789200917337821184"
"20/10/2016 19:45:11","2","789160548868952064","","ay, Herodes, qué gran incomprendido fue ..","twitter.com/Rocigaot/status/789160548868952064"
"20/10/2016 16:47:55","2","789115937043714049","1","Lo de Ajfram es como cuando Joey aprendía el truco de acariciar la cara al besar en Los días de nuestra vida para que sólo le enfocaran a él","twitter.com/Rocigaot/status/789115937043714049"
"20/10/2016 16:39:11","1","789113740289413121","","y puede que por un momento al despertar y abrir los ojos pienses: 'me he curado! Milagro!'","twitter.com/Rocigaot/status/789113740289413121"
"20/10/2016 15:56:15","1","789102937180147721","","y el mío igual.pic.twitter.com/4qLgVaDFyt","twitter.com/Rocigaot/status/789102937180147721"
"20/10/2016 15:35:47","1","789097784754499584","","Que alguien vaya a cantarle el Happy Birthday a @PotiPotiInLove rollo Marilyn pero saliendo de una montaña de croquetas.","twitter.com/Rocigaot/status/789097784754499584"
"20/10/2016 15:12:15","2","789091862757908480","1","me faltó poco para decirle 'pues dame un aumento, que para lo que cuesta aguantaros cobro una mierda'.","twitter.com/Rocigaot/status/789091862757908480"
"20/10/2016 15:05:29","1","789090159442661376","1","a mí un mico de 11 me dijo que teníamos que hacer en clases las actividades que quisieran porque 'yo pago tu sueldo'.","twitter.com/Rocigaot/status/789090159442661376"
"20/10/2016 13:18:12","1","789063163492831233","","Cuando te parece que Nocillo y todo lo que lo rodea no puede dar más vergüencita ajena le dan otra vuelta de tuerca.","twitter.com/Rocigaot/status/789063163492831233"
"20/10/2016 10:54:30","3","789026998211452928","1","como cuando piden que dejen de emitir lo de Friker pero tú eres una censora si señalas machismo/homofobia de un programa.","twitter.com/Rocigaot/status/789026998211452928"
"19/10/2016 0:15:56","5","788503908511543296","","alguien que está 8días sin ducharse no debe de ser bonito de ver (y oler)","twitter.com/Rocigaot/status/788503908511543296"
"19/10/2016 0:15:16","5","788503741372784641","","yo creo que se arriesgaba porque mis reglas duran 8 días, y vivir con (1)","twitter.com/Rocigaot/status/788503741372784641"
"19/10/2016 0:13:23","5","788503266862694400","","mi madre me dejaba ducharme pero tampoco estaba muy convencida.","twitter.com/Rocigaot/status/788503266862694400"
"19/10/2016 0:12:12","5","788502972464558080","","yo cuando estaba en casa de mi tía también, que decia que no se podía.","twitter.com/Rocigaot/status/788502972464558080"
"19/10/2016 0:11:09","6","788502705471979520","","'decidí prolongar la lactancia mientras el niño la quisiera y a la 2ªsemana lo dejó'","twitter.com/Rocigaot/status/788502705471979520"
"19/10/2016 0:08:39","2","788502076141821952","","soy yo la enfermera y echo la pota, fijo.","twitter.com/Rocigaot/status/788502076141821952"
"19/10/2016 0:06:45","5","788501599958212608","","bueno, supongo que entre que descubrió que estaba embarazada serían sólo 7 u 8. XD","twitter.com/Rocigaot/status/788501599958212608"
"19/10/2016 0:04:06","4","788500933672112128","1","paritorio se le caían las lágrimas del tufo.","twitter.com/Rocigaot/status/788500933672112128"
"19/10/2016 0:03:22","4","788500746031472640","1","SIN PEGARSE UNA DUCHA. La enfermera contaba que mientras la preparaba para ir al(4)","twitter.com/Rocigaot/status/788500746031472640"
"19/10/2016 0:02:11","5","788500448311386113","1","mientras estás embarazada no te puedes duchar. Así que llevaba TODO EL EMBARAZO(3)","twitter.com/Rocigaot/status/788500448311386113"
"19/10/2016 0:00:40","3","788500069959991296","","les llegó al hospital a una parturienta en cuya casa se creía de toda la vida que(2)","twitter.com/Rocigaot/status/788500069959991296"
"19/10/2016 0:00:15","3","788499965135970304","","esta no es de la regla,pero una amiga enfermera de mi madre le contó que hace años(1","twitter.com/Rocigaot/status/788499965135970304"
"18/10/2016 23:59:07","5","788499679046754305","","mi tía no nos dejaba comer tomates cuando teníamos la regla.","twitter.com/Rocigaot/status/788499679046754305"
"18/10/2016 23:52:05","5","788497909557956608","","podía vaguear en el sofá mientras ellos preparaban la comida.","twitter.com/Rocigaot/status/788497909557956608"
"18/10/2016 23:51:49","4","788497839932440577","","se la iba a cortar. Confieso que les seguí el rollo porque estaba de resaca y así(3)","twitter.com/Rocigaot/status/788497839932440577"
"18/10/2016 23:51:25","4","788497741601177600","","echaron de su cocina porque iban a hacer mayonesa, y como yo estaba con la regla(2)","twitter.com/Rocigaot/status/788497741601177600"
"18/10/2016 23:49:22","2","788497224519024641","","esta ya es un clásico, pero dos amigos (universitarios, carreras de ciencias) me (1)","twitter.com/Rocigaot/status/788497224519024641"
"18/10/2016 23:43:17","3","788495692041973764","","mujer, es que igual no comprendíais EL CONCEPTO","twitter.com/Rocigaot/status/788495692041973764"
"18/10/2016 23:38:20","2","788494448749608960","","pic.twitter.com/vAVMLlRktb","twitter.com/Rocigaot/status/788494448749608960"
"18/10/2016 23:31:02","4","788492610134573056","","y te hablo de un tío de mi edad, no de un chavalín.","twitter.com/Rocigaot/status/788492610134573056"
"18/10/2016 23:27:49","5","788491800277286913","","'1 tampón al día, son 4 tampax por regla, para 5 meses os da el paquete'","twitter.com/Rocigaot/status/788491800277286913"
"18/10/2016 23:27:20","4","788491679003205637","1","tampax y cormpresas porque 'qué son, paquetes de 20? Pues 4 días de regla (2)","twitter.com/Rocigaot/status/788491679003205637"
"18/10/2016 23:25:57","4","788491331039596545","","una vez un tío me dijo que éramos unas exageradas al quejarnos del precio de  (1)","twitter.com/Rocigaot/status/788491331039596545"
"18/10/2016 23:24:34","3","788490981343649792","","iba a ser esto La Purga, pero una vez al mes.","twitter.com/Rocigaot/status/788490981343649792"
"18/10/2016 23:24:00","4","788490839639068674","","acabo de hacer la fuente con la cerveza XDDD","twitter.com/Rocigaot/status/788490839639068674"
"18/10/2016 23:22:43","1","788490519026491392","","BRAVO!","twitter.com/Rocigaot/status/788490519026491392"
"18/10/2016 23:22:10","2","788490379226128384","","'esto es una mierda, la noto moverse en la braga y lo que duele al quitarla'","twitter.com/Rocigaot/status/788490379226128384"
"18/10/2016 23:20:11","4","788489878921183236","","yo conocí a una que la 1ªvez que usó una compresa se la puso con el adhesivo parriba.","twitter.com/Rocigaot/status/788489878921183236"
"18/10/2016 23:18:47","2","788489529149849600","3","no funciona y hay que usar condón es una leyenda urbana que creíamos los viejos.","twitter.com/Rocigaot/status/788489529149849600"
"18/10/2016 23:17:54","1","788489307317305349","3","calla, que a una amiga profe le han dicho sus alumnos adolescentes que eso de que la marcha atrás","twitter.com/Rocigaot/status/788489307317305349"
"18/10/2016 23:14:57","3","788488561351942144","1","del bando republicano no tenían las ayudas y pagas para las viudas de guerra del otro bando.","twitter.com/Rocigaot/status/788488561351942144"
"18/10/2016 23:13:58","3","788488317444685824","1","curré con una chica, periodista, que descubrió por nosotras que en la dictadura, las viudas(1)","twitter.com/Rocigaot/status/788488317444685824"
"18/10/2016 23:13:13","3","788488124846465024","2","y uno de Biología que creía que la regla era como hacer un pis con sangre y lista por este mes.","twitter.com/Rocigaot/status/788488124846465024"
"18/10/2016 23:11:34","4","788487710151499779","","se ve que sí. Pues estaba terminando Arquitectura, Caminos o algo así, el lumbrera.","twitter.com/Rocigaot/status/788487710151499779"
"18/10/2016 23:10:06","7","788487342176763905","1","y yo que ya flipaba con el que pensaba que a todas nos bajaba la regla a la vez con la luna llena","twitter.com/Rocigaot/status/788487342176763905"
"18/10/2016 23:06:09","4","788486350496489474","","es que mira que conozco gente corta y eso no lo había oído en la vida!","twitter.com/Rocigaot/status/788486350496489474"
"18/10/2016 23:03:53","4","788485779165159424","","pero antes de intentar perder la virginidad no habían explorado un poquito la zona siquiera?","twitter.com/Rocigaot/status/788485779165159424"
"17/10/2016 22:03:24","1","788108170614956032","","lástima que en mis tiempos de estudiante no hubiera móviles con cámara por si algún compañero de fiestas de piso acababa en el PP!","twitter.com/Rocigaot/status/788108170614956032"
"17/10/2016 21:56:25","2","788106413662953472","","bailar Lady Gaga borracho es casi una redundancia. La mezcla entre Lady Gaga y el saludo fascista ya es más LOL.","twitter.com/Rocigaot/status/788106413662953472"
"17/10/2016 21:55:32","1","788106189267673088","","'Ginzo de Limia'pic.twitter.com/Vg3ZjEx7FO","twitter.com/Rocigaot/status/788106189267673088"
"17/10/2016 21:47:39","18","788104206414733313","21","Esto es lo más inesperado que he leído desde aquello de 'El Drogas confiesa que ha tomado porros y otras sustancias'https://twitter.com/LaVanguardia/status/788091322573922304 …La expresidenta de la AVT Ángeles Pedraza se hace militante del PP http://ebx.sh/2ebK7po  pic.twitter.com/szJX1PIVFY","twitter.com/Rocigaot/status/788104206414733313"
"17/10/2016 19:16:08","1","788066075585998848","1","pic.twitter.com/iwYurY67uE","twitter.com/Rocigaot/status/788066075585998848"
"17/10/2016 19:15:16","5","788065855959597056","","por eso mismo le dije a Brad que no dejara a Angelina por mí, que yo con él como mucho un rollete de una noche, y mira.","twitter.com/Rocigaot/status/788065855959597056"
"17/10/2016 18:17:33","1","788051331814686720","","y yo echándole pollo como una idiota, me lo apunto!","twitter.com/Rocigaot/status/788051331814686720"
"17/10/2016 17:32:16","4","788039936914128900","1","'¿Reloj biológico?¿¿QUE NO VOY A SER FÉRTIL PARA SIEMPRE?? ¿Pero esto lo sabe más gente?' ¡Rápido, tenemos que alertar a las autoridades!'","twitter.com/Rocigaot/status/788039936914128900"
"17/10/2016 15:12:40","23","788004803729362944","11","'Encariñarme con un bebé me daría un punto vulnerable frente a mis ex socios del cártel'","twitter.com/Rocigaot/status/788004803729362944"
"17/10/2016 15:00:59","1","788001864260395008","","calla, que es uno de mis grandes temores cuando me toca coger a un bebé en brazos! xDD","twitter.com/Rocigaot/status/788001864260395008"
"17/10/2016 14:58:28","1","788001229364428800","","eso está bien porque si de vieja te mandan para un asilo ya tienes material para hacerles vudú.","twitter.com/Rocigaot/status/788001229364428800"
"17/10/2016 14:57:48","11","788001063018397696","2","'Chica, pues justo lo estoy intentando ahora. Que bien de pasta no voy con el paro y tal, pero ser madre está TAN DE TENDENCIA...'","twitter.com/Rocigaot/status/788001063018397696"
"17/10/2016 14:56:43","1","788000790631907329","","ay, lo acabo de ver por FB y estaba flipanding!","twitter.com/Rocigaot/status/788000790631907329"
"17/10/2016 14:56:04","20","788000628840787968","9","'Si preguntas porque os habéis hartado del vuestro y buscáis adoptantes, no estoy interesada'(baja la voz)'...pero podría conocer a alguien'","twitter.com/Rocigaot/status/788000628840787968"
"17/10/2016 14:49:54","18","787999076637872128","2","Si está su hijo por ahí, míralo con la cara de este gif y luego murmura algo tipo 'sííí, cualquier día, si son lo mejor de la vida...'pic.twitter.com/aPfdqFd5gl","twitter.com/Rocigaot/status/787999076637872128"
"17/10/2016 14:46:14","17","787998151533793280","4","Pues no pensaba contarlo aún porque nunca me llega el embarazo a término, pero estoy preñada, ¡VAMOS A CELEBRARLO!'(Pídete un tequila)","twitter.com/Rocigaot/status/787998151533793280"
"17/10/2016 14:44:37","29","787997747156844544","9","(Pon cara de paranoia) '¿Por qué lo preguntas? ¿Qué sabes? ¿QUE YO NUNCA HE DADO A LUZ Y LO HE VENDIDO A UNOS RUSOS POR INTERNET, EH?'","twitter.com/Rocigaot/status/787997747156844544"
"17/10/2016 14:43:13","42","787997391647547392","5","'Lo pensé, si no fuera porque te quedaste tú antes y ahora veo en FB el coñazo de vida que llevas caigo en la trampa. Gracias!' (Abrázala)","twitter.com/Rocigaot/status/787997391647547392"
"17/10/2016 14:33:15","41","787994886654025729","7","'Tengo miedo que vuelvan las voces para pedirme que sacrifique a este también al señor oscuro. Pero te hago de canguro cuando quieras, eh?'","twitter.com/Rocigaot/status/787994886654025729"
"17/10/2016 14:31:43","33","787994500631322624","4","(Si te lo dice alguien de la familia política). 'Ay, no sé, me da miedo, con el percal genético que heredaría por la rama paterna...'","twitter.com/Rocigaot/status/787994500631322624"
"17/10/2016 14:30:34","50","787994209789865985","9","'Yo justo me preguntaba por qué habéis tenido vosotros al vuestro. ¿No te arrepientes?Si os hubiera salido guapo y listo, todavía...'","twitter.com/Rocigaot/status/787994209789865985"
"17/10/2016 14:27:54","35","787993537203896320","7","Mi chico tiene esperma de baja calidad y mi religión nos prohíbe la fecundación artificial. ¿Crees que a tu marido le importaría....?","twitter.com/Rocigaot/status/787993537203896320"
"17/10/2016 14:26:52","40","787993278729912320","11","'Ya paso, que es siempre el mismo rollo. Te preñas, lo tienes, a la primera vez que lo llevas al botellón te lo quita servicios sociales...'","twitter.com/Rocigaot/status/787993278729912320"
"17/10/2016 14:12:31","32","787989668809863169","6","'Lo cierto es que estaba con la in vitro pero me he quedado sin dinero. A ti te habían subido el sueldo hace poco, ¿no?'","twitter.com/Rocigaot/status/787989668809863169"
"17/10/2016 14:11:43","40","787989466153639936","7","'Temo que me salga un monstruito, el hijo de no recuerdo qué amiga le pilló un berrinche en PortAvent...ayperdónnorecordabaquefueeltuyo'","twitter.com/Rocigaot/status/787989466153639936"
"17/10/2016 14:09:35","59","787988928162856960","15","'Me quitan el útero la semana que viene y justo había salido a despejarme un rato para no pensar en el tema. Gracias'.","twitter.com/Rocigaot/status/787988928162856960"
"17/10/2016 14:06:10","53","787988067277803520","10","'Pero sabes que estoy en paro y soltera ¿no?Entonces, ¿por qué lo preguntas? ¿Es para hacerme sentir mal?¿Por qué esas ganas de amargarme?'","twitter.com/Rocigaot/status/787988067277803520"
"17/10/2016 14:01:55","79","787987000657907712","26","'He tenido que interrumpir los 3embarazos anteriores porque salía de cuentas para el solsticio y no queríamos traer al Anticristo'","twitter.com/Rocigaot/status/787987000657907712"
"17/10/2016 14:00:02","50","787986524122021888","10","'Estoy embarazada, pero no quiero contarlo aún porque llevo 4abortos espontáneos y cualquier alterac...OH,NO!'(llévate la mano a la tripa)","twitter.com/Rocigaot/status/787986524122021888"
"17/10/2016 13:58:00","36","787986015944339456","6","'Pues estoy en la lista de adopción pero es todo demasiado lento. Tú tienes 3, ¿no? No son muchos? Porque tengo unos ahorros y...'","twitter.com/Rocigaot/status/787986015944339456"
"17/10/2016 13:57:16","39","787985829536890880","7","Lleva una foto de un bebé random para sacarla de la cartera, mirarla y llorar. Esta me la dijeron en twitter hace tiempo y no recuerdo quién","twitter.com/Rocigaot/status/787985829536890880"
"17/10/2016 13:56:11","121","787985558643601408","99","De hecho, creo que voy a hacer hilo de posibles respuestas cuando te dan la brasa con 'y por qué no tienes hijos, que se te pasa el arroz':","twitter.com/Rocigaot/status/787985558643601408"
"17/10/2016 13:48:42","4","787983672905433088","1","Yo me planteo decir que no puedo y luego pedirle insistentemente su útero/dinero prestado para maternidad subrogada. A ver si asíhttps://twitter.com/netcaterpila/status/787983102887026692 …Mi movida prefe para trolear cuando alguien a quien no le importa se mete en si tengo nenes es echarme a llorar muy amargamente.","twitter.com/Rocigaot/status/787983672905433088"
"17/10/2016 13:11:34","1","787974328465911808","","Los que te sueltan la chapa si te ven tomar algo con gluten pero te llaman nazi si les pides que no te echen el humo a la cara","twitter.com/Rocigaot/status/787974328465911808"
"17/10/2016 12:58:52","12","787971131382849536","3","Que la gente puede cambiar de hábitos, pero si tú aún respiras con todo lo que te has metido pal cuerpo yo podré sobrevivir a este nesquick.","twitter.com/Rocigaot/status/787971131382849536"
"17/10/2016 12:46:19","20","787967975060103169","15","Cuando los que más os dan la brasa con la healthy life son los mismos a los que habéis visto hacerse unos rayotes que ni Falangito de rave.pic.twitter.com/vN2Swy8tQw","twitter.com/Rocigaot/status/787967975060103169"
"17/10/2016 0:19:00","","787779905450827777","","la tele tiene fácil solución, lo del ascensor ya es más complicao :D","twitter.com/Rocigaot/status/787779905450827777"
"17/10/2016 0:17:36","","787779555239071748","","yo ascensor tampoco. Aunque ya estoy acostumbrada a las escaleras y a la mirada de odio de repartidores y mensajeros.","twitter.com/Rocigaot/status/787779555239071748"
"17/10/2016 0:10:08","","787777676580884480","","uf, están muy muermo últimamente!","twitter.com/Rocigaot/status/787777676580884480"
"17/10/2016 0:00:19","","787775204797902848","","acabo de ponerlo ahora, ¿de qué hablan?","twitter.com/Rocigaot/status/787775204797902848"
"16/10/2016 23:47:41","","787772027004420096","","creo que podré vivir con ello XDDD","twitter.com/Rocigaot/status/787772027004420096"
"16/10/2016 23:45:41","","787771521813082112","","podría ser peor. Podríamos ser Juan Camus.","twitter.com/Rocigaot/status/787771521813082112"
"16/10/2016 23:27:09","1","787766855956037632","","De mi graduación también hace 15 años, y si hiciéramos reunión para ver cómo nos ha ido a todos me tocaría ser Mireia.","twitter.com/Rocigaot/status/787766855956037632"
"16/10/2016 23:23:11","7","787765859171393536","3","me sigue dando más pena que no hubiera twitter cuando Confianza Ciega, pero para OT también habría venido bien.","twitter.com/Rocigaot/status/787765859171393536"
"16/10/2016 23:00:54","","787760249684037632","","Alejandro no se ha quitado la boina en 15 años o la ha rescatado para que la gente lo reconozca? #lodeOT","twitter.com/Rocigaot/status/787760249684037632"
"16/10/2016 22:54:52","3","787758732801376257","","Me río de los estilismos de OT, pero el año pasado encontré fotos de una nochevieja de los primeros dosmiles y estoy yo pa hablar.","twitter.com/Rocigaot/status/787758732801376257"
"16/10/2016 22:51:45","5","787757947384393732","","De los de OT el que mejor se conserva es Manu Tenorio, que creo que mutó en señor de mediana edad en la adolescencia y ahí se plantó.","twitter.com/Rocigaot/status/787757947384393732"
"16/10/2016 22:35:49","2","787753940821635072","1","Voy a hacer unfollow a los que estáis viendo lo de OT y diciendo que es volver a la infancia, porque me hacéis sentir viejuna.","twitter.com/Rocigaot/status/787753940821635072"
"16/10/2016 21:20:16","1","787734926145753088","","QUÉ ME ESTÁS CONTANDOpic.twitter.com/YEQGbULCdh","twitter.com/Rocigaot/status/787734926145753088"
"16/10/2016 21:11:28","4","787732711347720192","","La sorpresa que me llevé de peque al descubir que la bilirrubina existe de verdad y no era un palabro de canción del verano #CachitosCiencia","twitter.com/Rocigaot/status/787732711347720192"
"16/10/2016 16:22:50","1","787660072839155712","","a esta voy voluntariamente, pero la próxima vez que tenga una de la familia pruebo la excusa, a ver si cuela!","twitter.com/Rocigaot/status/787660072839155712"
"16/10/2016 16:05:14","","787655644954423297","","na, tengo una opción B pero que no me gusta nada!","twitter.com/Rocigaot/status/787655644954423297"
"16/10/2016 16:03:20","1","787655167135080449","","También necesito el bolso de las bodas y me estoy planteando dar un falso soplo a la poli de que tengo armas a ver si aparece en el registro","twitter.com/Rocigaot/status/787655167135080449"
"16/10/2016 15:55:49","6","787653276049215489","","Llevo una semana buscando un vaquero que no sé dónde metí y que supongo que aparecerá cuando busque la licuadora.","twitter.com/Rocigaot/status/787653276049215489"
"16/10/2016 15:54:18","14","787652892945768448","1","El jueves estuve buscando un bolso que he encontré ayer mientras buscaba el cortavientos. Hoy apareció el cortavientos buscando un libro.pic.twitter.com/oVEBNaZD8w","twitter.com/Rocigaot/status/787652892945768448"
"16/10/2016 1:20:30","7","787432995514884096","2","Soy la Bob Dylan del decir 'voy a guardar esto aquí para que no se me pierda' y luego olvidar dónde era 'aquí'.","twitter.com/Rocigaot/status/787432995514884096"
"16/10/2016 1:07:41","5","787429771047268352","","Es posible que lo de mi anterior RT sea fake pero no pienso comprobarlo porque I want to believe.","twitter.com/Rocigaot/status/787429771047268352"
"16/10/2016 0:20:30","7","787417895882072064","1","Ojalá ser la Bob Dylan de los memes de Falangito, pero hay mucha competencia ahí.","twitter.com/Rocigaot/status/787417895882072064"
"16/10/2016 0:10:14","1","787415312778027013","3","yo soy la Bob Dylan de caerme por la calle y levantarme fingiendo que ni me duele ni estoy pasando vergüenza.","twitter.com/Rocigaot/status/787415312778027013"
"15/10/2016 16:42:50","2","787302719249870848","","yo aún no me he atrevido nunca a conducir por Vigo. Y eso que Coruña curte bastante, pero es otro nivel XD","twitter.com/Rocigaot/status/787302719249870848"
"15/10/2016 16:36:49","2","787301205072572417","","estáis las dos de cumple? Felicidades a ambas!pic.twitter.com/R199BlNfi1","twitter.com/Rocigaot/status/787301205072572417"
"14/10/2016 20:37:08","4","786999297355157505","","yo tengo dos, pero una la pillé por Aliexpress y con el tallaje chino me queda más de torerita.","twitter.com/Rocigaot/status/786999297355157505"
"14/10/2016 12:43:42","","786880154039640064","","aún así, yo tengo 8 dioptrías, ni la puerta de casa encuentro sin lentillas!","twitter.com/Rocigaot/status/786880154039640064"
"14/10/2016 12:42:51","2","786879939035488256","1","habría que ver cómo se adjudicó la obra.Fijo que había diseños mejores pero alguien untó a alguien o era primo de Palpatine","twitter.com/Rocigaot/status/786879939035488256"
"14/10/2016 12:17:51","1","786873647751389184","","eso es que tienes pocas dioptrías, que yo sin las lentillas no llego al coche!","twitter.com/Rocigaot/status/786873647751389184"
"14/10/2016 12:14:55","3","786872909788811265","1","'a media maratón de San Andrés de Teixido, faina de morto quen non a fai de vivo'.","twitter.com/Rocigaot/status/786872909788811265"
"13/10/2016 21:17:48","1","786647140294623232","","yo el año pasado por estas fechas vi a una con vestido de tirantes y chanclas que le había puesto abriguito al perro.","twitter.com/Rocigaot/status/786647140294623232"
"13/10/2016 20:51:02","1","786640407849492480","","ay, a mí la gente que lleva parka y la bufanda esa rollo manta zamorana combinada con chanclas me tiene fascinadita.","twitter.com/Rocigaot/status/786640407849492480"
"13/10/2016 15:17:48","1","786556545597407232","","Mi señor padre me dice por el teléfono fijo: a ver cuándo me puedes mirar el móvil, que he perdido el simbolito del wasap OTRA VEZ'","twitter.com/Rocigaot/status/786556545597407232"
"13/10/2016 13:41:24","","786532287236022272","","Los Premios Planeta siempre me han dejado con ganas de arrancarme los ojos, así que lo veo posible.","twitter.com/Rocigaot/status/786532287236022272"
"13/10/2016 13:35:13","1","786530728808898562","","non che deron o da Paz por mediar en tantos conflictos co teu 'non discutir, os dous tedes razón'?  @bestilheiro","twitter.com/Rocigaot/status/786530728808898562"
"13/10/2016 13:30:40","1","786529583612866560","","Pues yo de Dylan siempre pensé que era lo típico que la gente mete en porras porque le mola pero que no iba a ganar, y mira.","twitter.com/Rocigaot/status/786529583612866560"
"13/10/2016 11:03:34","","786492564031496192","","dicir que o lemos en versión orixinal mercando por internet pero que está tremendamente sobrevalorado, naturalmente.","twitter.com/Rocigaot/status/786492564031496192"
"13/10/2016 10:27:09","","786483401347981312","","eu creo que a xente pensa que son como as vaquillas do gran prix pero en máis grande e de ahí o medo.","twitter.com/Rocigaot/status/786483401347981312"
"13/10/2016 0:18:49","1","786330307506999296","","lo de las canciones de Xuxa le quita mucha épica al Bronx, también te digo!","twitter.com/Rocigaot/status/786330307506999296"
"13/10/2016 0:17:34","1","786329995060785152","","cuando yo era peque teníamos la verbena de las fiestas del barrio detrás de casa. No era fácil dormir, no!","twitter.com/Rocigaot/status/786329995060785152"
"12/10/2016 23:35:49","","786319485145796609","","eu descubrín hai pouco que coñezo moita xente que lle ten medo ás vacas!","twitter.com/Rocigaot/status/786319485145796609"
"12/10/2016 23:05:17","1","786311804867588096","","la mía también, pero si incluye a una persona para hacerme las tartas y yo sólo tengo que comerlas.","twitter.com/Rocigaot/status/786311804867588096"
"12/10/2016 23:03:25","","786311333855817728","","es que cualquiera lo aguanta luego. Ya cuesta aguantarlo ahora...","twitter.com/Rocigaot/status/786311333855817728"
"12/10/2016 22:55:12","","786309264818122752","","angústiame a corda que lle sae da orella, parece que vai tropezar en calqueira momento e vaise meter un hostión, a pobre.","twitter.com/Rocigaot/status/786309264818122752"
"12/10/2016 22:50:30","","786308081445539840","","Yo por querer quiero que se lo den a Atwood, pero no creo que vayan a premiar a dos mujeres seguidas porque oh, locurón.","twitter.com/Rocigaot/status/786308081445539840"
"12/10/2016 22:46:46","","786307142714138624","","habían vendido como la hostia y me dejó bastante fría. De Coelho creo que sólo he leído carteles en Facebook XD","twitter.com/Rocigaot/status/786307142714138624"
"12/10/2016 22:45:10","","786306738597265410","","yo a Murakami no le odio, sus libros de tipo más surrealista me gustan. A Marías no lo trago, Y lo poco que leí de él, me lo (1)","twitter.com/Rocigaot/status/786306738597265410"
"12/10/2016 22:43:35","2","786306341832761344","","'le abrí la puerta a una componente del jurado y no quiso pasar'. 'Llegué a Suecia y todo dios usaba kindle'","twitter.com/Rocigaot/status/786306341832761344"
"12/10/2016 22:41:11","1","786305738910072832","","ahora que pienso, igual me meto en una página de apuestas y apuesto por Coelho. Tengo pocas posibilidades, PERO SI SALE ME FORRO","twitter.com/Rocigaot/status/786305738910072832"
"12/10/2016 22:38:13","","786304992525168640","","creo que no, pero mira, si estuviera la cosa entre esos dos, no sé yo qué te diga.","twitter.com/Rocigaot/status/786304992525168640"
"12/10/2016 22:37:27","2","786304796777074688","","Que ya sé que las porras estas fallan más que una escopeta de feria y saldrá alguien a quien no conozca ni perry, pero yo aviso.","twitter.com/Rocigaot/status/786304796777074688"
"12/10/2016 22:36:56","5","786304666711658496","","Estoy viendo a Marías en las porras para el Nobel de Literatura y mira, no me jodáis, que como si no fuera lo bastante pedante ya.","twitter.com/Rocigaot/status/786304666711658496"
"12/10/2016 22:09:46","4","786297833494151168","","Tengo de fondo 'First Dates' y uno le ha dicho a su cita que le quiere enseñar su música, y me he lo he imaginado a lo Ross con el teclado.","twitter.com/Rocigaot/status/786297833494151168"
"12/10/2016 21:42:27","1","786290956500819968","","no, aquí todo el año no, llega un momento en verano en que en la calle ya refresca y mi casa es un horno. Todo ventajas.","twitter.com/Rocigaot/status/786290956500819968"
"12/10/2016 21:28:36","1","786287473529716736","","yo aquí por suerte lo tengo, pero en mi ex piso no. Edificio de casi un siglo, el mar al lado.... no sé cómo no salían setas.","twitter.com/Rocigaot/status/786287473529716736"
"12/10/2016 21:21:53","5","786285779693678592","2","Entramos en esa época rara del año en la que tengo que estar más abrigada dentro de casa que fuera.","twitter.com/Rocigaot/status/786285779693678592"
"12/10/2016 21:19:35","2","786285204981690368","2","- Quien es?
-Soy yo.
- Qué vienes a buscar?
-A ti.
-Ya es tarde
- Por qué.
- Porque ahora soy yo la que quiere estar sin ti. Por eso vete...pic.twitter.com/ikS6xumEvY","twitter.com/Rocigaot/status/786285204981690368"
"12/10/2016 21:16:33","2","786284439093424128","","Remember Bisbal and Chenoa from OT1? These are them now. Feel old yet?pic.twitter.com/CImaqYgHNX","twitter.com/Rocigaot/status/786284439093424128"
"12/10/2016 21:09:43","","786282721676890112","","sí que le dura puesta la pajarita!","twitter.com/Rocigaot/status/786282721676890112"
"12/10/2016 18:55:52","","786249034738470912","","sip!","twitter.com/Rocigaot/status/786249034738470912"
"12/10/2016 18:51:53","1","786248031691689985","","no estoy segura, parece un libro o apuntes fotocopiados de uno, pero creo que el tuitero que subió la foto no ha puesto más.","twitter.com/Rocigaot/status/786248031691689985"
"12/10/2016 18:37:23","1","786244384295522304","4","Que no es que en la adolescencia nos obsesionemos con la delgadez porque si engordas te machacan, no. Que lo llevamos en los genes, o algo.","twitter.com/Rocigaot/status/786244384295522304"
"12/10/2016 18:16:56","1","786239236257316864","","Pues hoy es el ordenador de sobremesa el que se ha puesto a instalar actualizaciones  a traición. Bill Gates, me cago en tus muertos pisaos.","twitter.com/Rocigaot/status/786239236257316864"
"12/10/2016 17:17:24","","786224254610046976","","a esos les tengo aún más tirria que a Wonderf...bueno, sí, que lo hagan y arreglen cuentas luego por los derechos de autor. XD","twitter.com/Rocigaot/status/786224254610046976"
"12/10/2016 16:21:28","2","786210178483888128","1","que lo mejor es que el personaje de Reverte ya lo tienen dominao, y de Carlota que haga Areces, como con Frances Cobain","twitter.com/Rocigaot/status/786210178483888128"
"12/10/2016 16:14:36","4","786208451600855040","1","da para un sketch de Muchachada Nui como el de Courtney Love buscándole novio a su hija.","twitter.com/Rocigaot/status/786208451600855040"
"12/10/2016 16:12:54","3","786208025191211008","1","-Me da igual que tengamos una caja llena del puto libro, papá.Quiero poner bote como todos para regalarle un top a la Vero","twitter.com/Rocigaot/status/786208025191211008"
"12/10/2016 15:46:50","1","786201464288915456","","que casi haces esa coña o que casi pides matrimonio en un congreso federal del PSOE? XD","twitter.com/Rocigaot/status/786201464288915456"
"12/10/2016 15:44:46","","786200945382166528","","Pedir matrimonio en un Congreso Federal del PSOE.","twitter.com/Rocigaot/status/786200945382166528"
"12/10/2016 15:40:38","","786199903726768130","","pedir matrimonio en un velatorio con un lipdub.","twitter.com/Rocigaot/status/786199903726768130"
"12/10/2016 15:36:53","4","786198957848301568","1","oh, sí, España, castígame! (La palabra de seguridad es Adolfosuárez)","twitter.com/Rocigaot/status/786198957848301568"
"12/10/2016 15:33:42","12","786198157470248960","6","que te pidan matrimonio en público y con el novio y todos sus colegas armados no mete nada de presión al asunto.","twitter.com/Rocigaot/status/786198157470248960"
"12/10/2016 15:29:07","2","786197006075039744","","ay, por un efecto óptico con la cazadora del fulano me había parecido que llevaba esposas de peluche por amor a España!","twitter.com/Rocigaot/status/786197006075039744"
"12/10/2016 11:53:01","1","786142621798457344","","una taza con tu avatar de hoy impreso también me la compraba, no creas! ","twitter.com/Rocigaot/status/786142621798457344"
"12/10/2016 11:51:53","1","786142336002715648","","efectivamente!","twitter.com/Rocigaot/status/786142336002715648"
"12/10/2016 11:51:25","2","786142220692881408","2","Que acabo de pensar que como la cita de ayer sale en Fariña y creo que van a hacer serie, puedo sugerirles las tazas como merchandising.","twitter.com/Rocigaot/status/786142220692881408"
"12/10/2016 0:22:04","444","785968739846062080","339","Ya lo dije en su día en Facebook, pero ojalá una taza Mr Wonderful con esta frase.pic.twitter.com/hewwhmNweg","twitter.com/Rocigaot/status/785968739846062080"
"11/10/2016 23:34:26","1","785956753061969920","","podríamos preguntarle al CM por twitter, pero no sé, I want to believe.","twitter.com/Rocigaot/status/785956753061969920"
"11/10/2016 23:33:54","1","785956617133056000","","yo de octubre a diciembre tenía 2h/día, pero todo grupos distintos, más de 20críos por clase. Menos ébola pillé de todo.","twitter.com/Rocigaot/status/785956617133056000"
"11/10/2016 23:32:03","","785956151766626304","","pues a ver, he dado por hecho que la Voz contrastó antes de publicar porque habla de varios sabores, pero igual es suponer mucho.","twitter.com/Rocigaot/status/785956151766626304"
"11/10/2016 23:28:26","1","785955240172326912","","los virus habidos y por haber porque los puñeteros niños son armas biológicas'","twitter.com/Rocigaot/status/785955240172326912"
"11/10/2016 23:27:42","1","785955056482779136","","aunque este año al tener sólo clases particulares y no grupos de extraescolares espero librarme de la fase 'me pillo todos(1)","twitter.com/Rocigaot/status/785955056482779136"
"11/10/2016 23:25:41","2","785954550221975552","","yo ya entré en fase de tener la nariz congestionada y engancharme a los sprays nasales para poder dormir.También acaba en abril.","twitter.com/Rocigaot/status/785954550221975552"
"11/10/2016 23:23:35","1","785954019210473472","1","puedo ser Sofía? Soy bajita y muy de contar batallitas de mi juventú, doy bastante el perfil.","twitter.com/Rocigaot/status/785954019210473472"
"11/10/2016 23:13:35","3","785951504137990144","6","Coño, que lo del yogur de licor café no era un fake del twitter! http://www.lavozdegalicia.es/noticia/economia/2016/10/11/yogur-licor-cafe-existe-llegado-quedarse/00031476207239295192510.htm?utm_source=facebook&utm_medium=referral&utm_campaign=fbgen …","twitter.com/Rocigaot/status/785951504137990144"
"11/10/2016 23:09:03","1","785950362670817280","","yo por suerte dolores reumáticos no tengo, y ya estoy con ganas de sacar los jerseys y las cosas de invierno-invierno.","twitter.com/Rocigaot/status/785950362670817280"
"11/10/2016 23:02:55","1","785948817765961729","","mimá! Aínda que tampouco me estraña, hai xente moi repunantiña co da almofada.","twitter.com/Rocigaot/status/785948817765961729"
"11/10/2016 22:58:03","1","785947596246265856","","también te digo que si sube la humedad y llueve prefiero que bajen las temperaturas. ODIO el calor con lluvia.","twitter.com/Rocigaot/status/785947596246265856"
"11/10/2016 16:58:33","","785857122466660352","","no me digas que los pectorales y los abs son de quita y pon como la cabeza de caballo!","twitter.com/Rocigaot/status/785857122466660352"
"11/10/2016 14:51:56","","785825258678788096","","sí, aún menos mal que hoy no me pilló con mucha prisa, llega a ser ayer y va el portátil por la ventana. :P","twitter.com/Rocigaot/status/785825258678788096"
"11/10/2016 12:06:12","1","785783550087929856","","Ni un día sin echar media mañana esperando que se instalen las actualizaciones del portátil.#mecagoengüindous","twitter.com/Rocigaot/status/785783550087929856"
"11/10/2016 0:23:39","1","785606749373931520","","me encanta el de abajo de todo a la derecha! XD","twitter.com/Rocigaot/status/785606749373931520"
"10/10/2016 21:19:11","1","785560327446495232","","sí, de esos también conozco alguno, que dan ganas de decirles: 'normal que todos te envidien, con lo bonito que lo pintas'.","twitter.com/Rocigaot/status/785560327446495232"
"10/10/2016 21:09:29","2","785557885623369728","","o no, deben de estar convencidos de que su vida es la hostia en vinagre para que les envidie todo dios.","twitter.com/Rocigaot/status/785557885623369728"
"10/10/2016 14:42:58","1","785460614470721536","","por esto. http://www.elmundo.es/espana/2016/10/10/57fa817b46163f72368b464d.html …","twitter.com/Rocigaot/status/785460614470721536"
"10/10/2016 14:16:13","1","785453883875266561","1","a mí me intriga quién entierra y pone la cruz en la tumba del segundo muerto en las islas gays.","twitter.com/Rocigaot/status/785453883875266561"
"10/10/2016 13:55:37","","785448698910240768","","Bueno, o sin ser por error. Simplemente que aprovechando que nos juntamos todos y estamos tan agustito...","twitter.com/Rocigaot/status/785448698910240768"
"10/10/2016 13:55:03","13","785448558036156420","5","Habría molao que en la boda Agag-Aznar pusieran por error el powerpoint de desfalcos en vez del típico de fotos de los novios&citas de Bucay","twitter.com/Rocigaot/status/785448558036156420"
"10/10/2016 13:33:54","1","785443232322883584","","algunas veces me pregunto si Perci es real o es una parodia. Entre el nombre de chiste y las perlas que suelta...","twitter.com/Rocigaot/status/785443232322883584"
"10/10/2016 0:26:36","1","785245102461640704","","habría que hacer un top ten de protas odiables un día de estos.","twitter.com/Rocigaot/status/785245102461640704"
"10/10/2016 0:25:18","","785244775142359041","","ES QUE ES QUE","twitter.com/Rocigaot/status/785244775142359041"
"10/10/2016 0:23:51","1","785244411961679872","","ay, tengo el mismito recuerdo!","twitter.com/Rocigaot/status/785244411961679872"
"10/10/2016 0:11:47","1","785241376296427521","","que yo estaba entre 'ok, toma tu pin' y 'QUEMEDEHE'","twitter.com/Rocigaot/status/785241376296427521"
"10/10/2016 0:11:03","1","785241188920164352","","ay, calla,que el otro día me soltaron una chapa criminal de YO NO LEO BEST SELLERS NI TENGO EBOOK, SÓLO LITERATURA EN PAPEL","twitter.com/Rocigaot/status/785241188920164352"
"9/10/2016 23:47:39","1","785235301983776768","","yo ya llevo años pero aún no me quejo que voy a una por año. Una amiga mía llegó a tener 7 en un verano.pic.twitter.com/JYJdvVHB3W","twitter.com/Rocigaot/status/785235301983776768"
"9/10/2016 23:46:01","","785234890879033344","","te hizo una captura? Bueno, no me sorprende, le pega mucho. Paciencia y block que te crió.","twitter.com/Rocigaot/status/785234890879033344"
"9/10/2016 23:41:50","","785233837441908740","","yo creo que la tengo muteada, que hace mucho que no me sale un retuit suyo en el TL.","twitter.com/Rocigaot/status/785233837441908740"
"9/10/2016 23:38:57","1","785233114062872584","","sí, para eso siempre han sido supersutiles. XD","twitter.com/Rocigaot/status/785233114062872584"
"9/10/2016 23:37:16","1","785232688001277952","","eres más joven que yo, entonces, que ya empiezo a entrar en la fase de los primeros divorcios.","twitter.com/Rocigaot/status/785232688001277952"
"9/10/2016 23:36:28","6","785232488931139584","","Estoy adelantando trabajo con Friker de fondo y tomando una cerveza porque write drunk, edit sober.","twitter.com/Rocigaot/status/785232488931139584"
"9/10/2016 23:34:51","1","785232081756585986","","Tengo a Friker de fondo y no le estoy haciendo caso. ¿Por qué han pasado de golpe de hablar de una monja murciana a Jackie Kennedy?","twitter.com/Rocigaot/status/785232081756585986"
"9/10/2016 23:33:48","1","785231817381150720","","no sé a quién le leí que FB tendría que habilitar botón de 'qué cosa más bonita! Enhorabuena, familia!'. Por ahorrar trabajo.","twitter.com/Rocigaot/status/785231817381150720"
"9/10/2016 23:27:58","1","785230346640064520","","Estuve por responder 'qué monadaaa! enhorabuena!' por inercia. Cuando en tu FB hay boom de natalidad aprendes a mentir. XD","twitter.com/Rocigaot/status/785230346640064520"
"9/10/2016 23:18:44","1","785228022765019136","","Estoy por mandar el CV a Radio María, que igual estoy a tiempo de que me manden a Roma a gastos pagados a cubrir el congreso de exorcistas.","twitter.com/Rocigaot/status/785228022765019136"
"9/10/2016 23:14:27","5","785226944585555968","1","'Provocaron el parto a Lady Di para caer en solsticio y dijeron que era por la agenda de polo de Carlos'. Mucho mejor, claro. #CuartoMilenio","twitter.com/Rocigaot/status/785226944585555968"
"9/10/2016 22:24:40","","785214417155817472","","ya sólo me falta que saque ciempiés o escolopendras para hacer pleno.pic.twitter.com/plBhLE9Y82","twitter.com/Rocigaot/status/785214417155817472"
"9/10/2016 22:20:37","1","785213400318091264","1","Ahora están sacando arañas gordas escondidas en los plátanos de Canarias. Friker sabe que me río siempre de ellos y han ido a joderme.","twitter.com/Rocigaot/status/785213400318091264"
"9/10/2016 22:07:13","2","785210025514037248","1","Estaré pendiente a ver si lo veo rular por mi facebook. O si sale en portada de La Razón.https://twitter.com/eliasmgf/status/730102317698174976 …Subí a Facebook este tuit falso de @Pablo_Iglesias_. Lo que pasó después te sorprenderá. pic.twitter.com/rHzabBk5Sn","twitter.com/Rocigaot/status/785210025514037248"
"9/10/2016 22:06:18","4","785209796316233732","1","Acabo de encender la tele y en Friker están poniendo avispas. No sé de qué hablan, pero primera vez que sacan algo que sí me da miedo.","twitter.com/Rocigaot/status/785209796316233732"
"9/10/2016 13:30:55","3","785080094280802305","","que tampoco me extraña, yo si aguantara lo que soportan algunas tuiteras ya hace tiempo que me habría ido o puesto candado.","twitter.com/Rocigaot/status/785080094280802305"
"9/10/2016 13:28:09","","785079397825056768","","se ha ido ella también? qué racha llevamos! :(","twitter.com/Rocigaot/status/785079397825056768"
"9/10/2016 13:27:00","5","785079108913037316","1","Veo que siguen dando la murga los políticamente incorrectos y aún no habéis hecho mi bot de Pdro para responderles. Encima que os doy ideas.","twitter.com/Rocigaot/status/785079108913037316"
"9/10/2016 0:25:16","2","784882378548273152","","con esto es como si no llevará na-da, llevara na-da...!","twitter.com/Rocigaot/status/784882378548273152"
"7/10/2016 23:42:04","","784509118581207040","","Jo, Nube, tía!","twitter.com/Rocigaot/status/784509118581207040"
"7/10/2016 23:34:50","1","784507298882387969","","Best reality EVERhttps://twitter.com/ghanito/status/784500015863562240 …Lembrades Confianza Ciega?
Pois está no youtube!
https://youtu.be/YgKUjYu9_Gw ","twitter.com/Rocigaot/status/784507298882387969"
"7/10/2016 23:24:27","","784504687420645376","","o mesmo un día o suben a Netflix e o peta entre os novos!","twitter.com/Rocigaot/status/784504687420645376"
"7/10/2016 23:12:50","3","784501762011037697","1","unha vez facendo zapping pillei un 'que fue de' do programa e os únicos que seguían xuntos eran a de 'jo,nube, tía'  e o mozo!","twitter.com/Rocigaot/status/784501762011037697"
"7/10/2016 23:07:46","1","784500488851058688","1","moita rabia me da que ese reality se adiantase á era Twitter, co que o petaría agora por aquí!","twitter.com/Rocigaot/status/784500488851058688"
"7/10/2016 21:02:28","2","784468956119756804","","'Responder',  'Retuitear', 'Me gusta' y 'Hastaluegomaricarmen'. Yo lo veo.","twitter.com/Rocigaot/status/784468956119756804"
"7/10/2016 20:59:20","2","784468166911070208","","deberían poner la opción de mutear interacción para estos casos, que cuesta más salir de una multi que del Ikea un sábado tarde.","twitter.com/Rocigaot/status/784468166911070208"
"7/10/2016 15:49:04","4","784390086448275456","2","#FelizDiaDeLaSonrisapic.twitter.com/amWTFzf203","twitter.com/Rocigaot/status/784390086448275456"
"7/10/2016 13:53:12","","784360928552873984","","porque me faltan los conocimientos técnicos, pero yo ahí dejo la idea por si alguien quiere ponerse a ello!","twitter.com/Rocigaot/status/784360928552873984"
"7/10/2016 13:50:47","8","784360318893957120","6","Lo del bot iría más o menos así:pic.twitter.com/8u21ejoEuS","twitter.com/Rocigaot/status/784360318893957120"
"7/10/2016 13:16:34","53","784351709338472448","40","Un bot que responda con el tuit de '¡Ser malos!' de Pedro Sánchez a los que presumen de enfrentarse a la censura de la corrección política.","twitter.com/Rocigaot/status/784351709338472448"
"7/10/2016 12:17:35","1","784336864471724032","","non vale facer zumba por España? ou pilates?","twitter.com/Rocigaot/status/784336864471724032"
"6/10/2016 22:57:49","1","784135594863628288","","Nada en la nevera.pic.twitter.com/dznkB42RND","twitter.com/Rocigaot/status/784135594863628288"
"6/10/2016 22:53:07","5","784134414477434881","2","Gone with the wind.pic.twitter.com/nCILi8zcvK","twitter.com/Rocigaot/status/784134414477434881"
"6/10/2016 21:10:00","","784108465941803008","","pedazo mezclas de estilos había en esos recopilatorios, Pet Shop Boys y El Consorcio!","twitter.com/Rocigaot/status/784108465941803008"
"6/10/2016 15:06:06","5","784016886585520128","","Creo que el hilo musical del bar donde estoy comiendo es el 'Boom 1995'.","twitter.com/Rocigaot/status/784016886585520128"
"5/10/2016 15:16:06","1","783657015335854080","","ok, sin problema!","twitter.com/Rocigaot/status/783657015335854080"
"5/10/2016 12:54:13","1","783621308781301760","1","#notallentrepreneurshttps://twitter.com/UnMalPaso/status/783408929971855360 …JAJAJAJAJAJAJAJAJjjjJjajajjJjjj pic.twitter.com/8XUnGo24jO","twitter.com/Rocigaot/status/783621308781301760"
"4/10/2016 13:30:20","2","783268011436285952","","que si el cura es el de mi aldea tiene lógica, que luego te da pa1mes después y mientras el muerto en el arcón.","twitter.com/Rocigaot/status/783268011436285952"
"4/10/2016 13:25:07","3","783266698111713280","","si ve que se acerca el día y el moribundo aguanta, lo ahoga con la almohada por no perder la vez.","twitter.com/Rocigaot/status/783266698111713280"
"4/10/2016 13:16:26","1","783264512149491713","","los cabecillas tienen más pena:además de los vídeos deben ver los PowerPoint hechos por los amigos para la ceremonia o banquete","twitter.com/Rocigaot/status/783264512149491713"
"4/10/2016 13:10:45","1","783263083103911936","","20 años de vídeos de bodas me parece un castigo demasiado cruel hasta para los de la Gürtel!","twitter.com/Rocigaot/status/783263083103911936"
"4/10/2016 12:50:53","1","783258079802560512","2","Igual Ana y Alejandro  aprovechan el juicio para ponerle el vídeo de la boda a los invitados que se escaquearon de verlo todos estos años.","twitter.com/Rocigaot/status/783258079802560512"
"3/10/2016 23:45:56","","783060543636697088","","ni idea, yo de esos solia pillar el que tenía chocolate pero me tuve que quitar porque me lo podía zampar de una sentada.","twitter.com/Rocigaot/status/783060543636697088"
"3/10/2016 23:41:49","","783059506695725061","","cuáles son, pa no comprarlos nunca?","twitter.com/Rocigaot/status/783059506695725061"
"3/10/2016 23:40:53","1","783059270539632640","","4 meses te ha durado? Sí que tenían que ser malos!","twitter.com/Rocigaot/status/783059270539632640"
"3/10/2016 21:42:35","1","783029498614865921","","é case tan sonoro como Max Power!","twitter.com/Rocigaot/status/783029498614865921"
"3/10/2016 21:07:11","1","783020591255347200","","bueno, según el insecto, a lo mejor me iba yo y le dejaba la casa por pánico puro. XD","twitter.com/Rocigaot/status/783020591255347200"
"3/10/2016 21:05:54","1","783020269887746048","","yo aquí ratones en piso no he visto nunca (salvo mascota), pero me daría penita. Con insectos sí que no tengo piedad.","twitter.com/Rocigaot/status/783020269887746048"
"3/10/2016 21:03:22","1","783019630503858176","","si ya hasta le has puesto nombre! Yo no puedo matar a nada que tenga nombre. A lo mejor si le pusiera Dalas o Espe...","twitter.com/Rocigaot/status/783019630503858176"
"3/10/2016 21:01:15","2","783019099358162944","","a estas alturas, ¿aún no le has cogido cariño y considerado adoptarlo como mascota?","twitter.com/Rocigaot/status/783019099358162944"
"3/10/2016 20:59:49","","783018737238671364","","Si vamos a terceras elecciones, el PSOE...","twitter.com/Rocigaot/status/783018737238671364"
"3/10/2016 20:48:02","1","783015773296009216","","yo ahí veo una gran opción de emprend... loquenodebesernombrado.","twitter.com/Rocigaot/status/783015773296009216"
"3/10/2016 20:31:02","4","783011495303081984","4","La oda de hoy va en modo imagen para que el límite de caracteres no ponga barreras a mi arte.pic.twitter.com/dWe2BOIF2e","twitter.com/Rocigaot/status/783011495303081984"
"3/10/2016 1:23:19","","782722663760465920","","esto es como el cine y los libros, el tiempo dirá si también se convierte en clásico o si es una moda pasajera.","twitter.com/Rocigaot/status/782722663760465920"
"3/10/2016 0:19:44","1","782706658665435140","","pues sí que es raro, sí!","twitter.com/Rocigaot/status/782706658665435140"
"3/10/2016 0:16:31","","782705849894637568","","serían las risas que llegara de primero el de Ulianovsk.","twitter.com/Rocigaot/status/782705849894637568"
"3/10/2016 0:12:40","2","782704883745054724","","de piso: 'ayer debí de golpearme contra algo sin darme cuenta'. Y se descojonó, claro.","twitter.com/Rocigaot/status/782704883745054724"
"3/10/2016 0:12:03","1","782704728702611456","","iba borrachísima y no la recordaba. Me desperté al día siguiente con moratones y le digo a mi compañera(2)","twitter.com/Rocigaot/status/782704728702611456"
"3/10/2016 0:11:32","1","782704598951821316","","otra vez me caí patrás con una cerveza en la mano y ni le hice espuma, pero esa me la han contao.","twitter.com/Rocigaot/status/782704598951821316"
"3/10/2016 0:08:29","2","782703828734971904","","o práctica, que son ya muchos años. Aunque no siempre caigo con tanta gracia, no creas.","twitter.com/Rocigaot/status/782703828734971904"
"2/10/2016 23:59:59","3","782701688440389633","","fin de la función y me volví con mis amigos. Fue mi caída menos vergonzosa (de una larga lista)","twitter.com/Rocigaot/status/782701688440389633"
"2/10/2016 23:59:02","1","782701450120028161","","derramar más que unas gotas. Me aplaudieron y todo, pero como ya iba medio pedo, saludé en plan (2)","twitter.com/Rocigaot/status/782701450120028161"
"2/10/2016 23:58:22","1","782701284407255044","","yo una vez me caí en un bar con una copa en la mano, haciendo el 'tú pasas el pronto y yo el paño', sin (1)","twitter.com/Rocigaot/status/782701284407255044"
"2/10/2016 23:53:38","2","782700093354938368","","flipé con los reflejos, si fuera al revés se comía la hostia irremediablemente.","twitter.com/Rocigaot/status/782700093354938368"
"2/10/2016 23:51:16","4","782699496853671936","","me escurría pensé: 'anda que si me desnuco aquí estando a solas con él, qué marronazo le dejo pa explicarlo'","twitter.com/Rocigaot/status/782699496853671936"
"2/10/2016 23:50:37","3","782699333925867520","","y con unos reflejos de la leche soltó la cuchilla y me pilló al vuelo.Serían dos segundos, pero mientras (5)","twitter.com/Rocigaot/status/782699333925867520"
"2/10/2016 23:49:57","3","782699164870316032","","resbalé en el suelo húmedo y empecé a patinar camino de un hostión monumental. Él se estaba afeitando(4)","twitter.com/Rocigaot/status/782699164870316032"
"2/10/2016 23:49:30","1","782699050458083329","","versión oficial es que era un viaje en grupo con amigos y amigas. El primer día, al salir de la ducha,(3)","twitter.com/Rocigaot/status/782699050458083329"
"2/10/2016 23:48:54","1","782698900645933056","","yo otra vez me había ido de viaje con mi entonces novio. En casa aún no había hablado de él, así que la (2)","twitter.com/Rocigaot/status/782698900645933056"
"2/10/2016 23:47:28","","782698539923177473","","así que creo que me empecé a descojonar antes de que llegara a besar el suelo.","twitter.com/Rocigaot/status/782698539923177473"
"2/10/2016 23:47:04","2","782698440883068932","","tacones tan altos porque quería probar si se daba con ellos de cara a su propia boda, que era poco después.","twitter.com/Rocigaot/status/782698440883068932"
"2/10/2016 23:46:34","2","782698313854414848","","pero ahí fui yo la que mientras la veía darse la hostia se acordaba de que había dicho que llevaba esos(2)","twitter.com/Rocigaot/status/782698313854414848"
"2/10/2016 23:44:56","2","782697901420122112","","una amiga mía leía en la boda de otra amiga, y al bajar del altar se pisó el vestido y se fue al suelo.","twitter.com/Rocigaot/status/782697901420122112"
"2/10/2016 23:38:09","","782696196909522944","","yo sigo prefiriendo el de Jimmy pero también es porque ya es un clásico y le coges cariño.","twitter.com/Rocigaot/status/782696196909522944"
"2/10/2016 23:36:42","2","782695830318972928","","dios mío, podemos estar ante el tuit que desbanque al de los rojos y el sol de JimmyPokemon!","twitter.com/Rocigaot/status/782695830318972928"
"2/10/2016 23:22:58","1","782692372920565760","","ay,yo soy muy de caerme en la calle,e igual.Un día me partiré una pierna y me iré arrastrándola con cara de 'no duele'","twitter.com/Rocigaot/status/782692372920565760"
"2/10/2016 23:18:21","3","782691211312295937","","que a lo mejor si me hubiera caído no me habría hecho daño porque las pelusas habrían amortiguado el golpe.","twitter.com/Rocigaot/status/782691211312295937"
"2/10/2016 23:17:53","1","782691096321204224","","a ver, siempre soy desordenada, pero me cuadró de exámenes y lo tenía todo TAN dejado que hasta a mí me daba vergüenza","twitter.com/Rocigaot/status/782691096321204224"
"2/10/2016 23:17:00","6","782690874912301059","","a mí que ya me sorprende que haya gente que añore un pasado en el que te arrancaban las muelas sin anestesia...","twitter.com/Rocigaot/status/782690874912301059"
"2/10/2016 23:15:32","3","782690502126792704","","pensé 'joder qué vergüenza,que me voy a matar aquí y cuando me descubran van a ver lo revuelto que tengo el piso'","twitter.com/Rocigaot/status/782690502126792704"
"2/10/2016 23:14:14","1","782690176774631425","","entonces la silla se desequilibró y casi me voy al suelo, aunque conseguí recuperar el equilibro, pero en esa décima de segundo(2)","twitter.com/Rocigaot/status/782690176774631425"
"2/10/2016 23:13:28","1","782689982452527104","","otra vez arreglándome pa salir me subí a una silla para verme en el espejo del baño, porque no tenía ninguno de cuerpo entero (1)","twitter.com/Rocigaot/status/782689982452527104"
"2/10/2016 23:11:44","","782689548279119872","","porque mi cabeza funciona así :P","twitter.com/Rocigaot/status/782689548279119872"
"2/10/2016 23:11:22","7","782689455379509248","1","es como cuando tuve un accidente en 2002 y mientras el coche daba vueltas pensé:'ay, que aún voy a morir antes que Fraga'.","twitter.com/Rocigaot/status/782689455379509248"
"2/10/2016 23:06:30","1","782688229405421568","","según lo cascada que estuviera la persona y/o lo mal que me cayera.","twitter.com/Rocigaot/status/782688229405421568"
"2/10/2016 22:56:11","1","782685633378709504","","también podría ser, pero bailando con un rifle o una katana en cada mano.","twitter.com/Rocigaot/status/782685633378709504"
"2/10/2016 22:43:31","1","782682445632172032","","'La jota tiene que ver con el tarantismo'. Claro, son los clásicos saltos de 'tienes un bicho';'ay, quítamelo, quítamelooo!' #CuartoMilenio","twitter.com/Rocigaot/status/782682445632172032"
"2/10/2016 22:40:16","1","782681630091702272","1","Si sospechaban que no te había picado la tarántula y que era cuentitis, en vez de una banda de música te mandaban a la tuna. #CuartoMilenio","twitter.com/Rocigaot/status/782681630091702272"
"2/10/2016 22:11:30","","782674390978818049","","polo que din, deixando un micro algo máis lonxe, que lle fai pupa tamén pero menos que poñer a petaca.","twitter.com/Rocigaot/status/782674390978818049"
"2/10/2016 22:04:33","1","782672640771252224","","y ya no voy a entrar en su americana blanca a lo Corrupción en Miami. XD","twitter.com/Rocigaot/status/782672640771252224"
"2/10/2016 22:04:02","1","782672509036400640","1","Hala, me vuelvo con Friker. Después de ver a Caballero, el ingeniero magufo antiondas me va a parecer una persona muy cabal.","twitter.com/Rocigaot/status/782672509036400640"
"2/10/2016 21:59:49","","782671448485888000","","no puede dar más vergüenza que Caballero diciendo que le preocupa mucho el bajón del PSdeG en las autonómicas.","twitter.com/Rocigaot/status/782671448485888000"
"2/10/2016 21:58:49","1","782671199675510784","","'Me tiene preocupado que en Galicia estemos en el 17%'. Abel, go home, you're drunk.","twitter.com/Rocigaot/status/782671199675510784"
"2/10/2016 21:57:24","1","782670839942672384","","Caballero diciendo en tercera persona que a algunos les inquietó que apareciera Podemos. Huevazos como balones de pilates.","twitter.com/Rocigaot/status/782670839942672384"
"2/10/2016 21:53:08","2","782669765475205121","","Me paso a ver a Caballero en la sexta, que el ingeniero magufo no me estaba dando suficiente vergüenza ajena.","twitter.com/Rocigaot/status/782669765475205121"
"2/10/2016 21:51:01","","782669234124025857","","no, pero vergüenza ajena no me cabía por el límite de caracteres.","twitter.com/Rocigaot/status/782669234124025857"
"2/10/2016 21:50:33","2","782669118415704064","","Voy a soltarle la milonga de las ondas asesinas a mis vecinos los que gritan todo el rato, a ver si se acojonan y se mudan. #CuartoMilenio","twitter.com/Rocigaot/status/782669118415704064"
"2/10/2016 21:49:11","","782668773484552192","","No sé si seguir con ell ingeniero magufo que está con Friker o ver a Caballero quejarse de la hostia del PSdeG. Qué dará más vergüencita?","twitter.com/Rocigaot/status/782668773484552192"
"2/10/2016 21:46:49","6","782668177033535488","","Igual estabas desahuciado laboralmente por ser ingeniero e ir diciendo que la electricidad estática del suelo nos contamina. #CuartoMilenio","twitter.com/Rocigaot/status/782668177033535488"
"2/10/2016 21:43:01","","782667220946194436","","creo que todos los técnicos de sonido con los que he trabajado le habrían acabado haciendo una colonoscopia casera con el micro. XD","twitter.com/Rocigaot/status/782667220946194436"
"2/10/2016 21:42:01","2","782666968457502720","","A ver si adivino: en un giro de guión, resultará que el ingeniero electrosensible fabrica o vende los teléfonos ecoplus de los que habla.","twitter.com/Rocigaot/status/782666968457502720"
"2/10/2016 21:40:21","3","782666552374128640","","Esperaos que el electrosensible de lo de Friker es ingeniero. Luego que si los de letras somos los cabestriños magufos.","twitter.com/Rocigaot/status/782666552374128640"
"2/10/2016 21:39:20","4","782666294797754368","1","Empezamos bien: entrevistan a un electrosensible que ha pedido que no le pongan el micro para no acumular las ondas en el cuerpo.","twitter.com/Rocigaot/status/782666294797754368"
"2/10/2016 21:37:29","","782665828491730945","","cada uno tiene sus vicios, peor es andar metidos en las tragaperras o en el coaching.","twitter.com/Rocigaot/status/782665828491730945"
"2/10/2016 21:35:35","5","782665352790630400","","Ay, que Friker va a hablar de la electrosensiblidad y las ondas asesinas. Saco las palomitas y el gorro de papel de aluminio.","twitter.com/Rocigaot/status/782665352790630400"
"2/10/2016 16:51:20","1","782593816205418496","","una vez el crío de 1año de 1amiga se puso a jugar con la funda fucsia de mis gafas de sol. La madre:
-Ay, como te vea tu padre...","twitter.com/Rocigaot/status/782593816205418496"
"2/10/2016 15:41:51","","782576330164596736","1","ay, los ex gordos unidos a la secta fitness y tratando de vagos a los que siguen gordos. Dan ganas de abofetearlos con panceta.","twitter.com/Rocigaot/status/782576330164596736"
"2/10/2016 15:39:30","","782575739388432384","","Bueno, en plan capítulo especial de Halloween de los Simpson, más bien.","twitter.com/Rocigaot/status/782575739388432384"
"2/10/2016 15:38:41","2","782575533091647488","1","Pero no una vez, que cada vez que se tome una pizza vea a su víctima a lo cara de Bélmez pero comestible. En plan relato de Poe.","twitter.com/Rocigaot/status/782575533091647488"
"2/10/2016 15:35:56","","782574843719979012","","na, son un horror. Por suerte entre mis amigas no se lleva mucho. Hacemos un regalo cuando ya ha nacido el crío y listo.","twitter.com/Rocigaot/status/782574843719979012"
"2/10/2016 15:35:10","4","782574650006114304","1","Esto me da la idea de volver a hacer la broma de mandarle pizzas a Susana&Cia a Ferraz pero con la cara de Pdro hecha en pepperoni.https://twitter.com/andershoffman/status/782505440143937537 …Este aficionado del Manchester United va a demandar a su pizzería local por haber visto a Guardiola en su pizza. Una genialidad absoluta. pic.twitter.com/sklrCMjpyV","twitter.com/Rocigaot/status/782574650006114304"
"2/10/2016 15:32:32","1","782573985930342404","1","pic.twitter.com/fTFqIuypAT","twitter.com/Rocigaot/status/782573985930342404"
"2/10/2016 15:15:01","1","782569579969150977","1","¿Por qué yo me quedo ronca si voy hablando 1hora en el coche con el aire puesto y los críos del vecino gritan TODO EL DÍA y como si nada?","twitter.com/Rocigaot/status/782569579969150977"
"2/10/2016 13:58:22","1","782550289568137217","","ojalá un tuit antiguo de Pdro Sánchez compartiendo ese vine.","twitter.com/Rocigaot/status/782550289568137217"
"2/10/2016 12:54:07","3","782534121247633408","","ay, de entrada leí 'cuando tuve a Monedero comiéndome la boca'pic.twitter.com/16gJD40gr1","twitter.com/Rocigaot/status/782534121247633408"
"2/10/2016 11:29:55","4","782512927815438336","2","'Me siento rico con 3cifras en mi cuenta'. Spoiler alert: no lo eres.https://twitter.com/cunadologia/status/782255053964972032 …Menos es nada, peor están otros, un emprendedor que se niega a ser un perdedor: pic.twitter.com/8rmFuHwi4x","twitter.com/Rocigaot/status/782512927815438336"
"2/10/2016 1:23:52","1","782360414273302528","","una parte de mí quiere ir a 3ªas elecciones por ver quién se come el marronaco de ir de candidato en el PSOE.","twitter.com/Rocigaot/status/782360414273302528"
"2/10/2016 1:18:37","","782359090508992514","","probablemente, a menos que tema que los votantes del PSOE cabreados se pasen a Unidos Podemos y prefiera pájaro en mano.","twitter.com/Rocigaot/status/782359090508992514"
"1/10/2016 23:59:58","5","782339296120414210","6","Yo soy de 'no busques conspiraciones en lo que se puede explicar con estupidez', pero esto tendría que ser todo un partido de Ralph Wigguns","twitter.com/Rocigaot/status/782339296120414210"
"1/10/2016 23:51:29","11","782337163509784577","19","Los susanistas se lo han montado tan bien que ahora es Rajoy quien puede ponerles condiciones A ELLOS para aceptar su abstención. Genios.","twitter.com/Rocigaot/status/782337163509784577"
"1/10/2016 23:13:56","2","782327712975319040","","también te digo que igual por fin se caen del guindo los militantes del PSOE que seguían creyendo que era de izquierdas.","twitter.com/Rocigaot/status/782327712975319040"
"1/10/2016 23:12:12","61","782327277669482497","61","No soy politóloga, pero diría que el que tenga que escoltarte la poli para pasar entre tus militantes, señal de que ilusionas no es.","twitter.com/Rocigaot/status/782327277669482497"
"1/10/2016 22:56:41","2","782323373506519041","","yo hoy en el Primark he sido fuerte y no me he comprado mi cuarto pijama de búhos. #meestoyquitando","twitter.com/Rocigaot/status/782323373506519041"
"1/10/2016 22:41:04","1","782319441442967552","1","Pues aún tendría gracia ir a 3ªs elecciones por ver quién se comía el marronaco por el PSOE y qué argumentario llevaban, no digáis.","twitter.com/Rocigaot/status/782319441442967552"
"1/10/2016 17:14:16","6","782237201388142592","2","y aquí ya dejamos el cliffhanger hasta la próxima temporada porque me voy de compras, pero podéis proponer desenlaces XD","twitter.com/Rocigaot/status/782237201388142592"
"1/10/2016 17:01:41","4","782234032687964160","2","Pablo piensa que es un pirado y llama a seguridad, pero el chaval pirado ese le ha dado una idea: fundará su propio partido.","twitter.com/Rocigaot/status/782234032687964160"
"1/10/2016 17:00:40","4","782233778034970624","2","Mientras, Íñigo va en busca de Pablo Iglesias e intenta explicarle que ellos tenían un partido antes de que el espaciotiempo se alterase.","twitter.com/Rocigaot/status/782233778034970624"
"1/10/2016 16:57:17","2","782232927874772992","2","en la franquicia de pizzas a domicilio número 1 de España. Los rumores hablan de un posible romance con Marta Ortega.","twitter.com/Rocigaot/status/782232927874772992"
"1/10/2016 16:56:42","3","782232780717654017","2","Y qué es de Pdro? cansado de ser el segundo de a bordo de Iceta, dejó la política y se hizo emprendedor. Compró la Luna Rosa y la convirtó","twitter.com/Rocigaot/status/782232780717654017"
"1/10/2016 16:54:18","7","782232174376411136","2","Así que el sucesor de Aznar será Rivera, al que en esta realidad también se le conoce como Falangito porque hay cosas que no cambian.","twitter.com/Rocigaot/status/782232174376411136"
"1/10/2016 16:53:21","2","782231935225565184","2","que iba a ganar Espe, pero fallece trágicamente al equivocarse de incorporación a la autopista, dar marcha atrás y chocar con un trailer.","twitter.com/Rocigaot/status/782231935225565184"
"1/10/2016 16:50:52","2","782231310643425280","2","De modo que se acercan las generales: por el PP tenemos a Rajoy; en el PSOE, Alonso se impone a Iceta. En AP (Aznaristas Populares), parecía","twitter.com/Rocigaot/status/782231310643425280"
"1/10/2016 16:48:35","5","782230737609232384","2","y nombra como sucesor a dedo a Rajoy, que en esta realidad alternativa también llevaba todo el tiempo ahí, a verlas venir.","twitter.com/Rocigaot/status/782230737609232384"
"1/10/2016 16:47:09","4","782230375930163200","2","pero nada más llegar se mete en una pelea de taberna, lo retan a duelo y la palma. Felipe, acorralado, anuncia que no irá a la reelección.","twitter.com/Rocigaot/status/782230375930163200"
"1/10/2016 16:39:35","4","782228471279910912","2","En contraofensiva, Felipe, que como presidente conoce el ministerio, manda a Cebrián a la época de Alonso en busca de trapos sucios.","twitter.com/Rocigaot/status/782228471279910912"
"1/10/2016 16:38:00","5","782228072288387072","2","y empiezan a hacer viajes para buscar mierda de Felipe (que es algo tan fácil que se lo encargan a los becarios) para forzar su dimisión.","twitter.com/Rocigaot/status/782228072288387072"
"1/10/2016 16:36:10","3","782227613280591872","2","venir bien que Alonso, que es de la casa, llegue a presidente, a fin de cuentas. Así que deciden no arreglar el desaguisado y ver si gana.","twitter.com/Rocigaot/status/782227613280591872"
"1/10/2016 16:34:45","6","782227254508216321","2","Aquí el Ministerio, que es muy de 'no se puede cambiar el pasado salvo en las excepciones que nos salgan del rabo', decide que les puede","twitter.com/Rocigaot/status/782227254508216321"
"1/10/2016 16:31:14","4","782226370432819200","2","Susana, en cambio,se había pasado al PP cuando Felipe, pero a estas alturas ya no pinta nada porque fue defenestrada en una maniobra de Espe","twitter.com/Rocigaot/status/782226370432819200"
"1/10/2016 16:30:17","4","782226130212356096","2","Naturalmente, como nunca se le caen de la boca Dios y la patria, entre sus principales apoyos estarán Bono y Paco Vázquez.","twitter.com/Rocigaot/status/782226130212356096"
"1/10/2016 16:27:33","6","782225444342988800","2","y quiere hacerse con la Secretaría General del partido y presentarse a las elecciones, en lugar del actual secretario, Miquel Iceta.","twitter.com/Rocigaot/status/782225444342988800"
"1/10/2016 16:26:00","5","782225055585533954","2","El equipo intenta convencer a Alonso de que deje la presidencia y vuelva con ellos a 2011 para arreglar la pifia, pero él tiene otros planes","twitter.com/Rocigaot/status/782225055585533954"
"1/10/2016 16:18:35","8","782223187761324032","2","en algo a lo que llama 'el núcleo irradiador', con lo que Julián hace alguna coña tipo 'en ese garito me vi yo un concierto de Baron Rojo'","twitter.com/Rocigaot/status/782223187761324032"
"1/10/2016 16:17:21","6","782222876380426240","3","y nadie nota la alteración temporal salvo Julián y Amelia, que estaban viajando entre puertas, y un chaval que se llama Íñigo que estaba","twitter.com/Rocigaot/status/782222876380426240"
"1/10/2016 16:13:29","5","782221905013174272","2","la cosa está entre Albert Rivera, que preside las juventudes del partido, y Espe Aguirre, que fue la primera en seguir a Josemari.","twitter.com/Rocigaot/status/782221905013174272"
"1/10/2016 16:10:35","7","782221172096262144","2","Tras llegar Felipe al PP, Aznar provocó una escisión liderando un partido nuevo. Pero murió haciendo running y hay lucha sucesoria","twitter.com/Rocigaot/status/782221172096262144"
"1/10/2016 15:56:39","11","782217669168758785","6","se ha independizado, Felipe es presidente del Gobierno otra vez pero por el PP y Alonso de Entrerríos preside la Junta de Andalucía.","twitter.com/Rocigaot/status/782217669168758785"
"1/10/2016 15:54:29","11","782217120750964736","4","en el Ministerio salta la alarma y mandan al equipo a 2011 a arreglar el desaguisado. Pero la cagan y cuando vuelven a 2016, Cataluña","twitter.com/Rocigaot/status/782217120750964736"
"1/10/2016 15:52:30","11","782216622169812992","5","El Pdro de 2011 ni se cosca porque da por hecho que es un CM del partido llevándole la cuenta. Pero ahora que todo dios los retuitea,","twitter.com/Rocigaot/status/782216622169812992"
"1/10/2016 15:50:34","197","782216138067439616","231","Idea para el Ministerio del tiempo: Pdro viaja a 2011 y usa tuits en clave para intentar avisar a su yo del pasado de la que le espera.","twitter.com/Rocigaot/status/782216138067439616"
"1/10/2016 15:11:00","3","782206181125292033","4","¿'Yo soy la máxima autoridad del PSOE y vengo a tu casamiento' está dicho ya?","twitter.com/Rocigaot/status/782206181125292033"
"1/10/2016 15:02:23","5","782204012577906688","","Dice Susana Díaz que si le puedes prestar la cabeza de caballo para una cosa.","twitter.com/Rocigaot/status/782204012577906688"
"1/10/2016 14:28:58","4","782195601085693952","2","He pedido sushi a domicilio y están tardando bastante. ¡Hacerme esto a mí, a la máxima autoridad del PSOE!","twitter.com/Rocigaot/status/782195601085693952"
"1/10/2016 14:25:25","4","782194708802134018","","en mi barrio hay un letrero en un portal diciendo que dan clases de 'inglés'. Igual es que las da Ana Botella.","twitter.com/Rocigaot/status/782194708802134018"
"1/10/2016 14:23:52","2","782194316617904128","","en la primera temporada, luego ya desistieron. XD","twitter.com/Rocigaot/status/782194316617904128"
"1/10/2016 14:22:28","1","782193963742720000","","Una militante desconocida del tuiter no callará nuestro derecho como periodistas incisivos a pelotear a Susana y el resto de muchachada.","twitter.com/Rocigaot/status/782193963742720000"
"1/10/2016 14:20:18","1","782193419259084800","","Sin 'gluten'pic.twitter.com/n7rtdh5mXm","twitter.com/Rocigaot/status/782193419259084800"
"1/10/2016 13:15:11","21","782177034848047104","31","'El País reúne la discografía completa de Mecano'. ¿¿ES QUE NO SE CANSAN DE HACER EL MAL??","twitter.com/Rocigaot/status/782177034848047104"
"1/10/2016 13:04:29","5","782174340511100930","4","PDRO, si Susana sale de Ferraz durante el receso, desconfía y mira en los sótanos, a ver si hay fuego valirio.","twitter.com/Rocigaot/status/782174340511100930"
"1/10/2016 12:59:43","1","782173141904883714","","yo creo que tendrían que ir comercializando la taza rapidito. Que esté lista para los amigos invisibles navideños.","twitter.com/Rocigaot/status/782173141904883714"
"1/10/2016 12:56:17","1","782172276900950016","","yo el otro día vi una empresa de actividades extraescolares de emprendimiento. Me alegra no ser cría ahora.","twitter.com/Rocigaot/status/782172276900950016"
"1/10/2016 12:54:33","3","782171839686639617","","Aunque tendría que revisar a los que tengo en mute por spammers políticos hasta que pase el día de la marmota electoral.","twitter.com/Rocigaot/status/782171839686639617"
"1/10/2016 12:53:36","1","782171603249561600","","Pues yo entre la gente del PSOE a la que tengo aquí y en FB aún estoy esperando que me salga el 1º a defender a Gusanita.","twitter.com/Rocigaot/status/782171603249561600"
"1/10/2016 12:40:09","2","782168216885948416","","Emprendimiento en Química. Ese sí.pic.twitter.com/eKgjB7uqDL","twitter.com/Rocigaot/status/782168216885948416"