"date","fav","id","rt","text","url"
"22/4/2016 23:01:16","42","723617690728955904","59","Hoy, en 'causa de la muerte: vergüenza ajena'...https://twitter.com/CristinaSegui_/status/723247578607947781 …Cuántas familias sin recursos se ven obligadas a costearse colegio privado para salvar a sus hijos del adoctrinamiento en lo público?","twitter.com/Rocigaot/status/723617690728955904"
"26/4/2016 15:44:19","2","724957279536201728","","@shakesphobic penseino, pero sacar fotos a nenos desconocidos pode meterte en líos se son brancos e viven en Europa :P","twitter.com/Rocigaot/status/724957279536201728"
"26/4/2016 15:35:01","2","724954940242857985","","@shakesphobic ai, cala, que o domingo vin unha cría así vestida e case chamo a Friker!","twitter.com/Rocigaot/status/724954940242857985"
"25/4/2016 11:46:53","","724535141603880961","","@Alsa_Autobuses 1cytohd. Ya de paso os comento que el asiento al lado del mío llevaba roto el enganche del cinturón de seguridad.","twitter.com/Rocigaot/status/724535141603880961"
"25/4/2016 11:11:59","4","724526356273475584","","@shakesphobic @missultrasonica @Facking_Ancho habría sido aún mejor si hubiera nuevos inquilinos y no hubieran cambiado la cerradura,","twitter.com/Rocigaot/status/724526356273475584"
"25/4/2016 11:09:32","2","724525739698204672","","Hala, pues ya estoy en el hogar, donde la wifi y los enchufes sí funcionan. ¡Y hace bueno y todo!","twitter.com/Rocigaot/status/724525739698204672"
"25/4/2016 11:08:16","","724525422143242240","","@CrysaniaV no iba por turismo, que si fuera por eso me planteaba un destino más cerca o comunicado por tren o avión.","twitter.com/Rocigaot/status/724525422143242240"
"25/4/2016 11:06:39","","724525015610347520","","pues verás, @Alsa_Autobuses, no funcionaba mi enchufe, ni el del asiento de al lado, ni los dos de delante.Al 5ºintento apareció uno que sí","twitter.com/Rocigaot/status/724525015610347520"
"25/4/2016 2:10:30","","724390089946726400","","En Salamanca y nos dividen por buses: los que van a Ferrol con los de Astorga, Benavente, etc. Los de Coruña iremos por Vigo. #AlsaWTF","twitter.com/Rocigaot/status/724390089946726400"
"24/4/2016 22:08:50","1","724329273306263553","1","Lo de poner enchufes en los buses es un detallazo, @Alsa_Autobuses. Si encima funcionasen ya sería la hostia.","twitter.com/Rocigaot/status/724329273306263553"
"24/4/2016 22:03:34","1","724327948115951616","","Pues ya estoy en el #alsadeloscojones de vuelta. Esta vez ha tocado enchufe que no funciona y rodillas pegadas al respaldo del de alante.","twitter.com/Rocigaot/status/724327948115951616"
"24/4/2016 20:24:27","4","724303004330016770","1","Alguna vez ya he hablado por aquí de esa gente del 'mi problema es que soy demasiado bueno'.https://twitter.com/GaliciaeXornal/status/724255838899212288 …ESPAÑA Bretón: 'Os psicólogos do cárcere dinme que son demasiado boa persoa'
http://galiciae.com/gl/noticia/535471/breton-los-psicologos-de-la-carcel-me-dicen-que-soy-demasiado-buena-persona … pic.twitter.com/CEL674BB6T","twitter.com/Rocigaot/status/724303004330016770"
"24/4/2016 20:13:11","1","724300167910969345","","Irónicamente,2días caminando todo el rato están empeorando mis agujetas en los gemelos causadas por 12horas encogida en el #alsadeloscojones","twitter.com/Rocigaot/status/724300167910969345"
"24/4/2016 17:45:44","1","724263059141869568","","@La_Muerta_Viva a que es grandérrimo?","twitter.com/Rocigaot/status/724263059141869568"
"24/4/2016 14:41:37","","724216725324050433","","@Tawil non perdiches nada a semana pasado, nin lembro de que falaban porque foi un coñazo e desconectei","twitter.com/Rocigaot/status/724216725324050433"
"24/4/2016 14:40:22","1","724216412152184832","","@TavernerV y eso que no tienen sección 'los extremeños dan mazo miedo' como nosotros!","twitter.com/Rocigaot/status/724216412152184832"
"24/4/2016 14:38:47","1","724216013085126657","","@Tawil e hoxe non podo velo así que farán programón!","twitter.com/Rocigaot/status/724216013085126657"
"24/4/2016 14:32:39","4","724214468905959425","","Lo que estaba soñando en el sitio donde estoy comiendo me sonaba y acabo de caer en que es la sintonía de Cuarto Milenio.","twitter.com/Rocigaot/status/724214468905959425"
"23/4/2016 22:15:44","2","723968619684749313","","@laMascota @eresetero ay, hasta que llegue al hotel y pille WiFi me quedo con la intriga, q agoté los datos y esto va a pedales!","twitter.com/Rocigaot/status/723968619684749313"
"23/4/2016 22:10:41","","723967347896254465","","@laMascota qué ha pasao con falangito, que hoy no he estado pendiente del tuiter?","twitter.com/Rocigaot/status/723967347896254465"
"23/4/2016 16:00:48","4","723874265494355969","","Los de la mesa de al lado han conectado un minialtavoz al móvil porque por qué no va a querer medio bar conocer tu playlist de spotify.","twitter.com/Rocigaot/status/723874265494355969"
"23/4/2016 15:46:27","2","723870652659318785","","@missultrasonica @Tawil pero canto café sae con eso? porque eu tiña unha de unha taza e era máis grande!","twitter.com/Rocigaot/status/723870652659318785"
"23/4/2016 15:36:20","4","723868106842607616","1","Me he meao con este hilo.https://twitter.com/ximikomix/status/723451685402632193 …Mucho decís de igualdad, pero nadie se preocupa de lo mal que lo pasamos los heteros temiendo volvernos gays todo el tiempo.","twitter.com/Rocigaot/status/723868106842607616"
"23/4/2016 15:30:27","3","723866628514021376","","Ay, había olvidado que en la meseta se me seca antes el pelo y no me pilla volumen a lo Monica Geller en Barbados!","twitter.com/Rocigaot/status/723866628514021376"
"23/4/2016 12:32:54","4","723821946912256000","1","@DamagedBrainzs @unduca el sistema 'más gotitas, más absorción'. Un enigma pa los hombres de la ' generación más preparada de la Historia'","twitter.com/Rocigaot/status/723821946912256000"
"23/4/2016 10:01:14","","723783778502631424","","Primera quiniela hecha. Pero del todo, en plan 'aquí hemos venido a jugar'","twitter.com/Rocigaot/status/723783778502631424"
"23/4/2016 8:10:48","","723755984213139460","","Pues estoy razonablemente despierta para haber dormido dos horit...zzzzzzzzzz...","twitter.com/Rocigaot/status/723755984213139460"
"23/4/2016 2:31:50","2","723670683142774784","","@Genko para la vuelta que me seden como a M. A. Barracus para volar.","twitter.com/Rocigaot/status/723670683142774784"
"23/4/2016 2:29:42","","723670143943999488","","@Genko he perdido años de vida en este bus","twitter.com/Rocigaot/status/723670143943999488"
"23/4/2016 2:28:36","1","723669866780196865","","Joder, esto está siendo peor que cuando perdí el tren y tuve que pillar el bus bilbao-coruña con resaca.","twitter.com/Rocigaot/status/723669866780196865"
"23/4/2016 2:27:12","1","723669518380335104","","Que dicen los extremeños que llevo de tertulia delante que hace una humedad terrible.pic.twitter.com/Ii5bgVSMHE","twitter.com/Rocigaot/status/723669518380335104"
"23/4/2016 2:25:04","","723668977810083840","","Pues ni una cosa ni otra. Un paisano que me había quitado el sitio mientras me tomaba un descafeinado en el hostal raruno donde hemos parao","twitter.com/Rocigaot/status/723668977810083840"
"23/4/2016 2:22:03","","723668221048573955","","O es un regalo de Alsa en desagravio por esta tortura, o el anterior ocupante de este asunto se olvidó algo.pic.twitter.com/FXrm9A1Vk6","twitter.com/Rocigaot/status/723668221048573955"
"23/4/2016 2:19:15","1","723667517437272066","","@RaulGanemos ya, si yo normalmente vou sobrada de sitio a menos que me toque el clásico compañero que se despatarra, pero ya ves.","twitter.com/Rocigaot/status/723667517437272066"
"23/4/2016 2:17:51","","723667162385252352","","@missultrasonica y aún me quedan dos horas. Esto parece el tren de Doctor Zhivago.","twitter.com/Rocigaot/status/723667162385252352"
"23/4/2016 1:53:06","2","723660934019997698","1","Mido metro y medio y así de espaciosa voy  #redrumpic.twitter.com/ravlUTSpzk","twitter.com/Rocigaot/status/723660934019997698"
"23/4/2016 0:13:44","1","723635929303388160","","@TavernerV y estoy censurando los tuits que podrían llevarme ante la Audiencia Nacional, no creas...","twitter.com/Rocigaot/status/723635929303388160"
"23/4/2016 0:12:49","","723635695772938242","","Aún tengo que decidir qué descarto hacer al llegar: dormir, comer o ducharme. Pa todo no me da el tiempo.","twitter.com/Rocigaot/status/723635695772938242"
"23/4/2016 0:11:16","","723635305824325634","","no sé qué es esta mierda pero está en el sitio justo para clavárseme en el brazo a cada movimiento. #yujupic.twitter.com/dkt7EfNkWx","twitter.com/Rocigaot/status/723635305824325634"
"23/4/2016 0:04:14","1","723633539032469504","","Y ya estoy en el segundo bus, que ya no llegará a las 03:45 sino sobre las 4:10 porque 'a ver, esto no es un avión'pic.twitter.com/pu4ZG9jsKt","twitter.com/Rocigaot/status/723633539032469504"
"22/4/2016 23:49:17","","723629776418836480","","Y ahora, cambio de bus. A esperar el relevo en la estación . La experiencia mejora por momentos.","twitter.com/Rocigaot/status/723629776418836480"
"22/4/2016 23:32:27","2","723625541195206658","","Mira que soy poco de usar Twitter para montar bronca por servicios contratados, pero hoy me han tocado mucho la moral desde primera hora","twitter.com/Rocigaot/status/723625541195206658"
"22/4/2016 23:28:51","","723624632750841856","","y considerando que de A Coruña a casi Salamanca sólo ha funcionado de la estación a entrar en la autopista, suena raruno, @Alsa_Autobuses","twitter.com/Rocigaot/status/723624632750841856"
"22/4/2016 23:26:57","","723624153199337473","","esto sale en vuestro link con la explicación del wifi, @Alsa_Autobuses. Clarísimo todo.pic.twitter.com/Bc1xr1YYLg","twitter.com/Rocigaot/status/723624153199337473"
"22/4/2016 23:24:02","","723623422589329408","","@La_Muerta_Viva me tienen contenta hoy @Alsa_Autobuses @Socibus","twitter.com/Rocigaot/status/723623422589329408"
"22/4/2016 23:15:14","","723621204872011776","","Wifi con 'calidad excelente de señal' que más bien hace de modo avión. @Alsa_Autobuses","twitter.com/Rocigaot/status/723621204872011776"
"22/4/2016 23:12:59","2","723620638196424704","","Hala, pues ya me he fundido los datos del mes y ahora iré a velocidad módem noventero. Y en un @Alsa_Autobuses  supuestamente con WiFi.","twitter.com/Rocigaot/status/723620638196424704"
"22/4/2016 23:05:04","","723618648905138176","","@ailalelo por outro lado, agora sinto menos terme saltado o proyecto vida sana co donut en Ponferrada. :p","twitter.com/Rocigaot/status/723618648905138176"
"22/4/2016 23:03:55","","723618358663458816","","@ailalelo a min non me gusta atiborrarme, pero facíame ilusión inxerir algo sólido antes das 10 de mañá.","twitter.com/Rocigaot/status/723618358663458816"
"22/4/2016 22:46:41","","723614020259946497","","@ailalelo encima estou vendo que o café e o donut que tomei en ponferrada van ser a miña última comida ata mañá ás dez ou así","twitter.com/Rocigaot/status/723614020259946497"
"22/4/2016 22:36:17","","723611402972311553","","@ailalelo aínda me queda, se é puntual chego ás 3:45.","twitter.com/Rocigaot/status/723611402972311553"
"22/4/2016 22:33:08","","723610612518019072","","Ahora parece que han bajado el volumen. Menos mal, porque esto ya era ensañamiento.","twitter.com/Rocigaot/status/723610612518019072"
"22/4/2016 22:31:34","","723610219377508356","","No estoy segura de qué emisora de radio nos llevan puesta en #elAlsadeloscojones pero parece EsRadio o algo similar. Yo me bajo en marcha.","twitter.com/Rocigaot/status/723610219377508356"
"22/4/2016 22:06:14","","723603843938963456","1","¿El finiquito se lo darán en directo o en diferido y simulado?https://twitter.com/PPopular/status/723585365991403521 …Hemos despedido a José Manuel Soria con mucho cariño y con mucho agradecimiento @mdcospedal","twitter.com/Rocigaot/status/723603843938963456"
"22/4/2016 21:55:31","1","723601143713128448","","@mjdelrio ufff, lo siento, mucho ánimo, y a ver si puedes darle un accidental golpe en los huevos al primo gilipollas.","twitter.com/Rocigaot/status/723601143713128448"
"22/4/2016 21:50:04","","723599772163162112","","@miguelesquirol pues este es como el falso!","twitter.com/Rocigaot/status/723599772163162112"
"22/4/2016 21:46:15","1","723598814343532544","1","Y sigo chupando datos porque el WiFi de ALSA es más falso que el gato de Sabrina.","twitter.com/Rocigaot/status/723598814343532544"
"22/4/2016 20:46:36","","723583800119287808","","@CaminoAna @DavidLombao entón non son true luguesas, que imos xa por Astorga!","twitter.com/Rocigaot/status/723583800119287808"
"22/4/2016 20:41:43","","723582574312972288","","@CaminoAna @DavidLombao unha subiu só a acompañar á outra, que non sei onde vai porque este bus por Madrid non pasa.","twitter.com/Rocigaot/status/723582574312972288"
"22/4/2016 20:40:28","","723582256141443072","","@oneafter909_ @vgiadas Centro Cívico Municipal Javi Cantero","twitter.com/Rocigaot/status/723582256141443072"
"22/4/2016 20:37:02","1","723581392232296449","1","Y sigo gastando datos porque con WifiAlsa no puedo acceder a Internet. Luego pruebo si los enchufes son de atrezzo.pic.twitter.com/Ct7ovHR9hR","twitter.com/Rocigaot/status/723581392232296449"
"22/4/2016 20:27:30","","723578996676538370","","@oneafter909_ @vgiadas IES Manu Tenorio","twitter.com/Rocigaot/status/723578996676538370"
"22/4/2016 20:24:30","1","723578241609568256","","@vgiadas Biblioteca Municipal David Civera.","twitter.com/Rocigaot/status/723578241609568256"
"22/4/2016 20:12:46","","723575288077127680","","Rotondismo.pic.twitter.com/7rTpPV0LhN","twitter.com/Rocigaot/status/723575288077127680"
"22/4/2016 20:11:05","1","723574861809999873","","@TavernerV creo que en burro se tarda menos","twitter.com/Rocigaot/status/723574861809999873"
"22/4/2016 20:08:25","","723574190817828864","","@Cintia_hica no veo a la gente usarlo tanto como el foursquare, que a algunos les faltaba hacer check in en el wc al ir a cagar XD","twitter.com/Rocigaot/status/723574190817828864"
"22/4/2016 20:05:33","1","723573469519220737","","Os acordáis del foursquare, a todo esto? Ah, los 80!","twitter.com/Rocigaot/status/723573469519220737"
"22/4/2016 19:55:00","1","723570817213292544","","@TavernerV ay, eso es como nuestro tren que tarda dos horas y media en ir de Coruña a Ferrol!","twitter.com/Rocigaot/status/723570817213292544"
"22/4/2016 19:51:48","","723570010447327233","","Pena que se ha pasado de moda el foursquare y me quedo sin hacer check-in en la estación de Ponferrada. #alsadeloscojones","twitter.com/Rocigaot/status/723570010447327233"
"22/4/2016 19:44:47","2","723568245920415744","","@TavernerV viajar en Alsa es vintage que te cagas. Para el viaje de vuelta me pillo una cesta con gallina para dar más ambiente.","twitter.com/Rocigaot/status/723568245920415744"
"22/4/2016 18:55:49","","723555920211521536","","A la hora a la que estaría llegando a Mérida con la combinación de buses que había pillado he entrado en el Bierzo con el #alsadeloscojones","twitter.com/Rocigaot/status/723555920211521536"
"22/4/2016 18:20:44","","723547092539564036","","@oneafter909_ aaah, vale! porque non sei se facer o máster na uned o ano que ven e xa me estaba cagando pola pata abaixo!","twitter.com/Rocigaot/status/723547092539564036"
"22/4/2016 18:16:50","","723546111609307137","","@oneafter909_ no máster tedes ao mítico profesor tolo de morfoloxía dos de Filoloxía hispánica?","twitter.com/Rocigaot/status/723546111609307137"
"22/4/2016 18:14:48","","723545597886771201","","@ildara_ no era mala idea pero ya hemos salido de Lugo!","twitter.com/Rocigaot/status/723545597886771201"
"22/4/2016 18:05:47","1","723543330261479425","","@DavidLombao @CaminoAna pues subieron dos de pura cepa y parecía que las iba a llevar al lado, pero al final na.","twitter.com/Rocigaot/status/723543330261479425"
"22/4/2016 18:04:37","","723543037822013440","","@Srta_Angus 'hombres que se maquillan mejor que yo' :p","twitter.com/Rocigaot/status/723543037822013440"
"22/4/2016 18:03:41","1","723542800411832320","","Todo apunta a que el próximo rato en el #alsadeloscojones irá amenizado con sketches de 'Señoras de Lugo' @CaminoAna @DavidLombao","twitter.com/Rocigaot/status/723542800411832320"
"22/4/2016 17:55:10","1","723540657172787200","","El 30% de cualquier viaje en bus que pare en Lugo se va en cruzar Lugo. #alsadeloscojones #estonoesculpadealsaperoyamelasuda","twitter.com/Rocigaot/status/723540657172787200"
"22/4/2016 17:52:03","","723539874024968192","","A mí esto de que la WiFi de ALSA sirva básicamente pa cortarte el acceso a Internet me tiene loquísima también. #alsadeloscojones","twitter.com/Rocigaot/status/723539874024968192"
"22/4/2016 17:48:54","","723539081825779712","","@ildara_ @slipknot chino , no Chiño. Puto corrector","twitter.com/Rocigaot/status/723539081825779712"
"22/4/2016 17:48:10","","723538896798269441","","@ildara_ @slipknot se intentará!estoy entrando en Lugo, acabo de pasar el Chiño Antonio #fan","twitter.com/Rocigaot/status/723538896798269441"
"22/4/2016 17:46:02","","723538360690704384","","@marmota_llorona porque todos sabemos que el acceso a Internet es algo que pa qué queremos de una wifi. #alsadeloscojones","twitter.com/Rocigaot/status/723538360690704384"
"22/4/2016 17:44:32","1","723537981852803072","","@TavernerV Mérida. 11 horas de na si este bus no se les avería también como el que iba a coger por la mañana.","twitter.com/Rocigaot/status/723537981852803072"
"22/4/2016 17:43:11","","723537644815310854","","Estaba conectada a la wifi del #alsadeloscojones. Hasta que no me he desconectado y pasado a datos no he podido tuitear o recibir mails.","twitter.com/Rocigaot/status/723537644815310854"
"22/4/2016 17:33:42","","723535257216102400","","Supuestamente estou conectada a la wifi del #alsadeloscojones, pero si desconecto mis datos no se me actualiza tuiter.","twitter.com/Rocigaot/status/723535257216102400"
"22/4/2016 17:12:05","","723529815589019649","","@judgitanilla Coruña-Mérida, un paseíto...","twitter.com/Rocigaot/status/723529815589019649"
"22/4/2016 17:08:11","1","723528834075652097","","Que me diréis que me ponga mi mp3. Lo llevo Y SE OYE IGUAL. #alsadeloscojones","twitter.com/Rocigaot/status/723528834075652097"
"22/4/2016 17:07:03","","723528550230429696","","Genial, encima el #alsadeloscojones lleva la música en alto y no para escuchar si quieres con los cascos. Diosito, 11horas así","twitter.com/Rocigaot/status/723528550230429696"
"22/4/2016 16:55:24","1","723525619561160704","","A bordo del #alsadeloscojones. Puntuales salimos, con suerte llego pa dormir dos horas.","twitter.com/Rocigaot/status/723525619561160704"
"22/4/2016 15:34:40","2","723505301396295681","","pero al final lo han conseguido. Prefiero un blablacar con Falangito y Pablo Motos que darle a Alsa un euro más.","twitter.com/Rocigaot/status/723505301396295681"
"22/4/2016 15:33:46","","723505073414901761","","y mira también que Blablacar siempre me dio pereza porque madre mía si tienes un viaje de 6horas y te toca un cuñao que encima quiere hablar","twitter.com/Rocigaot/status/723505073414901761"
"22/4/2016 15:30:52","","723504343559880704","","Y mira que desde el 97 le he soportado a Alsa retrasos, recorridos absurdos, el año que estuvieron poniendo 'La playa' en cada puto viaje..","twitter.com/Rocigaot/status/723504343559880704"
"22/4/2016 15:23:02","4","723502374212538368","","ok, pero como no creo que podáis retroceder en el tiempo ni cambiar de hora mi examen de mañana, @Alsa_Autobuses , seguiré rajando un ratito","twitter.com/Rocigaot/status/723502374212538368"
"22/4/2016 15:18:49","1","723501311564632068","","ya os lo conté hace un rato, @Alsa_Autobuses , como 2horas después de que os preguntara por el bus que estaba esperando y no llegaba.","twitter.com/Rocigaot/status/723501311564632068"
"22/4/2016 15:15:01","","723500356286689280","","Van tres votos y nula fe en la puntualidad del Alsa nocturno.","twitter.com/Rocigaot/status/723500356286689280"
"22/4/2016 15:13:54","1","723500074710491136","","Supuestamente llego a la preciosa hora de las 03.45. Estoy por hacer una porra. Yo digo que a las 04:10.","twitter.com/Rocigaot/status/723500074710491136"
"22/4/2016 15:13:09","1","723499886805692416","","Se aceptan apuestas sobre si con la diligencia nocturna de Alsa en la que me toca ir llego a su hora o no.","twitter.com/Rocigaot/status/723499886805692416"
"22/4/2016 10:35:36","1","723430040248045570","","@Alsa_Autobuses teniendo un examen a las 8. Eso sí, una y no más. La reclamación ya está puesta y ya buscaré otras opciones de viaje.","twitter.com/Rocigaot/status/723430040248045570"
"22/4/2016 10:34:56","","723429870517145600","","@Alsa_Autobuses y como ya no llegaba a tiempo para mi trasbordo, he tenido que cambiar a un bus con el que llego a las 4 de la mañana(2)","twitter.com/Rocigaot/status/723429870517145600"
"22/4/2016 10:34:19","","723429716250628096","","a buenas horas, @Alsa_Autobuses. 1:15 de retraso en el A Coruña-A Salamanca, una hora hasta que apareció alguien a informarnos...","twitter.com/Rocigaot/status/723429716250628096"
"22/4/2016 10:14:31","","723424733933379584","","Y mira que a mí me llama poco Blablacar, pero con estas cosas voy a acabar usándolo, que al final es más fiable @Alsa_Autobuses","twitter.com/Rocigaot/status/723424733933379584"
"22/4/2016 9:46:51","","723417768524021760","","@Cintia_hica Blablacar no me llama, me toca un viaje de 7 horas con alguien empeñao en hablar y me tiro en marcha.Pa otra llevo mi coche.","twitter.com/Rocigaot/status/723417768524021760"
"22/4/2016 9:45:05","","723417326335356929","","Pues al final me toca llegar a las 4 y pico de la mañana en el bus que desde el principio quería evitar. Última vez con @Alsa_Autobuses","twitter.com/Rocigaot/status/723417326335356929"
"22/4/2016 8:48:15","","723403024115224576","","@Chinobi_Ninja nada, ya me han dicho q hasta las 9 no salimos y que al otro no llegó, me están cambiando al que llega a las 4 de la mañana","twitter.com/Rocigaot/status/723403024115224576"
"22/4/2016 8:29:07","","723398207976296448","","@Chinobi_Ninja ya, un palizón","twitter.com/Rocigaot/status/723398207976296448"
"22/4/2016 8:18:23","","723395505972092928","","@Chinobi_Ninja pues no me seduce la idea porque he dormido poquísimo, como contaba ir sobando en el bus...","twitter.com/Rocigaot/status/723395505972092928"
"22/4/2016 8:15:01","","723394659225989121","","@Chinobi_Ninja encima ni Dios en la estación para informar. Tenía casi una hora de margen pa mi segundo bus y aún lo perderé, verás.","twitter.com/Rocigaot/status/723394659225989121"
"22/4/2016 8:13:56","","723394385761591296","","Eh, @Alsa_Autobuses , dónde está el bus a Salamanca que debería haber salido de A Coruña hace casi media hora?","twitter.com/Rocigaot/status/723394385761591296"
"22/4/2016 8:07:09","1","723392679061524480","","@Chinobi_Ninja no lleves el coche para un viaje tan largo, me decían. En bus irás más relajada, me decían.","twitter.com/Rocigaot/status/723392679061524480"
"22/4/2016 8:00:51","","723391096064086016","","Hoy, en Maravillas de viajar con ALSA: 15 minutos de retraso (por ahora) en un bus que sale de aquí. Y yo que tengo que hacer trasbordo...","twitter.com/Rocigaot/status/723391096064086016"
"22/4/2016 7:50:37","1","723388520371363840","","@PotiPotiInLove El Cuñader de la UV nunca decepciona :P","twitter.com/Rocigaot/status/723388520371363840"
"22/4/2016 0:36:59","","723279392454127616","","@ComandanteVimes vamos, que coincidísteis en un bareto, te firmó las maquetas y le diste la chapa y ahora dices que sois colegas! #postureo","twitter.com/Rocigaot/status/723279392454127616"
"22/4/2016 0:34:52","","723278858133360642","1","@ComandanteVimes a saber quién te timó en Wallapop y te colocó esa firma como auténtica! :P","twitter.com/Rocigaot/status/723278858133360642"
"22/4/2016 0:27:55","","723277111197310976","1","@ComandanteVimes ya, claro, los discos. Yo tengo también las maquetas en casette de cuando actuaba en garitos como telonero de Lope.","twitter.com/Rocigaot/status/723277111197310976"
"22/4/2016 0:23:49","","723276076043120640","1","@ComandanteVimes claro, ahora que se ha muerto resulta que todos lo conocíais!","twitter.com/Rocigaot/status/723276076043120640"
"21/4/2016 18:14:35","5","723183159358140417","4","Ah, ¿que la ORA había que pagarla? no problem, aparcamos delante de la plaza en vez de en la plaza y listo!pic.twitter.com/0Zcj69SFeh","twitter.com/Rocigaot/status/723183159358140417"
"21/4/2016 17:46:35","","723176113049067520","","@AzulCorrosivo @PSR0531121 un aplauso, por favor. En la cara. Con una pala.","twitter.com/Rocigaot/status/723176113049067520"
"21/4/2016 13:18:51","1","723108733937680384","","@CrysaniaV @yallegao yo he tenido compis que negociaban y otras de 'a ti te da igual que no tienes hijos'. Adivina a cuáles les cedía fechas","twitter.com/Rocigaot/status/723108733937680384"
"21/4/2016 12:58:14","","723103544556040192","","@CrysaniaV @yallegao y aclaro que no uso la 2persona para achacártelo a ti, hablo de mi propia experiencia y lo que veo a más amigas","twitter.com/Rocigaot/status/723103544556040192"
"21/4/2016 12:55:00","","723102731964157953","","@CrysaniaV @yallegao de 'lo suyo es que yo elija antes porque a ti qué más te dará si estás sola', que es lo que pasa muchas veces.","twitter.com/Rocigaot/status/723102731964157953"
"21/4/2016 12:53:40","","723102394234613761","","@CrysaniaV @yallegao que te cambien turnos o vacaciones, lo suyo es recordar que te están haciendo un favor y no plantearlo en términos(2)","twitter.com/Rocigaot/status/723102394234613761"
"21/4/2016 12:52:12","","723102028390633472","","@CrysaniaV @yallegao nadie niega el problema, pero como la responsabilidad de arreglarlo no es de los empleados solteros, si quieres (1)","twitter.com/Rocigaot/status/723102028390633472"
"21/4/2016 10:31:43","2","723066673595580416","2","Oh, el clásico 'si eres soltera y sin hijos no tienes vida así que qué más te da'. Clasicazo.","twitter.com/Rocigaot/status/723066673595580416"
"20/4/2016 16:24:37","3","722793095142731778","1","@hematocritico y esos son 'los mejores memes'. LOS MEJORES.","twitter.com/Rocigaot/status/722793095142731778"
"20/4/2016 0:17:20","","722549672234102785","","@DR_roldipic.twitter.com/1H5dteJMOY","twitter.com/Rocigaot/status/722549672234102785"
"19/4/2016 21:46:43","1","722511768136904704","","Aunque fuera para las risas, han sido demasiados tuits con el jeto de Dalas. Os  pongo un perrete para compensar.pic.twitter.com/zlbwxdF1aw","twitter.com/Rocigaot/status/722511768136904704"
"19/4/2016 21:15:09","391","722503822237659136","585","Cuando un medicamento pone que sabe a naranja.pic.twitter.com/iUp6dwaJxA","twitter.com/Rocigaot/status/722503822237659136"
"19/4/2016 21:12:00","2","722503030101438464","3","'¿El libro que me prestaste? No, si ya te lo devolví hace tiempo'pic.twitter.com/lPGPDCcRj3","twitter.com/Rocigaot/status/722503030101438464"
"19/4/2016 21:10:48","1","722502726739968001","1","'Te juro que es la primera vez que me pasa'pic.twitter.com/Jhjf72K0tT","twitter.com/Rocigaot/status/722502726739968001"
"19/4/2016 21:09:01","23","722502279488782336","10","'Sí, bueno, ahora sería no remunerado, pero en cuanto nuestra startup despegue cobrarías lo que te corresponde'pic.twitter.com/UqdpKPihDH","twitter.com/Rocigaot/status/722502279488782336"
"19/4/2016 21:08:00","1","722502021476151298","1","@Marmota_Maligna una vez me pasaron uno de 'buscamos community manager para nuestro bar que en los ratos libres ponga las copas'","twitter.com/Rocigaot/status/722502021476151298"
"19/4/2016 21:06:55","1","722501752373817344","1","@Marmota_Maligna hace un mes o así vi uno que pedían una modista-community manager.pic.twitter.com/ZdkK7kmY2I","twitter.com/Rocigaot/status/722501752373817344"
"19/4/2016 21:05:45","","722501458017521665","","Cuando el anuncio pone que ese piso tan barato está en buen estado y a cinco minutos del centro.pic.twitter.com/OTTvvi29Ga","twitter.com/Rocigaot/status/722501458017521665"
"19/4/2016 21:02:05","1","722500532934459392","","@SuraTallulahpic.twitter.com/F8Upkc6m6C","twitter.com/Rocigaot/status/722500532934459392"
"19/4/2016 20:34:56","1","722493702518738946","","Pedir casito nivel oposición venezolana.https://twitter.com/FacuDiazT/status/722493069740896256 …+400 muertos, +200 desaparecidos y +4000 heridos en Ecuador. Esto dice el opositor venezolano @hramosallup: https://twitter.com/hramosallup/status/722184751436722176 …","twitter.com/Rocigaot/status/722493702518738946"
"19/4/2016 20:06:40","3","722486589625081856","","@DavidLombao como nos quejamos cuando castellanizan topónimos, han cambiado el chip y ahora los afrancesan.","twitter.com/Rocigaot/status/722486589625081856"
"19/4/2016 20:04:52","","722486135017119745","","ANGRUÁS.pic.twitter.com/G9cDvlanXD","twitter.com/Rocigaot/status/722486135017119745"
"19/4/2016 1:43:47","1","722209038654697472","","@Lasti_ @La_Muerta_Viva dios, me imagino un sarao de esos cada vez que una de mis primas/amigas tuvo un hijo y me dan sudores fríos.","twitter.com/Rocigaot/status/722209038654697472"
"19/4/2016 1:23:59","2","722204056085794816","","@Tabernita Facebook is dark and full of terrors.","twitter.com/Rocigaot/status/722204056085794816"
"19/4/2016 1:19:21","2","722202889268117504","","@Lasti_ @La_Muerta_Viva no sigas que me veo en la consulta del gine pidiendo el pack anticonceptivo modelo frontera norcoreana XD","twitter.com/Rocigaot/status/722202889268117504"
"19/4/2016 1:17:25","","722202403349651456","","@Lasti_ @La_Muerta_Viva 'y si nunca es padre, te jodes'","twitter.com/Rocigaot/status/722202403349651456"
"19/4/2016 1:15:37","","722201951576932353","","@PSR0531121pic.twitter.com/lYkU3ImcPP","twitter.com/Rocigaot/status/722201951576932353"
"19/4/2016 1:14:10","1","722201585259048966","","@Lasti_ @La_Muerta_Viva puedes recurrir a ese circo de los horrores que son los cartelitos del feisbuc.https://twitter.com/Rocigaot/status/700263163611193344 …Un billete sólo de ida al motel Bates, por favor. pic.twitter.com/pEWvP6s0VP","twitter.com/Rocigaot/status/722201585259048966"
"19/4/2016 1:08:00","","722200033228140549","","@La_Muerta_Viva @Lasti_ ay, pobres. Lo que tiene que ser aguantar eso, y encima sin poder tajarte antes para sobrellevarlo. :P","twitter.com/Rocigaot/status/722200033228140549"
"18/4/2016 23:55:14","1","722181722440343552","","@PotiPotiInLove venga, va!pic.twitter.com/aXdYcOfYNk","twitter.com/Rocigaot/status/722181722440343552"
"18/4/2016 23:50:45","1","722180594634002432","1","Youtube, explícame qué cojones he visto para que me recomiendes ESTO a mí.pic.twitter.com/KY2B3lJ8jW","twitter.com/Rocigaot/status/722180594634002432"
"18/4/2016 23:42:17","3","722178463013171201","","@Beatriz_efe coincidí una vez en1cumple con una flipada de esa dieta y me dieron ganas de soltarla por el monte a cazarse su cena por plasta","twitter.com/Rocigaot/status/722178463013171201"
"18/4/2016 23:38:31","3","722177515704463360","","@Beatriz_efe por lo que veo a algún paleo que conozco,deduzco que la humanidad descubrió antes la farlopa y el gintonic que los cereales XD","twitter.com/Rocigaot/status/722177515704463360"
"18/4/2016 23:36:55","","722177113428738048","","@Beatriz_efe dicen que no hemos evolucionado para comer cosas que no se comieran en el Paleolítico y que hay que suprimirlas de la dieta(1)","twitter.com/Rocigaot/status/722177113428738048"
"18/4/2016 21:44:19","1","722148774722826240","","Ay, el monorraíl en Neox!","twitter.com/Rocigaot/status/722148774722826240"
"18/4/2016 1:15:01","1","721839412754165760","","@Lasti_ es genial!","twitter.com/Rocigaot/status/721839412754165760"
"18/4/2016 1:12:36","1","721838804567461888","","@Lasti_pic.twitter.com/FwMJdmJkAq","twitter.com/Rocigaot/status/721838804567461888"
"17/4/2016 23:40:39","","721815663204048897","","@perradesatan yo creo recordar que las monjas de mi cole lo llamaban toca. Serán variedades dialectales monjiles.","twitter.com/Rocigaot/status/721815663204048897"
"17/4/2016 22:59:13","1","721805237678436353","","@SantaSuki si te haces youtuber de belleza con consejos así yo me suscribo!","twitter.com/Rocigaot/status/721805237678436353"
"17/4/2016 22:58:05","1","721804951203262464","","@SantaSuki yo voy a cortar el miércoles, igual voy comprando una de esas pa porsi.","twitter.com/Rocigaot/status/721804951203262464"
"17/4/2016 14:49:34","5","721682012449435649","3","@NtmeC 'Ola ke ase, Lázaro, te levanta o o ké ase'. MT 21, 4-5","twitter.com/Rocigaot/status/721682012449435649"
"17/4/2016 14:47:45","5","721681553391226881","3","@eviadas @Tuices sí, en plan 'se ha enrollado a este y ha ignorado mi oferta que yo creo que se ajusta mejor al pliego de condiciones'","twitter.com/Rocigaot/status/721681553391226881"
"17/4/2016 14:36:00","15","721678598562803713","6","@Tuices me fascinan los que se ofenden por que elijas con quién te lías y con quién no como si estuvieras dando un contrato público a dedo.","twitter.com/Rocigaot/status/721678598562803713"
"16/4/2016 16:29:20","","721344731805048832","","@Dr_Fleibur hostias, había borrado de mi mente la existencia de esto!","twitter.com/Rocigaot/status/721344731805048832"
"16/4/2016 13:44:52","10","721303342002094080","11","'La labor docente me tenía quemadísima hasta que descubrí el truqui de desayunar un actimel y dos rayas de farla'https://twitter.com/anunciologia/status/721302891307352064 …La profesora motivada de Actimel, a pocos centímetros de provocar un traumatismo craneoencefálico a un pobre alumno. pic.twitter.com/bvR7PibBMA","twitter.com/Rocigaot/status/721303342002094080"
"15/4/2016 22:43:55","","721076610049449985","","@ailalelo ai, cala, que xusto onte chamáronme a casa pra ofrecerme unha revisión gratis! XD","twitter.com/Rocigaot/status/721076610049449985"
"15/4/2016 22:42:32","","721076263759306752","1","@ComandanteVimes yo conozco a una que le hizo cuenta de FB a la gata y se ponía de palique consigo misma entre su cuenta y la del animalito.","twitter.com/Rocigaot/status/721076263759306752"
"15/4/2016 22:22:39","5","721071258935365632","3","¿Veis como los runners no son de fiar? #l6cAznar","twitter.com/Rocigaot/status/721071258935365632"
"15/4/2016 22:15:08","1","721069365681078272","","@Srta_Angus es el más claro ejemplo de que los flipaos del deporte no son gente de fiar.","twitter.com/Rocigaot/status/721069365681078272"
"15/4/2016 22:09:45","","721068013852704768","","@hematocritico es que a ver, te imaginas que hubiera por ahí palabras CON MÁS DE UN SIGNIFICADO?? El locurón.","twitter.com/Rocigaot/status/721068013852704768"
"15/4/2016 1:43:22","","720759381592133632","","@AdrasteaQuiesce @nebulina Gensanta, si parece un preso de Guantánamo pero en verde!","twitter.com/Rocigaot/status/720759381592133632"
"13/4/2016 22:38:44","5","720350528362811394","4","Soy incapaz de leer esto sin que resuene en mi cabeza la musiquilla de Cazafantasmas.https://twitter.com/Tawil/status/720271339303477249 …'Carlos no come coños, come mujeres. No hace turismo, colecciona experiencias. No lee, alimenta su espíritu' pic.twitter.com/zDdsyJZB0b","twitter.com/Rocigaot/status/720350528362811394"
"13/4/2016 21:16:54","","720329935420657664","","@morganaskwlkr a mí ahora me dais envidia porque estos días nos falta sacar la piragua,pero si viviera allí no lo llevaría nada bien xD","twitter.com/Rocigaot/status/720329935420657664"
"13/4/2016 21:11:09","1","720328487123292161","","@morganaskwlkr ayyyy, me lo pido igualmente! Pero qué calor hace por ahí ya, ¿no? Aquí sigo con el abrigo y las botas de agua!","twitter.com/Rocigaot/status/720328487123292161"
"13/4/2016 18:58:00","","720294979734646785","","@morganaskwlkr ay, quiero esa camiseta!","twitter.com/Rocigaot/status/720294979734646785"
"13/4/2016 13:55:59","1","720218977792827392","","@TavernerV @ozeiyo boh, qué chasco, es en twitter! pensé que se habían encontrado en las manifas esas y se habían dado de hostias!","twitter.com/Rocigaot/status/720218977792827392"
"12/4/2016 22:40:43","1","719988639506305024","","@Chinobi_Ninja sííí, mola! :D","twitter.com/Rocigaot/status/719988639506305024"
"12/4/2016 21:53:45","1","719976822054760449","","@Chinobi_Ninja ay, porfa, haz uno con el de los Simpson de 'soy la princesa Margarita!''¡Y yo soy un tío trompa!'","twitter.com/Rocigaot/status/719976822054760449"
"12/4/2016 16:33:22","2","719896193543892993","","@MaltratoPaisaxe @Artritris na Coruña xa postos podemos mover para ahí o reloxo de pulseira xigante do paseo marítimo!","twitter.com/Rocigaot/status/719896193543892993"
"12/4/2016 16:26:31","1","719894472126033920","","@Artritris @MaltratoPaisaxe Qué preciosidade. A vindeira vez que me coincida ir a Ferrol voulle facer unha visita. XD","twitter.com/Rocigaot/status/719894472126033920"
"12/4/2016 16:22:20","1","719893417803784192","","@Artritris @MaltratoPaisaxe rediós! Iso qué é e onde se ubica?","twitter.com/Rocigaot/status/719893417803784192"
"12/4/2016 16:20:13","","719892885244616704","","@Artritris @MaltratoPaisaxe penso que caben os dous, que será por explanada!","twitter.com/Rocigaot/status/719892885244616704"
"12/4/2016 16:12:55","2","719891048911269888","","@morganaskwlkr @hematocritico a ver si se anima @Chinobi_Ninja que se da mucha más mañan que yo pa estas cosas!","twitter.com/Rocigaot/status/719891048911269888"
"12/4/2016 15:51:32","1","719885665127829504","","@Marmota_Maligna @marmota_llorona na, yo soy un búho. Luego dan las diez de la noche y me despejo totalmente, con café o sin él.","twitter.com/Rocigaot/status/719885665127829504"
"12/4/2016 15:50:17","3","719885353524584448","","@Marmota_Maligna @marmota_llorona yo voy por el tercer café del día y sigo así.pic.twitter.com/7uRd30PLyJ","twitter.com/Rocigaot/status/719885353524584448"
"12/4/2016 15:19:04","1","719877495831584768","","@SoniniSumode Felicidades!  @Srta_Anguspic.twitter.com/TO7tZDhkB9","twitter.com/Rocigaot/status/719877495831584768"
"12/4/2016 14:17:59","30","719862122591752192","16","Igual podríamos alegrar un poco el descampao de hormigón robándole a Vigo la joya de la corona. #salvemoslamarinapic.twitter.com/MI8sLxXPfI","twitter.com/Rocigaot/status/719862122591752192"
"12/4/2016 13:39:06","1","719852340367474688","","@hematocritico Yo me lo imagino así.pic.twitter.com/5qLgvuI6PX","twitter.com/Rocigaot/status/719852340367474688"
"12/4/2016 13:12:06","","719845542872932352","","@hematocritico a ver, es que te vas al caso especialito. ¡Como si en esta ciudad lloviera alguna vez!","twitter.com/Rocigaot/status/719845542872932352"
"12/4/2016 13:08:42","1","719844688094699520","","@shakesphobic eu teño críos de 12anos, e se escoito en clase o Mandanga Style unha vez máis monto Puerto Hurraco Kids.","twitter.com/Rocigaot/status/719844688094699520"
"12/4/2016 10:34:54","","719805982000459776","","¡Por fin nos dan una explanada de hormigón para poder deambular por ella!https://twitter.com/EnfoqueCoru/status/719704575419248641 …@Rocigaot @hematocritico Mejor así pic.twitter.com/TRkBNwCntM","twitter.com/Rocigaot/status/719805982000459776"
"12/4/2016 2:21:02","","719681698196230145","","@Tabernita sí, justo hoy me llegó un cargador para la tablet que ya ni me acordaba de que había pedido!","twitter.com/Rocigaot/status/719681698196230145"
"12/4/2016 2:18:54","","719681159534362624","","@Tabernita bueno, en breve... yo he pedido un par de veces a Aliexpress(no esto xD) y a veces parece que lo traen de China a la pata coja XD","twitter.com/Rocigaot/status/719681159534362624"
"12/4/2016 2:16:40","","719680600848920576","","@Tabernita pues sí, porque es una mina! Entre los productos y las traducciones...","twitter.com/Rocigaot/status/719680600848920576"
"12/4/2016 2:15:50","","719680388176719872","","@Tabernita ay, pues no ha costado tanto. Enjoy! http://es.aliexpress.com/store/product/New-Women-Cosmetics-Brand-Makeup-8-Color-Vampures-kiss-Lipstick-Matte-3-4g-Lip-stick-M89/1043457_32441832202.html?spm=2114.04010108.3.55.4vxkrE&ws_ab_test=searchweb201556_6,searchweb201602_2_301_10034_507_10032_508_10020_10017_10005_10006_10021_10022_401_10018_10019,searchweb201603_9&btsid=8e45c6fe-3f7b-4a30-be4d-8d91581784f2 …","twitter.com/Rocigaot/status/719680388176719872"
"12/4/2016 2:15:09","1","719680218525523968","","@Tabernita uf, espera a ver si lo localizo, que hice la captura y seguí mirando cosas!","twitter.com/Rocigaot/status/719680218525523968"
"12/4/2016 2:11:13","","719679225775697920","","@Tabernita que sí, que sí, que son pintalabios de verdad y no vibradores camulfados. Es lo más lóquer de todo.","twitter.com/Rocigaot/status/719679225775697920"
"12/4/2016 2:09:08","","719678704021020674","","@laMascota ahora mi duda es: será alguna marca rara de allí o imitación de algún pintalabios de firma que valga a saber qué burrada?","twitter.com/Rocigaot/status/719678704021020674"
"12/4/2016 2:07:32","","719678299543367685","","@laMascota Eh,has vuelto! :)","twitter.com/Rocigaot/status/719678299543367685"
"12/4/2016 2:06:56","14","719678148800024577","9","Hoy, en 'Aliexpress WTF'....pic.twitter.com/eIu20KyJyJ","twitter.com/Rocigaot/status/719678148800024577"
"12/4/2016 1:14:54","","719665055818727424","","@hematocritico paradme.pic.twitter.com/e4JigMVwsv","twitter.com/Rocigaot/status/719665055818727424"
"12/4/2016 0:39:12","5","719656071355195392","2","@hematocriticopic.twitter.com/7t7gdT9Dvl","twitter.com/Rocigaot/status/719656071355195392"
"11/4/2016 23:42:44","3","719641859124039680","","@hematocritico no te estás centrando en lo realmente grave, que es que en medio de esa nada SIGUE HABIENDO UNA VALLA.","twitter.com/Rocigaot/status/719641859124039680"
"11/4/2016 21:42:15","","719611539947438080","2","@mjdelrio yo le voy a dar un voto de confianza y voy a apostar que cuatro meses.","twitter.com/Rocigaot/status/719611539947438080"
"11/4/2016 16:19:44","1","719530377954607105","","En serio, me fascina lo de coger algo a priori divertido como caracterizarse y convertirlo en una excusa para juzgar,excluir y compararse.","twitter.com/Rocigaot/status/719530377954607105"
"11/4/2016 16:03:28","3","719526280341897217","3","que viene a ser un poco lo mismo, pero más fácil y barato y  tomándote un poquito menos en serio a ti mismo.","twitter.com/Rocigaot/status/719526280341897217"
"11/4/2016 16:02:25","5","719526015979163649","7","'Es que el espíritu del cosplay...' Si el espíritu del cosplay es marginar a gente por su físico,prefiero el 'disfrazarse' de toda la vida.","twitter.com/Rocigaot/status/719526015979163649"
"11/4/2016 15:57:49","2","719524859693441025","4","Son preguntas retóricas, aclaro, que ya hace tiempo que tengo claro que si los gilipollas volaran no veríamos el sol.","twitter.com/Rocigaot/status/719524859693441025"
"11/4/2016 15:57:14","3","719524715652648960","4","¿En serio hay gente con tan pocos problemas que se toma como algo personal el peso de una desconocida vestida como un personaje de ficción?","twitter.com/Rocigaot/status/719524715652648960"
"11/4/2016 15:52:24","3","719523498423676928","4","¿Me estáis diciendo en serio que hay adultos a los que les parece un dramita que una persona haga cosplay de un personaje sin parecerse?","twitter.com/Rocigaot/status/719523498423676928"
"11/4/2016 1:51:07","1","719311781399760897","","@CaritaDePatata yo soy muy pequeña también y ahí no entro. En una maleta (que no sea de las de equipaje de mano de low cost) todavía...","twitter.com/Rocigaot/status/719311781399760897"
"11/4/2016 1:49:12","","719311301000970240","","@Genko eso me podría pasar a mí. Eso o echar la pota.","twitter.com/Rocigaot/status/719311301000970240"
"11/4/2016 1:46:09","","719310531669176320","","@Genko sobre todo considerando que la principal razón por la que nunca me planteé Medicina es por lo aprensiva que soy pa esas cosas.","twitter.com/Rocigaot/status/719310531669176320"
"11/4/2016 1:44:19","","719310071667298304","","@CaritaDePatata aunque no sé yo, tengo bolsos de ese tamaño y a duras penas me entra la tablet, como pa meter un cadáver.","twitter.com/Rocigaot/status/719310071667298304"
"11/4/2016 1:43:14","1","719309797909209089","","@Genko una vez, cubriendo unas jornadas médicas, me tocó tragarme una ponencia de urología:ppt con fotos de pollas con gangrenas,tumores...","twitter.com/Rocigaot/status/719309797909209089"
"11/4/2016 1:09:39","17","719301347846332416","18","Hoy, en 'traducciones WTF de Aliexpress'...pic.twitter.com/7yezjNOxDx","twitter.com/Rocigaot/status/719301347846332416"
"11/4/2016 0:45:57","","719295383655038976","","Me he puesto a mirar otras cosas en el ordenador y he desconectado del todo de Friker. ¿De qué están hablando?","twitter.com/Rocigaot/status/719295383655038976"
"11/4/2016 0:01:36","5","719284222612152322","4","Ya estamos con el tripadvisor del misterio otra vez. #CuartoMilenio","twitter.com/Rocigaot/status/719284222612152322"
"10/4/2016 23:46:07","1","719280323251580928","","@ailalelo eu tamén! sería a primeira vez dende que sigo o programa que sacaran algo que de verdade da yuyu","twitter.com/Rocigaot/status/719280323251580928"
"10/4/2016 23:44:04","1","719279808065236992","","'Aquí está un selfie, que no es que sea un selfie porque nos lo sacó otra persona'. #CuartoMileniopic.twitter.com/kZwaW2FZpt","twitter.com/Rocigaot/status/719279808065236992"
"10/4/2016 23:37:10","1","719278071023562753","","¿Una adolescente usando su diario para poner a caldo a su hermana y decir que está loca? Insólito, Carmen. #CuartoMilenio","twitter.com/Rocigaot/status/719278071023562753"
"10/4/2016 23:33:31","2","719277153947381760","","Chupito por cada vez que Carmen diga 'niñas NEGRITAS'. #CuartoMilenio","twitter.com/Rocigaot/status/719277153947381760"
"10/4/2016 23:32:03","3","719276785314213888","2","@ComandanteVimes o humor amarillo. El Ateo Crudeiro tiene que saltar las zamburguesas sin caer para que le den su certificado de bautismo","twitter.com/Rocigaot/status/719276785314213888"
"10/4/2016 23:28:59","","719276010454269953","3","@ComandanteVimes 'Paco tendrá que pedir sus papeles en el arzobispado sujetando un globo entre las rodillas y perseguido por una vaquilla'","twitter.com/Rocigaot/status/719276010454269953"
"10/4/2016 23:26:34","2","719275403563687936","","@Xiscally ¡Hostias, qué grande!","twitter.com/Rocigaot/status/719275403563687936"
"10/4/2016 23:17:28","1","719273112509014016","1","@Xiscally a nosotras nos habían dejado unos folletos, en 1º ó 2º de BUP, con información por si queríamos unirnos a la congregación.","twitter.com/Rocigaot/status/719273112509014016"
"10/4/2016 23:07:41","1","719270650301542400","","@Dr_Fleibur te doy sólo a fav y no a RT por si la Fiscalía. :P","twitter.com/Rocigaot/status/719270650301542400"
"10/4/2016 22:59:24","1","719268565753458688","","@Facking_Ancho uf, yo tuve una racha ahí atrás por la que creo que me convalidan tanto que entro de madre superiora directamente.","twitter.com/Rocigaot/status/719268565753458688"
"10/4/2016 22:57:25","2","719268067398848512","3","Claro que a Fernández Díaz en vez de mandarlo al psiquiatra le dieron un Ministerio, ya ves tú, ahí cada uno a su rollo.","twitter.com/Rocigaot/status/719268067398848512"
"10/4/2016 22:56:27","","719267826658328576","","@sil_loh na, va a continuación!","twitter.com/Rocigaot/status/719267826658328576"
"10/4/2016 22:55:52","5","719267679434117120","4","Yo de estudiante tuve también un vecino que era muy fiestero y le empezó a hablar Dios. Lo mandaron al psiquiatra.","twitter.com/Rocigaot/status/719267679434117120"
"10/4/2016 22:55:03","","719267472784912384","","@sil_loh sí, pero en Coruña me tocaba volver al pijerío. Y no acabé en el convento, milagrosamente XD","twitter.com/Rocigaot/status/719267472784912384"
"10/4/2016 22:51:57","6","719266690870198273","","A mí a los 22 salir con mis amigas pijas tampoco me llenaba, pero en vez de en un convento acabé en bares de jebis. ¯\_(ツ)_/¯","twitter.com/Rocigaot/status/719266690870198273"
"10/4/2016 22:50:29","12","719266322408939520","7","'La señal de que Dios me llamaba es que salir con mis amigas no me llenaba'. Igual es que tenías que cambiar de amigas. #Quierosermonja","twitter.com/Rocigaot/status/719266322408939520"
"10/4/2016 22:29:03","","719260931138695168","","(Se encuentra una reliquia tipo dedo incorrupto de santo) ¡PERO QUÉ ASCO,JODER, CÓMO TENÉIS ESO ASÍ!https://twitter.com/Xuxipc/status/719260554880270336 …Yo ahí metería también a Chicote, por darle algo de emoción. #QuieroSerMonja","twitter.com/Rocigaot/status/719260931138695168"
"10/4/2016 22:22:58","","719259398653231104","","Veo que los Misa Greatest Hits han cambiado poco desde que dejé el cole de monjas a mediados de los 90. #Quierosermonja","twitter.com/Rocigaot/status/719259398653231104"
"10/4/2016 22:21:51","1","719259116988985344","","@flamencastone yo lo guardo casi todo,pero de la 1ªcarrera tengo que mirar lo que se ha quedado desfasado y hacer limpieza.","twitter.com/Rocigaot/status/719259116988985344"
"10/4/2016 22:20:19","6","719258731331133442","3","Una ya está feliz pese al uniforme porque le han dado una cruz 'súper elegante'. Los complementos arreglan cualquier outfit. #Quierosermonja","twitter.com/Rocigaot/status/719258731331133442"
"10/4/2016 22:18:34","","719258290534920192","","Espera, ¿que si me estoy preparando para ser monja tengo que llevar un uniforme feo y recatado? #Quierosermonjapic.twitter.com/QhMboMT8Ws","twitter.com/Rocigaot/status/719258290534920192"
"10/4/2016 22:11:57","","719256624754532353","","¿Habrá una monja borde rollo Risto o jurado de Masterchef? 'Este Ángelus  ha sido mediocre. No pasas a la final' #Quierosermonja","twitter.com/Rocigaot/status/719256624754532353"
"10/4/2016 22:08:45","1","719255820253454337","","@Srta_Angus espérate, que una ya se ve que ha ido el programa a ver si la descubren en Got Talent: Gospel Edition.","twitter.com/Rocigaot/status/719255820253454337"
"10/4/2016 22:07:58","1","719255623230169088","","La salita donde estaban se parece un huevo a la salita de visitas de mi antigua resi. Hay una especie de IKEA para monjas? #Quierosermonja","twitter.com/Rocigaot/status/719255623230169088"
"10/4/2016 22:05:21","","719254963336146944","","Hay una a la que habló Dios tras estar de juerga. No sé si lo suyo es acabar en el convento o en el Ministerio de Interior. #QuieroSerMonja","twitter.com/Rocigaot/status/719254963336146944"
"10/4/2016 22:02:58","3","719254366813872130","1","En lo de las monjas wanabee hay una kika, una con novio ateo y dos hermanas cuya madre cura con piedras.pic.twitter.com/CIFuSwRfzA","twitter.com/Rocigaot/status/719254366813872130"
"10/4/2016 20:28:08","1","719230499949047808","","@familiasunshine @morganaskwlkr así que ahora sigo sin saludarle, pero ya no es porque no le ubique sino que le huyo por brasas.","twitter.com/Rocigaot/status/719230499949047808"
"10/4/2016 20:25:50","1","719229922204598276","","@familiasunshine @morganaskwlkr quién era, hasta que un día descubrí que era camarero de un bar donde solía ir con un novio que tuve EN 2004","twitter.com/Rocigaot/status/719229922204598276"
"10/4/2016 20:24:50","","719229668881264641","","@familiasunshine @morganaskwlkr a mí a veces me da la brasa uno al que me encuentro en bares muy ofendido porque no le saludo (ni sabía...","twitter.com/Rocigaot/status/719229668881264641"
"10/4/2016 20:22:04","","719228971729166337","","@morganaskwlkr @familiasunshine y ya no sé cómo terminó la frase porque en 'te he estado observando' ya empecé a poner tierra de por medio.","twitter.com/Rocigaot/status/719228971729166337"
"10/4/2016 20:21:12","","719228757194747904","","@morganaskwlkr @familiasunshine a mí una vez me paró uno por mi barrio con un 'te he estado observando y me pareces muy atractiva. ¿Quieres","twitter.com/Rocigaot/status/719228757194747904"
"10/4/2016 19:49:24","","719220751166005248","1","@Chinobi_Ninja ay, esta era! http://www.catolicosamoramistad.com/ ","twitter.com/Rocigaot/status/719220751166005248"
"10/4/2016 19:46:12","1","719219946216103936","","@Chinobi_Ninja ni idea,no recuerdo si cobraban por inscribirse. Ya hace como 3años de twitter,que es como 6años perrunos, así que... XD","twitter.com/Rocigaot/status/719219946216103936"
"10/4/2016 19:42:12","","719218941692887040","","@Chinobi_Ninja lo de las Flos Mariae? pues no sé si sigue pero sí, lo había montado la familia esa. Ahora ya, que la gente lo use...","twitter.com/Rocigaot/status/719218941692887040"
"10/4/2016 19:39:44","2","719218319715340289","","La app esa para ligar con otros adictos a Linkedin es un poco como el meetic católico de las Flos Mariae and family.","twitter.com/Rocigaot/status/719218319715340289"
"10/4/2016 19:36:57","","719217618868166657","2","@JessicaFillol ´ADE, ICADE, runner, foodie, playa y mojito'.pic.twitter.com/ClVQiTBbys","twitter.com/Rocigaot/status/719217618868166657"
"10/4/2016 19:23:40","1","719214276439851008","","@ComandanteVimes aquí no, han salido como setas en los últimos meses. Y cuando ves la primera dices 'oye, pues buena idea', pero a la 5ª...","twitter.com/Rocigaot/status/719214276439851008"
"10/4/2016 19:18:40","1","719213019151142912","","@ComandanteVimes el tiempo nos lo dirá, supongo! Al menos por aquí me tiene toda la pinta por el ritmo de aperturas que llevan.","twitter.com/Rocigaot/status/719213019151142912"
"10/4/2016 19:16:54","1","719212573485375489","","@ComandanteVimes que ahora cada día veo una nueva, a veces en los locales que dejaron al cerrar los negocios de las burbujas previas.","twitter.com/Rocigaot/status/719212573485375489"
"10/4/2016 19:16:21","","719212434775547904","","@ComandanteVimes no digo que las lavanderías sean hipster, digo que son burbuja de moda, como antes lo de cigarros electrónicos.","twitter.com/Rocigaot/status/719212434775547904"
"10/4/2016 19:15:15","1","719212156206641152","","@mjdelrio @ComandanteVimes Soria es como Canadá en How I met your mother, que los 80 habían llegado en el noventaytantos. XD","twitter.com/Rocigaot/status/719212156206641152"
"10/4/2016 19:13:26","2","719211701833494528","","@mjdelrio @ComandanteVimes yo tengo ubicadas menos que lavanderías, pero alguna he visto (y +por likes en FB de amigos hispters)","twitter.com/Rocigaot/status/719211701833494528"
"10/4/2016 19:11:50","1","719211297246736388","","@ComandanteVimes y no recuerdo quién de mi TL puso foto el otro día de una tienda de productos para la barba que abrieron en su barrio.","twitter.com/Rocigaot/status/719211297246736388"
"10/4/2016 19:07:04","","719210099420577793","","@mjdelrio yo tengo dos o tres a menos de dos manzanas. Aunque en este barrio hay mucho piso de estudiantes, así que tiene su lógica.","twitter.com/Rocigaot/status/719210099420577793"
"10/4/2016 19:02:45","","719209012613525505","","Pues al final ganaron las barberías, aunque estuvo reñida la cosa.https://twitter.com/Rocigaot/status/718505479081750528 …¿Cuál diríais que es la burbuja de moda ahora mismo?","twitter.com/Rocigaot/status/719209012613525505"
"10/4/2016 18:39:51","2","719203249664999425","","@mjdelrio has hecho algún tuit usando un palabro de entrepreneurs aunque sea para reírte del tema?Porque con eso los invocas siempre XD","twitter.com/Rocigaot/status/719203249664999425"
"10/4/2016 18:22:40","1","719198923294969856","","@NewIlluminatus @Ehproque hombre, a lo mejor no quería comérselo sino llevárselo a los dueños en plan regalo, como cuando cazan un pájaro.","twitter.com/Rocigaot/status/719198923294969856"
"10/4/2016 17:31:24","1","719186023088025600","","@callatonto a menos que ya tuvieras muchas tetas antes,que al crecer parece que te estorban el movimiento de brazos y te sientes un T-rex :(","twitter.com/Rocigaot/status/719186023088025600"
"10/4/2016 16:57:22","","719177456767340544","","@oneafter909_pic.twitter.com/1IHltiVPTL","twitter.com/Rocigaot/status/719177456767340544"
"10/4/2016 15:56:16","","719162080541175808","","@familiasunshine 'es que si no busco su móvil/la espero en la puerta del trabajo/whatever nunca me liaré con ella'pic.twitter.com/DgStXmVCpf","twitter.com/Rocigaot/status/719162080541175808"
"9/4/2016 22:56:29","","718905444534763520","","Calculo el año por los famosos de moda que salen dentro:Take That,Sensación de Vivir. El carbono14 de la superpop.https://twitter.com/Rocigaot/status/718904824188833793 …@Rocigaot Esto no hace más que mejorar. Están apareciendo cosas de cuando era adolescente. 1993-94, calculo. pic.twitter.com/9dPQNx4bYB","twitter.com/Rocigaot/status/718905444534763520"
"9/4/2016 22:54:01","","718904824188833793","","@Rocigaot Esto no hace más que mejorar. Están apareciendo cosas de cuando era adolescente. 1993-94, calculo.pic.twitter.com/9dPQNx4bYB","twitter.com/Rocigaot/status/718904824188833793"
"9/4/2016 22:40:52","2","718901513704337408","","También estoy encontrando notitas que nos poníamos en los apuntes y gracias diosito porque no hubiera redes sociales cuando éramos tan pavas","twitter.com/Rocigaot/status/718901513704337408"
"9/4/2016 22:37:47","1","718900738303344640","","Sí, amiguitos, yo ya era universitaria cuando estrenaron P.Tinto y Amores Perros. Así de viejuna soy.","twitter.com/Rocigaot/status/718900738303344640"
"9/4/2016 22:36:09","2","718900329396453376","","Buscando apuntes de cuando hice Audiovisual he encontrao las sinopsis de pelis de estreno que daban en los Van Dyck.pic.twitter.com/qcMU7ruh4M","twitter.com/Rocigaot/status/718900329396453376"
"9/4/2016 15:44:23","1","718796704842166272","","@La_Muerta_Viva @EstherMMG yo de H&M tengo unos tb, pero me sentaban mejor estos de Primark. A ver este verano si me los traen.","twitter.com/Rocigaot/status/718796704842166272"
"9/4/2016 15:41:24","","718795954997039104","","@EstherMMG @La_Muerta_Viva el modelo de los negros de mi foto me encantaba (los tengo tb verdes) y el año pasado no los trajeron, a ver este","twitter.com/Rocigaot/status/718795954997039104"
"9/4/2016 15:40:29","1","718795723777708036","","@La_Muerta_Viva y cuando te pruebas una talla menos pa que no haga bolsas en la espalda y al quitártela se te queda atascada bajo las tetas!","twitter.com/Rocigaot/status/718795723777708036"
"9/4/2016 15:36:34","","718794735654170624","","@La_Muerta_Viva aparte de que de un modelo a otro varía la talla una burrada. A mí me daría igual pillar la 95 si sé fijo que esa me vale.","twitter.com/Rocigaot/status/718794735654170624"
"9/4/2016 15:34:58","1","718794335123337218","","@EstherMMG @La_Muerta_Viva en camisetas tengo la sensación de que sigue tallando grandecito, pero en otras cosas noto que han reducido.","twitter.com/Rocigaot/status/718794335123337218"
"9/4/2016 15:34:09","","718794127798902784","","@La_Muerta_Viva que yo suelo llevar la 90C (a veces 90D si he engordado y estoy prerreglática), y ahí a veces la 95D me revienta.","twitter.com/Rocigaot/status/718794127798902784"
"9/4/2016 15:32:44","","718793770846838784","1","@La_Muerta_Viva solía tallar grandecito, pero últimamente en algunas cosas tallan más enano. En los sujetadores lo he notado un montón.","twitter.com/Rocigaot/status/718793770846838784"
"9/4/2016 15:27:56","2","718792563096993794","1","@La_Muerta_Viva dos pantalones cortos del Primark,talla 38. El vaquero del verano pasado, el otro de hace 2-3 años.pic.twitter.com/PQFClzTVOz","twitter.com/Rocigaot/status/718792563096993794"
"9/4/2016 1:21:04","1","718579444647112706","","Bueno, y por el riesgo de morir, literalmente, de vergüenza ajena.","twitter.com/Rocigaot/status/718579444647112706"
"9/4/2016 1:20:19","4","718579252799647744","2","Si te contratan para corrector de estilo de un libro de Dalas tienen que pagarte plus de peligrosidad por posibles hemorragias oculares.","twitter.com/Rocigaot/status/718579252799647744"
"8/4/2016 21:46:46","10","718525511832576000","5","Niño del anuncio de 'Puleva mañanas ligeras'. Tu madre no ha descubierto la leche sin lactosa, ha descubierto las drogas. De nada.","twitter.com/Rocigaot/status/718525511832576000"
"8/4/2016 21:09:29","1","718516130747400192","","@Marmota_Maligna WHAT KIND OF SORCERY IS THIS","twitter.com/Rocigaot/status/718516130747400192"
"8/4/2016 20:38:45","2","718508397767827456","3","Pagamos en pistachos y no tendrás derechos laborales, pero compartirás espacio con alguien que ha estado en Silicon Valley. CHOLLAZO.","twitter.com/Rocigaot/status/718508397767827456"
"8/4/2016 20:36:15","","718507768492269572","1","'Director editorial' autónomo, jornada completa, 450-1200€ brutos. Pero eh, con jefe de Silicon Valley. #claroquesí  https://www.infojobs.net/vigo/social-editorial-manager/of-iefc5c6461f4ac4b6cc444e77ea2f3c&applicationOrigin=mahout-view-offer%7Celement~44136a3e-ca5d-4904-a929-7d06bd338c73%7Cversion~IB …","twitter.com/Rocigaot/status/718507768492269572"
"8/4/2016 20:28:15","","718505751765991425","","Creo que se me ha roto el botón de encuestas.","twitter.com/Rocigaot/status/718505751765991425"
"8/4/2016 20:27:10","","718505479081750528","1","¿Cuál diríais que es la burbuja de moda ahora mismo?","twitter.com/Rocigaot/status/718505479081750528"
"8/4/2016 14:49:24","1","718420477111361537","1","Este hilo.https://twitter.com/bukukubukuku/status/718411440013619200 …Y si sois sociólogos preguntaros mejor por qué adultos hechos y derechos han perdido la capacidad de disponer de sus vidas hasta los 40.","twitter.com/Rocigaot/status/718420477111361537"
"8/4/2016 1:10:08","35","718214305628438528","36","'En España ya no se pueden contar chistes de mariquit...pic.twitter.com/SSRkROU1bR","twitter.com/Rocigaot/status/718214305628438528"
"8/4/2016 1:07:06","16","718213541073915904","19","pic.twitter.com/Jq9VrLvFo4","twitter.com/Rocigaot/status/718213541073915904"
"7/4/2016 23:13:53","","718185050555199488","","@Ehproque @Genko sí, y con otro horario preferiría ir en bus, pero no soy la primera ni seré la última que haga un viaje así.","twitter.com/Rocigaot/status/718185050555199488"
"7/4/2016 23:11:43","","718184503018188800","","@Ehproque @Genko  lo de llevar el coche es para llegar el día antes a una hora normal, dormir e ir descansada.El horario del bus es fatal","twitter.com/Rocigaot/status/718184503018188800"
"7/4/2016 23:04:21","1","718182651560140800","","@mjdelrio y para que ceda vamos a convencerla de que si conduce ella VA A MATARSE porque total, ni que necesitara usar el coche nunca más.","twitter.com/Rocigaot/status/718182651560140800"
"7/4/2016 23:03:00","","718182310210846720","","@natxox que cualquier hombre, independientemente de que le guste conducir o tenga costumbre, es más seguro al volante que yo.","twitter.com/Rocigaot/status/718182310210846720"
"7/4/2016 22:56:05","","718180570975612929","","@natxox no, es todo rollo 'vas a tener un accidente porque cómo vas a conducir tanto rato TÚ'.","twitter.com/Rocigaot/status/718180570975612929"
"7/4/2016 22:48:00","1","718178536540999680","","Al no tener hermanos, me quedará siempre la duda de si a un hijO de casi 40 tacos también le dirían 'te llevamos que tú solito no puedes'","twitter.com/Rocigaot/status/718178536540999680"
"7/4/2016 22:46:55","1","718178263626084353","","@Genko si yo no niego que me quieran, pero sigue estando el trasfondo de 'mejor que te lleve porque tú no eres capaz de hacer esto sola'.","twitter.com/Rocigaot/status/718178263626084353"
"7/4/2016 22:45:47","1","718177976328658945","","@mjdelrio así que su opción lógica es que mi padre, a quien no le gusta conducir, haga de chófer para que YO vaya a un examen.","twitter.com/Rocigaot/status/718177976328658945"
"7/4/2016 22:44:48","","718177729963802624","","@mjdelrio mi madre tiene pánico a los coches, a mi padre no le gusta conducir y no les entra en la cabeza que para mí no sea un problema.","twitter.com/Rocigaot/status/718177729963802624"
"7/4/2016 22:42:54","2","718177251225956352","","Que tengo el carnet hace 12 años y conduzco casi a diario hace 8, pero cómo voy a ser capaz de llevar yo solita el coche por una autovía.","twitter.com/Rocigaot/status/718177251225956352"
"7/4/2016 22:41:55","2","718177002495307778","","Tengo drama familiar porque voy a hacer un viaje de 7 horas conduciendo YO SOLA y rechacé la oferta de que me llevara mi padre.","twitter.com/Rocigaot/status/718177002495307778"
"7/4/2016 15:28:19","4","718067886208782337","","Creo que el próximo paso en la hábil estrategia de Cárdenas para limpiar su nombre es amenazar con matar un gatito por cada tuit contra él.","twitter.com/Rocigaot/status/718067886208782337"
"7/4/2016 0:59:12","3","717849163258531840","","@PotiPotiInLove no sé yo, siempre hay más gilipollas.Cuando aprendamos a extraer energía de ellos tendremos la fuente renovable definitiva.","twitter.com/Rocigaot/status/717849163258531840"
"6/4/2016 23:49:39","3","717831663833726982","1","@SantaSuki @morganaskwlkr la que se está liando con uno en un coche y palman los primeros antes de los créditos.","twitter.com/Rocigaot/status/717831663833726982"
"6/4/2016 23:01:40","2","717819587979558912","","pic.twitter.com/aS8JjNCqbD","twitter.com/Rocigaot/status/717819587979558912"
"6/4/2016 22:54:03","3","717817671551754244","4","Cuando estás pasando más hambre con la dieta de lo que te había dicho el endocrino.pic.twitter.com/54j8kHtDhn","twitter.com/Rocigaot/status/717817671551754244"
"6/4/2016 22:52:42","6","717817328960987136","5","¡Miren, muchachos, Scooby encontró un mensaje misterioso!pic.twitter.com/6xM8jeafja","twitter.com/Rocigaot/status/717817328960987136"
"5/4/2016 22:10:45","1","717444383998656512","","@laMascota en plan 'a ver si esta pobre chica ni tiene twitter y no sabe las gilipolleces que andan rulando por ahí asociadas a su jeto'","twitter.com/Rocigaot/status/717444383998656512"
"5/4/2016 22:10:08","2","717444231627980800","","@laMascota a mí nunca me ha pasao, pero es un miedo que me asalta siempre que me llega un reply chungo con una foto parejil. XD","twitter.com/Rocigaot/status/717444231627980800"
"5/4/2016 22:08:32","2","717443825552240641","","y que ande por ahí dejando comentarios de notallmen o compartiendo enlaces de okdiario, y le RT masa enfurecida, y tu jeto ahí.","twitter.com/Rocigaot/status/717443825552240641"
"5/4/2016 22:06:46","2","717443380809216001","","@laMascota podría ser peor. Imagínate liarte con alguien y descubrir que es así cuando ya sales en su foto de avatarpic.twitter.com/e8dKdYjI1M","twitter.com/Rocigaot/status/717443380809216001"
"5/4/2016 22:01:15","2","717441995644469248","","@laMascota ay, calla, que estoy pasando por un caso así. No con Azúa, claro. No sé si desagregar y ya u organizar una intervención. XD","twitter.com/Rocigaot/status/717441995644469248"
"5/4/2016 17:50:01","1","717378767258263552","","@La_Muerta_Viva siempre quedará mandar un mail!  https://www.youtube.com/watch?v=1EBfxjSFAxQ …","twitter.com/Rocigaot/status/717378767258263552"
"5/4/2016 17:42:13","1","717376807092281345","","@La_Muerta_Viva no diré nada, entonces! yo es que los de la temporada 2 y la 3 los lío un poco.","twitter.com/Rocigaot/status/717376807092281345"
"5/4/2016 17:40:11","","717376296565796864","","@La_Muerta_Viva has llegado ya al capítulo del Friendface?","twitter.com/Rocigaot/status/717376296565796864"
"5/4/2016 17:37:34","1","717375636445249536","","@La_Muerta_Viva la primera vez que lo vi,quería decir. Que ahora ya me lo sé de memoria porque es la serie que pongo cuando estoy de bajón","twitter.com/Rocigaot/status/717375636445249536"
"5/4/2016 17:36:36","1","717375394568134656","","@La_Muerta_Viva casi me meo la primera vez que veo ese capítulo. XD","twitter.com/Rocigaot/status/717375394568134656"
"5/4/2016 17:33:25","1","717374592021577729","","@La_Muerta_Viva https://www.youtube.com/watch?v=-oiBSCypUYY …","twitter.com/Rocigaot/status/717374592021577729"
"5/4/2016 17:28:23","1","717373324465205249","","@La_Muerta_Viva yo tengo una camiseta de Moss con esa frase XD","twitter.com/Rocigaot/status/717373324465205249"
"5/4/2016 15:34:43","2","717344720456982530","1","@familiasunshinepic.twitter.com/yUkaCEfnWc","twitter.com/Rocigaot/status/717344720456982530"
"5/4/2016 15:20:31","2","717341144741519361","1","@TavernerV hay pinturas rupestres donde se les ve tomando barritas de esas para reponer fuerzas durante la caza del bisonte.","twitter.com/Rocigaot/status/717341144741519361"
"5/4/2016 14:43:17","5","717331778244120576","2","Al parecer ya podemos comprar barritas paleo como las que tomaban nuestros ancestros #señorllévameprontopic.twitter.com/p45onZepCE","twitter.com/Rocigaot/status/717331778244120576"
"5/4/2016 0:56:59","1","717123832222523398","","@yellowlaura eu téñoa deixado máis dunha vez, pero para as cousas da casa son un desastre, non sei se conto coma opinión cualificada. :P","twitter.com/Rocigaot/status/717123832222523398"
"5/4/2016 0:20:30","1","717114650102525953","","@gmit3 insisto, demasiado joven. Mi TL me hacer sentir viejuna :P","twitter.com/Rocigaot/status/717114650102525953"
"5/4/2016 0:05:12","1","717110800528371718","","@laMascotapic.twitter.com/bzjtlBJ5lw","twitter.com/Rocigaot/status/717110800528371718"
"4/4/2016 23:55:08","2","717108267466489856","","@laMascota hostias, eso es poner el listón folletil muy alto!","twitter.com/Rocigaot/status/717108267466489856"
"4/4/2016 23:52:22","","717107570322894848","","@laMascota al final han jincao, ¿no? Que me he perdido casi todo el capítulo y cuando he vuelto a la tele estaban en la cama de charleta","twitter.com/Rocigaot/status/717107570322894848"
"4/4/2016 23:49:45","1","717106912140124160","","@laMascota yo pensaba que el cambio de Julián por Pacino era definitivo.pic.twitter.com/ra42c5M0TZ","twitter.com/Rocigaot/status/717106912140124160"
"4/4/2016 21:44:39","","717075428922494980","1","Hacía mucho que no me marcaba un #infojobsisdarkandfullofterrors","twitter.com/Rocigaot/status/717075428922494980"
"4/4/2016 21:44:03","1","717075276879040512","1","Con un año de experiencia estarás tres años con contrato de formación porque esto es física nuclear por lo menos. https://www.infojobs.net/a-coruna/marketing-consultoria-web/of-i75fa6ffb24469abbbf780b237fb6e9&applicationOrigin=mahout-application-list%7Celement~62899c6d-3344-47ca-a325-93d3a3794aac%7Cversion~PORTAL10-USERBASED …","twitter.com/Rocigaot/status/717075276879040512"
"4/4/2016 21:40:54","2","717074486357569536","1","¡Criticáis a Camps y a Barberá pero bien que os habéis llevado bolis de la oficina, panda de rojos con doble moral!https://twitter.com/08181/status/717072511024795648 …Cuando crees que el ABC ya no puede superarse... pic.twitter.com/teJ01SNT8g","twitter.com/Rocigaot/status/717074486357569536"
"4/4/2016 18:57:55","","717033468065132544","","@V_vegaf a mí igual me caen algunos por eso, que tengo rachas muy retuiteadoras, pero ¯\_(ツ)_/¯","twitter.com/Rocigaot/status/717033468065132544"
"4/4/2016 15:59:50","3","716988654460276737","2","y eso puede ser porque le ofendáis, porque le aburráis, porque le deis vergüenza ajena, porque hagáis spam de cosas que le dan igual...","twitter.com/Rocigaot/status/716988654460276737"
"4/4/2016 15:57:17","7","716988012408741888","3","Simplemente que pasan mucho de leeros. Y ya.","twitter.com/Rocigaot/status/716988012408741888"
"4/4/2016 15:56:42","4","716987865570406400","4","En serio, los UF o muteos no significan que seáis más incisivos que nadie ni que la gente no esté preparada para aceptar que tenéis razón.","twitter.com/Rocigaot/status/716987865570406400"
"4/4/2016 15:40:46","5","716983854930796544","1","A lo mejor los block/mute no son porque vuestras verdades ofendan sino porque sois más cansinos que matar un burro a besos, mirad a ver.","twitter.com/Rocigaot/status/716983854930796544"
"4/4/2016 12:12:59","1","716931564710526977","","@NewIlluminatus @Tawil va todo, no sólo el trozo de Jon e Ygritte https://www.youtube.com/watch?v=zs7xO5P3Az4 …","twitter.com/Rocigaot/status/716931564710526977"
"4/4/2016 12:11:01","3","716931069543587840","3","'Yo no soy clasista, y lo sé bien que para eso tengo estudios y no como la chusma esa'. Ay, el clásico estilo C's de arreglar cagadas...","twitter.com/Rocigaot/status/716931069543587840"
"4/4/2016 12:03:58","","716929295692742656","1","@jamarish @SnowFey tienen Netflix, pero sólo echa reposiciones de Escenas de Matrimonio y Gym Tony.","twitter.com/Rocigaot/status/716929295692742656"
"4/4/2016 11:42:34","1","716923909493415936","","@2Cronopia pues también puede ser, que tuve una compañera de cuarto en un hotel que temblaban los cimientos con los ronquidos!","twitter.com/Rocigaot/status/716923909493415936"
"4/4/2016 3:10:39","1","716795080493948928","","Si yo desde aquí oigo roncar al vecino de al lado, ¿cómo consigue dormir su novia? porque los tapones tampoco hacen milagros.","twitter.com/Rocigaot/status/716795080493948928"
"4/4/2016 2:40:10","1","716787410403770368","","@Tawil quita, quita, non espertemos ao kraken","twitter.com/Rocigaot/status/716787410403770368"
"4/4/2016 1:50:24","2","716774887612923904","","¿Cuántos replies de nazis fans de Friker me encontraré mañana al último tuit? Yo digo 2, que pa algo soy pocosfollowers.","twitter.com/Rocigaot/status/716774887612923904"
"4/4/2016 1:49:43","12","716774713469612032","12","'Ahora tendremos la culpa por ser occidentales'+'mi admirado Pérez Reverte'. Iker ha petado el cuñadómetro. #CuartoMilenio","twitter.com/Rocigaot/status/716774713469612032"
"4/4/2016 1:10:16","2","716764787800150016","","@Tawil Taxistas japoneses cabreados porque Uber recoge niñas de la curva y les hace competencia desleal.","twitter.com/Rocigaot/status/716764787800150016"
"4/4/2016 1:02:52","2","716762922429587456","","Joder, qué susto, dijeron 'conocedor profundo de Japón' y pensé que volvían a llevar a Sánchez Dragó. #CuartoMilenio","twitter.com/Rocigaot/status/716762922429587456"
"4/4/2016 1:01:38","3","716762612629966849","","Si la señora que se ha sentado en tu sillón te lo ha mojado no es que sea el fantasma de una ahogada, es que necesita Indasec #CuartoMilenio","twitter.com/Rocigaot/status/716762612629966849"
"4/4/2016 0:51:34","2","716760079391973376","","El linkedinés es lo que tiene, si dejas de hablarlo una temporada se oxida mucho.","twitter.com/Rocigaot/status/716760079391973376"
"4/4/2016 0:51:00","2","716759937230249984","","He tenido que googlear cómo coño se llamaba lo que hacía en mi curro del año pasado pa ponerlo en un cuestionario de Infojobs  ¯\_(ツ)_/¯","twitter.com/Rocigaot/status/716759937230249984"
"4/4/2016 0:24:32","1","716753275769454592","","@Tawil igual hai un nicho de negocio no turismo de bajona.","twitter.com/Rocigaot/status/716753275769454592"
"4/4/2016 0:17:59","2","716751627915554816","1","@ComandanteVimes a ver, es de la nobleza. Normalmente al caballo lo abrevará un criado, y el día que tiene que hacerlo él, la lía.","twitter.com/Rocigaot/status/716751627915554816"
"4/4/2016 0:16:33","1","716751269378048001","","@Tawilpic.twitter.com/sFDzYgUkTQ","twitter.com/Rocigaot/status/716751269378048001"
"4/4/2016 0:12:31","2","716750254641692672","1","¿El Perdiguero que llevan siempre donde Friker es el mismo de 'sois unas denunciadoras falsas' en twitter?","twitter.com/Rocigaot/status/716750254641692672"
"3/4/2016 23:44:59","3","716743325328531457","3","Ay qué momia maneja mi barcaaaaa, que a la deriva me llevaaaa... #CuartoMilenio","twitter.com/Rocigaot/status/716743325328531457"
"3/4/2016 23:33:52","4","716740527568330752","","Yo oigo lo de 'hackers patriotas' y me los imagino siendo españoles y con el torero y la sevillana encima de la CPU. #CuartoMilenio","twitter.com/Rocigaot/status/716740527568330752"
"3/4/2016 23:31:40","1","716739970996834304","","@LordoLordor @MargaretCastor como mis primos que iban vaciando la cuenta de la madre con alzheimer pa no repartir herencia,pero a lo grande","twitter.com/Rocigaot/status/716739970996834304"
"3/4/2016 23:19:46","5","716736977719148545","1","@ComandanteVimes @La_Muerta_Viva @Tawilpic.twitter.com/QsrC0bCl2w","twitter.com/Rocigaot/status/716736977719148545"
"3/4/2016 22:43:19","2","716727803538980864","","Tendría que haberme abierto con lo de Mariano la cerveza que me reservo siempre para ver a Friker.","twitter.com/Rocigaot/status/716727803538980864"
"3/4/2016 22:33:59","","716725454036680704","","A Mariano le faltó decir 'tengo el tuister ese'","twitter.com/Rocigaot/status/716725454036680704"
"3/4/2016 22:24:18","12","716723017586458624","7","De lo de presumir de la gestión del Ébola que hicieron, mejor ni hablamos.","twitter.com/Rocigaot/status/716723017586458624"
"3/4/2016 22:22:33","6","716722576932937728","2","Hablando de Teresa Romero. 'La pobre era gallega, de Becerreá'.pic.twitter.com/6KeF7ccaKI","twitter.com/Rocigaot/status/716722576932937728"
"3/4/2016 22:04:52","10","716718127015464962","10","Mariano con lo de Bárcenas es un poco Ross repitiendo todo el rato lo de 'estábamos tomándonos un descanso!'","twitter.com/Rocigaot/status/716718127015464962"
"3/4/2016 21:05:21","","716703150913294337","","@callaquenoveo la gente no siente los colores :(","twitter.com/Rocigaot/status/716703150913294337"
"3/4/2016 20:59:58","2","716701797293940736","2","@_Quimi_ @Ehproque y que lo comparta en FB: 'me han calzado 47 vareadas con palotastic'. A 35 de tus amigos les gusta esto.","twitter.com/Rocigaot/status/716701797293940736"
"3/4/2016 20:58:10","","716701342622941184","","@_Quimi_ @Ehproque pero lo del palo runner también mola. ¡Te persiguen con él para atizarte y anda que si no corres!","twitter.com/Rocigaot/status/716701342622941184"
"3/4/2016 20:56:51","","716701012728406021","","@Ehproque el palo coach es el clásico 'te atizo con una vara si vagueas' de cuando mis padres iban al cole?Porque entonces tb es vintage!","twitter.com/Rocigaot/status/716701012728406021"
"3/4/2016 20:45:13","1","716698083824910337","","@Tawil @La_Muerta_Viva 1día lo dejó, me contó esto,le dije que hacía bien en dejarlo por psicópata, y lo que pasó después os sorprenderá(no)","twitter.com/Rocigaot/status/716698083824910337"
"3/4/2016 20:41:45","1","716697209539047426","","@La_Muerta_Viva @Tawil peor sería que siguieran siendo coleguitas, porque entonces lo mismo la engañaba o la dejaba para volver con ella.","twitter.com/Rocigaot/status/716697209539047426"
"3/4/2016 20:41:08","","716697055280893952","","@La_Muerta_Viva @Tawil y cuando le pregunté a mi amiga si no le acojonaba esa actitud, ella me respondió que no le hacía gracia, pero que(4)","twitter.com/Rocigaot/status/716697055280893952"
"3/4/2016 20:40:14","2","716696830126456833","","@La_Muerta_Viva @Tawil 3 minutos para denunciarla y que se los quitaran (insisto, no para tener él la custodia, no eran suyos: por joderla)","twitter.com/Rocigaot/status/716696830126456833"
"3/4/2016 20:39:11","1","716696567491723264","","@La_Muerta_Viva @Tawil día sí día también, rondaba la casa de ella para ver si dejaba a los niños (de ella, no mutuos) solos aunque fuera(2)","twitter.com/Rocigaot/status/716696567491723264"
"3/4/2016 20:38:13","","716696321801986049","","@La_Muerta_Viva @Tawil una amiga mía se echó un novio que estaba obsesionado con hundirle la vida a su ex novia: tenían broncas por tlf(1)","twitter.com/Rocigaot/status/716696321801986049"
"3/4/2016 20:28:43","2","716693933535989761","","@La_Muerta_Viva @Tawil y luego está el tema de que a veces parece que lo peor y lo más inexcusable que puede pasar en pareja son los cuernos","twitter.com/Rocigaot/status/716693933535989761"
"3/4/2016 20:27:43","2","716693678354464769","","@Tawil @La_Muerta_Viva porque tienes que contar con que su pareja, que te puede caer bien o como el culo, lo va a saber también.","twitter.com/Rocigaot/status/716693678354464769"
"3/4/2016 20:26:54","2","716693473894772736","","@Tawil @La_Muerta_Viva ya, si ya lo sé, pero es que es algo que siempre me ha jodido desde el otro lado.Medir qué cuento a amigas con pareja","twitter.com/Rocigaot/status/716693473894772736"
"3/4/2016 20:24:25","5","716692847534161923","","@La_Muerta_Viva @Tawil me han contado algo para que lo sepa YO, no para que lo sepa mi pareja de turno que no es tan cercano a ellos.","twitter.com/Rocigaot/status/716692847534161923"
"3/4/2016 20:23:31","4","716692623751254016","","@La_Muerta_Viva @Tawil es que además puedo tener 'algo que ocultar', por ejemplo, conversaciones confidenciales con mis amigos/as, que (1)","twitter.com/Rocigaot/status/716692623751254016"
"3/4/2016 20:15:56","2","716690716383174656","","@La_Muerta_Viva @Tawil a mí que ya me da yuyu lo de rellenar el estado sentimental con lo de 'en una relación con menganito'...","twitter.com/Rocigaot/status/716690716383174656"
"3/4/2016 20:11:15","2","716689536064073728","","@La_Muerta_Viva y oye, a mí que no me pongan los cuernos por ser demasiado vago para ponerse a buscar con quien tampoco me halaga mucho XD","twitter.com/Rocigaot/status/716689536064073728"
"3/4/2016 20:10:16","","716689289099276288","","@La_Muerta_Viva hace poco lo discutía con una amiga, que decía que es que ahora lo tienen más fácil para tontear con otras y engañarte (1)","twitter.com/Rocigaot/status/716689289099276288"
"3/4/2016 20:08:47","4","716688916561133568","","@La_Muerta_Viva lo de 'me pusieron los cuernos por culpa del feisbuc' es otra cosa que me enamora el alma.","twitter.com/Rocigaot/status/716688916561133568"
"3/4/2016 20:06:35","2","716688363739353089","","Al final el único de los Borbones que no va a estar metido en ningún chanchullo va a ser Froilán. #froilánkinginthenorth","twitter.com/Rocigaot/status/716688363739353089"
"3/4/2016 20:01:57","4","716687196577742849","3","@La_Muerta_Viva esos cambios de gustos, aficiones y opiniones para adaptarse al otro que ríete tú de la invasión de los ultracuerpos.","twitter.com/Rocigaot/status/716687196577742849"
"3/4/2016 19:58:51","3","716686416219136001","1","@La_Muerta_Viva ufff, qué repeluco me dan esas cosas...","twitter.com/Rocigaot/status/716686416219136001"
"3/4/2016 18:24:16","","716662613778759680","","@Ehproque ya otra cosa es la gente que tengo agregada por compromiso y que me interesa cero, con esos 'dejar de seguir' y vía.","twitter.com/Rocigaot/status/716662613778759680"
"3/4/2016 18:23:00","","716662292469964802","","@Ehproque lo mismo se pasan la vida comentando o dando like a cosas que a mí meh (como el rollo mamás) y todo eso me satura el muro.","twitter.com/Rocigaot/status/716662292469964802"
"3/4/2016 18:21:44","","716661974629814273","","@Ehproque sí, a 'dejar de seguir', y con alguna gente lo he hecho, pero también hay gente que aprecio, me gusta ver lo que publican PERO (1)","twitter.com/Rocigaot/status/716661974629814273"
"3/4/2016 18:18:47","1","716661230962925568","","@Srta_Angus aparte de los sustacos que te llevas viendo a qué dan like o qué comentan por ahí personas a las que creías tan normales XD","twitter.com/Rocigaot/status/716661230962925568"
"3/4/2016 18:17:30","1","716660911709229057","","@Srta_Angus sí, es lo que más rabia me da, antes sólo te salía si compartían,pero ahora como tengas a un megusteador compulsivo la has cagao","twitter.com/Rocigaot/status/716660911709229057"
"3/4/2016 18:10:44","2","716659204996595712","","Que si a mis contactos le molan esas cosas y quieren comentarlas pues ok, pero que no me las tenga que comer yo con patatas, Zuckerberg!","twitter.com/Rocigaot/status/716659204996595712"
"3/4/2016 18:09:40","2","716658939740430336","","Necesito en FB algo parecido al desactivar RT. Jartita estoy de la propaganda electoral, las páginas para mamás y los paulocoehlismos.","twitter.com/Rocigaot/status/716658939740430336"
"3/4/2016 15:49:51","2","716623751341862917","","@Facking_Ancho si estás con más gente, que alguien finja una alergia alimentaria y salid por patas. Igual te libras del pesao y de pagar.","twitter.com/Rocigaot/status/716623751341862917"
"2/4/2016 22:54:19","","716368186300633088","","@Srta_Angus @Tawil luego que si Herodes era mala gente.","twitter.com/Rocigaot/status/716368186300633088"
"2/4/2016 22:49:37","1","716367002508480512","","@Chinobi_Ninja no, y va haciendo falta.","twitter.com/Rocigaot/status/716367002508480512"
"2/4/2016 22:48:35","1","716366742906343425","","@Tawil home, non te fagas iso, tamén podes ver a Inda!pic.twitter.com/OQYqpgNIUN","twitter.com/Rocigaot/status/716366742906343425"
"2/4/2016 22:47:10","3","716366385153253380","1","Los tweets promocionados son siempre un poco WTF (hago captura porque paso de darles RT)pic.twitter.com/fMnDArs5L7","twitter.com/Rocigaot/status/716366385153253380"
"2/4/2016 22:41:39","3","716364997023121409","","@Srta_Angus y al final Pelayo hará pandi con otros niños obligados por mamás pijas wannabe, y los real pijos con los real pijos.","twitter.com/Rocigaot/status/716364997023121409"
"2/4/2016 22:29:43","","716361992550948865","","Pues sí que ha marcado, sí. Lo de los petardos no falla nunca. Bueno, menos cuando anulan un gol, que no pueden despetardar y no te enteras.","twitter.com/Rocigaot/status/716361992550948865"
"2/4/2016 22:27:01","1","716361315292418048","1","Intuyo que ha marcado el Dépor, que ya están los del bar de abajo con la pirotecnia. #petardoyresultado","twitter.com/Rocigaot/status/716361315292418048"
"2/4/2016 17:43:44","","716290022534684672","","@mjdelrio yo eso lo había visto en un capítulo de Anatomía de Grey y pensé que era una flipación, y luego me enteré de que existía de verdad","twitter.com/Rocigaot/status/716290022534684672"
"2/4/2016 17:06:11","1","716280573417926661","","@missultrasonicapic.twitter.com/cvgsLUsyVm","twitter.com/Rocigaot/status/716280573417926661"
"2/4/2016 16:52:19","2","716277086516854785","","Y por supuesto, Annie Bottle con su relaxing cup of café con leche, aunque parece más bien one frapuccino.pic.twitter.com/oBRnuxKwZJ","twitter.com/Rocigaot/status/716277086516854785"
"2/4/2016 16:47:26","3","716275857438982144","","@Tawil @NewIlluminatus vas acabar como Campo Vidalhttps://vine.co/v/imZEmEwnPMQ ","twitter.com/Rocigaot/status/716275857438982144"
"2/4/2016 16:38:56","3","716273716368384000","4","Espe con Pecas, versión supernenas. #paradmepic.twitter.com/HegwxdgvMe","twitter.com/Rocigaot/status/716273716368384000"
"2/4/2016 16:34:53","2","716272698901532673","2","Ah, que si compartes desde ahí en vez de descargar sólo te pone el link. Rajoy versión supernenas, toma 2.pic.twitter.com/QkUy97jkkr","twitter.com/Rocigaot/status/716272698901532673"
"2/4/2016 16:32:49","","716272178442973184","","Y, por supuesto, un Rajoy versión supernena https://share.powerpuffyourself.com/en/5e8cda85-0697-47ea-a92b-c59df2f61e62/animated …","twitter.com/Rocigaot/status/716272178442973184"
"2/4/2016 16:29:26","","716271327389335552","","He visto por ahí un Franco versión supernena y se me ha ocurrido hacer un Trump versión supernena https://share.powerpuffyourself.com/en/5f1eef2b-1cdb-46ac-8512-1a114423694c/animated …","twitter.com/Rocigaot/status/716271327389335552"
"2/4/2016 15:32:42","2","716257046950252544","","@Tabernita y en otros simplemente es gente que tiene jeta por sistema con todo dios, sólo que los no cegados por el amor ya lo sabemos XD","twitter.com/Rocigaot/status/716257046950252544"
"2/4/2016 15:31:04","","716256635749076992","","@Tabernita la coña es que en la mayoría de casos que vi la chica creía que era amistad sincera (aun cuando el resto lo veíamos a leguas)","twitter.com/Rocigaot/status/716256635749076992"
"2/4/2016 15:25:11","6","716255155549814784","4","Con la diferencia de que ella te tiene a ti de suplente para los marrones donde el titular se escaquea, y tú no tienes suplente.","twitter.com/Rocigaot/status/716255155549814784"
"2/4/2016 15:23:35","21","716254753349640192","14","'Porque él no le da tanto como yo, y quién es tan tonta de seguir pillada por una persona que no te da lo que esperas'. TÚ, MELÓN.","twitter.com/Rocigaot/status/716254753349640192"
"2/4/2016 15:15:09","17","716252631660949505","8","La tonta es ella y no él, que no vio lagunas en el plan de 'sí,tiene novio, pero si le hago de chofer y le paseo al perro caerá a mis pies'","twitter.com/Rocigaot/status/716252631660949505"
"2/4/2016 15:11:52","20","716251805701812225","6","y entonces la tonta es ELLA. Y no por no ver el buitreo, ojo, sino por rechazarle. Porque corresponder amistad con amistad es una ofensa.","twitter.com/Rocigaot/status/716251805701812225"
"2/4/2016 15:08:22","13","716250925275414529","10","hasta que un día él cree que ha visto la ocasión, la chica le para en seco, él ve que no van a pagarle sus favores en sexo y se ofende","twitter.com/Rocigaot/status/716250925275414529"
"2/4/2016 15:06:54","11","716250557166526464","7","así que la chica tenía a su novio y a un colega (porque así es como él se presenta, no olvidemos, como colega) siempre dispuesto a ayudar","twitter.com/Rocigaot/status/716250557166526464"
"2/4/2016 15:04:45","9","716250015182794752","7","se ofrecía para solucionar cualquier marrón a su objetivo: acompañarla de compras, pasearle al perro, ayudarla a cargar cajas en una mudanza","twitter.com/Rocigaot/status/716250015182794752"
"2/4/2016 15:03:19","10","716249652924981250","7","a ver si algún día que la guapérrima y el maromo discutieran él podía hacer de paño de lágrimas y de paso pillar cacho. Y mientras tanto","twitter.com/Rocigaot/status/716249652924981250"
"2/4/2016 15:02:33","13","716249459680784384","7","Normalmente te lo decía uno que se había pillado por la tía guapísima (y ennoviadísima) de turno, que iba de amigo y estaba ahí acechando","twitter.com/Rocigaot/status/716249459680784384"
"2/4/2016 15:01:04","14","716249088870711296","9","'las tías sois tontas porque os colgáis por el capullo y al tío majo (yo) sólo lo tenéis de amigo para contarle las penas y pedirle favores'","twitter.com/Rocigaot/status/716249088870711296"
"2/4/2016 15:00:11","7","716248866182590464","8","Mi adolescencia está más lejos que la de la chica de los RT anterior, así que aún no se usaba lo de friendzone, pero sí había un clásico:","twitter.com/Rocigaot/status/716248866182590464"
"2/4/2016 2:08:28","2","716054655596408833","1","Me habéis dado envidia y me he hecho el gif de supernena. Aunque de siempre he sido muy Cactus.pic.twitter.com/NaISoLvpIe","twitter.com/Rocigaot/status/716054655596408833"
"1/4/2016 23:36:35","1","716016434808229888","","@perradesatan a mí me ha echado sermones de lo poco sano que es beber leche gente que tiene la farlopa en la base de su pirámide alimenticia","twitter.com/Rocigaot/status/716016434808229888"
"1/4/2016 23:01:49","","716007684391235584","","@perradesatan a mí la mía me los compraba de adolescente porque alguna amiga leyó no sé dónde que adelgazaba. Aún les tengo tirria.","twitter.com/Rocigaot/status/716007684391235584"
"1/4/2016 20:04:31","4","715963064697425920","3","Si tienes que ir a la sede de la RAE y no te orientas bien en Madrid, siempre puedes guiarte por el olfato y seguir el rastro de Barón Dandy","twitter.com/Rocigaot/status/715963064697425920"