"date","fav","id","rt","text","url"
"29/2/2016 15:53:20","31","704318540946542593","44","Un mensajero se queda el móvil de una clienta para intentar ligar con ella, la chica se queja a la empresa y la mala es ella. Ajá.","twitter.com/Rocigaot/status/704318540946542593"
"29/2/2016 16:23:47","1","704326203373723648","","@Nigridal @mjdelrio (si empezáis multi con el personaje quitadme,que me voy a currar y al volver me encuentro esto precioso :P)","twitter.com/Rocigaot/status/704326203373723648"
"29/2/2016 16:22:33","2","704325892324069376","","@mjdelrio hay un hilo rulando por ahí, la chica se quejó a MRW y la están llamando de todo porque a ver si el pobre se va al paro.","twitter.com/Rocigaot/status/704325892324069376"
"29/2/2016 16:19:06","1","704325025407614977","","@FriKitty ahí está.","twitter.com/Rocigaot/status/704325025407614977"
"29/2/2016 16:14:19","12","704323822451875840","13","Porque es lo mismo, tú has cedido tus datos a una empresa a la que has contratado un servicio y alguien los está usando para otros fines.","twitter.com/Rocigaot/status/704323822451875840"
"29/2/2016 16:13:11","12","704323538757492736","11","¿No lo veríais fuera de lugar? ¿No os mosquearía y pondríais una queja? Pues entonces, por qué si el objetivo es follar tienes que callarte?","twitter.com/Rocigaot/status/704323538757492736"
"29/2/2016 16:11:47","10","704323185764921345","13","'Si quieres me paso y te comento mis tarifas'. (Al rato) '¿Te ha molestado?Lo siento, no era mi intención'. (Al rato) '¿Pero me contratas?'","twitter.com/Rocigaot/status/704323185764921345"
"29/2/2016 16:10:54","9","704322960400785408","11","'Y al entregarte el paquete me fijé en que tu casa tiene potencial pero está muy anticuada. Piénsalo, porque podría darle un aire nuevo'","twitter.com/Rocigaot/status/704322960400785408"
"29/2/2016 16:10:27","13","704322848261849088","13","En serio, pensadlo. Os dejan un paquete y al rato empezáis a recibir whatsapps:'soy el mensajero. También soy decorador de interiores'","twitter.com/Rocigaot/status/704322848261849088"
"29/2/2016 15:55:50","19","704319168909340674","19","Pero eh, si lo que pasa es que un tío quiere ligar, ni tu negativa a seguirle el rollo ni la LOPD tienen por qué interponerse, qué diablos.","twitter.com/Rocigaot/status/704319168909340674"
"29/2/2016 15:54:28","13","704318826477916160","16","Si el chaval se quedara el contacto de clientes porque tuviera otro negocio aparte y se dedicara a spamear, nadie vería mal la queja.","twitter.com/Rocigaot/status/704318826477916160"
"29/2/2016 15:44:14","8","704316252110626816","2","@adiplotti @DamagedBrainzs yo lo metería en el cartel promocional: 'la película que cabreó a Dalas' .","twitter.com/Rocigaot/status/704316252110626816"
"29/2/2016 4:27:45","","704146009329369088","","Pues yo me había ido a dormir y me han despertao los ronquidos del de abajo.pic.twitter.com/KNZTaFFIJJ","twitter.com/Rocigaot/status/704146009329369088"
"29/2/2016 2:26:21","1","704115456018399233","","Ay, los 90, qué época más aciaga para los estilismos.","twitter.com/Rocigaot/status/704115456018399233"
"29/2/2016 2:13:44","","704112283019038720","","@NtmeC que bueno, era 1998 y decíamos 'no me la destripes', pero pal caso igualito. XD","twitter.com/Rocigaot/status/704112283019038720"
"29/2/2016 2:11:15","1","704111658243899392","","@NtmeC ay, aún recuerdo cuando se estrenó en cine y una amiga me acusó de spoilearla (sin yo haberla visto) por decir que el barco se hundía","twitter.com/Rocigaot/status/704111658243899392"
"29/2/2016 2:10:34","","704111485052706816","","Aunque claro, a Leo no le subían el precio por matrícula extraordinaria cada vez que aspiraba al Oscar y palmaba, y eso le resta emoción.","twitter.com/Rocigaot/status/704111485052706816"
"29/2/2016 2:09:01","1","704111094021885953","","Después de tanto chasco, como esta vez se lleve el Oscar Leonardo Di Caprio va a estar como yo cuando por fin aprobé Fonética.","twitter.com/Rocigaot/status/704111094021885953"
"29/2/2016 1:50:04","","704106326125846529","","Hacer un gif con el levantamiento de un cadáver ok,pero inventarte una hija enferma pa timarle 50euros a un famoso es lo peor #CuartoMilenio","twitter.com/Rocigaot/status/704106326125846529"
"29/2/2016 1:47:30","5","704105681922736128","3","Espera, que estaban cuñadeando con el 'nosotros detectaríamos el peligro' y Friker pica con el 'me faltan 5euros pal bus' #CuartoMilenio","twitter.com/Rocigaot/status/704105681922736128"
"29/2/2016 1:37:58","1","704103279156961280","","@Tawil Unagiii!pic.twitter.com/dZlQD3zUXA","twitter.com/Rocigaot/status/704103279156961280"
"29/2/2016 1:35:21","6","704102621204910082","4","Paco Pérez Abellán es el cuñao del crimen. 'Te mataron por pardillo, a mí es que me viene un psicópata y le calo en cerocoma' #CuartoMilenio","twitter.com/Rocigaot/status/704102621204910082"
"29/2/2016 1:29:49","2","704101231325782016","1","Ahora con el Blablacar subís al coche a cualquier asesino; no como antes, que como mucho subías a la niña de la curva #CuartoMilenio","twitter.com/Rocigaot/status/704101231325782016"
"29/2/2016 0:49:53","2","704091181601464320","","@RaulGanemos o sueltan frases tan grandiosas como 'ahí va mucha gente a suicidarse y también a hacerse fotos de boda'.","twitter.com/Rocigaot/status/704091181601464320"
"29/2/2016 0:49:09","2","704090994271248385","","@RaulGanemos pero es que de cuando en cuando, cada vez menos, tienen un debate gloriosamente absurdo y te echas unas risas en twitter.","twitter.com/Rocigaot/status/704090994271248385"
"29/2/2016 0:45:38","3","704090109193359360","1","Ay, esperaos, que se ve que hoy toca sección de victim blaming con 'os liáis con cualquiera y así os secuestran, golfas' #CuartoMilenio","twitter.com/Rocigaot/status/704090109193359360"
"29/2/2016 0:34:53","2","704087404198633472","","@SantaSuki me he aburrido sólo con leerlo, lo que tiene que ser un polvo así. XD","twitter.com/Rocigaot/status/704087404198633472"
"29/2/2016 0:29:20","","704086008149712897","1","¿Otra vez el Zika, Friker? #CuartoMilenio","twitter.com/Rocigaot/status/704086008149712897"
"29/2/2016 0:02:58","6","704079374233018368","3","Facebook, igual tienes el listón del entusiasmo pelín bajito.pic.twitter.com/WmJ5mtC7y4","twitter.com/Rocigaot/status/704079374233018368"
"28/2/2016 23:39:27","1","704073456548245504","","@Tawil QUÉ PUTA PASADA LOS SUICIDOS!!","twitter.com/Rocigaot/status/704073456548245504"
"28/2/2016 22:43:33","2","704059387200061440","1","@TavernerV @shakesphobic pero deixan grandes anécdotas, coma un que tiven que o que mellor levaba de Filo era 'la perestroika de Platón'","twitter.com/Rocigaot/status/704059387200061440"
"28/2/2016 22:41:50","2","704058954272342016","","@TavernerV @shakesphobic aínda que iso úsoo máis en clases particulares cando teño algún de tipo marmota. XD","twitter.com/Rocigaot/status/704058954272342016"
"28/2/2016 22:41:01","2","704058750823440386","","@TavernerV @shakesphobic eu ás veces cando están moi na parra solto algunha burrada a ver se alguén se entera ou non están facendo nin caso","twitter.com/Rocigaot/status/704058750823440386"
"28/2/2016 22:36:10","2","704057528380956672","","@shakesphobic @TavernerV tamén, pero en plan extraescolares, exames oficiais e similares, non de insti.","twitter.com/Rocigaot/status/704057528380956672"
"28/2/2016 22:27:07","2","704055250689388544","","@TavernerV @shakesphobic catro palabras: Herodes, qué razón tiñas.","twitter.com/Rocigaot/status/704055250689388544"
"28/2/2016 22:09:30","1","704050820229292032","","@shakesphobic eu son máis ben extrovertida e hai días que repartiría orfidales na clase, en plan pais de Madeleine. XD","twitter.com/Rocigaot/status/704050820229292032"
"28/2/2016 22:07:33","","704050330108092416","","Por cierto, y ya que el cuadro este me lo ha recordado. Youtube, ¿a qué viene tu empeño en que vea el puto vídeo del parto de Verdeliss?","twitter.com/Rocigaot/status/704050330108092416"
"28/2/2016 22:05:43","","704049868038348802","","El vídeo del parto de la Domus, versión vintage.https://twitter.com/hematocritico/status/704039628211359746 …Cuando estás buscando material para El Hematocrítico de Arte y encuentras algo que no te encaja pero que ... pic.twitter.com/Tsy1Lix15U","twitter.com/Rocigaot/status/704049868038348802"
"28/2/2016 21:31:11","","704041175783710720","1","Vaya por dios, y San Valentín ya ha pasado.https://twitter.com/CrapTaxidermy/status/704040375078494209 …Nana nana nana nana, RATPANTS!!! pic.twitter.com/IH2nKtcR5S","twitter.com/Rocigaot/status/704041175783710720"
"28/2/2016 20:50:42","3","704030986959507456","1","@SantaSuki tienes que tener de forma natural las tetas grandes pero apuntando pa arriba. Y tenerlas estando delgada, que si no es trampa.","twitter.com/Rocigaot/status/704030986959507456"
"28/2/2016 20:17:38","2","704022666861158400","","Sé que la mayoría de mis followers no irá al kiosko a comprarme chuches(a ver si funciona el chantaje moral como con los cartelitos de FB).","twitter.com/Rocigaot/status/704022666861158400"
"28/2/2016 20:08:07","1","704020269891977216","","@Marmota_Maligna @SoniniSumode pues na, colecho los seis juntos hasta que los críos se vayan a la universidad XD","twitter.com/Rocigaot/status/704020269891977216"
"28/2/2016 20:06:12","2","704019788700504064","","@Marmota_Maligna @SoniniSumode yo viví 6 años en pisos mini y para una persona sola ok,pero ya para vivir en pareja me parece poco espacio.","twitter.com/Rocigaot/status/704019788700504064"
"28/2/2016 20:03:09","2","704019020580835328","","@Marmota_Maligna @SoniniSumode luego será 'en ese miniespacio hazle a los niños habitaciones individuales y cuarto de juegos' XD","twitter.com/Rocigaot/status/704019020580835328"
"28/2/2016 18:24:49","","703994274661187585","","Es muy lo que me pasaría a mí en una guerra. Eso o ir sobreviviendo haciéndome la muerta y que me maten justo antes de firmarse la paz.","twitter.com/Rocigaot/status/703994274661187585"
"28/2/2016 18:23:29","1","703993937833422848","1","Tengo de fondo Las 2 torres,y ese orco que mata la 1ª flecha tras pegarse la pateada al abismo de Helm es el personaje que más me representa","twitter.com/Rocigaot/status/703993937833422848"
"28/2/2016 14:20:43","","703932845937598466","","@DaniSPrK @Tabernita 34 kilitos tendría que pesar yo, para ser una de esas famosas top models de metro y medio. :P","twitter.com/Rocigaot/status/703932845937598466"
"28/2/2016 13:54:50","","703926332426686464","","No soy la única que vio lo de RIP Keith en la lista de TT y pensó que había cascao Keith Richards, ¿verdad?","twitter.com/Rocigaot/status/703926332426686464"
"28/2/2016 2:18:58","1","703751210805960704","","@ComandanteVimespic.twitter.com/Ta8g3Icb9v","twitter.com/Rocigaot/status/703751210805960704"
"28/2/2016 1:17:37","2","703735773657505793","1","@Marco_Erebus @ComandanteVimes y por favor, dónde está el portal para cruzar a esa dimensión paralela??","twitter.com/Rocigaot/status/703735773657505793"
"27/2/2016 22:47:06","","703697894252134402","","@ComandanteVimes por obleas pensé que tendría más suerte, pero de momento parece que lo que me sale son cosas para hacer tartas","twitter.com/Rocigaot/status/703697894252134402"
"27/2/2016 22:44:25","","703697216297439234","","@ComandanteVimes ya, lo estaba buscando yo también XDDD","twitter.com/Rocigaot/status/703697216297439234"
"27/2/2016 22:43:56","3","703697097518874625","","@macorina @El_Semisotano llevemos el hipsterismo vintage un paso más allá: abramos una cafetería donde cuelen el café con un calcetín!","twitter.com/Rocigaot/status/703697097518874625"
"27/2/2016 22:39:47","","703696054013845508","","@ComandanteVimes ¿tendrán hostias en Aliexpress?","twitter.com/Rocigaot/status/703696054013845508"
"27/2/2016 22:24:57","3","703692320701616128","1","@adiplotti ¿cuál es la norma ISO para controlar la transustanciación de las hostias?","twitter.com/Rocigaot/status/703692320701616128"
"27/2/2016 22:18:28","2","703690687926157312","","@adiplotti mira que llevamos un rato haciendo coñas de esto con @ComandanteVimes y ahora creí leer 'las bolas chinas acorralan a las monjas","twitter.com/Rocigaot/status/703690687926157312"
"27/2/2016 22:13:31","6","703689443379716096","2","@Srta_Angus @ComandanteVimes por sólo un avemaría más puedes hacer tu menú gigante con la sangre de cristo en vaso de litro","twitter.com/Rocigaot/status/703689443379716096"
"27/2/2016 22:11:53","","703689030584700928","","@fmiz sabe igual que la oblea del turrón.","twitter.com/Rocigaot/status/703689030584700928"
"27/2/2016 22:08:28","4","703688170446176256","2","@Srta_Angus @ComandanteVimes 
-CuerpodeCristo, tu pedido?
-Quería un CristoMenú mediano con hostia texmex
-Algún extra?
-Nuggets consagrados","twitter.com/Rocigaot/status/703688170446176256"
"27/2/2016 22:00:48","5","703686241578000385","1","@ComandanteVimes camarero, hay un Buda en mi hostia!","twitter.com/Rocigaot/status/703686241578000385"
"27/2/2016 20:44:33","3","703667054524690433","","@Tawil @zezenzuska aficionados! yo aún tengo esto rulando por casa.pic.twitter.com/XAAbxiqRs9","twitter.com/Rocigaot/status/703667054524690433"
"27/2/2016 20:37:10","","703665194409529344","","@NtmeC uf, algún verano castellano he pasado así. He llegado a plantearme dormir en la terraza o en la bañera.","twitter.com/Rocigaot/status/703665194409529344"
"27/2/2016 20:33:18","","703664220882255872","","@NtmeC yo con 22-24 grados soy feliz. Por encima de 25 ya me va llegando, y por encima de 30 me pongo de mala hostia.","twitter.com/Rocigaot/status/703664220882255872"
"27/2/2016 20:29:44","","703663324236484608","","@NtmeC tengo una amiga que dice que no tengo termorreceptores. Aunque el calor lo llevo fatalísimo.","twitter.com/Rocigaot/status/703663324236484608"
"27/2/2016 20:28:05","","703662910023868416","","@NtmeC igual tampoco soy la mejor referencia para eso de si se pasa frío con una ropa o no XD","twitter.com/Rocigaot/status/703662910023868416"
"27/2/2016 20:27:44","","703662819741401088","","@NtmeC yo con los leggins sí noto calor, aunque yo en Salamanca en febrero salía con camiseta de manga corta y cazadora vaquera, así que...","twitter.com/Rocigaot/status/703662819741401088"
"27/2/2016 20:24:16","","703661947540135936","","@NtmeC yo cuando fui a Dublín me llevé todo vestidos y leggins de esos para poder tirar 2semanas con equipaje de mano de Ryanair. XD","twitter.com/Rocigaot/status/703661947540135936"
"27/2/2016 20:21:11","1","703661172801798144","","@NtmeC qué fallo! hay que tener unos de fondo de armario para estos casos!","twitter.com/Rocigaot/status/703661172801798144"
"27/2/2016 20:18:39","","703660533803819008","","@NtmeC puedes salir en chándal con unos leggins térmicos debajo.","twitter.com/Rocigaot/status/703660533803819008"
"27/2/2016 0:23:18","1","703359713371627522","","@Srta_Angus a mí ahora me da penica cuando veo 'El día de la bestia', aunque nunca me dio por llorar con esa.","twitter.com/Rocigaot/status/703359713371627522"
"27/2/2016 0:01:13","","703354156283727872","","@kalevorroko na, logo empezaremos con Generation AA, AB e así sucesivamente, coma cas matrículas dos coches de ANTES.","twitter.com/Rocigaot/status/703354156283727872"
"26/2/2016 23:59:49","","703353805954523136","","@familiasunshine y yo que ahora solo curro de tardes, y a veces no consigo levantarme ni pa ir a la piscina antes de comer XD","twitter.com/Rocigaot/status/703353805954523136"
"26/2/2016 23:53:29","2","703352210365743104","","@familiasunshine en mi ex curro empezaba a las 6:00, y mientras me hacía el café veía por la ventana a runners corriendo POR GUSTO. #REDRUM","twitter.com/Rocigaot/status/703352210365743104"
"26/2/2016 23:42:13","2","703349375800623109","","@familiasunshine yo que ya flipaba con lo de los libros de colorear para adultos,que se ve que son más mindfulness que pintar uno de Pocoyó","twitter.com/Rocigaot/status/703349375800623109"
"26/2/2016 23:41:07","5","703349101136650245","","Cuando todo dios está poniendo fotos de nieve pero en tu ciudad sólo hay lluvia o granizo, como siempre.pic.twitter.com/uED6zAfwsi","twitter.com/Rocigaot/status/703349101136650245"
"26/2/2016 23:39:50","1","703348775184678912","","@mjdelrio yo como no vaya de reenganche un día que salga...","twitter.com/Rocigaot/status/703348775184678912"
"26/2/2016 23:39:18","","703348641273126913","","@familiasunshine What?pic.twitter.com/8t0ZhYhkqb","twitter.com/Rocigaot/status/703348641273126913"
"26/2/2016 23:37:09","","703348100749008896","","@familiasunshine pa ke kieres saber eso jaja saludos.","twitter.com/Rocigaot/status/703348100749008896"
"26/2/2016 23:36:38","1","703347969513357313","","@laMascota ah, vale! yo es que creo que nunca he quedado pal after, he llegado con la gente con la que había salido, o no he llegado. XD","twitter.com/Rocigaot/status/703347969513357313"
"26/2/2016 23:35:01","","703347564586917891","","@laMascota ¿cuál es la segunda cosa para la que se puede quedar a las 6.30 de la mañana?","twitter.com/Rocigaot/status/703347564586917891"
"26/2/2016 23:31:09","9","703346590266888192","7","¿Quedamos a las 6 de la mañana para una health party de mindfuln...pic.twitter.com/zWmXDH2vMz","twitter.com/Rocigaot/status/703346590266888192"
"26/2/2016 23:30:08","3","703346334338818048","4","Sí, vosotros id yendo que ya llegaré si eso.pic.twitter.com/YwSwWDkYQh","twitter.com/Rocigaot/status/703346334338818048"
"26/2/2016 23:27:42","3","703345724424118272","","@La_Muerta_Viva si hubiera tenido que pagar por este gif lo tendría amortizadísimo a estas alturas!","twitter.com/Rocigaot/status/703345724424118272"
"26/2/2016 23:23:58","2","703344783620763649","1","@La_Muerta_Vivapic.twitter.com/lazqDb7Wfc","twitter.com/Rocigaot/status/703344783620763649"
"26/2/2016 20:51:24","2","703306386533433344","","@_hectrol_ @ComandanteVimes @La_Muerta_Viva A mí me dices romance paranormal y pienso en esto. XDpic.twitter.com/QhE039H4If","twitter.com/Rocigaot/status/703306386533433344"
"26/2/2016 18:04:04","18","703264278955106304","7","Botón de mute, 
hay que pulsarlo más
Botón de mute más.","twitter.com/Rocigaot/status/703264278955106304"
"26/2/2016 17:13:05","3","703251447652163585","1","@ComandanteVimes Hay crowdfunding para financiar esa peli?pic.twitter.com/5AcE36DXcS","twitter.com/Rocigaot/status/703251447652163585"
"26/2/2016 16:03:34","5","703233954137174016","2","¿¿He sido yo??pic.twitter.com/3qR9SwiF80","twitter.com/Rocigaot/status/703233954137174016"
"25/2/2016 23:44:33","","702987573858332672","","Que a lo mejor también hay por ahí gente que es CEO de su puesto de castañera, pero yo sólo tengo controlados a los flipaos de mi sector.","twitter.com/Rocigaot/status/702987573858332672"
"25/2/2016 23:43:10","","702987227274592260","2","Lo de los CEO es para mirárselo también. Romualdo Pérez. CEO en RomPe Digital Marketing. (=Romualdo de autónomo en casa con su portátil).","twitter.com/Rocigaot/status/702987227274592260"
"25/2/2016 23:28:23","1","702983508789174272","","@Ehproque assisted equine intercourse manager.","twitter.com/Rocigaot/status/702983508789174272"
"25/2/2016 23:21:50","1","702981859068809216","","@Chinobi_Ninja Trabajé cuatro años como responsable de 'Equine seed management' en Ganaderías Pascual.","twitter.com/Rocigaot/status/702981859068809216"
"25/2/2016 23:19:07","3","702981174071787520","1","Tampoco descarto que haya un equivalente a 'mamporrero de caballos' en Infojobs que suene a 'trabajo tan guay que no tenemos que pagarte'.","twitter.com/Rocigaot/status/702981174071787520"
"25/2/2016 23:16:46","6","702980585535447040","3","Tengo la teoría de que en Linkedin hay equivalente de cuatro palabros en inglés con 'manager' por medio hasta para 'mamporrero de caballos'","twitter.com/Rocigaot/status/702980585535447040"
"25/2/2016 23:06:39","1","702978037516730368","","@SnowFey @zezenzuska una amiga descubrió tras 1polvo que el tío había sido legionario y se había presentado al casting de Operación Triunfo","twitter.com/Rocigaot/status/702978037516730368"
"25/2/2016 22:56:55","","702975587892240385","","@SnowFey llevarte el chasco sobre la marcha y descubrir que tu rollete votaba a Aznar cuando ya te lo habías tirado.","twitter.com/Rocigaot/status/702975587892240385"
"25/2/2016 22:55:31","1","702975236921270272","","@SnowFey es que si no te ilusionas con alguien y con tanto tiempo descubres que le gustan los tíos, que es del PP, que es fan de Coelho...","twitter.com/Rocigaot/status/702975236921270272"
"25/2/2016 22:50:04","1","702973862661775360","","@SnowFey Bueno, pa eso y para stalkear a potenciales ligues y detectar si tienen algo chungo tipo carnet de NNGG antes de pasar a mayores","twitter.com/Rocigaot/status/702973862661775360"
"25/2/2016 22:49:10","","702973639071830017","","@SnowFey yo a veces creo que si aún conservo FB es para huir a una red social donde todo es más tranquilo cuando aquí se monta 1pifostio","twitter.com/Rocigaot/status/702973639071830017"
"25/2/2016 18:22:08","2","702906438096711680","","@Tawil a min mandáronme publi de un curso de coolhunting.pic.twitter.com/WaqpjVydcm","twitter.com/Rocigaot/status/702906438096711680"
"25/2/2016 15:18:37","1","702860255001231360","","@Dr_Fleibur yo desde que vi una retocada para dar mensajes neonazis...","twitter.com/Rocigaot/status/702860255001231360"
"25/2/2016 14:57:31","","702854941644345346","","O meu último RT seguro que lle mola a @xoancastro","twitter.com/Rocigaot/status/702854941644345346"
"25/2/2016 14:31:58","","702848513558896640","","@Subnorbookpic.twitter.com/QFR6NC4myE","twitter.com/Rocigaot/status/702848513558896640"
"25/2/2016 13:16:37","1","702829549957062656","","@RaulGanemos Y los de 'es la semana del padre/abuelo/hermano/primo. Comparte si tienes padre/abuelo/hermano/primo y le quieres'.","twitter.com/Rocigaot/status/702829549957062656"
"25/2/2016 13:15:16","1","702829209165524992","","@RaulGanemos Con García Márquez fue la leche.Me faltó ver un cartel con su cara y la de 'si un rubio te pide un beso y un moreno el corazón'","twitter.com/Rocigaot/status/702829209165524992"
"25/2/2016 13:14:34","1","702829035261468672","","@RaulGanemos ay, los del chantaje moral son mis superfavoritos, junto a los carteles con citas falsas de gente que se acaba de morir.","twitter.com/Rocigaot/status/702829035261468672"
"25/2/2016 13:09:55","1","702827865876897792","","@RaulGanemos entre esto, las paulocoelhadas, los posts virales intensitos, los 'dale like si querrías que este niño enfermo se curase'...","twitter.com/Rocigaot/status/702827865876897792"
"25/2/2016 12:51:07","1","702823132076384256","","el rollo blogger o youtuber profesional (o intento de) que te enseña a los niños como si te enseña la casa o sus compras para ganar visitas","twitter.com/Rocigaot/status/702823132076384256"
"25/2/2016 12:50:06","1","702822876639064066","","@judgitanilla a mí lo de subir alguna foto a FB tampoco me parece pa tanto,aunque alguna es mucansina. Lo que me da mucho yuyu es (1)","twitter.com/Rocigaot/status/702822876639064066"
"25/2/2016 3:33:44","","702682865310560257","","@xoancastro e xa se o chamas 'Coach de orgasmos' nin che conto.","twitter.com/Rocigaot/status/702682865310560257"
"25/2/2016 2:35:36","","702668235657887750","","@xoancastro estaba xa en modo traca final, sen fase de calentamento previo nin nada. Notábase mogollón.","twitter.com/Rocigaot/status/702668235657887750"
"25/2/2016 2:33:50","","702667789677568000","","@xoancastro  sobreactuaba mogollón e sen medir os tempos. Igual chegaban falando de que tiña que ir despois ao gadis, e aos dous segundos","twitter.com/Rocigaot/status/702667789677568000"
"25/2/2016 2:31:53","","702667296871997440","","@xoancastro falando de pandas e de xente chosca acabo de lembrar esta mítica noticia. http://www.antena3.com/noticias/mundo/cerrado-circo-italia-exhibir-dos-perros-chow-chow-como-osos-panda_2014122200378.html …","twitter.com/Rocigaot/status/702667296871997440"
"25/2/2016 2:29:46","","702666764396666882","","@xoancastro están ahí ahí entre os nenos do piso de ao lado e á amante que finxía orgasmos do veciño que tiven no meu antiguo piso.","twitter.com/Rocigaot/status/702666764396666882"
"25/2/2016 2:24:20","","702665399855407105","","@xoancastro aínda que se un día teño un koala devolvereilla ás miñas amigas nais e mandareilles fotos do bicho a horas intempestivas XD","twitter.com/Rocigaot/status/702665399855407105"
"25/2/2016 2:23:28","1","702665182082945024","","@xoancastro espértanche a ti os koalas un sábado ás 08:30 mandándoche ao whatsapp fotos do neno?O meu está máis xustificado.","twitter.com/Rocigaot/status/702665182082945024"
"25/2/2016 2:19:35","1","702664202847129601","","Es gracioso porque suelen aceptar el tremendo reto LAS MISMAS QUE ESTÁN SUBIENDO FOTOS DEL RETOÑO CADA DÍA NON STOP.","twitter.com/Rocigaot/status/702664202847129601"
"25/2/2016 2:18:58","2","702664049729912832","","¿A vuestro FB ha llegado también lo del 'reto de madres, desafía a tus amigas a subir fotos que muestren que son felices de ser madres'?","twitter.com/Rocigaot/status/702664049729912832"
"24/2/2016 23:08:28","2","702616105190350849","","@SoniniSumode @PotiPotiInLove no, por dios, avalar, avala papá, feminazismos los justos! :P","twitter.com/Rocigaot/status/702616105190350849"
"24/2/2016 23:05:42","3","702615409086877698","","Ah, mira, en el móvil ya me sale el botón de gifs!pic.twitter.com/NQfxUd0ror","twitter.com/Rocigaot/status/702615409086877698"
"24/2/2016 23:03:37","5","702614885897773059","3","@PotiPotiInLove rescato esto que guardo parami futura empresa de carteles motivacionales.pic.twitter.com/Ai6JHmrtuJ","twitter.com/Rocigaot/status/702614885897773059"
"24/2/2016 22:59:08","2","702613760108843008","","Cuando todo el mundo en tu TL está hablando del botoncito de gifs y tú aún te los tienes que buscar por tu cuenta.pic.twitter.com/6CqWxml6zw","twitter.com/Rocigaot/status/702613760108843008"
"24/2/2016 19:13:51","","702557062832717824","","@alitecarlito 'Dale like, etiqueta a diez amigos y verás lo que sale'","twitter.com/Rocigaot/status/702557062832717824"
"24/2/2016 19:10:31","1","702556224777293824","1","@alitecarlito esa pregunta es la versión política de 'sé que muchos no daréis like a este niño enfermo porque estáis muertos por dentro'","twitter.com/Rocigaot/status/702556224777293824"
"24/2/2016 15:44:34","2","702504397193015296","","@ComandanteVimespic.twitter.com/dKZWXBxxHw","twitter.com/Rocigaot/status/702504397193015296"
"23/2/2016 22:27:04","1","702243301924196354","","@oneafter909_ @vgiadas 
-¿Puede hablar el subalterno?
-Pa ke kieres saber eso jaja saludos","twitter.com/Rocigaot/status/702243301924196354"
"23/2/2016 1:06:55","2","701921139174592521","","@srtagalicia @ComandanteVimes @Dr_Fleibur @NtmeC Voy a ir parando ya,no sea que me llamen de la Fiscalía y no os creeréis lo que va después","twitter.com/Rocigaot/status/701921139174592521"
"23/2/2016 1:05:46","1","701920852510711808","","@ComandanteVimes  me ha valido pa esto y para pillar más coñas de La Vida de Brian  @Dr_Fleibur @srtagalicia @NtmeC","twitter.com/Rocigaot/status/701920852510711808"
"23/2/2016 1:04:39","3","701920569474863105","1","@ComandanteVimes @Dr_Fleibur @srtagalicia @NtmeC Su Novia Virgen Le Dijo que Estaba Embarazada de Un Pájaro. ¡No Creerás Lo Que Pasó Luego!","twitter.com/Rocigaot/status/701920569474863105"
"23/2/2016 1:00:02","5","701919407409336320","1","@ComandanteVimes @Dr_Fleibur @srtagalicia @NtmeC ¿Qué versículo del Levítico explica por qué mereces morir? Clica aquí.","twitter.com/Rocigaot/status/701919407409336320"
"23/2/2016 0:57:07","5","701918675679449089","1","@ComandanteVimes @Dr_Fleibur @srtagalicia @NtmeC 'Esta Mujer Miró Atrás Mientras Yaveh Destruía Sodoma y Gomorra. Este Fue Su Castigo'","twitter.com/Rocigaot/status/701918675679449089"
"23/2/2016 0:55:39","","701918304319967232","","@ComandanteVimes @Dr_Fleibur @srtagalicia @NtmeC paradme, que fui a cole de  monjas y a catequesis  y tengo material pa toda la noche.","twitter.com/Rocigaot/status/701918304319967232"
"23/2/2016 0:55:00","11","701918139471290368","1","@ComandanteVimes @Dr_Fleibur @srtagalicia @NtmeC Cinco falsos ídolos que despertarán la ira de Yaveh.","twitter.com/Rocigaot/status/701918139471290368"
"23/2/2016 0:52:13","3","701917441165758464","1","@ComandanteVimes @Dr_Fleibur @srtagalicia @NtmeC Holofernes Creyó Que Tenía Tema con Judit. Mira Qué Sorpresa Se Llevó.","twitter.com/Rocigaot/status/701917441165758464"
"22/2/2016 22:27:19","","701880976910192641","","Tengo a un par de conocidos (en persona, digo) haciéndole un notice me senpai involuntario a masa enfurecida que pa qué.","twitter.com/Rocigaot/status/701880976910192641"
"22/2/2016 13:11:06","2","701740998154706944","","Entonces, las medidas que proponga/apoye Ciudadanos irán a gusto de los que comentan noticias en los digitales?Ajá..pic.twitter.com/thLFmdVgLi","twitter.com/Rocigaot/status/701740998154706944"
"21/2/2016 12:28:01","2","701367770685038592","","@NewIlluminatus Al final ni apocalipsis nuclear, ni apocalipsis zombie ni na. Moriremos todos en un apocalipsis de vergüenza ajena.","twitter.com/Rocigaot/status/701367770685038592"
"20/2/2016 13:15:18","1","701017281376161792","","@Ruviadebote mira, como Rajoy! XD","twitter.com/Rocigaot/status/701017281376161792"
"20/2/2016 13:00:59","2","701013676493561857","1","@Beatriz_efe Y más si recibes el mensaje de que si tú fallas no estás fallando tú, estás demostrando que 'las mujeres son malas en...'","twitter.com/Rocigaot/status/701013676493561857"
"20/2/2016 12:57:04","3","701012691465408512","3","La gente empieza a sospechar cuando los guiones de la serie llevan frases como 'los vikingos muy vikingos y mucho vikingos'.","twitter.com/Rocigaot/status/701012691465408512"
"20/2/2016 12:55:48","4","701012373293899776","5","En 'Tú a Vikings y yo a la Moncloa', un político y un guionista descubren que son gemelos e intercambian sus vidas. http://www.elmundo.es/f5/2016/02/19/56c72e52ca474134688b45d8.html …","twitter.com/Rocigaot/status/701012373293899776"
"20/2/2016 0:31:53","17","700825158727049216","15","Cuando acababas en una fiesta de piso llena de Erasmus y como no entendías ni jota te limitabas a comer y beber.pic.twitter.com/B18awjLlzp","twitter.com/Rocigaot/status/700825158727049216"
"20/2/2016 0:13:49","2","700820614899085316","1","@missultrasonicapic.twitter.com/l0pLOtWkvM","twitter.com/Rocigaot/status/700820614899085316"
"19/2/2016 18:57:50","","700741092774432768","","Mamis de mi polideportivo: la piscina es cubierta y climatizada, igual es pelín exagerado mandar al crío a natación en mono de neopreno.","twitter.com/Rocigaot/status/700741092774432768"
"19/2/2016 15:29:44","3","700688725227892738","","He puesto 'ETA' en tantos tuits seguidos que a lo mejor tenéis que llevarme un bocata con lima dentro a la cárcel.","twitter.com/Rocigaot/status/700688725227892738"
"19/2/2016 15:28:15","","700688351624458240","","'Y en nuestro haul de belleza de hoy analizaremos varias marcas de labiales mate para ver cuáles son ¡Uau! y cuáles son ETA'","twitter.com/Rocigaot/status/700688351624458240"
"19/2/2016 15:24:35","","700687428915433472","","Restaurantes llamando a Chicote porque les están dejando muchos 'es ETA' en las críticas de tripadvisor.","twitter.com/Rocigaot/status/700687428915433472"
"19/2/2016 15:22:41","1","700686949623812097","","Los boletines de notas incluyendo 'Es ETA'. Para llegar a casa el día de fin de curso diciendo: 'mamá, soy ETA en Mates y en Inglés'","twitter.com/Rocigaot/status/700686949623812097"
"19/2/2016 15:21:06","2","700686550766481408","","La Cosmopolitan sacando un reportaje de '¿Tu relación no tiene futuro? 15 signos de que tu chico es ETA'","twitter.com/Rocigaot/status/700686550766481408"
"19/2/2016 15:20:02","4","700686284101058561","10","Facebook habilitando un botón 'Esto es ETA' para las publicaciones que no te molan.","twitter.com/Rocigaot/status/700686284101058561"
"19/2/2016 15:19:12","3","700686072762671104","","@Marmota_Maligna @fmiz pero no sólo entre colegas, sino en TODO. El del tiempo diciendo: 'precaución,viene una borrasca muy ETA', y así","twitter.com/Rocigaot/status/700686072762671104"
"19/2/2016 15:16:49","3","700685474306793477","","Igual el PP pone de moda usar 'eso es ETA' para lo que no nos mole en todos los ámbitos. Por ejemplo, la Cuore cambiará los 'Argh' por 'ETA'","twitter.com/Rocigaot/status/700685474306793477"
"19/2/2016 14:52:31","1","700679357350588416","","@MargaretCastor sería un poco cura con alzacuellos de Ralph Lauren, ¿no?","twitter.com/Rocigaot/status/700679357350588416"
"19/2/2016 14:34:37","7","700674851846008832","6","'ETA' ya es para el PP como 'pitufar' para los pitufos, aplicable a todo, sólo que en sentido negativo.","twitter.com/Rocigaot/status/700674851846008832"
"19/2/2016 1:13:52","2","700473336183193601","","@missultrasonica ya, si curro con niños y a veces me ligaría las trompas. Pero las risas que me iba a echar troleando en el whatsapp!","twitter.com/Rocigaot/status/700473336183193601"
"19/2/2016 1:11:16","2","700472681414537218","","@missultrasonica mierda, si fuera mamá podría soltar yo los bulos en el whatsapp. Estoy pagando mi procastinación uterina,como dijo El País!","twitter.com/Rocigaot/status/700472681414537218"
"19/2/2016 1:09:36","1","700472264462958592","","@missultrasonica estoy por pedirle a alguna amiga con bebés que suelte el bulo en su whatsapp de mamás a ver si alguna pica y lo envuelve XD","twitter.com/Rocigaot/status/700472264462958592"
"19/2/2016 0:30:44","2","700462483199295488","","@missultrasonica hostia,qué ideaza si se me juntan muchos regalos de recién nacido.Tiro de papel de aluminio y gorritos antiwifi pa todos XD","twitter.com/Rocigaot/status/700462483199295488"
"18/2/2016 21:11:08","1","700412253812744192","","Si es que son rebonicos.","twitter.com/Rocigaot/status/700412253812744192"
"18/2/2016 21:10:37","1","700412121167826944","","Uno de mi FB ha compartido un tuit sobre Rajoy y otro le ha dejado 15 comentarios, cada uno un cartel tipo 'Podemos es Cubazuela del Norte'","twitter.com/Rocigaot/status/700412121167826944"
"18/2/2016 20:59:46","1","700409393028976640","","@Srta_Angus no recuerdo quién me dijo que una vez se dio una hostia en la iglesia(en una boda) y soltó un 'ME CAGO EN DIOS' clarísimo XD","twitter.com/Rocigaot/status/700409393028976640"
"18/2/2016 20:56:15","2","700408506990649344","","Como ahora empiecen a perseguir a los que dicen 'me cago en Dios' acabo en el trullo. Aunque voy a entrar con chupipandi formada, eso sí.","twitter.com/Rocigaot/status/700408506990649344"
"18/2/2016 16:44:56","","700345258962522112","","Cuando le pides a un amigo que finja ser tu novio para espantar a un pesado en el bar.pic.twitter.com/Ybe8pfu54n","twitter.com/Rocigaot/status/700345258962522112"
"18/2/2016 11:37:34","3","700267907335503873","","@zezenzuska sí, dan ganas de hacerse una cuenta B poniéndote de nombre de perfil Freud para poder hacerle un 'A Freud le gusta esto' @MV3ga","twitter.com/Rocigaot/status/700267907335503873"
"18/2/2016 11:18:43","16","700263163611193344","15","Un billete sólo de ida al motel Bates, por favor.pic.twitter.com/pEWvP6s0VP","twitter.com/Rocigaot/status/700263163611193344"
"18/2/2016 1:23:38","1","700113406771253249","","@gmit3 estaba ya con la intriga de cuál era! XD","twitter.com/Rocigaot/status/700113406771253249"
"18/2/2016 1:05:50","1","700108929628532738","1","@NewIlluminatus y mi gran favorito, 50 sombras de empresaurio. #teponepic.twitter.com/Y7VhQbWUBA","twitter.com/Rocigaot/status/700108929628532738"
"18/2/2016 1:04:13","","700108522814574593","1","@NewIlluminatus tengo una colección preciosa. Estos dos son extractos de la misma oferta.pic.twitter.com/bJlno6SuH4","twitter.com/Rocigaot/status/700108522814574593"
"18/2/2016 0:52:52","2","700105665814077440","2","Domestika is dark and full of terrors.pic.twitter.com/LGZjmQ5hLJ","twitter.com/Rocigaot/status/700105665814077440"
"17/2/2016 23:00:33","1","700077401250906112","","@laMascota es que los jueves ando de acá para allá pero el viernes puedo quedar en casa, así que me viene mejor si me la ponen en viernes XD","twitter.com/Rocigaot/status/700077401250906112"
"17/2/2016 22:55:03","","700076016996392961","","@laMascota esta para cuándo? Mañana, el viernes...?","twitter.com/Rocigaot/status/700076016996392961"
"17/2/2016 22:07:21","2","700064011774271489","","@SantaSuki 'Me habla un idiota, le doy al botón de block, y ya son 240 idiotas los que el block se han llevado!'pic.twitter.com/zdf2w1yt4M","twitter.com/Rocigaot/status/700064011774271489"
"17/2/2016 19:27:09","1","700023696992378880","1","Y a veces lo que pasa es simplemente que eres mal humorista. No tienes gracia, no se te da bien, no es lo tuyo.","twitter.com/Rocigaot/status/700023696992378880"
"17/2/2016 19:23:42","2","700022828821827584","1","Y que si a alguien no le hace gracia lo que escribes es porque no tiene sentido del humor, o tiene la piel muy fina, o tiene otros gustos.","twitter.com/Rocigaot/status/700022828821827584"
"17/2/2016 19:22:37","3","700022554111696896","4","Algunos parece que pensáis que 'hago humor' es el equivalente a decir '¡casa!' jugando. No se le puede hacer críticas porque ¡ah! humor.","twitter.com/Rocigaot/status/700022554111696896"
"17/2/2016 19:06:26","2","700018481429872642","1","Prefiero un compañero que robe a uno que comparta posts virales intensitos en Facebook.","twitter.com/Rocigaot/status/700018481429872642"
"17/2/2016 18:56:45","","700016046556766208","","@versoblanco sí a mí lo del correo me lo había dicho 1amiga que acabó antes y pensé que no había visto la opción de la secretaría virtual xD","twitter.com/Rocigaot/status/700016046556766208"
"17/2/2016 18:53:34","","700015242668072960","","@versoblanco sí, fue lo primero que probé, y como me daba que no hay título disponible pregunté en secretaría y me explicaron el proceso.","twitter.com/Rocigaot/status/700015242668072960"
"17/2/2016 15:24:49","","699962708624596992","1","Prefiero un compañero que robe a uno que me invite a su boda temática.","twitter.com/Rocigaot/status/699962708624596992"
"17/2/2016 15:23:49","2","699962457343795200","2","Prefiero un compañero que robe a uno que comparta en FB frases de Paulo Coelho.","twitter.com/Rocigaot/status/699962457343795200"
"17/2/2016 15:22:30","3","699962125335269376","","He asustado a los del Gadis :(https://twitter.com/gadis/status/699961333949796352 …@Rocigaot ¿eh? ","twitter.com/Rocigaot/status/699962125335269376"
"17/2/2016 15:22:16","2","699962067839815680","","Relax, @gadis , es que ha dicho un concejal del PP que prefiere un compañero que robe a que ponga bombas y si hay que elegir...","twitter.com/Rocigaot/status/699962067839815680"
"17/2/2016 15:16:43","3","699960673875402754","1","Pues yo no sé hacer bombas, así que esta tarde me tocará mangar yogures en el Gadis.","twitter.com/Rocigaot/status/699960673875402754"
"16/2/2016 22:54:03","","699713375782223872","","@versoblanco y los dos me dijeron lo mismo. Que es absudísimo, porque igual que tienen para descargar la solicitud para pedir los papeles...","twitter.com/Rocigaot/status/699713375782223872"
"16/2/2016 22:53:17","","699713181267161093","","@versoblanco ya, si a mí me parece absurdo también, pero pregunté en mi centro asociado y por tf a negociado de estudiantes de mi facultad","twitter.com/Rocigaot/status/699713181267161093"
"16/2/2016 22:40:59","7","699710089184329728","","Cuando mis amigas me cuentan cosas de sus grupos de whatsapp de mamás.pic.twitter.com/w1b2Gfmz48","twitter.com/Rocigaot/status/699710089184329728"
"16/2/2016 22:39:14","","699709647448621056","","@versoblanco no, para el título no. Pregunté y me dijeron que hay que pedir los papeles por correo postal a Madrid. Muy moderno todo.","twitter.com/Rocigaot/status/699709647448621056"
"16/2/2016 22:28:09","","699706857615728640","","@RubenGaldon es que lo comentó hoy en FB una amiga mía de Salamanca y si yo me deprimo, deprimo a alguien más de paso XD","twitter.com/Rocigaot/status/699706857615728640"
"16/2/2016 22:26:03","","699706331096313856","","@RubenGaldon y este año hará 19 años de que empezamos la carrera. Por si no habías caído y no te sentías lo suficientemente viejo. :P","twitter.com/Rocigaot/status/699706331096313856"
"16/2/2016 22:17:19","1","699704130265288704","","@SantaSuki @Beatriz_efe ¡HOSTIA!¿¿ CÓMO ES POSIBLE QUE LO HAYAS ADIVINADO??","twitter.com/Rocigaot/status/699704130265288704"
"16/2/2016 22:16:11","2","699703845795004418","","@SantaSuki @Beatriz_efe Una de las mejores que he oído es 'lo de ir de listilo en un hombre venga y pase, pero en una mujer es lo peor'.","twitter.com/Rocigaot/status/699703845795004418"
"16/2/2016 22:13:50","","699703253446103040","","Porque supongo que poder solicitar los impresos por mail o recogerlos en el centro asociado es un LOCURÓN. No digamos ya hacer todo online.","twitter.com/Rocigaot/status/699703253446103040"
"16/2/2016 22:13:08","1","699703077507616768","","Otro día que olvido mandar la solicitud a la facultad por correo postal para que me envíen los papeles para pedir el título.","twitter.com/Rocigaot/status/699703077507616768"
"16/2/2016 21:31:35","1","699692620881272833","","@kalevorroko o da barba déixame picuetísima. Pensaba que era de poliester, rollo disfraz de Rei Mago? #jamásteloperdonaréCarmena","twitter.com/Rocigaot/status/699692620881272833"
"16/2/2016 21:08:19","1","699686768749088769","","@laMascota y eso que mi lengua materna es el castellano. XD","twitter.com/Rocigaot/status/699686768749088769"
"16/2/2016 21:07:16","3","699686504789098496","","@laMascota a mí nada me motiva más para hablar gallego que estar hablando con uno de esos de 'a mí me hablas español que estamos en ESPAÑA'","twitter.com/Rocigaot/status/699686504789098496"
"16/2/2016 19:15:04","2","699658267291754497","1","Ya casi tenemos más digitales de periodistas de la caverna que rotondas.","twitter.com/Rocigaot/status/699658267291754497"
"16/2/2016 1:04:25","2","699383796345499649","5","Iba yo de peregrina y Franco me cogió la mano.https://twitter.com/elmundoes/status/699379555207876610 …El Rey Juan Carlos: 'Franco me cogió la mano y me pidió que preservara la unidad de España' http://www.elmundo.es/espana/2016/02/16/56c25d05e2704e8d458b4599.html … pic.twitter.com/uqmSm0bxEj","twitter.com/Rocigaot/status/699383796345499649"
"15/2/2016 2:01:23","5","699035744321585152","","En serio, pocas cosas me dan tanta dentera como este 'mira este niño enfermito, dame un like o no tienes corazón'","twitter.com/Rocigaot/status/699035744321585152"
"15/2/2016 2:00:31","2","699035527836729349","","Cartel en FB: 'ayuda a esta niña a conseguir 100.000 amén porque ha vencido al cáncer'.Será que si no los consigue Dios la enferma de nuevo","twitter.com/Rocigaot/status/699035527836729349"
"15/2/2016 0:51:40","2","699018199904428032","","@Tawil @SnowFey fue el fantasma del reponedor, se cabreó porque le llamemos tiquismiquis cuando lo suyo es implicación con la empresa.","twitter.com/Rocigaot/status/699018199904428032"
"15/2/2016 0:48:39","1","699017438080454656","","@shakesphobic en plan 'ay, pues avisaremos y que miren cómo ha podido pasar porque aquí jamás hemos tenido ratones' XD","twitter.com/Rocigaot/status/699017438080454656"
"15/2/2016 0:48:08","2","699017310519103488","","@shakesphobic contoume unha amiga caixeira que se un rato pasaba do almacén ao super e os clientes avisaban elas tiñan que finxir sorpresa","twitter.com/Rocigaot/status/699017310519103488"
"15/2/2016 0:22:39","3","699010897868623872","","@shakesphobic censura no google maps porque hai zonas pixeladas. A miña aldea non se ve, a saber qué montou o Pentágono ahí.","twitter.com/Rocigaot/status/699010897868623872"
"15/2/2016 0:19:05","2","699010001025761281","","@shakesphobic está, está. Eu se non teñen a De Vidente desbarrando e falando inglés macarrónico desconecto bastante.","twitter.com/Rocigaot/status/699010001025761281"
"15/2/2016 0:04:21","","699006292631928832","","Mi aldea también! A ver si mis tíos tienen armas nucleares ocultas en el gallinero!https://twitter.com/perradesatan/status/699005974800105472 …Mi pueblo también sale megapixelado de esto que no puedes ya ampliar más #CuartoMilenio","twitter.com/Rocigaot/status/699006292631928832"
"14/2/2016 23:43:55","4","699001150943686657","1","¿No han llevado a De Vidente a desbarrar sobre el Zika? No te lo perdonaré jamás, Manuela Carme...digo, Friker. Jamás.#CuartoMilenio","twitter.com/Rocigaot/status/699001150943686657"
"14/2/2016 23:41:32","1","699000548910108672","","¿Otra vez hablando de Félix, Friker? Se te va a aparecer vía oujia para decirte 'Quemedehe!'","twitter.com/Rocigaot/status/699000548910108672"
"14/2/2016 23:37:08","2","698999443442552832","1","'Nada ha generado tantos trending topic como que haya una patente del virus'.A menos que la patente sea Justin Bieber,lo dudo #CuartoMilenio","twitter.com/Rocigaot/status/698999443442552832"
"14/2/2016 23:32:56","","698998385479696384","","@puchoboedo ya tarda!","twitter.com/Rocigaot/status/698998385479696384"
"14/2/2016 23:26:21","5","698996728985468928","1","Ay, que hoy en #CuartoMilenio hablan del Zika!pic.twitter.com/taLTFhqDAk","twitter.com/Rocigaot/status/698996728985468928"
"14/2/2016 23:07:36","1","698992011739840512","","@Beatriz_efe hala,ya he hecho follow. ¿Qué prometió hacer a los 1000? XD","twitter.com/Rocigaot/status/698992011739840512"
"14/2/2016 22:05:21","4","698976344735141889","1","@Beatriz_efe @La_Muerta_Viva y el 'ni izquierdas ni dchas', el 'amigo de mis amigas'... ¡podemos cantar bingo de frases cuñadas!","twitter.com/Rocigaot/status/698976344735141889"
"14/2/2016 21:59:49","1","698974953329291268","","@Beatriz_efe ay, la bio! XDDDD","twitter.com/Rocigaot/status/698974953329291268"
"14/2/2016 21:47:35","","698971875075088384","","@mjdelrio ya se lo mandaré a Friker y compañía para que lo analicen más a fondo.","twitter.com/Rocigaot/status/698971875075088384"
"14/2/2016 21:45:28","","698971342306209792","","@mjdelrio yo le veo cara de gato, por lo menos, con bigotes y todo.","twitter.com/Rocigaot/status/698971342306209792"
"14/2/2016 21:41:56","3","698970453285724160","","Me ha salido un gato de Bélmez en la pared del rellanopic.twitter.com/ieSyruZsNV","twitter.com/Rocigaot/status/698970453285724160"
"14/2/2016 19:46:14","1","698941335127126019","","@zezenzuska @missultrasonica lo tomé como parte de mi gafe perpetuo, aunque igual todo mi gafe es parte de un show de truman.","twitter.com/Rocigaot/status/698941335127126019"
"14/2/2016 19:44:51","","698940987054432257","","@missultrasonica con la ilu que me hacía a mí lo de las nevadas, siendo de zona de mar!","twitter.com/Rocigaot/status/698940987054432257"
"14/2/2016 19:44:24","","698940872084340736","","@missultrasonica encima fue la única nevada que me pilló ahí en 4 años, y ni cuajó. Las gordas siempre me pillaban de vacaciones!","twitter.com/Rocigaot/status/698940872084340736"
"14/2/2016 19:41:35","","698940162189955072","","@missultrasonica en Salamanca me cuadró un día que:
-se jodió la caldera
-se rompió el cierre de la puerta de la terraza
-empezó a nevar","twitter.com/Rocigaot/status/698940162189955072"
"14/2/2016 19:29:02","1","698937004793405441","","Mi vecino del edificio de al lado está pagando teléfono a lo tonto: con lo que está gritando yo creo que le oyen igual sin llamar.","twitter.com/Rocigaot/status/698937004793405441"
"14/2/2016 19:26:32","","698936378059550720","","@zezenzuska @Facking_Ancho ay, pues yo este lo pillé a la segunda!","twitter.com/Rocigaot/status/698936378059550720"
"14/2/2016 19:26:05","1","698936263831855104","","@Facking_Ancho a mí me apareciió con la tienda en forma de pirámide! El gato yakuza sigue sin venir a verme :(","twitter.com/Rocigaot/status/698936263831855104"
"14/2/2016 19:24:00","2","698935739271270403","","Ay, @Facking_Ancho , mira este cómo mola!pic.twitter.com/S1bvEss4Ej","twitter.com/Rocigaot/status/698935739271270403"
"14/2/2016 16:51:38","","698897396705730560","","Espe es nuestra Meredith Grey.https://twitter.com/publico_es/status/698897011127365632 …Aguirre, la mujer que sobrevivió a 30 años de política, un accidente de helicóptero y un atentado en Bombay http://www.publico.es/politica/aguirre-mujer-sobrevivio-30-anos.html …","twitter.com/Rocigaot/status/698897396705730560"
"14/2/2016 16:20:23","1","698889531551019008","","Igual Espe anunció justo hoy su dimisión para robar casito a los pesados de su facebook que están poniendo publicaciones empalagosas.","twitter.com/Rocigaot/status/698889531551019008"
"14/2/2016 15:57:48","1","698883846402633729","","@missultrasonica cuando teníamos 18 años, o amigas de treinta que flipan porque no me importe comer o tomarme un café sola en una cafetería.","twitter.com/Rocigaot/status/698883846402633729"
"14/2/2016 15:56:23","1","698883491904253953","","@missultrasonica a mí me choca más en gente de mi edad. Amigas que me decían 'qué valiente' por irme a estudiar la carrera a otra ciudad (1)","twitter.com/Rocigaot/status/698883491904253953"
"14/2/2016 15:48:37","1","698881536007999488","","@missultrasonica a mí lo de 'viajar sola tan lejos, qué miedo', me lo dijeron cuando  fui a Dublín,ese exótico destino lleno de peligros XD","twitter.com/Rocigaot/status/698881536007999488"
"14/2/2016 13:43:11","1","698849971190263808","","@Facking_Ancho (no es obra mía, desgraciadamente, la saqué de aquí)https://twitter.com/standxbrave/status/696414741380657153 …LAS TENÍA GUARDADAS ESPERANDO QUE SE ACERCARA LA FECHA DE SAN VALENTÍN pic.twitter.com/IRiPbXZbca","twitter.com/Rocigaot/status/698849971190263808"
"14/2/2016 13:41:45","11","698849609234440193","7","@Facking_Ancho pero te mando una tarjetita!pic.twitter.com/aMEuHsC3Xo","twitter.com/Rocigaot/status/698849609234440193"
"14/2/2016 13:35:44","5","698848096298651649","8","Hoy es uno de esos días.pic.twitter.com/5ONIlz2iTD","twitter.com/Rocigaot/status/698848096298651649"
"13/2/2016 23:14:48","1","698631435465461760","","@Srta_Angus es como esas advertencias en las instrucciones de 'no intente parar esta sierra mecánica con las manos o con los genitales'","twitter.com/Rocigaot/status/698631435465461760"
"13/2/2016 23:12:24","3","698630831414317056","2","@Srta_Angus aquí la prueba, que en su día lo subí a FB porque me hizo gracia la advertencia!pic.twitter.com/XfgpP51EY4","twitter.com/Rocigaot/status/698630831414317056"
"13/2/2016 23:08:46","2","698629914191360001","1","@Srta_Angus yo tenía uno del IKEA y en la caja ponía una nota de 'no usar como alimento' XD","twitter.com/Rocigaot/status/698629914191360001"
"13/2/2016 23:07:42","","698629647144243200","","@Srta_Angus lo estoy barajando entre otras propuestas de ocio como hacerme las ingles con un soplete o comerme un cactus a bocaos.","twitter.com/Rocigaot/status/698629647144243200"
"13/2/2016 22:56:24","","698626805473918976","1","@Sr_Marron @ComandanteVimes cuidado, que de aquí te sacan un especial  de hora y media de tertulia en 13TV","twitter.com/Rocigaot/status/698626805473918976"
"13/2/2016 22:46:14","2","698624243194580994","3","@ComandanteVimes en La Gaceta tienen un becario sustituyendo 'sociatas' por 'podemitas' y 'zETAp' por 'Coletas' para reciclar noticias, fijo","twitter.com/Rocigaot/status/698624243194580994"
"13/2/2016 22:36:08","4","698621701278580736","","@Chinobi_Ninja @SantaSuki @Marmota_Maligna @Facking_Ancho yo creo que mi portal salía como sitio recomendado en la guía campsa del yonki XD","twitter.com/Rocigaot/status/698621701278580736"
"13/2/2016 22:04:35","","698613764082569216","","@Tuices ¿¿pero esta mierda es de verdad??","twitter.com/Rocigaot/status/698613764082569216"
"13/2/2016 21:28:14","1","698604616938864640","","@Facking_Ancho lo acabo de comprar, a ver si aparece!","twitter.com/Rocigaot/status/698604616938864640"
"13/2/2016 21:23:30","1","698603426624749568","","@Facking_Ancho ayyyy, yo ese no lo tengo! Voy a pillar el tronco ese a ver si me aparece!","twitter.com/Rocigaot/status/698603426624749568"
"13/2/2016 21:09:57","1","698600016617861120","1","@AFNWEE 'tenías una gangrenita en la pierna y hemos tenido que amputar'.","twitter.com/Rocigaot/status/698600016617861120"
"13/2/2016 20:21:03","1","698587707635863553","","@morganaskwlkr pero Freya tiene cara de juzgar más duramente, a Crichton le veo más cara de resignación.","twitter.com/Rocigaot/status/698587707635863553"
"13/2/2016 19:41:18","1","698577706682867713","","@morganaskwlkr esta da para un meme de 'Freya is judging you'","twitter.com/Rocigaot/status/698577706682867713"
"13/2/2016 19:33:27","2","698575730947571712","1","@morganaskwlkr 'ya está la humana durmiendo y escaqueándose de sus obligaciones'","twitter.com/Rocigaot/status/698575730947571712"
"13/2/2016 19:30:38","","698575020126294016","","@Srta_Angus jo, cuando vivía en Montealto podía ver los temporales desde la ventana de mi cocina!","twitter.com/Rocigaot/status/698575020126294016"
"13/2/2016 16:35:42","","698530998540247041","","@Facking_Ancho pues este regala siempre mogollón de peces, se nota que maneja XD","twitter.com/Rocigaot/status/698530998540247041"
"13/2/2016 16:33:14","1","698530374780129280","","@Facking_Ancho tienes ya al gato regio este?pic.twitter.com/3NQYPW6K8t","twitter.com/Rocigaot/status/698530374780129280"
"13/2/2016 3:16:04","","698329762067062784","","@SnowFey yo lo que no sé es cómo no han mandado ninguna inspección de trabajo a ese hospital con la de trabajadores que han palmado allí.","twitter.com/Rocigaot/status/698329762067062784"
"12/2/2016 19:37:20","1","698214319432065024","","MADRE MÍA EL NO SALUDO DE MARIANO Y PDROpic.twitter.com/JcrQAxjURE","twitter.com/Rocigaot/status/698214319432065024"
"12/2/2016 19:06:40","1","698206601392558080","","@laMascota nop, yo lo más corto que lo llevo es justo sobre los hombros!","twitter.com/Rocigaot/status/698206601392558080"
"12/2/2016 19:03:29","1","698205800985186304","","@laMascota con el viento no vas a durar peinada y con lo que llueve ya te duchas en la calle. Pasa de ambas cosas y juega con los gatos.","twitter.com/Rocigaot/status/698205800985186304"
"12/2/2016 16:38:15","1","698169251652354048","","@laMascota @deploreibol la versión publicista del tío segundo que te preguntaba 'y de novietes qué tal' de adolescente","twitter.com/Rocigaot/status/698169251652354048"
"12/2/2016 16:33:51","","698168142414114816","","@deploreibol ayer vi que también hay versión 'soltero energético' pero no abrí la foto para leer por si el sangrado de ojos","twitter.com/Rocigaot/status/698168142414114816"
"12/2/2016 15:26:11","2","698151113732857857","","@shakesphobicpic.twitter.com/pI0DjoLD2k","twitter.com/Rocigaot/status/698151113732857857"
"12/2/2016 13:17:01","9","698118609625812992","17","Espe cuando le preguntan por algún nuevo imputado por corrupción del PP.pic.twitter.com/OgC3P79T6N","twitter.com/Rocigaot/status/698118609625812992"
"12/2/2016 12:56:01","1","698113323557122048","2","Esto es el día de la marmotahttps://twitter.com/eldiarioes/status/698112415083470849 …ÚLTIMA HORA | La Audiencia Nacional propone juzgar al concejal de Ahora Madrid Guillermo Zapata  http://www.eldiario.es/politica/Audiencia-Nacional-Madrid-Guillermo-Zapata_0_483651998.html …","twitter.com/Rocigaot/status/698113323557122048"
"12/2/2016 12:53:46","1","698112756814319616","","@echeoqhai Paco ahí ten a cara de ilusión que Cayetana Álvarez agardaba na súa filla antes de que Manuela lle arruinara a cabalgata de Reis","twitter.com/Rocigaot/status/698112756814319616"
"12/2/2016 12:32:50","","698107490668519424","","@sil_loh pues ahora no puedo leerla porque @20m mete publi que no hay forma de cerrar, pero lo vi ayer rulando por twitter y es de traca","twitter.com/Rocigaot/status/698107490668519424"
"12/2/2016 1:14:27","1","697936771355688960","","@laMascota @SnowFey yo no llegué a tener tuenti, pero sí Fotolog. Menos mal que ya es historia, porque no recordaba la clave pa borrarlo XD","twitter.com/Rocigaot/status/697936771355688960"
"12/2/2016 1:12:21","2","697936238804889600","","@SnowFey @laMascota a mí ya me da vergüencica ver cosas de mis inicios en FB con 28, no quiero pensar si tuviera tuiter de adolescente :P","twitter.com/Rocigaot/status/697936238804889600"
"11/2/2016 23:39:48","","697912949927763968","","@oneafter909_ a UNED ten cousas grandiosas.Unha amiga tivo unha PEC que era un cuestionario que tiñan que facer online a unha hora concreta","twitter.com/Rocigaot/status/697912949927763968"
"11/2/2016 22:27:02","1","697894636795387904","","@_Quimi_ @Facking_Ancho joder, qué grande! :D","twitter.com/Rocigaot/status/697894636795387904"
"11/2/2016 15:22:08","2","697787706714296320","2","Ay, ese hilo! XDhttps://twitter.com/Dr_Fleibur/status/697716457686355968 …Ojalá los nuevos libros de Harry Potter vaya de que sus hijos no quieren estudiar magia.","twitter.com/Rocigaot/status/697787706714296320"
"11/2/2016 0:42:19","","697566293654896640","","@familiasunshine yo era 'la amiga amargada que hizo que esa chica no se fuera conmigo' porque mis amigas me pedían que echara a los pesaos","twitter.com/Rocigaot/status/697566293654896640"
"10/2/2016 23:45:10","1","697551913697542144","3","Ay, que no me acordaba yo de esto! XDDDhttps://twitter.com/Microsoft/status/527188061311225857 …Your passions never clock out. How do you own your #5to9? pic.twitter.com/ZsBvT6HVDd","twitter.com/Rocigaot/status/697551913697542144"
"10/2/2016 23:31:54","1","697548572552785920","","A lo mejor la de Gijón iba disfrazada del de Ourense que iba disfrazado de los detenidos en Madrid.https://twitter.com/isaacfcorrales/status/697547170799554560 …QUE SIGA LA FIESTAAAAAA! https://twitter.com/elcomerciodigit/status/697546316667338752 …","twitter.com/Rocigaot/status/697548572552785920"
"10/2/2016 23:08:44","2","697542744466661377","","@morganaskwlkr MUERTE POR CUQUISMO","twitter.com/Rocigaot/status/697542744466661377"
"10/2/2016 15:53:02","5","697433096036208640","12","Y mañana detendrán a otro joven disfrazado del joven que se disfrazó del joven, que, vestido de titiritero...https://twitter.com/ComandanteVimes/status/697432838656958464 …La Policía identifica a un joven disfrazado del joven que, vestido de titiritero, fue identificado ayer por la Policía.","twitter.com/Rocigaot/status/697433096036208640"
"10/2/2016 15:24:00","2","697425788648472580","2","Ojo, Fiscalía, que he visto a uno con pinta de titiritero comprando fieltro, calcetines y ojitos bailones en el Tiger. #ETAisback","twitter.com/Rocigaot/status/697425788648472580"
"10/2/2016 15:06:42","","697421437494231040","","@roberttomelitto espera a que el fiscal descubra que hay tutoriales para hacer marionetas con calcetines y los vuelva a meter en preventiva.","twitter.com/Rocigaot/status/697421437494231040"
"10/2/2016 15:01:34","1","697420145204072448","","@roberttomelitto Títirización indebida?","twitter.com/Rocigaot/status/697420145204072448"
"10/2/2016 14:26:30","8","697411320690384896","3","Al final con lo del marioneta gate te van a empapelar igual si te pillan con goma eva que si te pillan con goma-2.","twitter.com/Rocigaot/status/697411320690384896"
"10/2/2016 14:24:02","1","697410700533239808","","Venga, seguimos para bingo.https://twitter.com/el_pais/status/697407194858393600 …La policía identifica a un joven disfrazado de titiritero y con un cartel de Gora Alka-ETA en el carnaval de Ourense http://ow.ly/Ya1Ss ","twitter.com/Rocigaot/status/697410700533239808"
"10/2/2016 13:36:31","","697398739594571776","","@hematocritico yo que la Fiscalía le requisaba también los calcetines, no sea que los usen para hacer marionetas caseras y se líe de nuevo.","twitter.com/Rocigaot/status/697398739594571776"
"10/2/2016 1:18:43","1","697213065323003905","","@alitecarlito yo cuando me fui al paro me habría metido en un FP si no estuviera con una carrera a medio sacar. Igual me sería más útil.","twitter.com/Rocigaot/status/697213065323003905"
"10/2/2016 1:13:53","","697211852087037954","","@alitecarlito no lo eres, no.","twitter.com/Rocigaot/status/697211852087037954"
"10/2/2016 0:14:03","2","697196794476888064","","Yo creo que lo del ángel que le ayuda a aparcar ya nos tenía que haber dejado claro que este hombre no está bien.https://twitter.com/europapress/status/697189258449309697 …Fernández Díaz cree que ETA desea 'como agua de mayo' un gobierno de PSOE y Podemos http://www.europapress.es/nacional/noticia-fernandez-diaz-cree-eta-desea-agua-mayo-gobierno-psoe-podemos-20160209232734.html … pic.twitter.com/DUJdUwFwcV","twitter.com/Rocigaot/status/697196794476888064"
"9/2/2016 21:51:18","","697160868765761537","1","@PotiPotiInLove ay, tenemos que hacerle club de fans a esta mujer!","twitter.com/Rocigaot/status/697160868765761537"
"9/2/2016 15:46:29","","697069059184140288","","@zezenzuska @Dr_Fleiburpic.twitter.com/QWhLgbRqTp","twitter.com/Rocigaot/status/697069059184140288"
"9/2/2016 1:14:30","4","696849618731200513","1","@Morwen86 @ComandanteVimes como tocado, pero sólo se pone en modo luminoso de noche y una vez la dama de mayor rango enciende el suyo.","twitter.com/Rocigaot/status/696849618731200513"
"9/2/2016 1:08:47","","696848179900387329","1","@Morwen86 @ComandanteVimes si es una despedida de soltera de alta alcurnia, ¿es aceptable hacer chistes al degustar la tarta-polla?","twitter.com/Rocigaot/status/696848179900387329"
"9/2/2016 1:05:19","1","696847308676276224","","@Chinobi_Ninja yo suelo decir que fui incluida en un ERE por delitos que no había cometido y ahora sobrevivo como soldado de fortuna.","twitter.com/Rocigaot/status/696847308676276224"
"9/2/2016 1:02:55","","696846703480213504","","@Chinobi_Ninja una amiga mía lo definió el otro día como 'patchwork laboral', y qué razón tiene.","twitter.com/Rocigaot/status/696846703480213504"
"9/2/2016 0:36:55","1","696840160097472512","1","@ComandanteVimes lo correcto es usar el tratamiento de vos: 'Habéis visto a mi abogado?'","twitter.com/Rocigaot/status/696840160097472512"
"9/2/2016 0:28:39","","696838080377065472","1","@ComandanteVimes menos que la princesa de Asturias, más que una infanta.","twitter.com/Rocigaot/status/696838080377065472"
"9/2/2016 0:27:17","1","696837736758710273","","@gmit3 a mí creo que no me había pasado antes, y hasta que descubrí qué había pasado me quedé picuetísima. Encima se me puso el de japonés","twitter.com/Rocigaot/status/696837736758710273"
"9/2/2016 0:24:53","","696837130539180032","","Y oye, que estas son las que dicen que 'nos juzgan por no ser madres super abnegadas'. Luego que por qué la maternidad me da perezaca.","twitter.com/Rocigaot/status/696837130539180032"
"9/2/2016 0:23:20","","696836742213738496","","Me ha salido en FB una publicación de lo de las malasmadres de 'ayer tuve suerte, mis hijas y el padre durmieron y pude limpiar y currar'","twitter.com/Rocigaot/status/696836742213738496"
"9/2/2016 0:22:00","3","696836406816174080","2","@ComandanteVimes ¿Qué hacer si descubres que te han sentado junto a un avatar de huevo?","twitter.com/Rocigaot/status/696836406816174080"
"9/2/2016 0:19:08","1","696835684057878528","","No sé a qué toqué que cambié el teclado de idioma y no podía poner las tildes y nos signos de puntuación. QUÉ ANGUSTIA, JODER.","twitter.com/Rocigaot/status/696835684057878528"
"9/2/2016 0:13:23","3","696834235886407680","2","@ComandanteVimes ¿cómo proceder si descubres a media comida que el comensal de enfrente es Andritxol? #PreguntasProtocolo","twitter.com/Rocigaot/status/696834235886407680"
"9/2/2016 0:12:17","2","696833962321317888","2","@ComandanteVimes si te dan de postre comtessa,¿se permite sacar del tupper un postre más instagrameable traído de casa? #PreguntasProtocolo","twitter.com/Rocigaot/status/696833962321317888"
"8/2/2016 22:35:40","1","696809646993051650","","@Chinobi_Ninja @Facking_Ancho conste que ayer mi madre me dio orejas y una amiga de cumple invitó a tarta así que pa quejarme estoy :P","twitter.com/Rocigaot/status/696809646993051650"
"8/2/2016 22:31:49","2","696808677282607104","","@Facking_Ancho Voy a decir yo también que voy a ser sana, a ver si invoco a los regaladores de filloas!","twitter.com/Rocigaot/status/696808677282607104"
"8/2/2016 21:59:14","","696800478638841857","","@RubenGaldon está entre 'you talking to me?' y'Yo no aguanto este sindiós' de Amanece que no es poco.","twitter.com/Rocigaot/status/696800478638841857"
"8/2/2016 21:57:50","","696800125063204865","","@RubenGaldonpic.twitter.com/pgiPmvuFNF","twitter.com/Rocigaot/status/696800125063204865"
"8/2/2016 21:46:46","2","696797340716367872","3","@DNMRULES @ComandanteVimes ¡Has dicho 'Gora ETA'!pic.twitter.com/j5dCSOG1I0","twitter.com/Rocigaot/status/696797340716367872"
"8/2/2016 21:41:07","5","696795919971385345","4","Entendería más el traumita de 'oh, dios, niños viendo esa obra' si no tuviera tanto alumno de primaria que se sabe el Mandanga Style entero","twitter.com/Rocigaot/status/696795919971385345"
"8/2/2016 21:35:36","2","696794530490814464","","Que si queréis darle caña, ok, pero ceñíos a un argumento, que queda loquísimo todo.","twitter.com/Rocigaot/status/696794530490814464"
"8/2/2016 21:34:18","","696794202882121729","","Estoy viendo a gente decir a la vez 'los titiriteros son etarras contratados por Carmena' y 'Carmena impide la libertad de expresión'","twitter.com/Rocigaot/status/696794202882121729"
"8/2/2016 19:43:29","","696766315005132800","","En el Ikea venden metáforas del sistema laboral de 'todos autónomos y subcontratas'pic.twitter.com/K1lDXp5aVX","twitter.com/Rocigaot/status/696766315005132800"
"8/2/2016 16:47:45","2","696722090150518785","","@Cascarelo @mvizaguirre @xoancastro @Modesto por qué tanto odio aos pobres koalas? o dos mimos enténdoo, pero os koalas son riquiños!","twitter.com/Rocigaot/status/696722090150518785"
"8/2/2016 16:38:35","1","696719781790150656","","@xoancastro @mvizaguirre @Modesto @Cascarelo cala, que o sábado case merco un gorro de natación de panda. Pero non me entraba o pelo.","twitter.com/Rocigaot/status/696719781790150656"
"8/2/2016 16:36:37","1","696719286916800514","","@xoancastro @mvizaguirre @Modesto @Cascarelo 'primero foron polos koalas e non me preocupei porque eu non son un koala...'","twitter.com/Rocigaot/status/696719286916800514"
"8/2/2016 15:50:56","2","696707793445896192","","@Tawil @PotiPotiInLove Da gracias que no se la puso como pajarita XD","twitter.com/Rocigaot/status/696707793445896192"
"8/2/2016 15:49:21","2","696707395070922752","1","@PotiPotiInLove He soltado tal carcajada que la perra de mis vecinos se ha asustado y ha ladrado. XD","twitter.com/Rocigaot/status/696707395070922752"
"8/2/2016 15:23:04","","696700779193827330","","@Nigridal yo tuve un vecino chino. Le habían alquilado como dormitorio la despensa con una cama de 80 entre alacenas. Estoy por llamar. :P","twitter.com/Rocigaot/status/696700779193827330"
"8/2/2016 15:14:44","4","696698682524180481","2","Por favor, que les llame Paco Vázquez con su speech del 'no paran de pasar chinos'https://twitter.com/HerreraenCOPE/status/696618873144111104 …¿Conoces algún chino? ¿Qué experiencia tienes con los chinos? Llama al 900 50 60 06 y cuéntanoslo pic.twitter.com/f43ElYpYjp","twitter.com/Rocigaot/status/696698682524180481"
"8/2/2016 14:49:56","4","696692440560959489","2","@adiplotti yo voy a decirle a mi dentista que me haga la limpieza bucal gratis porque sonreiré mucho y le daré visibilidad. A ver qué pasa.","twitter.com/Rocigaot/status/696692440560959489"
"8/2/2016 1:33:59","5","696492131788181505","1","Ah, vale, que vamos a usar lo de los niños para pedir la perpetua. Ya decía yo.","twitter.com/Rocigaot/status/696492131788181505"
"8/2/2016 1:32:37","5","696491789109354497","2","'Voy a hablar de algo políticamente incorrecto: que mueran niños me pone triste'. Hombre, Friker, eso como no le parezca mal a Cabrera...","twitter.com/Rocigaot/status/696491789109354497"
"8/2/2016 1:13:05","1","696486872676245504","","@Tawil a miña creo que era un modelo anterior, que tiña unha pinta más viejuna, rollo maniquí de Confecciones PeyMar (Pepe y Mary)","twitter.com/Rocigaot/status/696486872676245504"
"8/2/2016 1:08:05","1","696485614586302464","","@Tawil outro revival da miña infancia ochenteira: eu tiven un maniquí de perruquería da Nancy que era un pouco este rollo.","twitter.com/Rocigaot/status/696485614586302464"
"8/2/2016 0:12:16","2","696471570664050688","","Celebrities de Enrique de Vidente no hay, ¿no?","twitter.com/Rocigaot/status/696471570664050688"
"7/2/2016 23:31:10","1","696461224855412737","","@Tawil nun escaparate cutre do meu barrio había un boneco así cando eu era pequena. Eu chamáballe 'el nene feo' e encantábame ir a velo. XD","twitter.com/Rocigaot/status/696461224855412737"
"7/2/2016 23:28:17","3","696460501597949952","","@juangorostidi a mí esas anécdotas siempre me dejan pensando '¿pero por qué la naturaleza ha permitido que estos seres se reproduzcan?'","twitter.com/Rocigaot/status/696460501597949952"
"7/2/2016 18:23:49","5","696383876558692353","2","@SantaSuki @Chinobi_Ninja imaginaos a ese youtuber de belleza machote, anunciando esos productos subido a lomos de un oso, a lo Putin","twitter.com/Rocigaot/status/696383876558692353"
"7/2/2016 18:20:39","3","696383080567848962","","@Ehproque @SantaSuki @PanterasRosas @hematocritico a lo mejor es de uso doble, como lo de usar el after shave como prebase de maquillaje XD","twitter.com/Rocigaot/status/696383080567848962"
"7/2/2016 18:20:04","2","696382933326831620","","@Chinobi_Ninja @SantaSuki las reviews de youtubers de belleza serían un puntazo, eso sí.","twitter.com/Rocigaot/status/696382933326831620"
"7/2/2016 18:18:37","3","696382569588379648","","@Ehproque @SantaSuki @PanterasRosas @hematocritico gel matificante RAMBO CON GANGRENA","twitter.com/Rocigaot/status/696382569588379648"
"7/2/2016 18:07:56","3","696379883165978624","3","@PanterasRosas @SantaSuki @hematocritico sérum reafirmante ARMAGGEDÓN CANÍBAL","twitter.com/Rocigaot/status/696379883165978624"
"7/2/2016 18:03:47","10","696378837001768961","5","@SantaSuki @PanterasRosas @hematocritico mascarilla limpiadora detox PUS DE LEGIONARIO","twitter.com/Rocigaot/status/696378837001768961"
"7/2/2016 16:16:47","1","696351907925860352","","@delocoprimo intentaré contener mi desbordante carisma para no salirme del personaje!","twitter.com/Rocigaot/status/696351907925860352"
"7/2/2016 15:50:06","4","696345192580956162","3","¿Alguien se anima a bajar esta tarde disfrazándonos de Pedro Sánchez y Donatello?","twitter.com/Rocigaot/status/696345192580956162"
"7/2/2016 15:35:56","1","696341630186627072","","@Tawil @PotiPotiInLove a mí es que lo de 'suelta' me hace pensar en que tiene algo de diarrea, más que otra cosa. XD","twitter.com/Rocigaot/status/696341630186627072"
"7/2/2016 15:34:33","2","696341280855564289","1","@Tawil @PotiPotiInLove PELANDRUSCA","twitter.com/Rocigaot/status/696341280855564289"
"7/2/2016 15:25:47","","696339075972857857","","@PotiPotiInLove ahí suelo decir cosas tipo 'y bien que me cunde. Pero oye, que si a ti con los que te molan prefieres hacer puzzles todo ok'","twitter.com/Rocigaot/status/696339075972857857"
"7/2/2016 15:14:11","4","696336155021877248","","@PotiPotiInLove a mí me dicen eso y respondo: 'más fácil que la tabla del cero, y aún así, a ti ni con un palo'.Que es lo que les jode.","twitter.com/Rocigaot/status/696336155021877248"
"7/2/2016 1:23:29","7","696127104270909442","2","Ay, esto es como cuando Chandler se preparaba los baños de burbujas pero tenía un barquito para que fueran de chico https://twitter.com/tbhjuststop/status/695785742887469057 …","twitter.com/Rocigaot/status/696127104270909442"
"7/2/2016 1:19:23","","696126069569617920","","@Tabernita a mí me vetaron el de loca de los gatos(que tenía hecho de una fiesta temática con otros amigos) y el de Sor María.","twitter.com/Rocigaot/status/696126069569617920"
"7/2/2016 1:16:58","","696125461856911360","","@Tabernita y siempre me tocaba a mí proponer ideas y pillar las cosas, así que después de un par cancelaciones a última hora, ya paso","twitter.com/Rocigaot/status/696125461856911360"
"7/2/2016 1:15:46","","696125159564926976","","@Tabernita a las mías alguna vez las he convencido,pero tiene que ser un disfraz de ir monas, que tienen mucho sentido del ridículo","twitter.com/Rocigaot/status/696125159564926976"
"7/2/2016 1:12:35","","696124358352367617","","@Tabernita ay, cómo me suena eso! XD","twitter.com/Rocigaot/status/696124358352367617"
"7/2/2016 1:06:47","12","696122902551400448","12","La fiesta del cine español.pic.twitter.com/j0GFNv7CV5","twitter.com/Rocigaot/status/696122902551400448"
"7/2/2016 1:05:38","1","696122612544626689","","¿Y esto qué es?¿Un paso de Semana Santa? Tim Robbins ya se debe de estar bebiendo hasta el agua de los floreros.","twitter.com/Rocigaot/status/696122612544626689"
"7/2/2016 0:49:41","11","696118596330778624","8","'Lorca, la ballena asesina'.pic.twitter.com/xCdeVXDmkq","twitter.com/Rocigaot/status/696118596330778624"
"7/2/2016 0:32:43","2","696114329230381056","","Otro año que pierdo la oportunidad de plagiar este disfraz. :Phttps://twitter.com/Telasmarineras/status/696113366704746496 …Carnaval pic.twitter.com/UzKYnbxDPW","twitter.com/Rocigaot/status/696114329230381056"
"7/2/2016 0:04:10","1","696107143842394112","1","@PotiPotiInLove si ya en su día creían que ZP era extrema izquierda, de qué nos extrañamos...","twitter.com/Rocigaot/status/696107143842394112"
"6/2/2016 23:28:56","4","696098275213049858","3","-Joder, Tim. No se me llega a ocurrir echar la petaca y los trankimazines al bolso y ya me habría cortado las venaspic.twitter.com/SjOzo39Ny2","twitter.com/Rocigaot/status/696098275213049858"
"6/2/2016 23:18:32","","696095658466533379","","Cuando creías que se había acabado el suplicio y ves que sale Rovira otra vez.pic.twitter.com/vVho4jxHTY","twitter.com/Rocigaot/status/696095658466533379"
"6/2/2016 23:15:42","1","696094943480254466","1","¿Resines ha dicho que vayamos al videoclub?pic.twitter.com/7nTcvf1Ksv","twitter.com/Rocigaot/status/696094943480254466"
"6/2/2016 23:07:13","6","696092810961932289","9","Cuando ves el capítulo del perro de Frypic.twitter.com/km1u9phd0O","twitter.com/Rocigaot/status/696092810961932289"
"6/2/2016 23:04:26","3","696092109116461057","3","Cuando salías en Nochevieja por primera vez.pic.twitter.com/fAYWGyFbUs","twitter.com/Rocigaot/status/696092109116461057"
"6/2/2016 22:44:23","","696087062869630976","","Por lo que estoy leyendo por aquí de la gala de los Goya, si alguien sube a recoger un premio totalmente pedo no se lo deberíamos reprochar.","twitter.com/Rocigaot/status/696087062869630976"
"6/2/2016 15:45:23","1","695981620449447936","1","@zezenzuska 100%. No falla nunca.","twitter.com/Rocigaot/status/695981620449447936"
"5/2/2016 16:48:41","2","695635162734968832","","Pues con esto el colegio ha dejado más claro aún que le importa una mierda si sus alumnos sufren acoso escolar. http://www.elmundo.es/sociedad/2016/02/05/56b39bd0ca474197128b4582.html …","twitter.com/Rocigaot/status/695635162734968832"
"5/2/2016 16:04:15","1","695623977805467649","","@netcaterpila @Facking_Ancho mi madre tenía una cena con las del trabajo el otro día porque 'se jubila una de las niñas'","twitter.com/Rocigaot/status/695623977805467649"
"5/2/2016 2:19:31","","695416430901071872","","@oneafter909_ a lo mejor en Telegram tienen stickers de Stephen Hawking","twitter.com/Rocigaot/status/695416430901071872"
"5/2/2016 1:32:15","3","695404534860910593","","@rhoeas_ @ComandanteVimes ay, le imagino yendo a la convención de machos dominantes con el almuerzo de mamá en una tarterita de los pokemon","twitter.com/Rocigaot/status/695404534860910593"
"5/2/2016 1:28:06","2","695403489011175424","","Creo que cada vez que RT algo sobre el libro de Dalas meteré luego un gif o vine de gatos para cortaros la hemorragia ocular.","twitter.com/Rocigaot/status/695403489011175424"
"4/2/2016 22:20:22","","695356243641241600","","Lo he borrado y subido de nuevo porque tengo un dedo vendado y así no hay quien escriba sin erratas. :P","twitter.com/Rocigaot/status/695356243641241600"
"4/2/2016 22:19:25","2","695356007728304128","","Cuando curras de 'asesor energético' a puerta fría y os ponen a hacer dinámicas de grupo chorras antes de salir.pic.twitter.com/C224DA01J4","twitter.com/Rocigaot/status/695356007728304128"
"4/2/2016 22:14:12","3","695354692214194177","3","Las manos hacia arriba,
las manos hacia abajo,
y como los gorilas, ¡uh, uh, uh!---pic.twitter.com/iRngCX9Wp3","twitter.com/Rocigaot/status/695354692214194177"
"3/2/2016 18:56:10","1","694942466680737792","","@PotiPotiInLove me mola sobre todo que incluya a un machista trajeado y encorbatado. Normalmente los dibujan sólo con pinta de bestia parda","twitter.com/Rocigaot/status/694942466680737792"
"3/2/2016 15:55:26","2","694896986525417472","","@xoancastro @Modesto @bestilheiro @oneafter909_ 'En Galicia hay cines/Internet/autopistas/CorteInglés/Zara?' ->os meus anos en Salamanca","twitter.com/Rocigaot/status/694896986525417472"
"3/2/2016 1:06:06","3","694673177398611968","2","¿Se sabe ya si Pedro Sánchez le ofrecerá alguna cartera a Donatello?","twitter.com/Rocigaot/status/694673177398611968"
"1/2/2016 19:02:33","2","694219298726887424","","@mjdelrio @zezenzuska que igual hundo a la empresa no por mi gafe sino por no tener pajolera idea de ingeniería, pero pal caso.","twitter.com/Rocigaot/status/694219298726887424"
"1/2/2016 19:01:58","2","694219151863316480","","@mjdelrio @zezenzuska bueno, si te vas de una empresa donde te tratan fatal, puedes recomendarnos para sustituirte, en plan vendetta final.","twitter.com/Rocigaot/status/694219151863316480"
"1/2/2016 19:00:26","","694218767560261633","","@missultrasonica @zezenzuska ay, acabo de recordar que una de ellas sigue abierta! aunque estuvieron con recortes de jornada y sin cobrar","twitter.com/Rocigaot/status/694218767560261633"
"1/2/2016 16:51:49","2","694186398333681664","1","@zezenzuska todas las empresas en las que curré con contrato de verdad(no prácticas o falsa autónoma) han cerrado. Chócala, compi de gafe!","twitter.com/Rocigaot/status/694186398333681664"
"1/2/2016 1:01:30","1","693947244857393152","","@Tawil @vgiadas creo que non hai animal que pareza estar dicindo 'por favor, matádeme' máis que este.","twitter.com/Rocigaot/status/693947244857393152"