"date","fav","id","rt","text","url"
"30/3/2016 13:10:05","","715133992731811840","","No me jodas, Hilary, me habías prometido ese salón de concepto abierto.https://twitter.com/eleptric/status/715133688137297920 …Y en esta zona irá el cuarto de los peques, mucha luz natural, armarios empotrados para guardar los juguetes... pic.twitter.com/ZJljWgHrFx","twitter.com/Rocigaot/status/715133992731811840"
"29/3/2016 13:18:23","1","714773693818355712","","@SantaSuki mucha mierda! :D","twitter.com/Rocigaot/status/714773693818355712"
"28/3/2016 10:39:32","","714371330179801088","","@sil_loh el canto de un duro me faltó el otro día!","twitter.com/Rocigaot/status/714371330179801088"
"28/3/2016 10:38:49","","714371151083008000","","@sil_loh ya lo vi, ya! @la_informacion","twitter.com/Rocigaot/status/714371151083008000"
"28/3/2016 3:00:10","3","714255729012645888","","Cuando vas viendo FB en el bus y en un bache se te va el dedo a ESA sugerencia de amistad que llevas esquivando añospic.twitter.com/QCfTU9yu9G","twitter.com/Rocigaot/status/714255729012645888"
"28/3/2016 2:19:47","7","714245564817416192","5","Cuando alguien suelta una burrada en FB y tienes la tentación de contestar pero qué pereza la que se lía luego pa nápic.twitter.com/VsBcNrTvZN","twitter.com/Rocigaot/status/714245564817416192"
"28/3/2016 1:20:38","4","714230678947237888","1","Friker ha nombrado a Félix! Chupito, si quedáis alguno despierto! #CuartoMilenio","twitter.com/Rocigaot/status/714230678947237888"
"28/3/2016 1:03:00","","714226242854199299","","@oneafter909_ Dior mío, a este paso na vindeira temporada están en Magaluf de novo pero nas urbanizacións pra xubiletas guiris!","twitter.com/Rocigaot/status/714226242854199299"
"28/3/2016 1:01:54","1","714225966650884099","","@Chinobi_Ninja @Srta_Angus huy, si tuviera que devolver toda la ropa que no me queda como a la modelo...","twitter.com/Rocigaot/status/714225966650884099"
"28/3/2016 1:01:04","1","714225756788883457","","@oneafter909_ cantas levan xa? Eu perdín a pista cando quitaron MTV","twitter.com/Rocigaot/status/714225756788883457"
"28/3/2016 1:00:06","2","714225513439608833","","@Chinobi_Ninja @Srta_Angus ya, hombre, también cuando yo compro ropa por Internet luego no me queda como a la modelo de la web! XD","twitter.com/Rocigaot/status/714225513439608833"
"28/3/2016 0:57:59","2","714224979483762688","","@Chinobi_Ninja @Srta_Angus haz como los adolescentes de 'dice mi mamá que me deja ponerme un piercing si este tuit alcanza 5000 RT'","twitter.com/Rocigaot/status/714224979483762688"
"28/3/2016 0:56:41","2","714224651950534656","","¡YO YA NO AGUANTO ESTE SINDIÓS!https://twitter.com/navedelmisterio/status/714224057865146368 …#Recreaciones #Yotambiénlovi #CuartoMilenio pic.twitter.com/Yw5sThrzWv","twitter.com/Rocigaot/status/714224651950534656"
"28/3/2016 0:54:04","1","714223993595805698","","A VER SI VAN A SER NARCOS LLEVANDO LA FARLA EN DRONES. #Innovation #CuartoMilenio","twitter.com/Rocigaot/status/714223993595805698"
"28/3/2016 0:51:01","2","714223226428198912","","@Marmota_Maligna @Srta_Angus en caso de duda, chupito!","twitter.com/Rocigaot/status/714223226428198912"
"28/3/2016 0:50:23","4","714223068407791617","1","@Srta_Angus tuiteamos ordeñando en morse, como Yoani con el teléfono de disco.","twitter.com/Rocigaot/status/714223068407791617"
"28/3/2016 0:49:26","","714222829709955073","","@GonzaloSamper es que lo dejaron muy a huevo!","twitter.com/Rocigaot/status/714222829709955073"
"28/3/2016 0:48:45","5","714222654530695169","","También os digo que, mirando el lado positivo, parece que ya ha llegado noticia a Madriz de que aquí hay Internet Internet #CuartoMilenio","twitter.com/Rocigaot/status/714222654530695169"
"28/3/2016 0:47:23","14","714222313357631488","5","'La bola infernal aterrorizó a los perros, los dejó sin teléfono y sin Internet'. ¡Pobres perretes, quedaron incomunicados! #CuartoMilenio","twitter.com/Rocigaot/status/714222313357631488"
"28/3/2016 0:38:41","2","714220121292713985","","@Srta_Angus @Tawil venga, que ya empiezan con 'Los gayegos dan mazo miedo'!pic.twitter.com/uQ1Cyje9uw","twitter.com/Rocigaot/status/714220121292713985"
"28/3/2016 0:31:32","1","714218325228838915","","@Tawilpic.twitter.com/evyXAgBLIP","twitter.com/Rocigaot/status/714218325228838915"
"28/3/2016 0:29:23","1","714217783266054146","","@Srta_Angus ya tengo una cerveza preparada!","twitter.com/Rocigaot/status/714217783266054146"
"28/3/2016 0:06:08","1","714211932027404288","","@Tawilpic.twitter.com/u9ZGFesRRb","twitter.com/Rocigaot/status/714211932027404288"
"28/3/2016 0:03:55","10","714211372368797697","13","'La homeopatía es complementaria'. Como los productos adelgazantes que funcionan si además comes de dieta y vas al gim. #CuartoMilenio","twitter.com/Rocigaot/status/714211372368797697"
"27/3/2016 23:59:11","","714210183971475457","","@oh_rus hostias, ahora que lo veo me suena haberla visto y todo!","twitter.com/Rocigaot/status/714210183971475457"
"27/3/2016 23:42:47","3","714206053353840643","1","@Srta_Anguspic.twitter.com/FzRAiljomV","twitter.com/Rocigaot/status/714206053353840643"
"27/3/2016 16:59:03","2","714104453557854209","1","@hematocritico quitaron una hora justo esa noche para darle a Cristo menos tiempo para resucitar! #xulioferreirodimisión","twitter.com/Rocigaot/status/714104453557854209"
"27/3/2016 16:51:29","","714102547779346433","","Tengo una colonia viviendo en los patios de las casas de enfrente, voy a poner la oreja a ver si maúllan en koruño. http://www.cienciaxplora.com/naturaleza/grupo-cientificos-suecos-estudian-gatos-extranjeros-maullan-acento_2016031800149.html …","twitter.com/Rocigaot/status/714102547779346433"
"27/3/2016 16:34:22","1","714098239650336768","","y ahí sonó el móvil y me desperté, así que me quedé sin saber si se lo tomaban de buen rollo o me obligaban a pagar por todo.","twitter.com/Rocigaot/status/714098239650336768"
"27/3/2016 16:32:50","1","714097853505921025","","y llegaba el momento de pagar y no sabía mucho cómo decir que me cobraran sólo cortar y teñir,pero que al final la casa no la quería(2)","twitter.com/Rocigaot/status/714097853505921025"
"27/3/2016 16:32:01","1","714097647955677184","","Hoy he soñado que iba a una peluquería-inmobiliaria y me colocaban un casoplón en USA rollo programa de Divinity mientras esperaba turno (1)","twitter.com/Rocigaot/status/714097647955677184"
"27/3/2016 16:20:21","2","714094712928485376","1","@Facking_Ancho 'El nacimiento de Cthulhu', tinta sobre tienda.","twitter.com/Rocigaot/status/714094712928485376"
"27/3/2016 1:02:45","1","713878891979542532","","@Xiscally ay, no me acordaba de ese puntazo bíblico! XD","twitter.com/Rocigaot/status/713878891979542532"
"27/3/2016 0:37:58","12","713872652860047360","6","@PotiPotiInLove cuando en una cena con amigos del 1.0 sale el tema de Cuba o Venezuela.pic.twitter.com/WLGjmsybNs","twitter.com/Rocigaot/status/713872652860047360"
"27/3/2016 0:11:57","","713866108680474624","","@PotiPotiInLove sí, hombre, pero ya sabes que poniendo gatetes caen favs aunque llames al genocidio XD","twitter.com/Rocigaot/status/713866108680474624"
"27/3/2016 0:10:41","1","713865789628104704","","@SantaSuki @Chinobi_Ninja los blocks del tuiter perduran más allá de la muerte?","twitter.com/Rocigaot/status/713865789628104704"
"27/3/2016 0:07:29","4","713864984292409345","","@SantaSuki @Chinobi_Ninja cuando palme Hermann, su fantasma se aparecerá con taburete y copazo de soberano en la mano, fijo XD","twitter.com/Rocigaot/status/713864984292409345"
"27/3/2016 0:01:20","2","713863435323314177","","@SantaSuki hombre, si puede tuitear con dos botes de yogur unidos por un cordel,puede escuchar un concierto de Michael Jackson vía ouija...","twitter.com/Rocigaot/status/713863435323314177"
"26/3/2016 22:59:58","3","713847992088936449","","Yo igual soy menos sutil y empiezo a poneros links de lo que quiero ,no sea que adivinéis mal y me caiga el libro de Intranerso.","twitter.com/Rocigaot/status/713847992088936449"
"26/3/2016 22:58:30","1","713847620981166082","","Pues queda poco más de un mes pa mi cumple, empezaré a echar indirectas para que me regaléis cosas, como Pi Yei.","twitter.com/Rocigaot/status/713847620981166082"
"26/3/2016 22:53:58","","713846482114318336","","@JRMora ¿Los grandes éxitos de la Orquesta Mondragón?","twitter.com/Rocigaot/status/713846482114318336"
"26/3/2016 22:33:22","3","713841298273341440","","@PotiPotiInLove el like es más por el gatete que por tu estado anímico, conste! XD","twitter.com/Rocigaot/status/713841298273341440"
"26/3/2016 19:43:41","1","713798594478915588","","@porkulia @CadenaPeco ahora lo pensarás cada vez que veas el anuncio!","twitter.com/Rocigaot/status/713798594478915588"
"26/3/2016 15:28:02","1","713734257613664256","1","@Marmota_Maligna Tay y Pérez Reverte quedando para darse de hostias al atardecer en la puerta de la RAE.","twitter.com/Rocigaot/status/713734257613664256"
"26/3/2016 15:27:06","5","713734025467322368","8","Microsoft reconecta a Tay, pero la tienen que desconectar de nuevo porque empieza a retar a duelo a todo dios tras interactuar con Reverte.","twitter.com/Rocigaot/status/713734025467322368"
"26/3/2016 15:21:38","1","713732648129204224","1","Podían haber alargado el experimento un poco más, a ver qué pasaba si interactuaba con Bigotitos o Albondiguilla Jr.https://twitter.com/Xuxipc/status/713731249676894209 …Han desconectado a Tay cuando empezaba a hablar del cambio sensato. https://twitter.com/publico_es/status/713720502511079424 …","twitter.com/Rocigaot/status/713732648129204224"
"26/3/2016 15:11:21","","713730058314235904","","Mañana entráis en la mitad del año de llevar el reloj del coche...","twitter.com/Rocigaot/status/713730058314235904"
"26/3/2016 15:03:45","1","713728148970553344","2","@porkulia @CadenaPeco ordeñando o haciendo de mamporrero de jirafas, no me queda totalmente claro.","twitter.com/Rocigaot/status/713728148970553344"
"25/3/2016 23:10:49","2","713488335159836672","","@laMascota y usaba Fairy para los granos porque como los granos salen con piel grasa y Fairy es 'el milagro antigrasa'....","twitter.com/Rocigaot/status/713488335159836672"
"25/3/2016 23:10:12","1","713488179437953027","","@laMascota siempre conozco a gente con hábitos de aseo peculiares. Tuve una compañera de piso que lavaba las bragas con ajax pino (1)","twitter.com/Rocigaot/status/713488179437953027"
"25/3/2016 23:07:29","2","713487493715390466","","@laMascota tuve una amiga que se depilaba los brazos chamuscando los pelos con un mechero. Si olía a pollo es que se había pasao XD","twitter.com/Rocigaot/status/713487493715390466"
"25/3/2016 22:58:51","2","713485321816698880","","@laMascota a mí me han amenazado mucho con que me iba a convertir en el yeti por depilarme con cuchilla, y 20años después sigo esperando XD","twitter.com/Rocigaot/status/713485321816698880"
"25/3/2016 22:34:18","9","713479144881922051","5","Cuando vas a clase de Gluteos+Abs+piernas en el gimnasio pero tienes complejos y no quieres ir marcando en leggins.pic.twitter.com/q5p3USwqpt","twitter.com/Rocigaot/status/713479144881922051"
"25/3/2016 22:27:13","20","713477359798718464","12","Y tras correr mis 10 km de hoy, terminamos con unas flexiones. #fit #sport #superación #quererespoder #motivaciónpic.twitter.com/71tSqFURCn","twitter.com/Rocigaot/status/713477359798718464"
"25/3/2016 21:48:09","4","713467530833166337","3","Practicando movimientos en el hotel del viaje de fin de curso, pa que no se te notara que eras virgen si ligabas.pic.twitter.com/LzQ6iIbxDR","twitter.com/Rocigaot/status/713467530833166337"
"25/3/2016 21:18:20","5","713460027412070400","3","Hostias, pues lo de las procesiones patrocinadas es una ideaza.Cofradía del Santo Sepulcro-Vodafone. Los cofrades con el logo en el capirote","twitter.com/Rocigaot/status/713460027412070400"
"25/3/2016 20:54:11","2","713453947613265924","","@hematocritico ¿Miles?Millones, diría yo. ¡Un gritón de coruñeses!","twitter.com/Rocigaot/status/713453947613265924"
"25/3/2016 20:01:34","2","713440709580308481","","En lo de las minicasas de Divinity está una que es pintora ecuestre. Pa que digáis que Bellas Artes no tiene salidas. :P","twitter.com/Rocigaot/status/713440709580308481"
"25/3/2016 15:03:08","1","713365603810193408","1","@morganaskwlkr Es tu cumple! Felicidades!pic.twitter.com/qRr4wfBOv2","twitter.com/Rocigaot/status/713365603810193408"
"25/3/2016 1:14:18","2","713157023924355073","","Ahora que veo lo de mi RT, ¿turista en tu pelo sigue existiendo? Porque hace tiempo que no nos reímos de él ni me aparece en el TL.","twitter.com/Rocigaot/status/713157023924355073"
"24/3/2016 12:56:38","","712971380732600320","","@Sonavarkai también, también! otra razón pa no acercarse mucho a ella, el gafe!","twitter.com/Rocigaot/status/712971380732600320"
"24/3/2016 2:54:41","3","712819895826849792","","Que bueno, luego lees y los dos anteriores eran más bien 'estaba por allí cerca', pero yo no le ajuntaría en el Blablacar, por si moscas.","twitter.com/Rocigaot/status/712819895826849792"
"24/3/2016 2:52:49","","712819425293021185","","Es Meredith Grey en versión misionero mormón.https://twitter.com/ElHuffPost/status/712772201313923072 …Este joven ha sobrevivido a los atentados de Boston, de París y de Bruselas http://huff.to/1q2abWg  pic.twitter.com/JUFVt1H7ho","twitter.com/Rocigaot/status/712819425293021185"
"24/3/2016 1:24:46","3","712797268504678400","","@laMascota Tía, el gato no se puede poseer, el gato es un regalo de la madre naturaleza!pic.twitter.com/ddHmLKKw8P","twitter.com/Rocigaot/status/712797268504678400"
"24/3/2016 1:19:49","","712796024297881600","","@laMascota yo tengo de la Black Coupage, si quieres mándame al gato de mensajero y te doy una (o me quedo con el gato XD).","twitter.com/Rocigaot/status/712796024297881600"
"24/3/2016 1:08:03","","712793059549904896","","@PotiPotiInLove de todas formas, puntualicemos: ¿hablamos de tenerlos de superamigos para siempre o de salvarlos del exterminio o gulag?","twitter.com/Rocigaot/status/712793059549904896"
"24/3/2016 1:07:15","","712792859624267777","1","@PotiPotiInLove al final voy a ser una happy happy de esas que quiere a todo el mundo. Carne de merchandising mrwonderfulero :P","twitter.com/Rocigaot/status/712792859624267777"
"24/3/2016 1:06:09","","712792584268226564","","@PotiPotiInLove ¿unos 20-25 cuentan como muchísimos?","twitter.com/Rocigaot/status/712792584268226564"
"24/3/2016 0:28:01","1","712782985918078976","","@Dr_Fleiburpic.twitter.com/12Qyq1l4AM","twitter.com/Rocigaot/status/712782985918078976"
"24/3/2016 0:25:29","5","712782347293302784","","Lo de Cárdenas está siendo demasiado de vergüencita ajena hasta para ser Cárdenas.","twitter.com/Rocigaot/status/712782347293302784"
"23/3/2016 23:04:27","2","712761954444644353","","Cuando regresó, el reaggetón a todo trapo del vecinoloscojones seguía ahí. #microcuento #REDRUM","twitter.com/Rocigaot/status/712761954444644353"
"23/3/2016 22:32:26","1","712753899506163715","","@laMascota @SantaSuki y eso después de atentar contra nuestra tradición taurina. A este paso nos quitan las fallas y la tomatina.","twitter.com/Rocigaot/status/712753899506163715"
"23/3/2016 22:15:21","2","712749598989803521","","@SoniniSumode sí, eso añado en el segundo del hilo. Decathlon un sábado es para pedir un blindaje de útero nivel frontera norcoreana.","twitter.com/Rocigaot/status/712749598989803521"
"23/3/2016 22:14:32","","712749393359806464","","@SantaSuki @laMascota ay, esperad, que, acabo de leer en mi FB que el Concello se quiere cargar nuestra tradición de Semana Santa XD","twitter.com/Rocigaot/status/712749393359806464"
"23/3/2016 22:05:11","8","712747040040755200","4","Lo más efectivo suele ser 'Decathlon un sábado por la tarde'. Eso te pone el reloj biológico en snooze hasta los 70.","twitter.com/Rocigaot/status/712747040040755200"
"23/3/2016 22:04:33","29","712746881806430208","36","Mi respuesta a los '¿y si un día quieres tener hijos y ya no puedes?' es 'me iré a un centro comercial un sábado o festivo y se me pasa'.","twitter.com/Rocigaot/status/712746881806430208"
"23/3/2016 22:02:18","2","712746315571142656","","@SantaSuki @laMascota venga, tú te vienes y nos traes piruletas nazareno!","twitter.com/Rocigaot/status/712746315571142656"
"23/3/2016 21:28:44","2","712737869996113920","","@SantaSuki vente pa Coruña. Hay mítines de Vox con más afluencia que las procesiones de aquí. XD","twitter.com/Rocigaot/status/712737869996113920"
"23/3/2016 14:48:40","1","712637189511839744","","@TavernerV eso sí, cuando van a echar un polvo quitan la música para que nos enteremos todos!","twitter.com/Rocigaot/status/712637189511839744"
"23/3/2016 14:11:04","1","712627725920509952","","@TavernerV si todavía escogieran música que soportase lo llevaría algo mejor, pero llevan 3horas de Daddy Yankee nonstop","twitter.com/Rocigaot/status/712627725920509952"
"23/3/2016 13:19:15","5","712614687440052224","","Queridos vecinos: vivimos en edificios diferentes y el shazam me pilla vuestra música a través del muro. ¿No os estalla la cabeza?","twitter.com/Rocigaot/status/712614687440052224"
"22/3/2016 15:23:09","4","712283477903855616","7","Sí, hoy es otro de esos días.pic.twitter.com/7sFLg5sA4B","twitter.com/Rocigaot/status/712283477903855616"
"21/3/2016 1:24:52","3","711710128454680576","","@TavernerV @Tawil 'trato familiar. Había cola para tirarse por el barranco, así que dejaron a mi acompañante meter la cabeza en el horno'","twitter.com/Rocigaot/status/711710128454680576"
"21/3/2016 1:18:04","4","711708418512445440","","@Tawil @TavernerV 'mi acompañante vio una porno en el pay TV antes de suicidarse y me la cargaron a mí en la cuenta. No vuelvo más'.","twitter.com/Rocigaot/status/711708418512445440"
"21/3/2016 1:15:26","1","711707757213327361","","@TavernerV @Tawil 'pobre carta de vinos en el restaurante del hotel, pero excelente selección de cuchillas'","twitter.com/Rocigaot/status/711707757213327361"
"21/3/2016 1:04:43","3","711705059344699393","","@TavernerV @Tawil 'Habitaciones mal insonorizadas.Entre las almas en pena de suicidas y el polvo de los de al lado me dieron la noche'.","twitter.com/Rocigaot/status/711705059344699393"
"21/3/2016 0:55:57","3","711702850947174400","","@TavernerV @Tawil 'Buen bufet,pero si tu acompañante se suicida no puedes cambiar a habitación individual y sale por una pasta.2 estrellas'","twitter.com/Rocigaot/status/711702850947174400"
"21/3/2016 0:43:32","2","711699729416069120","","@TavernerV o a las despedidas de soltero/a. El kit completo: stripper, diadema de polla o camiseta cuñada, capea y charla de De Vidente.","twitter.com/Rocigaot/status/711699729416069120"
"21/3/2016 0:41:18","3","711699167148638208","1","Hala, ahora sí que vamos con el tripadvisor del suicidio. #CuartoMilenio","twitter.com/Rocigaot/status/711699167148638208"
"20/3/2016 23:50:19","31","711686335866785793","25","Pues no, tenemos debate sobre misiones lunares con De Vidente. #CuartoMileniopic.twitter.com/TkrBDYQsLe","twitter.com/Rocigaot/status/711686335866785793"
"20/3/2016 23:47:11","1","711685546779787264","","@NewIlluminatus 'Gracias por elegirnos como tu destino suicida. No olvides recomendarnos en TripAdvisor antes del salto fatal'","twitter.com/Rocigaot/status/711685546779787264"
"20/3/2016 23:44:34","5","711684886634045442","2","Ay,no me digas que tenemos otra entrega de la Guía Campsa para el Suicida.#CuartoMilenio","twitter.com/Rocigaot/status/711684886634045442"
"20/3/2016 22:25:54","1","711665090026729476","","@zezenzuska Puede ser llamar a tus amigos Lucía y Fernando o invocar a Satanás.","twitter.com/Rocigaot/status/711665090026729476"
"20/3/2016 21:01:59","1","711643974860206080","","@TavernerV aquí también son un clásico en San Juan y cada vez que el Dépor vuelve a subir a Primera  'esta vez sí de verdad que es la buena'","twitter.com/Rocigaot/status/711643974860206080"
"20/3/2016 21:00:24","2","711643572479647748","","Que luego ya noté que tocaban muy de bajona,fui a cotillear y sí había nazarenos a lo KKK, pero hay congresos de Vox con más afluencia.","twitter.com/Rocigaot/status/711643572479647748"
"20/3/2016 20:56:45","5","711642654195343360","2","Fijaos si hay tradición de Semana Santa aquí, que el viernes oí tambores de una procesión y lo 1ºque pensé es que eran los de las batucadas","twitter.com/Rocigaot/status/711642654195343360"
"18/3/2016 14:28:56","1","710820283301687296","","@TavernerV pues lo he puesto en FB y me han pedido que lo compre pa 1 regalo.Le voy a pedir al señor chino que me pille pa marketing digital","twitter.com/Rocigaot/status/710820283301687296"
"18/3/2016 12:41:23","2","710793216287764480","3","Hoy, en 'joyitas de los bazares chinos'...pic.twitter.com/r1RT6OG8YK","twitter.com/Rocigaot/status/710793216287764480"
"17/3/2016 22:19:34","1","710576333689110528","","@laMascota los clásicos de 'es que él es mu bueno y no tiene malicia y les habla por educación pero ellas le acosan', fijo XD","twitter.com/Rocigaot/status/710576333689110528"
"17/3/2016 22:12:29","1","710574549566410752","","@laMascota no es por ser malvada pero me costaba mucho imaginarme el supuesto enjambre de lobas hambrientas acechándolos XD","twitter.com/Rocigaot/status/710574549566410752"
"17/3/2016 22:10:55","","710574158233649153","","@laMascota que además al etiquetarlos, al ponerte sobre el nombre te salía el link al facebook de cada novio con su foto de perfil, y bueno","twitter.com/Rocigaot/status/710574158233649153"
"17/3/2016 22:09:41","2","710573847309852673","","@laMascota tipo 'fulano mengánez'(etiquetado, of course), es mío, que nadie le hable, que nadie se acerque, no quiero zorras cerca'","twitter.com/Rocigaot/status/710573847309852673"
"17/3/2016 22:09:02","","710573683933319169","","@laMascota con esa curiosidad morbosa del que aminora al pasar junto a un accidente, me metí en el grupo a cotillear el percal, y era todo","twitter.com/Rocigaot/status/710573683933319169"
"17/3/2016 22:08:14","1","710573482673901570","","@laMascota hace años, una de mi FB se unió a un grupo llamado algo así como 'es mi novio, no le hables, no le mires, no te acerques, ZORRA'","twitter.com/Rocigaot/status/710573482673901570"
"17/3/2016 22:05:34","2","710572812226924544","1","@laMascotapic.twitter.com/x6bPkcJTrw","twitter.com/Rocigaot/status/710572812226924544"
"17/3/2016 15:56:39","","710479968741007360","","@randymeeks Ay, las ofertas de empleo en plan buen rollito de las agencias de publicidad...pic.twitter.com/iALBN5slVL","twitter.com/Rocigaot/status/710479968741007360"
"17/3/2016 15:22:50","","710471457646747648","","@oneafter909_ ¿Por que sodes todos tan novos no tuiter? :(","twitter.com/Rocigaot/status/710471457646747648"
"17/3/2016 2:29:45","","710276904528560128","","@PotiPotiInLove eso sí que es seducir y no lo de los cursos de Jeremías!","twitter.com/Rocigaot/status/710276904528560128"
"17/3/2016 0:38:28","1","710248900628762628","","@La_Muerta_Viva @PotiPotiInLove yo también he votado por Jeremías para ir de primero, pero que guarde sitio para el resto!","twitter.com/Rocigaot/status/710248900628762628"
"16/3/2016 23:38:56","2","710233920961421313","","@laMascota @Facking_Ancho yo lo tuve que leer en 3ªBUP(soy viejuna) y me aburrió mazo, pero lo releí de mayor y ya me gustó más.","twitter.com/Rocigaot/status/710233920961421313"
"16/3/2016 23:36:39","4","710233345481908224","1","@Facking_Ancho La juerguiña, que dirían en el ministerio del tiempo.","twitter.com/Rocigaot/status/710233345481908224"
"16/3/2016 14:56:15","3","710102383611793408","1","@PotiPotiInLove Cuñadismo de magnitud 9 en la escala Roncero.","twitter.com/Rocigaot/status/710102383611793408"
"16/3/2016 14:33:45","1","710096721225895936","1","Esta me la guardo que puede dar para grandes memeshttps://twitter.com/chselles/status/710092224286081025 …Puedo pararme horas en esta foto de Beiras pic.twitter.com/GQsoJQNjWj","twitter.com/Rocigaot/status/710096721225895936"
"16/3/2016 0:32:08","","709884917501534208","","@Facking_Ancho na, mientras te acuerdes de desenchufar antes de limpiarla o de lamer el batido de las aspas, no hay problema XD","twitter.com/Rocigaot/status/709884917501534208"
"16/3/2016 0:31:27","8","709884745941979141","2","Cuando alguien de tu Facebook cuelga un cuñadismo digno de Bertín Osborne.pic.twitter.com/zC0aOnwVab","twitter.com/Rocigaot/status/709884745941979141"
"16/3/2016 0:27:43","","709883808510844929","","@Facking_Ancho na, como va tapada es sólo lavar el vaso, lo más engorroso las aspas, pero no es peor que una batidora de brazo.","twitter.com/Rocigaot/status/709883808510844929"
"16/3/2016 0:26:29","1","709883496563605504","","@Facking_Ancho yo me pillé una baratilla del Lidl y de momento me hace bien el apaño para lo de los batidos y cosas así.","twitter.com/Rocigaot/status/709883496563605504"
"15/3/2016 21:30:11","1","709839130146971648","","@morganaskwlkr yo es que las apps de ligar las veo un poco como el Infojobs del follar, y claro...","twitter.com/Rocigaot/status/709839130146971648"
"15/3/2016 21:29:46","1","709839027218866176","","@morganaskwlkr que también digo que si me molara alguien del tuiter y acabara quedando lo vería más natural también que tinder y similares.","twitter.com/Rocigaot/status/709839027218866176"
"15/3/2016 21:28:16","1","709838647009402885","","@Ehproque si a mí esa es justo la parte que me da pereza. Que habrá gente que merece la pena, pero la criba es tediosísima @morganaskwlkr","twitter.com/Rocigaot/status/709838647009402885"
"15/3/2016 21:27:32","1","709838462631944192","","@morganaskwlkr yo de bares me he liado con gente que conocía de 10min pero fluye de otra forma, no es el 'pongamos sitio y hora pa follar'","twitter.com/Rocigaot/status/709838462631944192"
"15/3/2016 21:21:58","1","709837062711721987","","@morganaskwlkr si te consuela, yo ni me abrí cuenta. Quedar pa follar aún, pero aguantar los chats de 'ola wapa' previos... uf,perezón","twitter.com/Rocigaot/status/709837062711721987"
"15/3/2016 15:00:40","3","709741103336067072","2","@ComandanteVimes iba a preguntar si el que escribió eso no ha leído un trabajo académico en su vida, pero me puedo responder sola.","twitter.com/Rocigaot/status/709741103336067072"
"15/3/2016 0:42:12","6","709525066346795011","1","Que ya para haber redondeado podían haber hecho un epílogo donde María Pita, felizmente recuperada, atiza a Drake con un manojo de grelos.","twitter.com/Rocigaot/status/709525066346795011"
"15/3/2016 0:34:13","5","709523056671264768","","Hoy con el Ministerio del Tiempo estuve 50%descojonada con las hostias al Gobierno y 50%muerta de vergüenza ajena con la puerteciña.","twitter.com/Rocigaot/status/709523056671264768"
"14/3/2016 22:01:44","1","709484682077929472","","@SantaSuki y el 'cuando acabemos con el capitalismo no habrá machismo'. 
A)No lo tengo tan claro
B)¿Y eso me lo tendréis listo pal viernes?","twitter.com/Rocigaot/status/709484682077929472"
"14/3/2016 21:58:19","","709483823671721984","","@PotiPotiInLove mira mi último RT, es porque están hablando de visibilizar la endometriosis.","twitter.com/Rocigaot/status/709483823671721984"
"14/3/2016 21:56:53","1","709483461732651008","","Y yo que pensaba que no había nada cosa más gilipollas que el 'ya te vale ayudar a la protectora de animales habiendo niñitos en África'","twitter.com/Rocigaot/status/709483461732651008"
"14/3/2016 21:55:31","10","709483118810550272","7","DEJAD DE HABLAR DE VUESTRAS MIERDAS MENSTRUALES, Y MI PRÓSTATA QUÉ,  MI PRÓSTATA,QUÉ PASA CON MI PRÓSTATApic.twitter.com/yuMrdHdIdw","twitter.com/Rocigaot/status/709483118810550272"
"14/3/2016 16:14:40","","709397342122852352","","Según fuentes internas no voy a ganar un Grammy a artista revelación, pero el tiempo lo dirá.https://twitter.com/Pozuelen/status/709395750837420032 …elperiodicodepedroj.jpg pic.twitter.com/fvNKgJSlgn","twitter.com/Rocigaot/status/709397342122852352"
"14/3/2016 2:00:45","2","709182445330042882","","Es la misma rama de la familia que la prima que me mandaba cadenas de oración y fotos de fetos abortaos al mail. Bendito océano de por medio","twitter.com/Rocigaot/status/709182445330042882"
"14/3/2016 1:58:32","4","709181889144352769","","Me han salido en FB los pringaos aquellos de los cartelitos de hombres oprimidos porque uno de mis primos argentinos le ha dado a like.","twitter.com/Rocigaot/status/709181889144352769"
"14/3/2016 1:38:23","1","709176815881986048","","@Tawil eu téñoo de fondo e nin caso lle estou facendo.","twitter.com/Rocigaot/status/709176815881986048"
"14/3/2016 1:04:52","2","709168381086339073","","@SantaSuki oye, entrar para boicotear desde dentro aún molaba XD","twitter.com/Rocigaot/status/709168381086339073"
"14/3/2016 1:03:17","1","709167981419487232","","@SantaSuki a lo mejor tienen a un antitaurino camuflao currando en maquetación que ha visto ahí la trolleada de su vida!","twitter.com/Rocigaot/status/709167981419487232"
"14/3/2016 1:02:09","2","709167695900631040","","@SantaSuki Dios, maquetadores del ABC, gracias por tanto! XDDDD","twitter.com/Rocigaot/status/709167695900631040"
"14/3/2016 0:43:22","1","709162970274725889","","@ailalelo xa de paso que me miren se teño caras de Bélmez nas humidades da cociña.","twitter.com/Rocigaot/status/709162970274725889"
"14/3/2016 0:41:28","1","709162493072044032","","@ailalelo teño que comentarlles o do meu deshumidificador que encende e apaga só, que igual lles da pra unha recreación das súas.","twitter.com/Rocigaot/status/709162493072044032"
"14/3/2016 0:37:03","1","709161380511883264","","¿De qué habla hoy Friker, que lo acabo de poner?","twitter.com/Rocigaot/status/709161380511883264"
"13/3/2016 15:11:32","","709019063025065984","","@La_Muerta_Viva eso sería digno de poner en la bio XD","twitter.com/Rocigaot/status/709019063025065984"
"13/3/2016 15:03:13","","709016971178811396","","Mira, @xoancastro , por se queres ver koalas. XDhttps://twitter.com/la2_tve/status/709016237192294402 …#Australia salvaje, esta tarde a las 16:20h en La 2, en @SomosDocumental pic.twitter.com/7YuFoFJI7Q","twitter.com/Rocigaot/status/709016971178811396"
"13/3/2016 15:02:04","3","709016683533488128","2","@La_Muerta_Viva tener resaca con una sola cerveza es podemita.","twitter.com/Rocigaot/status/709016683533488128"
"13/3/2016 14:56:18","10","709015231519924226","4","@La_Muerta_Viva yo es que me los imagino yendo a un restaurante y diciendo que el filete es podemita si se lo ponen muy seco o con poca sal.","twitter.com/Rocigaot/status/709015231519924226"
"13/3/2016 14:55:24","3","709015004071251968","3","@La_Muerta_Viva yo creo que ya usan 'podemita' como palabra comodín para cualquier cosa que se salga de lo que a ellos les mola.","twitter.com/Rocigaot/status/709015004071251968"
"13/3/2016 14:34:58","2","709009863083474944","","@Srta_Angus @SantaSuki @Facking_Ancho yo del todo tampoco, pero creo que es en lo que más he avanzado desde que era jovencita hasta ahora","twitter.com/Rocigaot/status/709009863083474944"
"13/3/2016 14:15:21","3","709004925175533568","","@SantaSuki @Facking_Ancho pero se mejora. Yo el sudalcoñismo que he adquirido desde que era veinteañera hasta ahora es brutal.","twitter.com/Rocigaot/status/709004925175533568"
"13/3/2016 14:09:10","2","709003369571094528","","@SantaSuki @Facking_Ancho y ese tonillo envenenado de 'Ay, menganita no debe de tener ningún complejo para ponerse eso'","twitter.com/Rocigaot/status/709003369571094528"
"13/3/2016 13:59:10","9","709000854083346432","5","@Nigridal @Facking_Ancho yo para los de 'no tienes piernas para esa falda' y similares suelo usar el 'si tú no vas con pasamontañas...'","twitter.com/Rocigaot/status/709000854083346432"
"13/3/2016 13:43:22","","708996876759134210","","Sé qué canción de Daddy Yankee están escuchando los del 5º del edificio del lado porque me la capta el Shazam, imaginaos el volumen.","twitter.com/Rocigaot/status/708996876759134210"
"13/3/2016 2:03:27","","708820738212503553","","@Morwen86 @Facking_Ancho @Marmota_Maligna ahí se reían más ellos de mí,que como aquí nunca nieva, allí veía caer dos copitos y lo flipaba.","twitter.com/Rocigaot/status/708820738212503553"
"13/3/2016 1:58:15","2","708819426242633728","","@Morwen86 @Facking_Ancho @Marmota_Maligna ay, aún recuerdo cuando vivía en la Meseta y la gente decía: 'hoy no salimos, que llueve' XD","twitter.com/Rocigaot/status/708819426242633728"
"13/3/2016 1:56:58","","708819106129174528","","¿Le interesará a Friker el misterio de mi deshumidificador, que se enciende y apaga solo? Igual sí, que cosas más mierder les he visto.","twitter.com/Rocigaot/status/708819106129174528"
"13/3/2016 1:04:18","2","708805849846845441","","Super fan de la foto escogida, con Mickey Mouse haciendo el #pozueliconohttps://twitter.com/laSextaTV/status/708799379453386752 …Viajes a EuroDisney para camuflar el supuesto desvío de fondos en la Diputación de Lugo  http://atres.red/21grc  pic.twitter.com/Aja4xg4SA5","twitter.com/Rocigaot/status/708805849846845441"
"12/3/2016 20:27:35","3","708736214048837632","1","@kalevorroko home, podías ter escollido Lenin. Ou Max Power, coma Homer Simpson. Ou xa postos, Marx Power. #páramepordiosito","twitter.com/Rocigaot/status/708736214048837632"
"12/3/2016 16:12:26","1","708672003738304514","","@Cascarelo os artigos deste home defendéndose son un pouco este rollo. https://www.youtube.com/watch?v=5sfuH6vFahk …","twitter.com/Rocigaot/status/708672003738304514"
"12/3/2016 2:46:05","1","708469077145210880","1","@ComandanteVimes Es que qué casualidad que justo estuvieran ahí Pablo y Monedero. Como no fue nadie más a esas manifas...","twitter.com/Rocigaot/status/708469077145210880"
"12/3/2016 1:46:07","1","708453985024352264","","@Tabernita sal sin depilar y con la ropa interior más fea que tengas porque 'hoy me tomo una de tranqui y a casa'.Esos días se pilla siempre","twitter.com/Rocigaot/status/708453985024352264"
"11/3/2016 14:51:17","2","708289192300843008","1","@Facking_Anchopic.twitter.com/oHNUbY2O7K","twitter.com/Rocigaot/status/708289192300843008"
"11/3/2016 14:48:24","1","708288464974974981","","@mvizaguirre iso é para a dieta de engordar de Homer, a de 'come só cousas que ao frotalas contra un papel-ou a pared- o volva transparente'","twitter.com/Rocigaot/status/708288464974974981"
"11/3/2016 14:45:38","3","708287772306644992","","@DamagedBrainzs @ComandanteVimes Yo le metería al Rey Arturo saludando con un 'Hola bebéééés!'","twitter.com/Rocigaot/status/708287772306644992"
"11/3/2016 3:16:41","1","708114390063697920","","@TavernerV na, aquí lo de ruín también lo usamos. O Ruiz, en versión Rajoy XD","twitter.com/Rocigaot/status/708114390063697920"
"11/3/2016 0:55:15","1","708078797015404544","","@ComandanteVimes te vamos metiendo una lima en un bocata, por si acaso.","twitter.com/Rocigaot/status/708078797015404544"
"10/3/2016 23:28:50","","708057050459275264","","@NewIlluminatus @missultrasonica sí, yo la pillé de JotDown pero es del Faro de Vigo. Aquí el link!http://www.farodevigo.es/galicia/2016/03/10/pedro-sanchez-explica-coruna/1420419.html …","twitter.com/Rocigaot/status/708057050459275264"
"10/3/2016 23:27:41","1","708056759663988736","","@TavernerV esto tuve que googlearlo! XD","twitter.com/Rocigaot/status/708056759663988736"
"10/3/2016 16:30:00","2","707951646500900865","","@Chinobi_Ninja @CoffeeDrinker__ no es falsa, no! http://www.farodevigo.es/galicia/2016/03/10/pedro-sanchez-explica-coruna/1420419.html …","twitter.com/Rocigaot/status/707951646500900865"
"10/3/2016 16:09:18","","707946437594779648","","@kalevorrokopic.twitter.com/papSeEkQRL","twitter.com/Rocigaot/status/707946437594779648"
"10/3/2016 16:07:18","4","707945935947612160","","Cuando quedáis para salir en grupo pero al final se rajan todos menos tú y la parejita empalagosa de turno.pic.twitter.com/M9NN9v7xAb","twitter.com/Rocigaot/status/707945935947612160"
"10/3/2016 15:48:47","","707941273936793604","","@NewIlluminatus no sé el contexto de la foto, conste, pero ES QUE.","twitter.com/Rocigaot/status/707941273936793604"
"10/3/2016 15:47:34","6","707940967416987648","8","Cuando una pareja de chicas se está liando y se les acerca el plasta de turno buscando trío.pic.twitter.com/SvZD8dryIC","twitter.com/Rocigaot/status/707940967416987648"
"10/3/2016 15:28:08","2","707936079727484929","1","@ailalelo é coma ter un community manager a levarche o Tinder e o Badoo. Que agora que o penso, igual ahí hai oportunidade de #emprender","twitter.com/Rocigaot/status/707936079727484929"
"10/3/2016 15:11:21","1","707931855891341313","","@ailalelo xa o puxeran para a primeira tempada, que infojobs mandoume a suxerencia. Aínda que máis que tronista é 'xestionámosche o Meetic'","twitter.com/Rocigaot/status/707931855891341313"
"10/3/2016 15:01:15","1","707929311051956224","","@Marmota_Maligna na, la próxima vez que vaya a visitar a amigos con niños de esa edad pruebo a meterlos en la maleta a ver si caben! XD","twitter.com/Rocigaot/status/707929311051956224"
"10/3/2016 14:57:17","","707928316255281152","","@Marmota_Maligna aclaro que lo calculo a ojo, que nunca he intentado meterlos en la maleta, no vaya a ser XD","twitter.com/Rocigaot/status/707928316255281152"
"10/3/2016 14:56:44","","707928175062458368","","@Marmota_Maligna hombre, yo he dado clases a niños de 3-4 años y ya te digo yo que en mi maleta de viajar en Ryanair ni de coña caben XD","twitter.com/Rocigaot/status/707928175062458368"
"10/3/2016 14:54:27","1","707927600858009600","","@Marmota_Maligna nota: intentar viajar con Air France cuando pueda,que se ve que en el equipaje de mano te cabe más que en el de Ryanair.","twitter.com/Rocigaot/status/707927600858009600"
"10/3/2016 12:39:39","2","707893677482500096","","@Cascarelo pode colar. Eu fun a unha voda onde o noivo (e moitos invitados) eran polis e víñanse arribísima coa de 'mucha, mucha, policía'.","twitter.com/Rocigaot/status/707893677482500096"
"10/3/2016 0:59:12","1","707717403745099776","","@PotiPotiInLove cierto, paremos ya con el sextuiterismo. Qué dirán las cuentas de ligoteo universitario de nosotras.","twitter.com/Rocigaot/status/707717403745099776"
"10/3/2016 0:52:21","1","707715679030538241","","@fred_SSC @ementropy @ComandanteVimes eso sí, ver el tobillo, no tocarlo. Que no comprarán la vaca si le das la leche gratis.","twitter.com/Rocigaot/status/707715679030538241"
"10/3/2016 0:50:09","2","707715124577095684","","@fred_SSC @ementropy @ComandanteVimes pues a riesgo de parecer descocada, yo en la 4ªcita les dejo ver un poco el tobillo.","twitter.com/Rocigaot/status/707715124577095684"
"10/3/2016 0:46:52","3","707714301713367040","","@ementropy @ComandanteVimes y a lo mejor hasta le han mandado a alguno un selfis de esos en tetas,por más que dice la policía que está fatal","twitter.com/Rocigaot/status/707714301713367040"
"10/3/2016 0:43:05","2","707713350050959364","","@ementropy @ComandanteVimes ¿Cómo?¿Que no guardó el año preceptivo de castidad en señal de duelo post-ruptura?pic.twitter.com/Uukl6vsWFb","twitter.com/Rocigaot/status/707713350050959364"
"10/3/2016 0:26:35","4","707709195001438208","","'Vuelve a España y emprende en hostelería'. ¿Es que ya se arruinaron todos los que emprendieron desde 2011 y hacen falta recambios?","twitter.com/Rocigaot/status/707709195001438208"
"10/3/2016 0:07:43","1","707704447103848449","","@Vanfunfunpic.twitter.com/b6TjZvZUw3","twitter.com/Rocigaot/status/707704447103848449"
"9/3/2016 18:46:30","1","707623608831623168","","@Lasti_ Anda, estás embarazada? Enhorabuena y paciencia (o gulags) con las perlas de la gente! @familiasunshine","twitter.com/Rocigaot/status/707623608831623168"
"9/3/2016 16:23:53","1","707587721280294913","","@SnowFey @Marmota_Maligna es que Derek tenía una colleja muy bien da.","twitter.com/Rocigaot/status/707587721280294913"
"9/3/2016 16:22:03","","707587260850565120","","@Marmota_Maligna @SnowFey a mí siempre me dio algo de perecita. En las primeras temporadas era muy la Virginia Woolf de Muchachada Nui.","twitter.com/Rocigaot/status/707587260850565120"
"9/3/2016 16:18:32","","707586374610907137","","@SnowFey @Marmota_Maligna porque decían que era de los personajes que menos gustaban a la gente. Ahora el hospital ya es Grey, así que...","twitter.com/Rocigaot/status/707586374610907137"
"9/3/2016 16:17:41","1","707586160252600321","","@SnowFey @Marmota_Maligna recuerdo que cuando entró Lexie había rumores de que era para que siguiera habiendo una Grey si se la cargaban.","twitter.com/Rocigaot/status/707586160252600321"
"9/3/2016 16:16:43","1","707585917494697984","","@SnowFey en la vida real sería: 'Meredith se ha unido al grupo de Whatsapp. Fulanito ha salido. Menganito ha salido.Tuzanito ha salido'","twitter.com/Rocigaot/status/707585917494697984"
"9/3/2016 16:15:35","1","707585630562344960","","@SnowFey lo sorprendente es que Meredith siga teniendo amigos, cuando todo el que está cerca de ella acaba muriendo trágicamente.","twitter.com/Rocigaot/status/707585630562344960"
"9/3/2016 16:11:50","1","707584688471326720","","@SnowFey y luego dicen de Juego de Tronos, pero Shonda ha matado a bastantes más, sin guerra,  ni dragones ni na.","twitter.com/Rocigaot/status/707584688471326720"
"9/3/2016 15:06:06","3","707568144446070785","","@missultrasonica cayendo tan gordos que tuve que hacer UF antes de que me hicieran abrazar el magufismo para no ser como ellos.","twitter.com/Rocigaot/status/707568144446070785"
"9/3/2016 15:05:11","2","707567915193798656","","@missultrasonica a mí eso me pasa mucho con los escépticos del tuiter. A muchos los seguía porque compartía la idea,pero me acabaron(1)","twitter.com/Rocigaot/status/707567915193798656"
"9/3/2016 14:45:07","1","707562863578255360","","@laMascota UN CLÁSICO","twitter.com/Rocigaot/status/707562863578255360"
"9/3/2016 14:20:46","1","707556736715112448","","@chsellespic.twitter.com/U3E4yXh7PR","twitter.com/Rocigaot/status/707556736715112448"
"9/3/2016 2:23:20","1","707376190831640576","","@Tawil @AdrasteaQuiesce @PotiPotiInLove acabo de hacer la fuente con la infusión XD","twitter.com/Rocigaot/status/707376190831640576"
"9/3/2016 2:14:07","2","707373868722294784","","@Tawil @PotiPotiInLove @AdrasteaQuiesce pues ni idea. Igual es que hacen fotodepilación en vez de cera y ponen lo de neo pa ir de guays","twitter.com/Rocigaot/status/707373868722294784"
"9/3/2016 2:12:26","2","707373444053209088","","@AdrasteaQuiesce @PotiPotiInLove @ementropy @Tawil hombre, la cosa es montar un gulag en condiciones, no dejarlo ahí a su bola!","twitter.com/Rocigaot/status/707373444053209088"
"9/3/2016 2:08:36","2","707372481322082304","","@PotiPotiInLove @AdrasteaQuiesce @ementropy @Tawil oye, pues sí, Donde iban a hacer el megacasino aquel que quedó en nada, montamos gulag.","twitter.com/Rocigaot/status/707372481322082304"
"9/3/2016 2:08:00","2","707372330146799616","","@PotiPotiInLove @AdrasteaQuiesce @Tawil estoy ahí dudando entre seguirle o ir a hacerme la depilación brasileña con un soplete.","twitter.com/Rocigaot/status/707372330146799616"
"9/3/2016 2:07:04","3","707372094657527808","","@AdrasteaQuiesce @PotiPotiInLove @ementropy @Tawil yo soy más de gulag siberiano pa estos casos, pero se puede mirar.","twitter.com/Rocigaot/status/707372094657527808"
"9/3/2016 2:06:16","3","707371893452578816","","@Tawil @AdrasteaQuiesce @PotiPotiInLove hostia, pues esa también mola un montón como excusa: no me piré, me abdujeron.","twitter.com/Rocigaot/status/707371893452578816"
"9/3/2016 2:05:29","2","707371695116574726","","@PotiPotiInLove @ementropy @AdrasteaQuiesce @Tawil yo a este no lo conocía. Se le ve majete, sí.pic.twitter.com/yT7RpTaKSS","twitter.com/Rocigaot/status/707371695116574726"
"9/3/2016 2:02:31","1","707370950086500353","","@AdrasteaQuiesce @Tawil @PotiPotiInLove eso nunca se supo. El chaval supuestamente viajaba mucho por trabajo, pero no sabemos si se fue o no","twitter.com/Rocigaot/status/707370950086500353"
"9/3/2016 1:58:29","2","707369936872722432","","@AdrasteaQuiesce @Tawil @PotiPotiInLove siguió escribiéndole y preguntándole cuando volvía, acabó cortando por messenger.","twitter.com/Rocigaot/status/707369936872722432"
"9/3/2016 1:58:03","2","707369827728498688","","@AdrasteaQuiesce @Tawil @PotiPotiInLove no le dejaban abandonar el país por la gripe aviar. Cuando la cosa se prolongó demasiado y ella(2)","twitter.com/Rocigaot/status/707369827728498688"
"9/3/2016 1:57:26","2","707369670173708288","","@AdrasteaQuiesce @Tawil @PotiPotiInLove era 2002, y el novio de una amiga,que viajaba mucho, le dijo que estaba en Estados Unidos y que(1)","twitter.com/Rocigaot/status/707369670173708288"
"9/3/2016 1:53:57","1","707368792482037760","","@AdrasteaQuiesce @Tawil @PotiPotiInLove y eso que yo una de las trolas más apoteósicas que conozco no fue para volver sino para dejarlo.","twitter.com/Rocigaot/status/707368792482037760"
"9/3/2016 1:51:11","2","707368096693100544","","@AdrasteaQuiesce @Tawil @PotiPotiInLove podría hacerse una serie de capítulos autoconclusivos de 'troleros buscando ligar o casito'. XD","twitter.com/Rocigaot/status/707368096693100544"
"9/3/2016 1:42:10","2","707365830615560193","","@PotiPotiInLove @AdrasteaQuiesce mira que he oído historias de chantaje moral por parte de ex, pero lo del marichalazo por whatsapp es TOP.","twitter.com/Rocigaot/status/707365830615560193"
"9/3/2016 1:41:22","3","707365629221859328","","@PotiPotiInLove @AdrasteaQuiesce 'Me está dando un marichalazo por tu abandono'. Sublime.","twitter.com/Rocigaot/status/707365629221859328"
"9/3/2016 1:34:35","5","707363922064646148","","@PotiPotiInLove alguien que fingió un ictus para ligar??pic.twitter.com/kXF1Wo9i98","twitter.com/Rocigaot/status/707363922064646148"
"9/3/2016 1:02:17","2","707355793436368896","1","'Ya que has venido a casa espera que te enseñamos el álbum de la boda. Aquí vistiéndome antes de ir a la iglesia'.pic.twitter.com/LPjbUE2z71","twitter.com/Rocigaot/status/707355793436368896"
"9/3/2016 0:57:37","5","707354615738720256","2","'Relájate. Eres un tío chachi. Eres un figura. Eres el figura. ¡Sooooy una máquina de amaaar!'pic.twitter.com/YEW7fz37f6","twitter.com/Rocigaot/status/707354615738720256"
"9/3/2016 0:05:13","3","707341429576704000","","¿Soy la única que tiene hecha una porra consigo misma de a cuál de sus conocidos de fuera de Internet descubrirá antes masa enfurecida?","twitter.com/Rocigaot/status/707341429576704000"
"8/3/2016 21:22:52","1","707300574480486401","","Empiezo a plantearme que lo hace a propósito para que si hay nuevas elecciones le votemos por las risas.https://twitter.com/JuanGomezJurado/status/707271534042341376 …Rajoy lo ha vuelto a hacer.  #LasMáquinasNoHacenMáquinas pic.twitter.com/1z5aSz5jre","twitter.com/Rocigaot/status/707300574480486401"
"8/3/2016 15:20:59","","707209502802747392","","@AmorComunista va siendo la hora de que abras la cuenta AmorFacha, que ahí hay otro filón!","twitter.com/Rocigaot/status/707209502802747392"
"8/3/2016 15:03:24","15","707205079816863744","4","Con lo del bingo del 8M he visto a tíos responder 'no,si al final será mejor no decir nada para no cagarla' como si la idea fuera un LOCURÓN","twitter.com/Rocigaot/status/707205079816863744"
"8/3/2016 13:17:20","4","707178386305761285","5","'No es el día de la mujer trabajadora, es el día de la mujer'. Y al quitar el adjetivo empezaron a colarnos el rollo 'feliz día,princesa'.","twitter.com/Rocigaot/status/707178386305761285"
"8/3/2016 13:13:48","1","707177497213931520","","@SantaSuki chupito!","twitter.com/Rocigaot/status/707177497213931520"
"8/3/2016 12:39:13","","707168791357231105","","@LauMDominguez eso es de usar la botella de gotero directamente!","twitter.com/Rocigaot/status/707168791357231105"
"8/3/2016 12:38:26","","707168595785203712","","@alitecarlito nop. Pero así tampoco me pueden pedir daños y perjuicios por los comas etílicos. XD","twitter.com/Rocigaot/status/707168595785203712"
"7/3/2016 21:19:46","2","706937406356852737","","Quedará feo autocitarse, pero esto nunca es mal consejohttps://twitter.com/Rocigaot/status/703264278955106304 …Botón de mute, 
hay que pulsarlo más
Botón de mute más.","twitter.com/Rocigaot/status/706937406356852737"
"7/3/2016 19:14:29","3","706905875785650176","1","Nota: no jugar a lo del bingo de beber con lo del Ayuntamiento de Bigastro a menos que estéis emparentadas con Boris Yeltsin.","twitter.com/Rocigaot/status/706905875785650176"
"7/3/2016 18:54:16","","706900790749876224","","@missultrasonica es de ponerte una botella de vodka de gotero directamente.","twitter.com/Rocigaot/status/706900790749876224"
"7/3/2016 18:49:11","1","706899511948546048","","@SCreusO es de cirrosis automática.","twitter.com/Rocigaot/status/706899511948546048"
"7/3/2016 18:43:53","4","706898175446159360","1","@Tabernita justo lo estaba leyendo.pic.twitter.com/OTBsL77uso","twitter.com/Rocigaot/status/706898175446159360"
"7/3/2016 15:20:14","903","706846926680006656","1,7K","Voy dejando por aquí el bingo/juego de beber del día de la mujer trabajadora, que mañana va a hacer falta.pic.twitter.com/lZ0TJhwYHi","twitter.com/Rocigaot/status/706846926680006656"
"7/3/2016 14:47:32","1","706838696780296192","1","@zezenzuska y de los clásicos 'en este día de la mujer quiero felicitar a mi madre/esposa que se desvive por nosotros' de señores en Feisbuc","twitter.com/Rocigaot/status/706838696780296192"
"7/3/2016 2:02:38","","706646205812576256","","@Tawil con isto pódese xogar ronda relámpago de xogo de beber,con tequila por 'políticamente correcto', 'investigar', 'escéptico' ou 'Félix'","twitter.com/Rocigaot/status/706646205812576256"
"7/3/2016 0:53:18","8","706628754098020356","3","Me imagino las charlas de ese grupo de whatsapp: 
Ayer vi algo (emoticono fantasma)
Casi me cago del miedo (caca sonriente) #CuartoMilenio","twitter.com/Rocigaot/status/706628754098020356"
"7/3/2016 0:47:10","6","706627211604959232","2","Grupos de whatsapp de vecinos con fenómenos paranormales: ¿más o menos yuyu que los grupos de whatsapp de madres del cole? #CuartoMilenio","twitter.com/Rocigaot/status/706627211604959232"
"7/3/2016 0:44:55","4","706626644488884224","2","Hacer grupo de whatsapp para hablar de los fantasmas del edificio. Lo veo. #CuartoMilenio","twitter.com/Rocigaot/status/706626644488884224"
"7/3/2016 0:42:13","4","706625964684529664","2","@Tawil 'Y ahora vamos a votar lo de la derrama para contratar al exorcista'","twitter.com/Rocigaot/status/706625964684529664"
"7/3/2016 0:41:24","1","706625758907777025","","Si fueran de los de la pila de pendientes podría pensar que es un fantasma que me recrimina que me gaste pasta en libros que luego no leo.","twitter.com/Rocigaot/status/706625758907777025"
"7/3/2016 0:40:34","3","706625551193272321","1","Pues a mí se me acaban de caer dos libros de una estantería al suelo. Lo mismo tengo también a un espíritu dando el coñazo por aquí.","twitter.com/Rocigaot/status/706625551193272321"
"6/3/2016 22:55:04","2","706599000837898241","","@morganaskwlkr adivina a quién han despertado hoy domingo a las 8.30 con un vídeo de 'mira qué rico y qué listo mi bebé' #REDRUM","twitter.com/Rocigaot/status/706599000837898241"
"6/3/2016 22:49:13","1","706597529304088577","","@morganaskwlkr (sobre todo PORQUE TODOS NOS MANDAN EL VÍDEO DEL NIÑO APORREANDO EL IPAD COMO EL VUESTRO)","twitter.com/Rocigaot/status/706597529304088577"
"6/3/2016 22:48:39","2","706597384529309699","","@morganaskwlkr 3.lo de 'qué listo,va pa hacker' cuando nos mandáis el vídeo del crío con el iPad SE LO DECIMOS A TODOS LOS AMIGOS CONHIJOS","twitter.com/Rocigaot/status/706597384529309699"
"6/3/2016 21:15:33","","706573955960799234","","@undivaga @NtmeC aparte de que pronunciaba 'Kukus Klan', terminado en s.","twitter.com/Rocigaot/status/706573955960799234"
"6/3/2016 20:41:00","2","706565263689453572","2","Ahora ya sabía cómo era, pero le estuve llamando'Ku Kux Klan' hasta los 20 por lo menos.  https://twitter.com/NtmeC/status/706518038351368193 …","twitter.com/Rocigaot/status/706565263689453572"
"6/3/2016 20:39:46","5","706564952719544320","2","@Beatriz_efe @JessicaFillol 'violar era grave cuando si te pasaba te tocaba quedarte soltera, ahora no es pa tanto'.Y mi gulag aún sin hacer","twitter.com/Rocigaot/status/706564952719544320"
"4/3/2016 17:05:38","2","705786287626780672","1","@pattygru Resumiendo el libro: 'Chicos, escogedme a mí que os tendré la casa limpita y la comida en la mesa, NO COMO ESAS PELANDRUSCAS'","twitter.com/Rocigaot/status/705786287626780672"
"4/3/2016 2:25:07","","705564698809384964","","@PotiPotiInLove vaya! yo que te iba a ofrecer el Ministerio de Gulags si se repiten las elecciones y me presento!","twitter.com/Rocigaot/status/705564698809384964"
"4/3/2016 1:43:51","2","705554313377091584","","@Tawil @ayquemal @alitecarlito @ozeiyo pero con Marías y demás es aún más chanante, que me los imagino intentando tuitear desde el fax. XD","twitter.com/Rocigaot/status/705554313377091584"
"4/3/2016 1:39:00","2","705553093975543808","","@Tawil @ayquemal @alitecarlito Marías y Reverte haciendo Vines y animándonos a seguirlos en Snapchat.","twitter.com/Rocigaot/status/705553093975543808"
"3/3/2016 0:15:55","1","705169796187475970","","@kalevorroko Tegan parece tomalo con calma!","twitter.com/Rocigaot/status/705169796187475970"
"1/3/2016 23:47:54","3","704800359223525376","","Sí, hoy es otro de esos días.pic.twitter.com/Pleeb0vRBQ","twitter.com/Rocigaot/status/704800359223525376"
"1/3/2016 23:39:33","1","704798258376384513","","@laMascota la mayoría de mis juguetes los heredaron mis primas. Qué filón de negocio con los nostálgicos ochenteros regalé sin saberlo!","twitter.com/Rocigaot/status/704798258376384513"
"1/3/2016 23:22:53","","704794063275479040","","Facebook me conoce regulinchi, capítulo ni se sabe.pic.twitter.com/fyrSbzWGM1","twitter.com/Rocigaot/status/704794063275479040"
"1/3/2016 13:10:06","1","704639849756753920","2","Por la noche juego en modo hard: con tragos en vez de puntos, en Facebook y deshaciendo los 'dejar de seguir'https://twitter.com/hematocritico/status/704583523190120448 …Buenos días, chicos. ¿Preparados para jugar al JUEGO DE OTEGI? VAAAMOOS #OTEGAME pic.twitter.com/PIlHHoJLrq","twitter.com/Rocigaot/status/704639849756753920"