"date","fav","id","rt","text","url"
"1/3/2017 0:48:50","65","836724876283154432","61","Acabo de caer en la cuenta de que olvidé 'Mourinhista' en el bingo. Siempre veo los fallos a deshora.pic.twitter.com/GBX9Ir1OMo","twitter.com/Rocigaot/status/836724876283154432"
"28/2/2017 16:19:24","3","836596670733381634","","Porque en vista de que no aceptan un 'no me interesa, gracias', aprovechemos para ser creativos y para hacer a la empresa gastar a lo tonto.","twitter.com/Rocigaot/status/836596670733381634"
"28/2/2017 16:11:21","3","836594646486814720","","- Le ofrecemos un préstamo al momento que...
-Bah, tengo unas fotos comprometidas del Rey. Si quiero pasta, llamo a Zarzuela.","twitter.com/Rocigaot/status/836594646486814720"
"28/2/2017 16:09:24","8","836594156843606016","3","- ¿Es que no le interesa ahorrar?
- Qué va, me han dado 2meses de vida y mi único heredero me cae como el culo, quiero fundirlo todo.","twitter.com/Rocigaot/status/836594156843606016"
"28/2/2017 16:06:51","6","836593511726211072","1","Mi nuevo propósito de año nuevo es sustituir los 'no me interesa' a los teleoperadores de eléctricas y financieras por razones más creativas","twitter.com/Rocigaot/status/836593511726211072"
"28/2/2017 13:23:03","7","836552293495488514","3","y el de 'lo normal es estar en pareja y si estás sola ya tardas en ir buscándote a alguien, no seas tan exquisita'.pic.twitter.com/8lkRQJHOPW","twitter.com/Rocigaot/status/836552293495488514"
"28/2/2017 13:20:40","5","836551690899898369","4","a mí lo que me fascina es cómo nos meten a la vez el discurso del amor romántico, épico,que todo lo puede y es cosa del destino(1","twitter.com/Rocigaot/status/836551690899898369"
"28/2/2017 2:21:56","14","836385914809106432","9","Hala, terás queixa!pic.twitter.com/5udAt1wLwR","twitter.com/Rocigaot/status/836385914809106432"
"28/2/2017 1:39:58","2","836375354394755072","","Teño que facer un bingo de bios para cando vos da por discutir con xente así peculiar no twitter.","twitter.com/Rocigaot/status/836375354394755072"
"28/2/2017 0:06:10","5","836351748692410368","1","engancharte a una serie en Telecinco y aprovechar la publicidad para sacarte las oposiciones de Notarías.","twitter.com/Rocigaot/status/836351748692410368"
"27/2/2017 22:27:55","4","836327024054648833","1","'Arsuaga, condenado a galeras por homófobo y facha. Sashay away'. Mira, ya tardan en ponerse a ello. Si hay que hacer crowdfunding, se hace","twitter.com/Rocigaot/status/836327024054648833"
"27/2/2017 22:23:37","7","836325944096862208","1","¿Cómo va lo de la Inquisición Gay que dicen en Hazte Orín?Porque me estoy imaginando los juicios con RuPaul dictando sentencia y puede molar","twitter.com/Rocigaot/status/836325944096862208"
"27/2/2017 22:16:32","3","836324158455820288","","¿Cómo va lo de la inquisición gay? Puedo denunciar a alguien si en una boda pincharon 'A quién le importa' y no movió ni un pie?","twitter.com/Rocigaot/status/836324158455820288"
"27/2/2017 18:25:23","2","836265987649470469","","Hala, a mí también me tienen block! Qué ilu, si yo soy una mindundi pocosfollowers!pic.twitter.com/4VMwtmVdn1","twitter.com/Rocigaot/status/836265987649470469"
"27/2/2017 15:18:58","","836219076343128064","","pa ke kieres saber eso jaja saludos","twitter.com/Rocigaot/status/836219076343128064"
"26/2/2017 22:50:09","1","835970233483554817","","","twitter.com/Rocigaot/status/835970233483554817"
"26/2/2017 22:32:29","3","835965784790806530","","con lo bonito que es esperar para que tu novio te pueda convencer de que 4 minutos es una duración media-alta para un polvo!","twitter.com/Rocigaot/status/835965784790806530"
"26/2/2017 22:21:51","10","835963108103450626","2","es que te lías con una tía de treintaypico tacos y a lo mejor va y resulta que ni es virgen ni nada. Dónde iremos a parar.","twitter.com/Rocigaot/status/835963108103450626"
"26/2/2017 21:43:05","4","835953355738447876","1","Lo de Gol sobre Shakira dice mucho de la obsesión con las chicas jóvenes. A ver si va a tener experiencia y va a notar que lo haces MAL.","twitter.com/Rocigaot/status/835953355738447876"
"24/2/2017 14:25:45","2","835118520245633024","","ay, yo la tenía también! Creo que la heredó mi prima!","twitter.com/Rocigaot/status/835118520245633024"
"24/2/2017 14:23:59","1","835118077020811264","1","Primero fueron a por los que comían pizza con piña, y no hice nada porque no me gustaba la pizza con piña...","twitter.com/Rocigaot/status/835118077020811264"
"24/2/2017 2:30:57","5","834938635053072384","2","pic.twitter.com/xA3d367SZD","twitter.com/Rocigaot/status/834938635053072384"
"24/2/2017 1:18:54","5","834920500669329408","","Estoy dudando si me apetece más ir a ver 'Es por tu bien' o hacerme la depilación brasileña con un soplete.","twitter.com/Rocigaot/status/834920500669329408"
"23/2/2017 23:52:32","","834898767673446409","","si te lo comes entero cuenta como las cinco!","twitter.com/Rocigaot/status/834898767673446409"
"23/2/2017 23:27:38","2","834892502637428736","","por un momento onde pon MÄBU lin MALÚ e xa nin me chocaba ","twitter.com/Rocigaot/status/834892502637428736"
"23/2/2017 23:22:55","1","834891315695476737","","eso a min deixoume picuetísima tamén! Pensaba que xa estarían todos facendo un curso de community manager do INEM!","twitter.com/Rocigaot/status/834891315695476737"
"23/2/2017 23:15:19","5","834889403273261058","","He vuelto a la piscina después de ni se sabe los meses y me ahora me da miedo teclear muy fuerte por si se me caen los brazos.","twitter.com/Rocigaot/status/834889403273261058"
"23/2/2017 14:08:10","4","834751707670253568","","'Esto no lo verás en los medios' (incluye link a noticia en un medio)","twitter.com/Rocigaot/status/834751707670253568"
"23/2/2017 13:10:32","1","834737200831016960","","¡Sorpresa! #Nohttps://twitter.com/anamartinplaza/status/834736804347666432 …Urdangarin no tendrá que ingresar en prisión, no tendrá que pagar fianza y podrá seguir viviendo en Suiza http://rtve.es/n/1494120  vía @rtve","twitter.com/Rocigaot/status/834737200831016960"
"23/2/2017 12:04:31","5","834720587578736640","","'¿Porque te quedas tumbao cual morsa y lo tiene que hacer todo tu pareja?'.A huevo está.","twitter.com/Rocigaot/status/834720587578736640"
"23/2/2017 12:02:04","2","834719971792080900","","De 3buses A Coruña-Salamanca, 2llegan a la misma hora saliendo con 1:30 de diferencia. Y el que tarda más es más caro. Ay, Alsa, me fascinaspic.twitter.com/EAGXiYaFwp","twitter.com/Rocigaot/status/834719971792080900"
"23/2/2017 1:21:48","","834558844470755328","","A ver se retomo, que quedei no final da quinta!","twitter.com/Rocigaot/status/834558844470755328"
"22/2/2017 23:52:45","11","834536435348799488","3","Lo secundo, pero cambiando Ben por Janice.https://twitter.com/mejugenia/status/834513008365821959 …Mi propuesta para nombrar los planetas esos nuevos: Ross, Phoebe, Mónica, Rachel, Chaendler, Joey y Ben.","twitter.com/Rocigaot/status/834536435348799488"
"22/2/2017 19:25:48","1","834469255538176000","","para un fin de semana no te compensa que entre que llegas y vuelves no ves ná, pero si puedes pillarte un puente largo...","twitter.com/Rocigaot/status/834469255538176000"
"22/2/2017 19:22:39","1","834468460591796225","","¿Quién se ríe ahora del invitado este de Friker?¿Eh?¿Eh? #lodelaNASApic.twitter.com/IM1iMUxL1J","twitter.com/Rocigaot/status/834468460591796225"
"22/2/2017 19:12:25","6","834465884488028161","1","Yo: Usa estas palabras en oraciones
Alumna: Este verbo no sé qué es
Yo: Mira en el diccionario
A: En mi diccionario los verbos no vienen.pic.twitter.com/8eOezGUD5X","twitter.com/Rocigaot/status/834465884488028161"
"22/2/2017 18:32:18","2","834455790253703170","","lo que no sé es si cuando eres funcionario te incrementan el tiempo de follar con los trienios.","twitter.com/Rocigaot/status/834455790253703170"
"22/2/2017 18:27:34","2","834454597385191425","","igual si un compañero es eyaculador precoz puede cederte minutos suyos. No sé qué dice el convenio.","twitter.com/Rocigaot/status/834454597385191425"
"22/2/2017 15:25:21","3","834408743827800064","","si estás una temporada sin novio o follamigo pierdes esas horas, o las acumulas y recuperas cuando tengas?","twitter.com/Rocigaot/status/834408743827800064"
"22/2/2017 13:15:51","","834376154236780544","","(que no me ha pasao, pero como suelo mirar esas cosas en Amazon, podría )","twitter.com/Rocigaot/status/834376154236780544"
"22/2/2017 13:15:00","7","834375940654395392","4","'Sorprende a tu pareja en San Valentín: Phrasal Verbs in Use'. Si eso no acaba en polvo salvaje, yo ya no sé. ","twitter.com/Rocigaot/status/834375940654395392"
"22/2/2017 0:25:58","","834182406840188931","","pero ya digo que es lo que he leído por el TL, tampoco me he metido a indagar mucho que yo en tema gamer me quedé en el tetris","twitter.com/Rocigaot/status/834182406840188931"
"22/2/2017 0:25:11","","834182206935400452","","él o la peña que estaba desarrollando el videojuego por él. XD","twitter.com/Rocigaot/status/834182206935400452"
"22/2/2017 0:23:46","","834181853540139010","","yo de temas de videojuegos entiendo poco, pero por lo que me ha parecido entender se ha marcado un Ana Rosa versión gamer.","twitter.com/Rocigaot/status/834181853540139010"
"22/2/2017 0:20:23","","834180998787108864","","ay, justo acabo de preguntar si alguien habría hecho ya esa coña! XDDDD","twitter.com/Rocigaot/status/834180998787108864"
"22/2/2017 0:19:31","2","834180782537195520","","Pues sí que lo han hecho que lo acabo de ver. No sé si RT por si la Fiscalía. ","twitter.com/Rocigaot/status/834180782537195520"
"22/2/2017 0:17:47","10","834180344811286529","4","¿Alguien ha hecho ya el meme con lo de 'no les perdono bajo ningún pretexto que no sepan volar' y la foto del coche de Carrero B...pic.twitter.com/SQ7QusbFkb","twitter.com/Rocigaot/status/834180344811286529"
"21/2/2017 19:01:32","1","834100759180476416","","que salga en FB para que los cuñaos te digan'¿pa esa mierda necesitas calculadora?' como con el runtastic. ","twitter.com/Rocigaot/status/834100759180476416"
"21/2/2017 14:41:44","1","834035377065324544","","abierta a la idea de tener una relación estable en esa fase de mi vida, pero en 2 días no sé si quiero esa relación CONTIGO.","twitter.com/Rocigaot/status/834035377065324544"
"21/2/2017 14:40:54","1","834035169568899072","","como esa gente que al 2ºdía te pregunta si quieres una relación seria 'para no perder el tiempo'. Que yo puedo estar (1)","twitter.com/Rocigaot/status/834035169568899072"
"20/2/2017 20:32:26","8","833761245413175302","","Esto lo  confiesa Rajoy y a lo mejor el PP pierde uno o hasta dos escaños, cuidao.https://twitter.com/Javikinkman/status/833757113872764928 …'Un parlamentario confiesa haber comido carne humana. Promete no volver a hacerlo' 
 
1972 pic.twitter.com/WNuWhxg7s1","twitter.com/Rocigaot/status/833761245413175302"
"20/2/2017 20:13:13","","833756410454351872","","pero que encima ellos sí van abrigados, los cabrones, que no es que no noten el frío!","twitter.com/Rocigaot/status/833756410454351872"
"20/2/2017 18:45:04","","833734226851876864","","aún no tengo tu técnica pero todo es empezar ","twitter.com/Rocigaot/status/833734226851876864"
"20/2/2017 18:37:07","48","833732224822439937","32","Nunca es tarde para hacerme poetuitera.pic.twitter.com/WsIabxztbH","twitter.com/Rocigaot/status/833732224822439937"
"20/2/2017 17:12:25","1","833710912632680448","","Al final pasa como con los que te mandan a Cuba, que a la hora de soltar la pasta para el billete se rajan. https://twitter.com/PrisonPlanet/status/833648208249249793 …Any journalist claiming Sweden is safe; I will pay for travel costs & accommodation for you to stay in crime ridden migrant suburbs of Malmo","twitter.com/Rocigaot/status/833710912632680448"
"20/2/2017 13:22:54","4","833653150162763776","2","Esto es como el 'un día de estos será tu última oportunidad conmigo' de Janice a Chandler.https://twitter.com/dramatictone/status/833651841678319616 …Quien amenaza, rara vez se atreve. pic.twitter.com/hiQF6fasfi","twitter.com/Rocigaot/status/833653150162763776"
"20/2/2017 1:01:16","1","833466511436238848","","Es que sea como sea, además de miserable,es una estrategia tan sumamente estúpida que no me cabe en la cabeza.","twitter.com/Rocigaot/status/833466511436238848"
"20/2/2017 0:57:12","","833465490915852288","","ay, pobre!","twitter.com/Rocigaot/status/833465490915852288"
"20/2/2017 0:46:53","","833462891680559105","","hay gente que debe de tener una vida sexual super rica.","twitter.com/Rocigaot/status/833462891680559105"
"20/2/2017 0:42:58","","833461906509815808","","que es una marca atacando a una persona como parte de una campaña publicitaria.","twitter.com/Rocigaot/status/833461906509815808"
"20/2/2017 0:40:56","","833461394993455107","","sí? me había parecido que el tuit de ella tenía fecha anterior. Aunque sigo viendo peor lo de Hero(..)","twitter.com/Rocigaot/status/833461394993455107"
"20/2/2017 0:35:23","14","833460000035061760","13","Mira de dónde venía la pulla de Hero a Samanta Villar. A lo tonto se va a enterar mucha más gente de lo del aceite de palma. Genios. https://twitter.com/grodira/status/833459521490128897 …","twitter.com/Rocigaot/status/833460000035061760"
"20/2/2017 0:32:02","","833459157718200323","","Tengo por ahí de fondo a Friker hablando de realidad virtual pero no le estoy haciendo caso. Avisadme si sacan el holograma de Fraga.","twitter.com/Rocigaot/status/833459157718200323"
"20/2/2017 0:22:42","2","833456808396193793","","a mí sobre todo pereza.","twitter.com/Rocigaot/status/833456808396193793"
"20/2/2017 0:21:46","","833456573154471937","","se sentía marginao de los planes parejiles de su pandilla.","twitter.com/Rocigaot/status/833456573154471937"
"20/2/2017 0:20:51","","833456341083623425","","y encima siempre me contactaba gente a la que se le notaba MUCHO que buscaba novia porque sus amigos tenían y..","twitter.com/Rocigaot/status/833456341083623425"
"20/2/2017 0:20:14","1","833456187173658624","","yo lo veía muy 'he abierto proceso de selección para el puesto de mi novia y te entrevisto como candidata'","twitter.com/Rocigaot/status/833456187173658624"
"20/2/2017 0:19:29","1","833455996764839937","","gracias! Ahora me la estoy bajando, pero si resulta ser un fake miro ahí! :D","twitter.com/Rocigaot/status/833455996764839937"
"20/2/2017 0:18:53","","833455846013140992","","y eso que yo soy de Galicia, que cuando me fui a Salamanca la peña creía que teníamos todos nuestra batea con fardos","twitter.com/Rocigaot/status/833455846013140992"
"20/2/2017 0:15:45","2","833455059153387520","","y el de las calcomanías con droja!","twitter.com/Rocigaot/status/833455059153387520"
"20/2/2017 0:15:03","","833454882531192832","","yo años ha probé con Meetic y me da las mil perezas sólo de recordarlo, así que no creo que pruebe esta.","twitter.com/Rocigaot/status/833454882531192832"
"20/2/2017 0:13:34","5","833454510848737280","1","En el próximo Salvados Évole nos avisa de que si nos contacta por mail un príncipe nigeriano proponiendo un negocio, ni caso.","twitter.com/Rocigaot/status/833454510848737280"
"20/2/2017 0:10:57","1","833453850405302275","","yo es que el bulo ese lo recuerdo del 99 o 2000, que estaba de prácticas y mi jefe quería sacarlo en el magazine. XDD","twitter.com/Rocigaot/status/833453850405302275"
"20/2/2017 0:08:26","1","833453216696238082","","que igual recordar el hoax de los gatos bonsai es un gran indicador de lo viejunas que somos. XD","twitter.com/Rocigaot/status/833453216696238082"
"20/2/2017 0:07:23","3","833452953096839169","","hostiaaa, no me acordaba de las naranjas con SIDA!","twitter.com/Rocigaot/status/833452953096839169"
"20/2/2017 0:06:28","3","833452720992444417","","Es que es eso. Que alguien comparta mi amor a The IT Crowd ayuda, pero que comparta mi odio a Ajram es IMPRESCINDIBLE.","twitter.com/Rocigaot/status/833452720992444417"
"20/2/2017 0:04:29","2","833452225292857349","1","investigará también lo de los pobres gatos bonsai criados en frascos?","twitter.com/Rocigaot/status/833452225292857349"
"20/2/2017 0:04:01","2","833452105960738816","","yo esta app sí que la probaría.http://www.ticbeat.com/cyborgcultura/hater-el-tinder-para-ligar-con-personas-que-odian-lo-mismo-que-tu/ …","twitter.com/Rocigaot/status/833452105960738816"
"19/2/2017 23:58:11","2","833450638466023424","","mis amigas aún se descojonan.","twitter.com/Rocigaot/status/833450638466023424"
"19/2/2017 23:57:43","2","833450521453330433","","porque eso sí que es una mancha gorda en el expediente para que tus amigas te lo estén recordando hasta que os jubiléis.","twitter.com/Rocigaot/status/833450521453330433"
"19/2/2017 23:57:10","5","833450383385231361","1","es como cuando tenía 18 años y me pillé por uno y descubrí meses después que era carlista. Menos mal  que no me hizo caso!","twitter.com/Rocigaot/status/833450383385231361"
"19/2/2017 23:56:12","","833450138001670147","","Eso sí, qué coñazo volver a buscar torrents cuando te has aburguesado por culpa del Netflix ","twitter.com/Rocigaot/status/833450138001670147"
"19/2/2017 23:55:42","1","833450012042477570","","parece que sí, he estado mirando ahora el argumento al buscar los torrents y tiene pintaza!","twitter.com/Rocigaot/status/833450012042477570"
"19/2/2017 23:53:37","3","833449490464047104","","ay, sí! y cuántos crushes se habrán quedado en nada después de cotillear su FB y verle compartir un vídeo de Cremades!","twitter.com/Rocigaot/status/833449490464047104"
"19/2/2017 23:43:20","2","833446901815111680","","Ay, que ya ha empezado Friker, y al parecer hoy va de realidad virtual.pic.twitter.com/SPiKoR2AxN","twitter.com/Rocigaot/status/833446901815111680"
"19/2/2017 23:41:13","1","833446367028711426","","paréceme un bo método de cribado, apúntoo!","twitter.com/Rocigaot/status/833446367028711426"
"19/2/2017 23:39:05","2","833445832800206849","1","e ligando nun bar tampouco podes facer un meme de Falangito, que é unha das miñas armas de seducción maestras.","twitter.com/Rocigaot/status/833445832800206849"
"19/2/2017 23:36:10","1","833445098771906561","","también es cierto, si nada más conocerles les enseñas todos los gatos pierden el interés.","twitter.com/Rocigaot/status/833445098771906561"
"19/2/2017 23:35:37","3","833444956865957888","","ves? En persoa non podes ligar con gifs, minipunto para Internet!","twitter.com/Rocigaot/status/833444956865957888"
"19/2/2017 23:34:53","","833444773352579072","","uno no, tiene dos. Pero igual son pocos, debí elegir una imagen con más gatos.","twitter.com/Rocigaot/status/833444773352579072"
"19/2/2017 23:24:45","8","833442224021061634","","Que luego tampoco es que use mucho esto para ligar, pese a la seductora imagen de avatar que elegí, ya ves tú.","twitter.com/Rocigaot/status/833442224021061634"
"19/2/2017 23:23:56","58","833442017573236736","20","Y Twitter me parece el sitio óptimo para ligar, porque según te tiran los tejos puedes revisar TL y cercionarte de que no retuitea a Ajram.","twitter.com/Rocigaot/status/833442017573236736"
"19/2/2017 23:22:08","6","833441565976715265","1","Eso sí, a ver si va a ser verdad que hay cosas falsas en Internet. A VER SI LAS TETAS DE @PotiPotiInLove NO SON SUYAS.","twitter.com/Rocigaot/status/833441565976715265"
"19/2/2017 23:20:49","","833441234102472704","","El viernes de cañas acabamos todos viendo esto en bucle, no sé si cuenta también como adicción a Internet.https://twitter.com/chiquitogif/status/829619123571269632 …El grito 
Edvard Munch 1893 pic.twitter.com/byQikbvB97","twitter.com/Rocigaot/status/833441234102472704"
"19/2/2017 23:16:56","","833440255726465024","","miraré, a ver! Además, me la ha recomendado un ligue y quiero calibrar su gusto XDDD","twitter.com/Rocigaot/status/833440255726465024"
"19/2/2017 23:14:57","2","833439758927982593","","¿Alguien está pendiente de cuándo empieza Friker? Porque lo de Risto sí que no lo soporto ni para visionado irónico.","twitter.com/Rocigaot/status/833439758927982593"
"19/2/2017 23:13:46","","833439458506596356","","vaya! pues tendré que tirar de torrents, que para mí ya es mucho lujo estar pagando Netflix!","twitter.com/Rocigaot/status/833439458506596356"
"19/2/2017 23:12:18","1","833439089139531776","","en Netflix no está, ¿no? Me la recomendaron hace poco y no la encuentro.","twitter.com/Rocigaot/status/833439089139531776"
"19/2/2017 23:08:25","2","833438115213799424","","yo he yegao a scrbir asi x ahorrarm pgar 1 2nd sms XD","twitter.com/Rocigaot/status/833438115213799424"
"19/2/2017 23:00:56","2","833436232088743943","1","y tenías un límite de caracteres. Si te pasabas, tenías que mandar y paga otro.","twitter.com/Rocigaot/status/833436232088743943"
"19/2/2017 22:54:07","1","833434513653002242","","yo creo que tengo las de la frente tan marcadas por los años que pasé poniendo cara de perro a gente plasta ","twitter.com/Rocigaot/status/833434513653002242"
"19/2/2017 22:36:20","2","833430041165983745","","o ir con los cascos puestos y que te den un toquecito en el hombro para que los quites y les hables. Gente que no conoces.","twitter.com/Rocigaot/status/833430041165983745"
"19/2/2017 22:32:12","3","833428998386511872","","'es que puede tontear con tías sin salir de casa siquiera'.Si antes te era fiel por vago poco mérito tenía.","twitter.com/Rocigaot/status/833428998386511872"
"19/2/2017 22:29:31","1","833428325217484800","2","es como los de 'hay infidelidades por culpa de Facebook', que es otra cosa que oigo mucho.","twitter.com/Rocigaot/status/833428325217484800"
"19/2/2017 22:26:52","4","833427658587439104","2","Que no siempre funcionaba. Recuerdo un Coruña-Madrid con un libro y un pesao en plan '¿todo eso vas a leer?Está en inglés, lo entiendes?'","twitter.com/Rocigaot/status/833427658587439104"
"19/2/2017 22:24:09","6","833426972860641281","2","Yo antes de los móviles usaba libros y el discman (y antes el walkman) para espantar a los pesaos que te intentaban dar palique en el bus.","twitter.com/Rocigaot/status/833426972860641281"
"19/2/2017 19:09:07","2","833377892428038144","","siempre subestimo tu afición a los chistes malos!","twitter.com/Rocigaot/status/833377892428038144"
"19/2/2017 19:07:37","1","833377514533900289","","Dios, es malo hasta para @ComandanteVimes  XDDDDD","twitter.com/Rocigaot/status/833377514533900289"
"19/2/2017 18:44:57","","833371809093394433","","Dale un poco de tiempo, que igual me descubre la existencia de Muñoz Molina.","twitter.com/Rocigaot/status/833371809093394433"
"19/2/2017 18:38:29","1","833370183465050112","","Bueno, tampoco sé de qué me sorprendo. Hay peña que me ha recomendado libros del temario de Lite de 2ºBach como si me descubriera América.","twitter.com/Rocigaot/status/833370183465050112"
"19/2/2017 18:35:19","1","833369386442510336","","Menos mal que hay siempre un desconocido dispuesto a decirme qué libros tengo que leer, que cómo iba yo a saber esas cosas si no. https://twitter.com/JoseMariaPeco/status/833368369105629184 …","twitter.com/Rocigaot/status/833369386442510336"
"19/2/2017 18:31:24","7","833368401544351747","2","E insisto en que tenéis que miraros un poquito eso de asumir que si os gusta la obra de un artista este tiene que ser buena persona sí o sí.","twitter.com/Rocigaot/status/833368401544351747"
"19/2/2017 18:21:04","1","833365801063288833","","Ajá. https://twitter.com/JoseMariaPeco/status/833365454626418690 …","twitter.com/Rocigaot/status/833365801063288833"
"19/2/2017 18:20:17","4","833365602039390208","1","Que ojo, podría ser un gran escritor y además ser gilipollas. Y no necesitaríamos leer su obra para constatar su gilipollez.","twitter.com/Rocigaot/status/833365602039390208"
"19/2/2017 18:13:02","6","833363776359501828","","La idea de que hayamos leído a Marías y nos parezca un pedante sobrevalorado también es impensable. Si no sabemos dónde encontrar un libro.","twitter.com/Rocigaot/status/833363776359501828"
"19/2/2017 18:05:21","6","833361846111465472","","Ya salió el señor de turno a explicarnos que los libros de Marías están en la biblio porque cómo vamos nosotras a saber tal cosa. https://twitter.com/JoseMariaPeco/status/833332609392459776 …","twitter.com/Rocigaot/status/833361846111465472"
"19/2/2017 13:17:21","3","833289365451374592","2","La próxima columna de Marías a los tuiteros que tan poco le importan y tan irrelevantes son incluirá un 'rebota,rebota y en tu culo explota'","twitter.com/Rocigaot/status/833289365451374592"
"19/2/2017 12:51:37","5","833282892667162624","4","Nos falta que Carmen Lomana nos llame pijos y que Bertín nos llame cuñaos, y ya hacemos pleno.https://twitter.com/Rocigaot/status/833282636000931840 …Javier Marías llamando narcisista a la peña. JA-VIER-MA-RÍ-AS. pic.twitter.com/OCexiQ8IUx","twitter.com/Rocigaot/status/833282892667162624"
"19/2/2017 12:50:36","20","833282636000931840","5","Javier Marías llamando narcisista a la peña. JA-VIER-MA-RÍ-AS.pic.twitter.com/OCexiQ8IUx","twitter.com/Rocigaot/status/833282636000931840"
"19/2/2017 0:05:38","3","833090124359548928","","el típico que te da a comer melón con su lefa porque tú no sabes apreciar lo majo que es y te vas con los malotes. Sí, cuadra.","twitter.com/Rocigaot/status/833090124359548928"
"19/2/2017 0:03:17","1","833089533331791874","","así me quedé yo también, si retuiteo es para compartir el traumita.","twitter.com/Rocigaot/status/833089533331791874"
"19/2/2017 0:01:13","24","833089015280721920","10","'No te lo comas, guárdalo para cuando vengan tus amigas'. Alguien que se folla melones debe de recibir a mogollón de amigas en casa, sí.https://twitter.com/GabVive/status/832969755053137925 …Heteros: te comes un plátano porque te gustan las pollas jaja
Heteros también: pic.twitter.com/eDLFV91ARf","twitter.com/Rocigaot/status/833089015280721920"
"18/2/2017 17:23:01","6","832988802792685568","","yo entre 'cuando en el fregadero no cabe más' y 'cuando vienen visitas'.","twitter.com/Rocigaot/status/832988802792685568"
"18/2/2017 17:21:22","","832988387749613568","","que mirándola otra vez creo que no es una virgen sino no recuerdo qué santo que iba con el niño en brazos, pero compro igual XD","twitter.com/Rocigaot/status/832988387749613568"
"18/2/2017 17:20:20","1","832988127144849409","","ay, esa figura de Nuestra Señora de Spiderman es ","twitter.com/Rocigaot/status/832988127144849409"
"18/2/2017 15:48:28","","832965009173004289","","eu xa o lera fai tempo, pero eu son moito de reler os que me gustan e así o teño sempre de man!","twitter.com/Rocigaot/status/832965009173004289"
"18/2/2017 13:58:06","4","832937234223550464","","Tanto pijerío y tanta elegancia para que la gente haga coña de tus anuncios llamándote Cagolina.","twitter.com/Rocigaot/status/832937234223550464"
"18/2/2017 13:54:12","6","832936252999610368","7","pic.twitter.com/7nWbVpvIsy","twitter.com/Rocigaot/status/832936252999610368"
"18/2/2017 13:21:56","","832928130927042562","","y que los contratados en prácticas se quedaran en la empresa siempre, que pa algo los has formad...pic.twitter.com/dflpNcLsle","twitter.com/Rocigaot/status/832928130927042562"
"18/2/2017 13:11:16","1","832925446295654400","","El hilo está nuy bien, y la repentina preocupación en los replies porque 'el trabajador formado es insustituible' da hasta ternurita.https://twitter.com/Subnorbook/status/832875906431582208 …Ayer se me pasó esto y voy a explicar un par de cosas. pic.twitter.com/VO3bOkxcHp","twitter.com/Rocigaot/status/832925446295654400"
"18/2/2017 2:03:53","1","832757496225755137","","bueno, eu traballo de tardes así que me apaño a calqueira día!","twitter.com/Rocigaot/status/832757496225755137"
"18/2/2017 2:01:45","","832756958297878532","","temos que facer quedada de cañas coruñenta!","twitter.com/Rocigaot/status/832756958297878532"
"18/2/2017 2:00:19","2","832756597961035776","","de todas formas, agora estás na Coruña, non? podemos quedar un día pa beber algo! e con @Srta_Angus","twitter.com/Rocigaot/status/832756597961035776"
"18/2/2017 1:58:43","2","832756196557811712","","eu encima como me iento culpable por comprar en Amazon,ao día seguinte pillo algo nunha librería de barrio pa compensar XD","twitter.com/Rocigaot/status/832756196557811712"
"18/2/2017 1:51:53","3","832754477769711618","","nunca me da por comprar mùsica, só libros. Un día probarei a abrir aliexpress borracha e que sexa o que Cthulhu queira.","twitter.com/Rocigaot/status/832754477769711618"
"18/2/2017 1:49:55","2","832753982363754499","","eu para a literatura teño bo gusto sempre. Para a música son sempre bastante hortera, pero o alcohol acentúa o efecto.","twitter.com/Rocigaot/status/832753982363754499"
"18/2/2017 1:48:49","1","832753704272961536","","hostia! ideaza, vou facelo cada vez que chegue chuzada a casa!","twitter.com/Rocigaot/status/832753704272961536"
"18/2/2017 1:46:15","1","832753059973378048","","certo! debería facelo máis, que non teño sorpresas dabondo nesta vida!","twitter.com/Rocigaot/status/832753059973378048"
"18/2/2017 1:44:59","1","832752741285924867","","afortunadamente, bébeda teño tan bo gusto literario como sobria!","twitter.com/Rocigaot/status/832752741285924867"
"18/2/2017 1:44:34","1","832752633962041345","","eu non estou bébeda de todo, só feliz. Pero algunha vez teño feito pedidos indo totalmente pedo e non lembrarme cando mos traen XD","twitter.com/Rocigaot/status/832752633962041345"
"18/2/2017 1:39:22","1","832751325024694275","","Efectivamente! XDDDD","twitter.com/Rocigaot/status/832751325024694275"
"18/2/2017 1:38:54","2","832751210398519296","","Por si os lo preguntáis, 'The Lottery' de Shirley Jackson y 'The handmaid's tale',que lo había leído de la biblio pero no lo tengo en papel.","twitter.com/Rocigaot/status/832751210398519296"
"18/2/2017 1:35:32","7","832750363199500291","","Llegar a casa con unas cañas encima y hacer un pedido a Amazon es mi versión de llegar a casa con unas cañas y mandar un whatsapp a un ex.","twitter.com/Rocigaot/status/832750363199500291"
"17/2/2017 14:38:26","3","832584996770693120","","Mira, paso, que luego si fulano es gilipollas, un baboso o está de borrachera plasta lo voy a recordar siempre que escuche el disco.","twitter.com/Rocigaot/status/832584996770693120"
"17/2/2017 14:36:49","","832584587775709188","1","De hecho, igual soy algo rarito en eso, pero siempre me agobiaron esos concursos de 'gana una entrada al backstage para conocer a fulano'.","twitter.com/Rocigaot/status/832584587775709188"
"17/2/2017 14:32:41","6","832583548968325120","","No sé, yo tengo el mp3 llenito de música que me gusta, interpretada por gente que me parece básicamente gilipollas. Pero mucho, ¿eh?","twitter.com/Rocigaot/status/832583548968325120"
"17/2/2017 14:29:51","8","832582837052256258","","En adolescentes lo puedo entender, pero que gente adulta se ofenda mucho porque critiquen actitudes de artistas que les molan es de coña.","twitter.com/Rocigaot/status/832582837052256258"
"17/2/2017 1:10:37","1","832381704354557952","","yo lo de los tacones lo hago solo en plan vendetta cuando me han tocado mucho las narices con el ruido entre semana. XD","twitter.com/Rocigaot/status/832381704354557952"
"17/2/2017 0:48:01","1","832376013397061633","","y ahora están los de abajo con colegas a voces. Mañana salgo en tacones pa que me oigan al volver. ","twitter.com/Rocigaot/status/832376013397061633"
"17/2/2017 0:03:36","1","832364835803426825","","lo mejor es que a los que más oigo es a los de al lado y mi casa  es de vivienda por planta así que están EN OTRO EDIFICIO.","twitter.com/Rocigaot/status/832364835803426825"
"16/2/2017 23:54:48","","832362622062362624","","será eso!","twitter.com/Rocigaot/status/832362622062362624"
"16/2/2017 23:50:55","1","832361645414428674","","Por supuesto que las 23:50 son una hora ideal para ponerte a usar un taladro eléctrico, vecino. Sigue con lo tuyo.","twitter.com/Rocigaot/status/832361645414428674"
"16/2/2017 23:41:09","1","832359189615898625","","lo mismo he pensao yo.","twitter.com/Rocigaot/status/832359189615898625"
"16/2/2017 23:37:46","1","832358334263152644","","Los diez mejores trucos para ligarte al más macizo en la misa del Valle de los Caídos.","twitter.com/Rocigaot/status/832358334263152644"
"16/2/2017 23:33:27","3","832357249108553728","1","'Especial moda: clona con prendas lowcost los mejores looks de Carmen Polo'","twitter.com/Rocigaot/status/832357249108553728"
"16/2/2017 23:27:46","6","832355821254238210","3","'Queipo, Franco, Serrano Suñer... ¿quién es tu chico ideal según tu horóscopo?' #superpopfacha","twitter.com/Rocigaot/status/832355821254238210"
"16/2/2017 23:26:07","5","832355406492078081","","Pues ahora estoy imaginando mogollón de ideas de contenido para la superpop facha, así que si te planteas la idea y pagas, Pi Yey, call me.","twitter.com/Rocigaot/status/832355406492078081"
"16/2/2017 23:21:56","8","832354351821758466","5","A lo mejor están tanteando si pedir crowdfunding de nuevo, esta vez para una superpop facha con sus posters centrales y todo.https://twitter.com/elespanolcom/status/832340029766762496 …José Antonio, el fascista más sexy http://www.elespanol.com/cultura/libros/20170216/194231035_0.html … En @miradas_ee pic.twitter.com/EAvRq6G6y5","twitter.com/Rocigaot/status/832354351821758466"
"16/2/2017 23:05:36","1","832350241038934016","","ahí está, igual es que subieron mucho el IVA de las chuchesh","twitter.com/Rocigaot/status/832350241038934016"
"16/2/2017 22:50:03","1","832346327249993728","","unos límites, que nunca he estado muy atlética que digamos )","twitter.com/Rocigaot/status/832346327249993728"
"16/2/2017 22:49:17","1","832346136258166788","","apenas musculo y de abajo adelgazo poquito pero endurezco y musculo más fácil (todo dentro de","twitter.com/Rocigaot/status/832346136258166788"
"16/2/2017 22:48:16","","832345879856238592","","yo tanta caña de ejercicio nunca me he metido pero normalmente, de arriba adelgazo pero (1)","twitter.com/Rocigaot/status/832345879856238592"
"16/2/2017 22:42:22","3","832344392899952641","","yo los tengo también. Y con un 35 pequeño de pie, comprar botas es un show también  XDDDD","twitter.com/Rocigaot/status/832344392899952641"
"16/2/2017 22:41:42","2","832344228072157187","","yo en la adolescencia llegué a tener la tripa remetía pa dentro y seguía con bastante muslo.","twitter.com/Rocigaot/status/832344228072157187"
"16/2/2017 22:40:41","1","832343971833716737","","ahora con los que son elásticos apaño. Si no necesito una talla más por los gemelos.","twitter.com/Rocigaot/status/832343971833716737"
"16/2/2017 22:37:22","1","832343134940123138","","yo de muslo conseguí bajar bastante, mi cruz son los gemelos que no rebajan con na.","twitter.com/Rocigaot/status/832343134940123138"
"16/2/2017 22:35:14","2","832342600304701442","","","twitter.com/Rocigaot/status/832342600304701442"
"16/2/2017 22:33:52","1","832342256522842113","","a mí me pasaba de más jovencita, es un coñazo cuando hace calor. ","twitter.com/Rocigaot/status/832342256522842113"
"16/2/2017 22:27:52","1","832340744224514048","","me estoy imaginando a tu pobre amiga en plan Lane Kim de las chicas Gilmore XDD","twitter.com/Rocigaot/status/832340744224514048"
"16/2/2017 22:27:20","1","832340612074569728","","yo no enseñé pierna hasta mi 1º junio en Salamanca a 44º, que se impuso la supervivencia XDD","twitter.com/Rocigaot/status/832340612074569728"
"16/2/2017 22:23:50","5","832339728800309249","","encima al ser tan bajita TODO me hace escote porque está diseñado para gente con más tronco que yo.","twitter.com/Rocigaot/status/832339728800309249"
"16/2/2017 22:21:46","1","832339211734962177","","supuestos defectos a veces se contradecían entre sí y aquello era un sinvivir. No salía del vaqueros+camiseta negra.","twitter.com/Rocigaot/status/832339211734962177"
"16/2/2017 22:20:13","1","832338821522026497","","yo por entonces me lo creía y me agobiaba mogollón, porque además los consejos para disimular cada uno de mis(1)","twitter.com/Rocigaot/status/832338821522026497"
"16/2/2017 22:19:00","5","832338514733830144","1","en la Ragazza, cuando era adolescente, leí que con una 90B o más no podías llevar escotes porque era vulgar.pic.twitter.com/tILDmgV8gi","twitter.com/Rocigaot/status/832338514733830144"
"16/2/2017 22:12:15","2","832336814270775296","","pero como lleves según qué colores 'el negro te estilizaría más', si marcas curvas 'ese escote con tu pecho queda vulgar'...","twitter.com/Rocigaot/status/832336814270775296"
"16/2/2017 22:06:45","7","832335433224826880","3","Pero como si fuera la idea más absurda del mundo, oye.","twitter.com/Rocigaot/status/832335433224826880"
"16/2/2017 22:05:27","7","832335104659841024","4","Se me descojonaban de la 'ocurrencia' en plan 'Jajaja, lo que nos faltaba, ahora ella tiene que morirse de ganas de follar, jojojo!'","twitter.com/Rocigaot/status/832335104659841024"
"16/2/2017 22:03:10","6","832334527695568896","3","Y lo deprimente es que la reacción no es tanto la indignación de '¿QUÉ ME ESTÁIS LLAMANDO LAS LOCAS HEMBRISTAS?', sino que directamente(...)","twitter.com/Rocigaot/status/832334527695568896"
"16/2/2017 22:02:08","6","832334271452954624","3","Vamos, de la idea de que no llega con que tu pareja acceda, sino que es necesario que tu pareja indique que a ella también le apetece.","twitter.com/Rocigaot/status/832334271452954624"
"16/2/2017 22:00:29","6","832333852458774528","3","Y esto me recuerda algo muy deprimente que me ha pasado un par de veces hablando con tíos con pareja estable del consentimiento entusiasta.","twitter.com/Rocigaot/status/832333852458774528"
"16/2/2017 21:57:19","26","832333057088770049","13","Los que no sabéis cómo meter preguntas de '¿quieres que te haga x?' en el sexo sin cortar el rollo tenéis que ser amantes super creativos.","twitter.com/Rocigaot/status/832333057088770049"
"16/2/2017 21:55:04","1","832332492975775744","","me dijeron que es ideal para hipocondríacos. Para rematarlos, digo. :P","twitter.com/Rocigaot/status/832332492975775744"
"16/2/2017 21:53:20","1","832332054251655169","","me han hablado de ese programa pero aún no lo he visto. Creo que prefiero el de 'el sexo me llevó a urgencias' ","twitter.com/Rocigaot/status/832332054251655169"
"16/2/2017 19:11:50","2","832291410586062850","1","luego hablan de realismo.Si no hay nada más realista que el que la raza o género con el que naces sea una lotería!","twitter.com/Rocigaot/status/832291410586062850"
"16/2/2017 14:42:09","1","832223542796226565","1","cuando lo pides en Aliexpress vs cuando te llega.","twitter.com/Rocigaot/status/832223542796226565"
"16/2/2017 14:04:21","2","832214029603049472","","unha lástima, xa tiña escollido ata o can de peluche para levar no bolso.","twitter.com/Rocigaot/status/832214029603049472"
"16/2/2017 14:03:37","1","832213848404983810","","eu nos meus tempos de saír por bares jebis propuxen ir disfrazados de pijos e pijas, pero os meus amigos pasaron :(","twitter.com/Rocigaot/status/832213848404983810"
"16/2/2017 14:00:26","2","832213045032140800","","joder! La profe de tu hija es Perdiguero con peluca!","twitter.com/Rocigaot/status/832213045032140800"
"16/2/2017 13:46:25","2","832209517236596736","","igual que nunca he oído describir a un niño como 'redicho' o 'marisabidillo'...","twitter.com/Rocigaot/status/832209517236596736"
"16/2/2017 13:44:01","1","832208912313102336","","pic.twitter.com/vsJJyt34sD","twitter.com/Rocigaot/status/832208912313102336"
"16/2/2017 13:38:17","2","832207470181437444","1","he hipotecado mi casa para comprar +juegos pero por fin SOY NOBLE! Te haces una herida tonta. Se infecta. Grangrena. Mueres","twitter.com/Rocigaot/status/832207470181437444"
"16/2/2017 13:27:30","5","832204756584128515","1","'¡sí, por fin, me he gastado 4000 napos pero por fin soy caballero y estoy en una batalla!'->le apuñalan mientras caga.","twitter.com/Rocigaot/status/832204756584128515"
"16/2/2017 13:20:00","4","832202868723744768","1","'A mí me ha tocado ser siervo y lo único que me deja hacer este puto juego es arar y pagar tributos'. ¯\_(ツ)_/¯","twitter.com/Rocigaot/status/832202868723744768"
"16/2/2017 13:18:40","5","832202535003967489","1","En 1juego medieval molaría. 'He gastado una pasta en el juego, según arranco muero al nacer y no puedo jugar más' ¯\_(ツ)_/¯","twitter.com/Rocigaot/status/832202535003967489"
"16/2/2017 12:54:19","2","832196407494897665","1","lo irónico es que acabo de ver su bio y como pide que le envíen calamidades sobre sexismo le puedes mandar su propio tuit.","twitter.com/Rocigaot/status/832196407494897665"
"16/2/2017 1:55:42","3","832030661397577728","2","Yo me voy a dormir ya, pero a ver si alguno hacéis algo con esto.pic.twitter.com/c9EE3acj9e","twitter.com/Rocigaot/status/832030661397577728"
"15/2/2017 23:19:55","1","831991456852213760","","creo que cando chegou ela á serie xa estaban na LOGSE, que non estaba nas primeiras temporadas. XD","twitter.com/Rocigaot/status/831991456852213760"
"15/2/2017 23:19:17","1","831991297229651968","","é todo moi guai porque aos 30 fas de adolescente pero aos 40 xa es vella pa que te emparellencun cincuentón","twitter.com/Rocigaot/status/831991297229651968"
"15/2/2017 23:18:14","1","831991031478493186","","o de Raquel Meroño en Al salir de Clase como estudiante de 1º de Bacharelato fora moi coñeiro tamén.","twitter.com/Rocigaot/status/831991031478493186"
"15/2/2017 23:16:11","","831990515864317952","","é como o de Alexandra Jiménez: de adolescente nos Serrano a menopáusica en Embarazados, en 8 anos.","twitter.com/Rocigaot/status/831990515864317952"
"15/2/2017 23:09:53","2","831988933252808704","","nada superará a Dylan no instituto cunhas entradas que non as ten meu pai aos 60 XD","twitter.com/Rocigaot/status/831988933252808704"
"15/2/2017 14:40:16","5","831860684212281344","","datos aportados por el Instituto Estadístico del Forro de sus Cojones.","twitter.com/Rocigaot/status/831860684212281344"
"15/2/2017 13:58:08","4","831850078021230593","1","era una droguería, iba a por pasta de dientes y casi me voy con 6cajas de condones 'extra protección total con concertinas'","twitter.com/Rocigaot/status/831850078021230593"
"15/2/2017 13:56:47","10","831849740690137088","","Qué rabia me dan los padres que hacen eso. Cargarle a otros el papel de poli malo para no pasar ellos el trago de negarle algo al crío.","twitter.com/Rocigaot/status/831849740690137088"
"15/2/2017 13:55:35","12","831849435793653769","2","Entro en una tienda. Niño de unos 3años tirando cosas y berreando. Madre: 'Paaara, que la chica (la dependienta)  nos va a reñir'.pic.twitter.com/chC5Uhf1bN","twitter.com/Rocigaot/status/831849435793653769"
"15/2/2017 13:12:05","","831838491315167232","","Alberto Junior para que lle chamen A.J., en plan serie de adolescentes made in USA.","twitter.com/Rocigaot/status/831838491315167232"
"14/2/2017 23:07:35","1","831625964580962304","","¿Ir hoy de cañas? Imposible,mañana toca Carrefour y paella familiar con los padres de mi 'no-novio porque tener novio es de carcas","twitter.com/Rocigaot/status/831625964580962304"
"14/2/2017 21:31:34","3","831601801426239488","1","y le menguan las tetas. Como todo el mundo sabe, con más de una copa B no puedes leer porque las tetas te tapan el libro.","twitter.com/Rocigaot/status/831601801426239488"
"14/2/2017 17:16:53","1","831537708635926528","","ay, mi médico de cabecera es así! siempre parece estar recién separao y dormir en la consulta mientras ve qué hace con su vida","twitter.com/Rocigaot/status/831537708635926528"
"14/2/2017 15:19:02","","831508052096462853","","creo que si puedo elegir la de Rallo, pero si tienes la otra más a mano también me hace ilu, no creas!","twitter.com/Rocigaot/status/831508052096462853"
"14/2/2017 13:22:27","6","831478709219622913","2","Bueno, ¿qué me vais a regalar hoy? ¿Chocolate? ¿Libros?¿Cabezas de entrepreneurship coaches clavadas en picas?","twitter.com/Rocigaot/status/831478709219622913"
"14/2/2017 0:53:45","1","831290293093810182","","pic.twitter.com/jIKyQX7Djy","twitter.com/Rocigaot/status/831290293093810182"
"14/2/2017 0:12:40","1","831279953538854912","","te codeas con la creme de la creme!","twitter.com/Rocigaot/status/831279953538854912"
"13/2/2017 23:26:16","","831268279238942721","","pues al final han quedado en tener segunda cita. Ya otra cosa será cuando vea ella el programa y el 'puedo aspirar a una más joven'","twitter.com/Rocigaot/status/831268279238942721"
"13/2/2017 22:42:46","3","831257330830495750","","me dan ganas de decirle de parte del mercado de treintaañeras que sus acciones se cotizan menos de lo que él se cree.","twitter.com/Rocigaot/status/831257330830495750"
"13/2/2017 22:37:53","7","831256102029377537","1","En First Dates hay un fulano de 48 años mosqueado porque lo han emparejado con una chica de 48 y 'yo aún estoy en el mercado de las de 30'.pic.twitter.com/wZtugoKEyp","twitter.com/Rocigaot/status/831256102029377537"
"13/2/2017 22:32:48","2","831254823207129090","1","España tiene pinta de ser de los que te invitaban a bailar las lentas para meter mano. XD","twitter.com/Rocigaot/status/831254823207129090"
"13/2/2017 21:48:34","","831243693046767616","","ay, ya ha nacido! Qué guapetón!","twitter.com/Rocigaot/status/831243693046767616"
"13/2/2017 18:47:23","","831198095551643648","","Siempre que paso junto a este cartel me acuerdo del videoclip de 'Total eclipse of the heart'. O de los americanos de Amanece que no es pocopic.twitter.com/NBnXIyMiSM","twitter.com/Rocigaot/status/831198095551643648"
"13/2/2017 16:13:56","","831159478657675264","","pic.twitter.com/PqFAY1JjBF","twitter.com/Rocigaot/status/831159478657675264"
"13/2/2017 15:17:31","","831145280133296130","","Al final fue el periodismo el que me dejó a mí y me quedé con las ganas, claro. :P","twitter.com/Rocigaot/status/831145280133296130"
"13/2/2017 13:57:33","","831125156504408064","","eran de esa peña que tienen que ir juntos las 24 horas no sea que uno de los dos vaya solo a por el pan y conozca a alguien.","twitter.com/Rocigaot/status/831125156504408064"
"13/2/2017 13:55:16","","831124581339512832","","el típico sitio donde quieres que te acompañe un chaval que apenas conoces pero que está saliendo con tu amiga. XDDD","twitter.com/Rocigaot/status/831124581339512832"
"13/2/2017 13:53:37","","831124164606038016","","yo lo mejor que he visto fue cuando una amiga le pidió a otra que la acompañara al ginecólogo y esta añadió al plan a su novio.","twitter.com/Rocigaot/status/831124164606038016"
"13/2/2017 13:28:45","","831117906939432961","","yo odio a las arañas también pero soy capaz de tirar de zapatazo. Si una abeja entra en casa, me piro yo.","twitter.com/Rocigaot/status/831117906939432961"
"13/2/2017 13:24:17","","831116785944522752","","que yo sepa, sólo fobia. Nunca me han picado así que no sé si soy alérgica","twitter.com/Rocigaot/status/831116785944522752"
"13/2/2017 13:21:56","10","831116191158657025","1","Ha entrado una avispa y he salido por patas de la cafetería abandonando café, bolso, abrigo y la compra. We can be heroes, jusr for one day.","twitter.com/Rocigaot/status/831116191158657025"
"13/2/2017 2:05:04","1","830945856090169345","","Coño, que Friker en su homilía final ha señalado algún punto positivo de las nuevas tecnologías. ¡Eso sí que es un suceso paranormal!","twitter.com/Rocigaot/status/830945856090169345"
"12/2/2017 23:52:56","37","830912599566974976","29","Cuando te dispones a ponerte estudiar en serio VS cuando entra el que te mola en la biblioteca.pic.twitter.com/QkVQINrbWG","twitter.com/Rocigaot/status/830912599566974976"
"12/2/2017 23:34:05","5","830907858959097856","1","Que bueno, es de esperar que Risto caiga el primer día. Si Ajram es tan ultraatleta como dice debería llegar al duelo final con Reverte.","twitter.com/Rocigaot/status/830907858959097856"
"12/2/2017 23:28:32","7","830906460678811649","","Supongo que lo de poner la entrevista a Ajram justo antes de Cuarto Milenio es para enlazar un contenido de fantasmas con otro.","twitter.com/Rocigaot/status/830906460678811649"
"12/2/2017 23:26:16","","830905892551917570","","sí, sí, han puesto el vídeo ese de 'tienes dos vacas, el comunismo te quita una...', y estaban ahí viniéndose arriba.","twitter.com/Rocigaot/status/830905892551917570"
"12/2/2017 23:25:16","8","830905640428195840","4","Ahora Risto y Ajram están de colegueo,pero cuando monte los primeros juegos del hambre para hacer sitio en el gulag van a tener peor rollito","twitter.com/Rocigaot/status/830905640428195840"
"12/2/2017 23:22:48","3","830905018123448321","","'Fichándolo mucho' quería decir 'Flipándolo mucho', que no estoy a lo que hay que estar.","twitter.com/Rocigaot/status/830905018123448321"
"12/2/2017 23:21:33","3","830904704297291778","2","Risto y Ajram fichándolo mucho con la gilipollez de 'la economía explicada por vacas' que se reenviaba por mail en el 2000.pic.twitter.com/SdJhNN8TYi","twitter.com/Rocigaot/status/830904704297291778"
"11/2/2017 23:18:50","12","830541632055427073","","Por el ruido que hacen, creo que los niños de al lado han inventado una nueva modalidad deportiva: el claqué frontón con bolas de petanca.","twitter.com/Rocigaot/status/830541632055427073"
"11/2/2017 23:08:43","1","830539086276472832","","non somos veciños, entón. Está visto que hai epidemia de veciños asilvestrados!","twitter.com/Rocigaot/status/830539086276472832"
"11/2/2017 22:48:10","","830533916440330240","","a ver se vas ser o veciño de abaixo dos meus veciños do lado! Aínda que os gritos de aquí soan máis a exorcismo que a cabras.","twitter.com/Rocigaot/status/830533916440330240"
"11/2/2017 0:58:23","9","830204295932936192","3","@ComandanteVimes Bertín entrevistando al sentido del ridículo de los que ponen 'CEO de mi vida' en la bio.pic.twitter.com/9M3YVA15g3","twitter.com/Rocigaot/status/830204295932936192"
"11/2/2017 0:14:15","","830193188367454208","","porque ya me puse el pijama, si no me unía. ","twitter.com/Rocigaot/status/830193188367454208"
"11/2/2017 0:12:04","10","830192642185187328","","Acabo de llegar a casa y al parecer los vecinos tienen fiesta temática de Camela. Están dándolo todo con 'Cuando zarpa el amor' right now.","twitter.com/Rocigaot/status/830192642185187328"
"10/2/2017 17:44:54","2","830095206133465088","","qué adelantada! yo creo que no empecé a decir que pasaba de tener niños hasta los 11 ó 12! (cambiarás de idea, me decían )","twitter.com/Rocigaot/status/830095206133465088"
"10/2/2017 17:42:26","","830094587653976064","","las de aquí también! ","twitter.com/Rocigaot/status/830094587653976064"
"9/2/2017 19:58:17","2","829766388449472512","","yo a los gatos les envidio mucho el arte que tienen para lanzar miradas de 'pero qué forma de hacer el gilipollas...'","twitter.com/Rocigaot/status/829766388449472512"
"9/2/2017 19:55:25","1","829765664969805831","","Antílopes!","twitter.com/Rocigaot/status/829765664969805831"
"9/2/2017 0:47:28","","829476771896684544","","supongo que eso es la parte de la M.","twitter.com/Rocigaot/status/829476771896684544"
"8/2/2017 23:59:52","1","829464793039851521","1","el sudor femenino, ya se sabe, porque el de ellos se ve que se evapora al momento así que si no se depilan no pasa ná.","twitter.com/Rocigaot/status/829464793039851521"
"8/2/2017 23:32:20","2","829457865857458186","","vaya, entonces igual estaba haciendo mal al usarlos de barrita proteínica y por eso aún no tengo tipazo,qué cosas!","twitter.com/Rocigaot/status/829457865857458186"
"8/2/2017 23:25:38","2","829456179554287617","","Espera, espera: ¿QUE EL BIMBOCAO LLEVA AZÚCARES?pic.twitter.com/3VlKKeI44z","twitter.com/Rocigaot/status/829456179554287617"
"8/2/2017 23:18:42","1","829454436154044418","1","'soy todo carne, apto para dietas paleo'.","twitter.com/Rocigaot/status/829454436154044418"
"8/2/2017 22:19:31","1","829439539739455488","","a mí eso me suele pasar siempre con las novelas de 'adolescente de morros con el mundo'.Me pasaba hasta siendo yo adolescente XD","twitter.com/Rocigaot/status/829439539739455488"
"8/2/2017 22:12:17","1","829437722129489921","","yo el otro que leí de ella fue El comité de la noche y ese sí que me gustó.","twitter.com/Rocigaot/status/829437722129489921"
"8/2/2017 21:54:37","1","829433272983773188","","yo lo acabo de leer y también me dejó un poco fría. Igual tenía muchas expectativas, que el otro que leí de Gopegui me encantó.","twitter.com/Rocigaot/status/829433272983773188"
"7/2/2017 23:28:38","","829094545489018884","","fotoberenjenas fálicas.","twitter.com/Rocigaot/status/829094545489018884"
"7/2/2017 23:03:14","1","829088153252327424","","'Kakapo libertario'.https://www.youtube.com/watch?v=Zhr8QqGR_-E …","twitter.com/Rocigaot/status/829088153252327424"
"7/2/2017 23:02:13","3","829087897945067520","","va siendo hora de que @PotiPotiInLove se ponga en serio a organizar la orgía, que pa lo que nos queda en el convento...","twitter.com/Rocigaot/status/829087897945067520"
"7/2/2017 22:59:45","4","829087277804576768","1","y el nick de bicho libertario. Alguno podía ser original, dejarse de leones y lobos y ponerse 'ornitorrinco libertario'.","twitter.com/Rocigaot/status/829087277804576768"
"7/2/2017 16:55:45","2","828995676264611843","2","la pizzalada es el 'ni de izquierdas ni de derechas' de la comida basura. Para andar con medias tintas tómate una ensalada.","twitter.com/Rocigaot/status/828995676264611843"
"6/2/2017 23:10:04","2","828727486246711297","","mira, aún queda una profesión en la que nos pueden hacer contrato en condiciones!","twitter.com/Rocigaot/status/828727486246711297"
"6/2/2017 22:50:44","10","828722623009914880","13","Mira, yo que siempre pensé que esto era una profesión freelance y al final serán los únicos que queden con convenio colectivo.https://twitter.com/pablogarciaines/status/828721623792513025 …Los sicarios del cartel no cobran por cada acción, si no que están contratados fijos y cobran por mes. Son un ejército privado #clandestino","twitter.com/Rocigaot/status/828722623009914880"
"6/2/2017 22:41:25","","828720276607266816","","que cuando el niño ya no es bebé todo va sobre la seda y sólo hay que aguantar el tirón los tres primeros años.","twitter.com/Rocigaot/status/828720276607266816"
"6/2/2017 22:40:08","1","828719955331915776","","dormir una noche seguida varios años, sino el saber que ya vas a ser madre PARA SIEMPRE. Que a veces parece(2)","twitter.com/Rocigaot/status/828719955331915776"
"6/2/2017 22:39:15","","828719733000241154","","y explican también un poco la parte que a mí me acojona de la maternidad, que no es tanto el estar sin (1)","twitter.com/Rocigaot/status/828719733000241154"
"6/2/2017 22:38:21","","828719505387950080","","que suele ser '¿y si me arrepiento de tenerlos?'. Pero cuando lo dices, te toman por loca y dicen que eso no pasa.","twitter.com/Rocigaot/status/828719505387950080"
"6/2/2017 22:37:53","","828719388467544065","","vamos, que ha sido un poco confirmación de lo que yo pienso cuando me dicen '¿y si re arrepientes de no tenerlos?","twitter.com/Rocigaot/status/828719388467544065"
"6/2/2017 22:35:32","","828718794050850816","","si no los tienes', 'es egoísmo', 'y quién te cuidará de mayor', etc, son las mismas que llevo años oyendo.","twitter.com/Rocigaot/status/828718794050850816"
"6/2/2017 22:34:50","","828718620964487169","","por lo que cuenta en Israel debe de ser aún más bestia la presión, pero las clásicas frases de'te arrepentirás'(..","twitter.com/Rocigaot/status/828718620964487169"
"6/2/2017 22:33:52","3","828718376906321921","","pones a ello y descubres que la has cagado, que no cambia el chip de golpe y eso no es para ti, ya no hay remedio.","twitter.com/Rocigaot/status/828718376906321921"
"6/2/2017 22:33:01","2","828718161012936708","","pues me ha gustado. Lo que cuentan es un poco lo que me da miedo a mí de la idea de ser madre, que si te (1)","twitter.com/Rocigaot/status/828718161012936708"
"6/2/2017 22:11:39","10","828712786574376963","","'Rocío, ¿cómo llevas el propósito de tomar sólo dos cafés al día?pic.twitter.com/7Ck2ttykOb","twitter.com/Rocigaot/status/828712786574376963"
"6/2/2017 22:04:51","2","828711072643346432","","el día que aprendamos a sacar energía de los gilipollas dejamos en bragas a los jeques del petróleo.","twitter.com/Rocigaot/status/828711072643346432"
"6/2/2017 0:59:20","1","828392596124872704","","pero palabra por palabra, además, Lleva años puliendo la historieta y añadiendo y quitando detalles para ganar efectividad.","twitter.com/Rocigaot/status/828392596124872704"
"6/2/2017 0:57:46","11","828392204016160770","1","El escalador de #CuartoMilenio tiene pinta de haber contado mil veces esa historia para follar. Como la de mochilero por Europa de Joey.","twitter.com/Rocigaot/status/828392204016160770"
"5/2/2017 23:35:09","","828371411920179201","","ai, cala, que cambiei toda confiada e tiven que ver a Risto. ","twitter.com/Rocigaot/status/828371411920179201"
"5/2/2017 23:33:36","","828371022768377856","","empezou xa? teño a tele noutro canal porque a Risto négome a velo nin pa facer escarnio.","twitter.com/Rocigaot/status/828371022768377856"
"5/2/2017 20:34:11","1","828325869118701568","","un poco sí desde esa perspectiva, entera ya menos.pic.twitter.com/6tWG8p44A8","twitter.com/Rocigaot/status/828325869118701568"
"5/2/2017 20:26:10","10","828323853105582081","3","Le he hecho caso a @PotiPotiInLove y @repollo_ . Mucho decir que la gente no lee por culpa de las RRSS , y a mí me van a arruinar.pic.twitter.com/qV73uWn3gd","twitter.com/Rocigaot/status/828323853105582081"
"5/2/2017 16:41:15","9","828267251585413120","4","-Ya estás diciendo gilipolleces sobre los Goya
-¿QUÉ FOLLAR POCO NI QUÉ FOLLAR POCO?","twitter.com/Rocigaot/status/828267251585413120"
"5/2/2017 13:38:20","1","828221216825675776","","una persona está tan convencida de que su pareja le engañará si tiene amigos del sexo opuesto, es porque es lo que ella haría.","twitter.com/Rocigaot/status/828221216825675776"
"5/2/2017 13:37:37","1","828221038391619584","","yo es que me la he visto entera unas poquitas veces. XD Y es un poco algo que veo en la vida real, que a veces cuando (1)","twitter.com/Rocigaot/status/828221038391619584"
"5/2/2017 13:31:38","1","828219532317704192","","Mark era su amigo, y efectivamente nunca tiene nada con él. Ni cuando él le entra y ella ya sabe que Ross se lió con la otra.","twitter.com/Rocigaot/status/828219532317704192"
"5/2/2017 13:31:08","1","828219405167427584","","pero es que ahí Rachel no hizo nada malo. Si acaso, no decirle cuando llamó que Mark estaba ahí, pero ella siempre dijo que (1","twitter.com/Rocigaot/status/828219405167427584"
"5/2/2017 13:27:11","2","828218412874739713","","y después de ni se sabe el tiempo dándole la turra a Rachel con sus celos paranoicos, ojo.","twitter.com/Rocigaot/status/828218412874739713"
"5/2/2017 13:23:20","2","828217442379902976","1","Va ganando la encuesta Ross. ¿Veis como es verdad que la gente vota mal?https://twitter.com/randymeeks/status/827865294773301248 …EL DEBATE DEL SIGLO: 

Cuando Ross y Rachel estaban tomándose un descanso y Ross se lía con la de las fotocopias, ¿quién tiene razón luego?","twitter.com/Rocigaot/status/828217442379902976"
"5/2/2017 13:20:57","","828216843747868673","","Rachel. Ross se tiró semanas en modo celoso paranoico sin que ella hiciera nada para luego liarse con otra a los dos minutos.","twitter.com/Rocigaot/status/828216843747868673"
"5/2/2017 13:17:35","1","828215996980817920","","podemos hacer una colecta de lechugas para que se las lleven las ONG a los pobres niños ingleses.","twitter.com/Rocigaot/status/828215996980817920"
"5/2/2017 13:13:30","3","828214968579452928","","es que es eso, yo la iceberg ni para echársela a las gallinas. XDDD","twitter.com/Rocigaot/status/828214968579452928"
"5/2/2017 13:07:38","2","828213493132300288","","es buen momento para especular con lechuga iceberg. What a time to be alive.","twitter.com/Rocigaot/status/828213493132300288"
"4/2/2017 17:02:17","3","827910155983585280","2","'No, mira, te explico'pic.twitter.com/qfSiW9UZNZ","twitter.com/Rocigaot/status/827910155983585280"
"4/2/2017 16:56:54","1","827908802502606848","","¿Aquí tendrán menú paleo?pic.twitter.com/3UeefQF00N","twitter.com/Rocigaot/status/827908802502606848"
"4/2/2017 16:48:54","19","827906788527837184","6","'Pérez Reverte, puto amo'pic.twitter.com/elTH2hfrd7","twitter.com/Rocigaot/status/827906788527837184"
"4/2/2017 14:26:30","2","827870949869514752","","soy Honecker en twitter","twitter.com/Rocigaot/status/827870949869514752"
"4/2/2017 13:38:30","","827858871297376256","","se ve que son frases muy universales, muchas las tengo en el mío! me faltó la de 'y si tus padres no hubieran querido hijos","twitter.com/Rocigaot/status/827858871297376256"
"4/2/2017 13:26:58","","827855970831306752","","ay, yo eso lo hice hace un par de años, luego lo busco en el ordenador!","twitter.com/Rocigaot/status/827855970831306752"
"4/2/2017 1:04:38","2","827669155482652672","","y tampoco es lo mismo pensar racionalmente 'sé que es cansado' a pasar de verdad meses en privación de sueño.","twitter.com/Rocigaot/status/827669155482652672"
"4/2/2017 1:01:48","2","827668442174062594","","no creo que pensara que es un paseo, pero sí que se pudo creer el discurso de 'las supermamás podemos con todo'","twitter.com/Rocigaot/status/827668442174062594"
"4/2/2017 0:55:31","","827666859411505156","","el ser humano es fascinante a veces!","twitter.com/Rocigaot/status/827666859411505156"
"3/2/2017 23:18:51","2","827642534365114368","","mullet with headliiiiiights??","twitter.com/Rocigaot/status/827642534365114368"
"3/2/2017 23:16:50","1","827642025872859137","","es que la canción original con el vídeo ya era una experiencia ochentera máxima, pero la literal version lo peta","twitter.com/Rocigaot/status/827642025872859137"
"3/2/2017 23:14:28","1","827641430210392066","","yo la descubrí hace unos años, ya no recuerdo cómo llegué ahí, pero fue un gran hallazgo XD","twitter.com/Rocigaot/status/827641430210392066"
"3/2/2017 23:12:43","1","827640991872073728","","¿no lo conocías? Es de lo más genial de youtube entero! XD","twitter.com/Rocigaot/status/827640991872073728"
"3/2/2017 23:09:40","","827640221311315968","","Que aún la recordé el otro día, porque pasé junto a un cartel de publicidad de un colegio británico que es muy ese rollo.","twitter.com/Rocigaot/status/827640221311315968"
"3/2/2017 23:05:01","9","827639052463661056","3","Cualquier momento es bueno para un revisionado de Total Eclipse of the Heart, literal version. XD https://twitter.com/SrCaronte/status/827637589956030464 …","twitter.com/Rocigaot/status/827639052463661056"
"3/2/2017 23:00:27","1","827637903534747648","","a mí lo de dar clases fue lo que acabó de dejarme claro que jugar un ratito con los hijos de alguna amiga ok, pero más no.","twitter.com/Rocigaot/status/827637903534747648"
"3/2/2017 22:58:50","2","827637496284581889","","me empiezan a hacer gracia cuando empiezan a hablar y dejan a los padres en evidencia cuando no lo esperas XD","twitter.com/Rocigaot/status/827637496284581889"
"3/2/2017 22:58:14","1","827637344023040001","","a veces la suben a casa y me aburro de hacer monadas a los 3 minutos porque tendrá unos 6 meses y aún no hace nada.","twitter.com/Rocigaot/status/827637344023040001"
"3/2/2017 22:54:16","2","827636346923663360","","y ya hay vecinos que me miran mal porque creo que piensan que la niña es mía, se la empaqueto a ellos y ando de cañas por ahí","twitter.com/Rocigaot/status/827636346923663360"
"3/2/2017 22:53:44","1","827636213800697856","","los míos ahora cuidan mucho a la nieta de unos amigos, porque toda la familia curra en hostelería y tienen horarios chungos, (1)","twitter.com/Rocigaot/status/827636213800697856"
"3/2/2017 22:50:22","1","827635366341525506","","también es cierto que si quisiera ser madre tendría que ser ahora que está mi padre jubilado y vive al lao, si no imposible.","twitter.com/Rocigaot/status/827635366341525506"
"3/2/2017 22:48:18","2","827634846939873285","","que fue como 'Señora, si yo follar follo, pero follo con condón por algo'","twitter.com/Rocigaot/status/827634846939873285"
"3/2/2017 22:46:59","","827634512758730753","","eso también me lo dijeron. 'Si total tu padre ya se jubiló y a tu madre poco le queda, y con la ilusión que les haría un nieto'","twitter.com/Rocigaot/status/827634512758730753"
"3/2/2017 22:44:44","","827633948037697537","","'Sabina de resaca' es una redundancia, pero ya me entendéis.","twitter.com/Rocigaot/status/827633948037697537"
"3/2/2017 22:43:12","","827633560785915904","","a mí la última fue preguntarme por qué no le pedía pasta a mis padres para una FIV.","twitter.com/Rocigaot/status/827633560785915904"
"3/2/2017 22:35:44","1","827631684786987009","","pero mucha. Y llegando a extremos de meterse en tu vida muy, pero que muy extremos.","twitter.com/Rocigaot/status/827631684786987009"
"3/2/2017 22:33:47","3","827631191373258754","","tenerlos empieza la campaña de 'en realidad los quieres pero aún no lo sabes' con los argumentos que puse antes.","twitter.com/Rocigaot/status/827631191373258754"
"3/2/2017 22:33:01","2","827631001161625601","","perdí la cuenta de las veces que me han hecho el interrogatorio de 'y tú para cuando', y si explico que no quiero (2)","twitter.com/Rocigaot/status/827631001161625601"
"3/2/2017 22:32:15","2","827630806365519872","","el problema es que si a mí alguien me dice 'estoy embarazada' no le digo 'cometes un error, qué marrón', pero (1)","twitter.com/Rocigaot/status/827630806365519872"
"3/2/2017 22:31:34","1","827630632255774722","","En serio, cómo gritando 10 horas seguidas no se quedan sin voz si yo hablo un poco alto una noche y estoy 4días con voz de Sabina de resaca.","twitter.com/Rocigaot/status/827630632255774722"
"3/2/2017 22:29:40","5","827630157875798016","","Los hijos de mis vecinos, la mejor campaña de concienciación del uso de preservativos EVER.","twitter.com/Rocigaot/status/827630157875798016"
"3/2/2017 22:27:48","2","827629685622394897","","y aprovechasteis que había salido para cerrarle la frontera, en plan Trump! Pobre Mishita! #mishitaestamoscontigo","twitter.com/Rocigaot/status/827629685622394897"
"3/2/2017 22:13:42","","827626139673829377","","vas ás inmediacións dun cole á hora da saída e...pic.twitter.com/vVdjEhVN1c","twitter.com/Rocigaot/status/827626139673829377"
"3/2/2017 21:59:37","3","827622594400624640","","De hecho, ¿dónde la tenéis encerrada? #FreeMishita #Mishitapresapolítica","twitter.com/Rocigaot/status/827622594400624640"
"3/2/2017 21:42:26","","827618269091729411","","y trabajas brazos. #stayfit","twitter.com/Rocigaot/status/827618269091729411"
"3/2/2017 21:41:16","2","827617977424023552","","hay casos en los que el gulag se queda corto. Azada camboyana, que diría @NewIlluminatus (creo que se lo copié a él)","twitter.com/Rocigaot/status/827617977424023552"
"3/2/2017 21:31:40","4","827615560108212224","","We  Mishita! ","twitter.com/Rocigaot/status/827615560108212224"
"3/2/2017 20:22:29","1","827598147488772099","","Lo de usar a Snooki para estas cosas se lo plagié a @SantaSuki , pero con lo retaco que soy, si me arrestaran tendría una pinta similar.","twitter.com/Rocigaot/status/827598147488772099"
"3/2/2017 20:21:18","4","827597851895222272","","Madre mía el temporal, a poco más y salgo volando con el coche y todo en plan Carrero Bla...pic.twitter.com/pJ4Xzblk7e","twitter.com/Rocigaot/status/827597851895222272"
"3/2/2017 19:40:50","2","827587666040479745","1","me recuerda al ensalzamiento del autónomo: todo épica y llamarte superhéroe, y si luego no es así,te ayuda Rita","twitter.com/Rocigaot/status/827587666040479745"
"3/2/2017 19:39:07","1","827587235038035970","1","si puede que sí, pero tb hay mucho de comercial y político en el ensalzamiento de la maternidad idílica ahora.","twitter.com/Rocigaot/status/827587235038035970"
"3/2/2017 19:35:14","1","827586260269137920","","y el 'y quién te cuidará de vieja', y el ' tus padres se van a quedar sin un nietecito...'","twitter.com/Rocigaot/status/827586260269137920"
"3/2/2017 17:54:40","1","827560952069496832","","un poco la cara de quien descubre que ha picado en un timo piramidal.","twitter.com/Rocigaot/status/827560952069496832"
"3/2/2017 17:54:05","1","827560803658244096","","superpoderes maternales, y no me dejaran ni el derecho a cagarme en todo porque 'deberías haberlo sabido', igual sí se me quedaba(...)","twitter.com/Rocigaot/status/827560803658244096"
"3/2/2017 17:52:58","3","827560523118026757","1","porque como aún no lo has vivido, aún no puedes saberlo. Así que sí, yo si después descubriera que ni cambio mágico de chip ni (...)","twitter.com/Rocigaot/status/827560523118026757"
"3/2/2017 17:51:39","6","827560188966293504","1","mágicos de chip que hacen que todo compense, todo sea posible y tu vida anterior te parezca un páramo. Y si lo cuestionas, eso es(...)","twitter.com/Rocigaot/status/827560188966293504"
"3/2/2017 17:50:30","5","827559902210056192","1","Vamos, que no te dirán que es un paseo ni que el niño es un muñeco, pero a mí me han hablado, y mucho, de instintos y cambios (...)","twitter.com/Rocigaot/status/827559902210056192"
"3/2/2017 17:49:17","3","827559596738883584","1","6. 'Es duro pero cuando eres madre tienes una fortaleza especial.Cuando lo seas lo sabrás'.","twitter.com/Rocigaot/status/827559596738883584"
"3/2/2017 17:46:47","3","827558967098408962","1","5. 'Ahora te puede parecer duro renunciar a según qué cosas, pero cuando eres madre te cambia el chip. Hasta que lo eres no lo entiendes'.","twitter.com/Rocigaot/status/827558967098408962"
"3/2/2017 17:45:32","12","827558652252917761","2","4. 'Mi prima pensaba como tú y ahora tiene tres y tan feliz'","twitter.com/Rocigaot/status/827558652252917761"
"3/2/2017 17:44:32","14","827558398006849536","3","3. 'Crees que no tienes instinto maternal pero todas tenemos, en cuanto le veas la carita lo sabrás'.","twitter.com/Rocigaot/status/827558398006849536"
"3/2/2017 17:43:33","15","827558153197932544","4","2. 'Chica, es que algunas creéis que eres madre y te quedas sin vida, yo sigo haciendo muchas cosas como antes'.","twitter.com/Rocigaot/status/827558153197932544"
"3/2/2017 17:41:57","19","827557751857541124","5","1. 'Mujer, si todos le diéramos tantas vueltas nadie tendría hijos nunca porque nunca parece buen momento, hay que lanzarse'","twitter.com/Rocigaot/status/827557751857541124"
"3/2/2017 17:40:44","10","827557441827135488","5","Las respuestas que me dan a mí son más en el plan de las siguientes:","twitter.com/Rocigaot/status/827557441827135488"
"3/2/2017 17:38:15","21","827556816854843395","11","que es, la respuesta rara vez es: 'pues mira, tienes razón, es muy duro y si no te convence mejor no te metas que luego hay que apechugar'.","twitter.com/Rocigaot/status/827556816854843395"
"3/2/2017 17:36:47","28","827556451057070084","17","Pues a mí lo de 'tomé la decisión de ser madre engañada' no me parece un locurón. Cuando dices que no quieres hijos y aludes a lo duro(1)","twitter.com/Rocigaot/status/827556451057070084"
"3/2/2017 15:53:19","2","827530412557737986","","y que quiere a sus hijos pero no es más feliz que cuando no era madre, blasfemia.","twitter.com/Rocigaot/status/827530412557737986"
"3/2/2017 15:52:28","3","827530196307804160","","dijo que ser madre es duro y pierdes calidad de vida, y no te creerás lo que pasó a continuación.","twitter.com/Rocigaot/status/827530196307804160"
"3/2/2017 15:48:17","3","827529143755665408","","Cuando ibas a opinar sobre lo de Samanta Villar y la maternidad en FB pero te dan las mil perezas de pensar en el flame.pic.twitter.com/3E7dGIvig5","twitter.com/Rocigaot/status/827529143755665408"
"3/2/2017 14:56:59","2","827516233901887488","","para una de mis clases de hoy mis opciones son: coche con temporal,andar bajo temporal,bus con frecuencia de30 min","twitter.com/Rocigaot/status/827516233901887488"
"3/2/2017 12:54:52","","827485502093848577","","yo subiría algo más a los perros (por lo menos a los perros grandotes), por lo demás ok.","twitter.com/Rocigaot/status/827485502093848577"
"3/2/2017 10:54:35","7","827455231747301376","6","Anda, que el que compara ser nazi con ser gay o 'niña que no quiere ser princesa' en El País también es jotdauner. Sorpresa. #no","twitter.com/Rocigaot/status/827455231747301376"
"3/2/2017 1:46:22","","827317269130784769","","en general, si hay que elegir, mejor llegar tarde que llegar cagao.","twitter.com/Rocigaot/status/827317269130784769"
"3/2/2017 1:19:38","","827310541148450816","","de hecho la última regla estuve con compresa porque tenía una conización recién hecha, y qué cosa más incómoda.","twitter.com/Rocigaot/status/827310541148450816"
"3/2/2017 1:03:35","4","827306504420200448","","Cuando Facebook o Instagram te sugieren añadir a gente que supuestamente es de tu lista de contactos y conoces.pic.twitter.com/PNNQQvaTGI","twitter.com/Rocigaot/status/827306504420200448"
"3/2/2017 0:23:49","4","827296493392510978","1","en mi FB ya salió 15 veces en link, con madres y tíos random haciendo dramita. Llevo dos días así.pic.twitter.com/ojHIBAQg4d","twitter.com/Rocigaot/status/827296493392510978"
"3/2/2017 0:20:21","2","827295621048578053","","excusatio non petita...","twitter.com/Rocigaot/status/827295621048578053"
"3/2/2017 0:08:49","1","827292719768825856","","ya tardabas  @Srta_Angus @PotiPotiInLove @RaulGanemos @SantaSuki @ArtistJotaErre","twitter.com/Rocigaot/status/827292719768825856"
"3/2/2017 0:04:33","3","827291645964075009","","creo que la casquería (junto al hígado)  es lo único que no como.","twitter.com/Rocigaot/status/827291645964075009"
"3/2/2017 0:03:07","2","827291284037632001","","es que es un inventazo. Y mira que la primera vez que oí hablar de ella me echaba un poco pa atrás.","twitter.com/Rocigaot/status/827291284037632001"
"2/2/2017 22:59:46","3","827275344281497600","","diría más, ¿ha puesto fototetas de enero?pic.twitter.com/ph2lwT4Ws6","twitter.com/Rocigaot/status/827275344281497600"
"2/2/2017 22:43:53","","827271344878292993","","es tu cumple? Felicidades!pic.twitter.com/OoMooEp2rx","twitter.com/Rocigaot/status/827271344878292993"
"2/2/2017 22:30:56","2","827268085769859081","","pic.twitter.com/NhlVYYqfRl","twitter.com/Rocigaot/status/827268085769859081"
"2/2/2017 18:35:50","1","827208920775196672","","es un proyecto muy ilusionante.","twitter.com/Rocigaot/status/827208920775196672"
"2/2/2017 16:49:04","2","827182053313613824","","Cuando tienes el zasca perfecto para soltarle al cuñao de turno pero prometiste a los amigos comunes mantener la paz.pic.twitter.com/cbZu7rfUW3","twitter.com/Rocigaot/status/827182053313613824"
"2/2/2017 16:44:25","","827180884587638784","","les sobraría algo? Es para una amiga.","twitter.com/Rocigaot/status/827180884587638784"
"2/2/2017 14:58:34","3","827154246663536640","","está claro que es el de la derecha. Campechano gana más y no dibuja cómics.","twitter.com/Rocigaot/status/827154246663536640"
"2/2/2017 12:50:04","","827121908290351104","","dejad de recomendarme libros, que a este paso voy a tener que poner una Billy junto al WC.","twitter.com/Rocigaot/status/827121908290351104"
"2/2/2017 11:27:41","1","827101173970776064","","enjoy  http://m.awkwardfamilyphotos.com/2014/12/11/69-pregnancy-photos/ …","twitter.com/Rocigaot/status/827101173970776064"
"2/2/2017 11:15:52","","827098199571718146","","es que aparte de pa estorbar no veo que valga para nada!","twitter.com/Rocigaot/status/827098199571718146"
"2/2/2017 2:49:32","3","826970775928324097","1","Politikon en fiabilidad de predicciones anda ahí ahí con Esperanza Gracia. Aunque con menos favoritismos con los piscis, eso sí.","twitter.com/Rocigaot/status/826970775928324097"
"2/2/2017 1:53:56","1","826956786221641729","","Estoy haciendo revisionado de Gilmore Girls y madre mía, los novios de Rory son todos aún más gilipollas de lo que los recordaba.","twitter.com/Rocigaot/status/826956786221641729"
"1/2/2017 23:21:58","10","826918543274962944","1","Gente de mi TL, ¿alguno habéis entrado A PROPÓSITO en la pestaña de momentos o sólo caéis ahí al ir a notificaciones como yo?","twitter.com/Rocigaot/status/826918543274962944"
"1/2/2017 23:19:00","26","826917796252639238","8","¿Todavía no se ha aceptado 'descubrí que comentaba noticias en los diarios online' como motivo para concederte la nulidad matrimonial?","twitter.com/Rocigaot/status/826917796252639238"
"1/2/2017 21:40:45","2","826893068850782208","","llorando a mares estoy yo.pic.twitter.com/V1p8xHvc7B","twitter.com/Rocigaot/status/826893068850782208"
"1/2/2017 20:09:44","1","826870165082140672","","pic.twitter.com/cfoowlSl9y","twitter.com/Rocigaot/status/826870165082140672"
"1/2/2017 20:08:47","1","826869926212337665","","al menos te pide legumbres, que son sanas.El mío suele gritar cosas como CÓMETE ESE BOTE DE NUTELLA o LLAMA AL CHINO OTRA VEZ","twitter.com/Rocigaot/status/826869926212337665"
"1/2/2017 19:52:27","","826865813839872000","","cara de 'pero qué es esa viejunez, abuela'.","twitter.com/Rocigaot/status/826865813839872000"
"1/2/2017 19:52:03","","826865715005227008","","yo a veces dando clase suelto un cacho de una canción como ejemplo, rollo 'should I stay o should I go' y me miran con (1)","twitter.com/Rocigaot/status/826865715005227008"
"1/2/2017 19:48:19","","826864777267990532","","yo me aprendí las 2nd conditional con la de 'In these arms' de Bon Jovi. XDDDD","twitter.com/Rocigaot/status/826864777267990532"
"1/2/2017 16:38:23","5","826816977364742148","2","es que es eso. Es fácil decir 'ten personalidad',pero en años de machaque continuo,antes o después te pillan con la guardia baja","twitter.com/Rocigaot/status/826816977364742148"
"1/2/2017 15:08:36","","826794384100380675","","económica en la que el más puro sentido común te dicta no tener hijos. Antes de esa edad esos comentarios eran más raros.","twitter.com/Rocigaot/status/826794384100380675"
"1/2/2017 15:07:39","","826794143687045121","","sí, pero me extraña bastante. Desde que tengo 30 o así la presión ha sido constante. Y eso en una situación personal y (1)","twitter.com/Rocigaot/status/826794143687045121"
"1/2/2017 15:05:40","","826793643868512256","","¿cuántos años tienes?","twitter.com/Rocigaot/status/826793643868512256"
"1/2/2017 15:04:26","19","826793335016812544","4","El FB saturado de publicaciones sobre maternidad eso ha mutado en 'para ese marronazo vais a liar a Rita la cantaora'.","twitter.com/Rocigaot/status/826793335016812544"
"1/2/2017 15:03:06","11","826792997090164737","4","Porque yo hasta ahora siempre había sido de 'ahora no quiero ser madre, igual en el futuro cambio de opinión', y desde que tengo (1)","twitter.com/Rocigaot/status/826792997090164737"
"1/2/2017 15:02:14","","826792782148825088","","es culpabilizar a la que sucumbe a la presión.","twitter.com/Rocigaot/status/826792782148825088"
"1/2/2017 15:01:39","","826792634115055617","","no se trata sólo de eso. Influye la edad, entorno, el momento personal en el que estás.Limitarlo a la personalidad(...)","twitter.com/Rocigaot/status/826792634115055617"
"1/2/2017 14:58:49","24","826791919384662016","14","También creo que a día de hoy están volviendo a implantar unos modelos de maternidad que son para crearle ansiedad a la más convencida.","twitter.com/Rocigaot/status/826791919384662016"
"1/2/2017 14:56:10","","826791252532289536","","que en un momento dado cedas. Y más si te dicen que tus dudas son 'lo normal, si luego le ves la cara y te olvidas'","twitter.com/Rocigaot/status/826791252532289536"
"1/2/2017 14:54:04","1","826790726402994177","","no es por lo que te diga una persona. Cuando llegas a según qué edad es un machaque sistemático, no es tan difícil (1)","twitter.com/Rocigaot/status/826790726402994177"
"1/2/2017 14:52:30","1","826790332713013248","","'mi cuñada también decía que no quería y ahora tiene3 y feliz', 'crees que no tienes instinto, cuando nazca verás que sí'.","twitter.com/Rocigaot/status/826790332713013248"
"1/2/2017 14:51:06","1","826789977128333315","","te machacan con argumentos de tipo 'si te paras a pensarlo mucho no los tienes', 'luego no podrás y te arrepentirás'...","twitter.com/Rocigaot/status/826789977128333315"
"1/2/2017 14:50:30","2","826789828108943360","","no es sin pensarlo. Es que todo tu entorno te presiona para ello, parece que si no los quieres no eres normal.","twitter.com/Rocigaot/status/826789828108943360"
"1/2/2017 14:47:49","34","826789152838529024","25","'¿Qué creía?¿Que iba a ser un paseo?'. Mira, igual se creyó lo que nos soltáis siempre de 'le ves la cara y el instinto maternal sale solo'","twitter.com/Rocigaot/status/826789152838529024"
"1/2/2017 14:44:59","153","826788440863830017","142","'No quiero hijos'->Lo lamentarás, el instinto saldrá al verle la carita.
'He sido madre y es un marrón'->NO HABERLO TENIDO, ZORRA EGOÍSTA","twitter.com/Rocigaot/status/826788440863830017"
"1/2/2017 12:12:54","1","826750167718195204","2","Dios mío, es que no pueden ser más gilipollas.http://www.publico.es/politica/netflix-vuelve-guerra-del-canon.html …","twitter.com/Rocigaot/status/826750167718195204"
"1/2/2017 12:08:56","1","826749166202343425","","YISUS FAQUING CRAIST. .","twitter.com/Rocigaot/status/826749166202343425"
"1/2/2017 1:45:57","1","826592388697186305","1","El de 'voy a revisar la TL del fulano este a ver si es así de verdad o es cuenta parodia'pic.twitter.com/0wMsRAUoF1","twitter.com/Rocigaot/status/826592388697186305"
"1/2/2017 1:28:36","2","826588023018123264","2","El de cuando descubres que cabronazi te ha plagiado un tuit.pic.twitter.com/ihs5paPySm","twitter.com/Rocigaot/status/826588023018123264"
"1/2/2017 1:25:38","2","826587274422919175","2","El de cuando te aparece en el TL esa persona a la que estabas convencida de que habías bloqueado o muteado hace siglos.pic.twitter.com/VdrQnqyo8m","twitter.com/Rocigaot/status/826587274422919175"
"1/2/2017 1:23:27","2","826586726751678464","1","El de cuando ese tuitero con el que casi siempre estás de acuerdo de repente suelta una burrada como un piano.pic.twitter.com/S0fGhO9IAF","twitter.com/Rocigaot/status/826586726751678464"
"1/2/2017 1:21:15","3","826586174886141952","1","El de 'cuando ves que le meten un zasca a un tuitero que te cae fatal'pic.twitter.com/dGRwRXtKUA","twitter.com/Rocigaot/status/826586174886141952"
"1/2/2017 1:18:47","2","826585552917032963","1","El de 'cuando te hacen un reply para explicarte tu propio tuit'.pic.twitter.com/r6WCE1nyDX","twitter.com/Rocigaot/status/826585552917032963"
"1/2/2017 1:16:38","3","826585009821741056","1","O el de 'me ha llegado un reply que no tengo claro si es un intento de ser gracioso o de tocar las narices así que voy a hacer como si nada'pic.twitter.com/KmNVQDDeH6","twitter.com/Rocigaot/status/826585009821741056"
"1/2/2017 1:14:04","2","826584363651440641","1","Por ejemplo, el de cuando te ves metida en una multimención con gente que se odia y no sabes cómo ha pasado.pic.twitter.com/cpRO2XT5G4","twitter.com/Rocigaot/status/826584363651440641"
"1/2/2017 1:12:01","17","826583849224302593","4","Winona en una sola gala nos ha dado reaction gifs para CUALQUIER COSA en twitter.","twitter.com/Rocigaot/status/826583849224302593"
"1/2/2017 1:02:58","1","826581570664411136","","o incluso, en según qué contextos, las cabecitas.","twitter.com/Rocigaot/status/826581570664411136"