"date","fav","id","rt","text","url"
"30/5/2017 13:17:20","150","869513047806705664","83","Sobre lo de 'si una adolescente es madura y quiere salir con cuarentones quién eres para juzgar'. Si fuera madura, el cuarentón pasaba.","twitter.com/Rocigaot/status/869513047806705664"
"30/5/2017 13:21:00","63","869513972227207170","32","La idea de que la chavala de 17 años sea tan madura que pueda cuestionar o rebatir tus opiniones en vez de escucharlas admirada mola menos.","twitter.com/Rocigaot/status/869513972227207170"
"30/5/2017 13:18:01","65","869513222734434305","43","'Eres muy madura para tu edad' suele ser 'en vez de hacer el cabra con los de tu edad prefieres estar aquí, absorbiendo mi sabiduría'.","twitter.com/Rocigaot/status/869513222734434305"
"29/5/2017 14:23:07","38","869167217933524993","8","Si vais a llamarnos guarras por no ir siempre totalmente depiladas limpiaos antes las miguitas del bocata de la barba, haced el favor.","twitter.com/Rocigaot/status/869167217933524993"
"1/6/2017 0:32:18","5","870045298944507904","","Sasto. Nunca acabaremos gritándole borrachas a alguien en mitad de una bronca 'tú no sabes quién soy yo!'.","twitter.com/Rocigaot/status/870045298944507904"
"1/6/2017 0:28:44","1","870044402605019136","","Fijo que más de uno se lo ha ido fundiendo todo según le iba llegando, eso sí.","twitter.com/Rocigaot/status/870044402605019136"
"1/6/2017 0:28:17","1","870044288062816256","","Si alguno de los que hizo pasta es previsor y asumió que no lo petaría eternamente, tendrá colchoncito para buscar qué hacer con su vida.","twitter.com/Rocigaot/status/870044288062816256"
"1/6/2017 0:18:35","3","870041848185835524","","Y más cuando no vendes tanto tu contenido como a ti mismo como marca. En cuanto se pone de moda otra marca, hasta luego, maricarmen.","twitter.com/Rocigaot/status/870041848185835524"
"1/6/2017 0:12:07","11","870040218535157760","1","Me tiene pinta de que la burbuja youtuber va a dejar más juguetes rotos que las pelis de niños prodigio y OT juntos.","twitter.com/Rocigaot/status/870040218535157760"
"1/6/2017 0:03:19","11","870038004521467907","4","Me producen ternurita los youtubers con su PERO CÓMO QUE SI NUESTRO CONTENIDO NO GUSTA A ANUNCIANTES VEMOS MENOS PASTA.pic.twitter.com/zI23cH18H6","twitter.com/Rocigaot/status/870038004521467907"
"30/5/2017 20:44:41","2","869625630840803329","","Patatuelas es otro que va necesitando que alguien que le aprecie le haga una intervención y le anime a pasar página por fin.","twitter.com/Rocigaot/status/869625630840803329"
"30/5/2017 13:52:06","13","869521798429388800","1","En gran parte por lo que decía antes:  'me gusta su madurez'  suele ser 'me gusta que quiera aprender de MÍ en vez de estar a sus cosas'","twitter.com/Rocigaot/status/869521798429388800"
"30/5/2017 12:41:57","5","869504146688401408","","Una de mis alumnas dice que quiere hacer Filología Clásica. A mí todo lo que haga a Rosell apretar los puñitos me parece ok.","twitter.com/Rocigaot/status/869504146688401408"
"29/5/2017 22:49:45","1","869294716973658112","","Miedito me da pensarlo. ","twitter.com/Rocigaot/status/869294716973658112"
"29/5/2017 15:07:34","3","869178403035000834","","La matrícula del máster ","twitter.com/Rocigaot/status/869178403035000834"
"29/5/2017 15:06:10","2","869178051665567744","1","Me pido ser Errejón, que a mí también me preguntó el del contador de la luz '¿está tu mamá en casa?' hasta los 32.","twitter.com/Rocigaot/status/869178051665567744"
"29/5/2017 15:04:10","3","869177546935545858","","Esta es antigua ya, que comentamos por aquí que aprovechando que da el nº de cuenta podíamos domiciliar ahí algún recibo. ","twitter.com/Rocigaot/status/869177546935545858"
"29/5/2017 12:55:39","16","869145204619702272","19","pic.twitter.com/3fwYCrahVn","twitter.com/Rocigaot/status/869145204619702272"
"29/5/2017 0:50:08","2","868962621030092800","","Cala, que acabo de ver que Paloma Navarrete é licenciada en Farmacia. O mesmo pode cociñar cousas máis potentes. E por eso a levan, claro.","twitter.com/Rocigaot/status/868962621030092800"
"29/5/2017 0:45:38","3","868961491340472320","1","El especial de Friker es como cuando te ibas de campamento a los 13 y os poníais a contar historias de miedo hasta que alguien se guiñaba.","twitter.com/Rocigaot/status/868961491340472320"
"29/5/2017 0:25:53","1","868956520960200706","","Tengo a Friker ahí de ruido de fondo y ni caso le estoy haciendo. ¿Me estoy perdiendo algo divertido?","twitter.com/Rocigaot/status/868956520960200706"
"29/5/2017 0:24:10","2","868956088816807936","","Vamos, que de ser relevante para la anécdota que voy a contar que éramos pareja, diría 'pues un día mi ex y yo'... y si no,'pues mi amigo X'","twitter.com/Rocigaot/status/868956088816807936"
"29/5/2017 0:23:03","1","868955807337115648","","Si hubiera conservado una amistad estrecha con alguno, supongo que diría 'mi amigo X' o 'mi ex' según la historia que fuera a contar.","twitter.com/Rocigaot/status/868955807337115648"
"28/5/2017 22:31:31","1","868927736953352193","","'Que sí, Javier, que antes si te reías de alguien no osaba devolvértela. Pero esa época ya pasó, asúmelo, haz tu vida, búscate un hobby'.","twitter.com/Rocigaot/status/868927736953352193"
"28/5/2017 22:26:05","5","868926372751847427","","¿No tiene amigos que le hagan una intervención? Como cuando te han dejado ya hace una eternidad y sigues de monotema con tu ex.https://twitter.com/Rocigaot/status/868925272850092034 …Ni lo leo por no dar links, pero por lo que me llega vía tuiter me da la impresión de que Marías escribe cada semana la misma columna.","twitter.com/Rocigaot/status/868926372751847427"
"28/5/2017 22:21:43","6","868925272850092034","","Ni lo leo por no dar links, pero por lo que me llega vía tuiter me da la impresión de que Marías escribe cada semana la misma columna.","twitter.com/Rocigaot/status/868925272850092034"
"26/5/2017 21:21:35","2","868185362597900288","","Si mi seguro lo cubriera todo me marcaba un Towanda a lo Tomates verdes fritos.","twitter.com/Rocigaot/status/868185362597900288"
"26/5/2017 21:20:22","","868185055776186368","","hacia las 8 ya vi a algunos ir del parque a los coches en doble fila. Con toda la pachorra, parando a hablar o en la tienda de chuches...","twitter.com/Rocigaot/status/868185055776186368"
"26/5/2017 21:18:19","","868184540321378304","","y los papás dejan los coches en doble fila mientras, que no se diga. Media hora dando vueltas y ninguno se movía.","twitter.com/Rocigaot/status/868184540321378304"
"26/5/2017 21:17:09","","868184247605088256","","Pero como es viernes, tras el cole quedan jugando en en el parque.","twitter.com/Rocigaot/status/868184247605088256"
"26/5/2017 21:16:27","","868184071192674304","","La siguiente clase no suelo darla a esta hora, y pensé que a las 19:30-30:45 ya estaría más despejadito.","twitter.com/Rocigaot/status/868184071192674304"
"26/5/2017 21:15:21","1","868183795995947011","","A veces ahí cuando se lía mucho está la poli local ordenando el tráfico. Pero sin multarles ni hacerles moverse, no creáis.","twitter.com/Rocigaot/status/868183795995947011"
"26/5/2017 21:14:31","","868183584665980928","","La primera a las 6. Llego con casi 15 min de anticipo. Dobles filas en ambos sentidos, coches bloqueando salidas de rotondas...","twitter.com/Rocigaot/status/868183584665980928"
"26/5/2017 21:12:27","","868183067323764736","1","Mis 2 últimas clases de hoy fueron en casas con colegios privados/concertados muy cerca . Inviable llegar de una a otra a tiempo sin coche.","twitter.com/Rocigaot/status/868183067323764736"
"26/5/2017 21:09:12","11","868182247756763140","","No te deseo ningún mal, pero ojalá tengas que pasar con el coche por una zona escolar a la hora de la salida.","twitter.com/Rocigaot/status/868182247756763140"
"25/5/2017 14:08:58","5","867714102969413632","","Mi abuelo nunca hizo nada hasta que mi abuela empezó a enfermar, que ahí se acostumbró a cocinar e ir a la compra él, con más de 70.","twitter.com/Rocigaot/status/867714102969413632"
"25/5/2017 13:54:13","10","867710392545538050","4","Una vez vi a una amiga dejarle una nota a su novio para que cociera dos huevos para la ensaladilla. Con un tutorial paso a paso.","twitter.com/Rocigaot/status/867710392545538050"
"25/5/2017 2:34:54","9","867539434916511744","","Las 2:30 de la mañana en mayo en Coruña y he tenido que abrir la ventana porque me estaba cociendo viva. Lo normal.","twitter.com/Rocigaot/status/867539434916511744"
"24/5/2017 22:16:25","18","867474385673826304","9","Cuando la fiesta está siendo un coñazo pero tú vas muy fumado.pic.twitter.com/omrCvNqty8","twitter.com/Rocigaot/status/867474385673826304"
"24/5/2017 19:39:03","6","867434783391068161","","Cuando tengo visita.De hecho a veces invito a gente para obligarme a limpiar y ordenar.","twitter.com/Rocigaot/status/867434783391068161"
"24/5/2017 19:12:39","5","867428142499155968","1","Es para preguntarle; '¿Por qué, el pobre tiene una enfermedad degenerativa y va a perder la movilidad de las manos?'","twitter.com/Rocigaot/status/867428142499155968"
"24/5/2017 19:02:33","6","867425598184017922","4","Cuando el último bar que queda abierto es el del tanatorio.pic.twitter.com/gmXtt2nw5b","twitter.com/Rocigaot/status/867425598184017922"
"24/5/2017 16:41:22","5","867390067249164288","1","Cuando la tía Herminia decía que quería a todos sus sobrinod por igual pero llega el momento de leer el testamento.pic.twitter.com/BjLpv4jt3d","twitter.com/Rocigaot/status/867390067249164288"
"24/5/2017 15:19:15","1","867369402483838977","1","Sííí, habría que hacer camisetas de 'I survived Casa Ramón'!","twitter.com/Rocigaot/status/867369402483838977"
"24/5/2017 15:07:24","11","867366423408070656","2","43 con cacaolat, bebía yo a los 18. Que no sabías si te mataba antes el coma etílico o la diabetes.","twitter.com/Rocigaot/status/867366423408070656"
"24/5/2017 15:05:43","2","867365997401051136","","Ojo, que yo en 4 años de carrera creo que no hice ninguna receta más allá de cocer pasta/arroz o freír/hacer a la plancha cosas.","twitter.com/Rocigaot/status/867365997401051136"
"24/5/2017 14:58:30","3","867364180298526722","","Yo estudiaba a 400km y sólo iba en puentes largos, así que llevar tuppers estaba descartao. Sobrevivía a pasta, arroz y salchichas, eso sí.","twitter.com/Rocigaot/status/867364180298526722"
"24/5/2017 0:56:43","4","867152338867421184","1","En la encimera de la cocina había un vaso de colacao con una capa como de verdín encima. Supongo que moho, yo qué sé.","twitter.com/Rocigaot/status/867152338867421184"
"23/5/2017 23:41:37","4","867133439656550400","","Aquí mi amiga se había rendido, como era sólo por 3meses en prácticas de verano intentaba evitar estar en casa lo más posible y ya.","twitter.com/Rocigaot/status/867133439656550400"
"23/5/2017 23:39:38","4","867132940765081600","","le dije 'mujer, que ya has visto mi casa, es difícil asustarme a mí'. Si sé cómo estaba aquello voy antes a ponerme vacunas.","twitter.com/Rocigaot/status/867132940765081600"
"23/5/2017 20:58:03","7","867092278623469569","2","Ellos las hicieron (milagro) comieron su parte, y dejaron algunas para mi amiga... a remojo en la sartén con todo el aceite hasta que llegó.","twitter.com/Rocigaot/status/867092278623469569"
"23/5/2017 20:56:41","5","867091935063887873","2","Un día que la madre no estaba, dejó al abuelo y hermano instrucciones para freír patatas y les pidió que dejaran hechas para mi amiga (2).","twitter.com/Rocigaot/status/867091935063887873"
"23/5/2017 20:55:54","5","867091738468519936","2","Una amiga vivía con su familia. Normalmente cocinaba la madre, y mi amiga llegaba de trabajar muy justa, comía a la carrera y volvía(1).","twitter.com/Rocigaot/status/867091738468519936"
"23/5/2017 20:53:45","3","867091196174360576","","pic.twitter.com/I25sCER3Xe","twitter.com/Rocigaot/status/867091196174360576"
"23/5/2017 20:52:43","2","867090935850684417","","una amiga mía una vez intentó hacer la tortilla francesa totalmente planita, como una crepe. Su madre le dijo que si estaba gilipollas. ","twitter.com/Rocigaot/status/867090935850684417"
"23/5/2017 20:49:40","3","867090168418889728","","Conste que yo al principio siempre que intentaba hacer tortilla francesa acababan siendo huevos revueltos. ","twitter.com/Rocigaot/status/867090168418889728"
"23/5/2017 20:20:03","4","867082715975344130","","Al ex jefe de mi madre, director de una empresa y cincuentón, su madre le pelaba la fruta. Y él lo contaba como lo más normal.","twitter.com/Rocigaot/status/867082715975344130"
"23/5/2017 19:32:41","9","867070795348152321","1","por si el pobre no se apañaba. Que digo yo que si no encuentra el arroz en el súper, que hay letreros, como pa buscarte el páncreas.","twitter.com/Rocigaot/status/867070795348152321"
"23/5/2017 19:31:25","2","867070476891430912","","una compañera de piso en la universidad, cuando su novio se fue a madrid a preparar el MIR, le hacía la compra cuando iba a visitarlo(1)","twitter.com/Rocigaot/status/867070476891430912"
"23/5/2017 18:47:51","22","867059511286259712","2","lleva haciendo 40 años. Y claro, ella se pilla unos rebotes del quince ñ.","twitter.com/Rocigaot/status/867059511286259712"
"23/5/2017 18:45:56","15","867059030279192576","2","mi padre ahora que se jubiló se apuntó a un curso de cocina y se pone a explicarle a mi madre cosas tipo 'cómo hacer caldo', que ella (1)","twitter.com/Rocigaot/status/867059030279192576"
"23/5/2017 17:12:11","","867035436501401600","","Que vamos, tú me pagas la hora de canguro y me das autoridad para llamarles la atención si hacen el cafre, y yo lo llevo bastante mejor.","twitter.com/Rocigaot/status/867035436501401600"
"23/5/2017 17:11:06","2","867035164953767937","","'Mucho os molestan los niños'. Si me empujan, me gritan al oído o me arrean un balonazo en la cara mientras lees el Marca, sí, me molestan.","twitter.com/Rocigaot/status/867035164953767937"
"23/5/2017 16:58:52","4","867032086456270848","2","Crío normal accidentalmente choca contigo-> 'Lo siento! Pepito, vamos,pide perdón'.
Atila en versión bolsillo->CHICA, LOS NIÑOS SON NIÑOS","twitter.com/Rocigaot/status/867032086456270848"
"23/5/2017 16:57:21","4","867031705722421248","","Porque no falla,las veces que algún padre se me ha disculpado porque su niño está molestando, el crío no estaba siendo especialmente salvaje","twitter.com/Rocigaot/status/867031705722421248"
"23/5/2017 16:55:35","7","867031258186096642","","Me juego algo a que los padres que ven más normal que haya hoteles sin críos son los que tienen niños que puedes llevar a cualquier hotel.","twitter.com/Rocigaot/status/867031258186096642"
"23/5/2017 16:36:18","3","867026405065981954","","El misterio de hacerse un filete a la plancha o una ensalada, proeza sólo al alcance de unos pocos.","twitter.com/Rocigaot/status/867026405065981954"
"23/5/2017 15:42:31","3","867012871129051136",""," Sempre me flipou o da xente que adelgaza en exames. ¡Se son días de botar horas sentado e comer merda de todo tipo!","twitter.com/Rocigaot/status/867012871129051136"
"23/5/2017 15:21:22","3","867007548964130817","","Así, si tus niños están bien educados puedes llevarlos igual, y si no para la próxima vas a uno con monitores que cobren por aguantarlo.","twitter.com/Rocigaot/status/867007548964130817"
"23/5/2017 15:19:25","7","867007058813603841","1","Otra opción si no os molan los hoteles sin niños son hoteles con 10euros de recargo por cada queja que reciban por salvajadas de tus críos.","twitter.com/Rocigaot/status/867007058813603841"
"23/5/2017 14:55:32","2","867001048715710466","","Esa es otra. Dejan al crío suelto que ya alguien mirará que no se mate, pero si te pega una patada o te tira tu café encima no le digas ná.","twitter.com/Rocigaot/status/867001048715710466"
"23/5/2017 14:51:15","2","866999970511114241","","Una cosa es que si un niño va a cruzar la calle solo lo frenes y otra aguantar a un crío desconocido mientras su padre toma cañas a su bola.","twitter.com/Rocigaot/status/866999970511114241"
"23/5/2017 14:45:57","4","866998634285604864","1","Que en el día a día igual no pagaría el plus y me iría a un hotel normal, pero si un día viajo para unas oposiciones o quiero relax total...","twitter.com/Rocigaot/status/866998634285604864"
"23/5/2017 14:45:07","6","866998424926924800","1","Hablamos de que la oferta incluya opciones donde puedas evitar los niños gritando o empujándote PAGANDO TÚ MÁS POR ELLO.","twitter.com/Rocigaot/status/866998424926924800"
"23/5/2017 14:44:06","4","866998170798215168","1","Y ni siquiera estamos de cobrar más a los padres en los hoteles normales por las molestias, ni de prohibir los niños en todos los hoteles.","twitter.com/Rocigaot/status/866998170798215168"
"23/5/2017 14:39:45","7","866997074168086528","2","Y me dejaban clarito que era YO la que estaba haciendo el salvaje, nada de 'porfa, deja de tirar cosas que la chica se enfada y NOS riñe'.","twitter.com/Rocigaot/status/866997074168086528"
"23/5/2017 14:38:41","8","866996805556465664","3","'Es que todos hemos sido niños'. Sí, pero cuando yo era niña, si molestaba a extraños o la liaba, mis padres intervenían.","twitter.com/Rocigaot/status/866996805556465664"
"23/5/2017 14:26:24","13","866993716141096961","2","Que sí, el problema son los padres, pero no es viable preguntar en el hotel  al coger la reserva: '¿es usted un padre gilipollas o normal?'.","twitter.com/Rocigaot/status/866993716141096961"
"23/5/2017 14:24:39","8","866993274028003329","1","Porque quienes no somos padres pero sí profes, canguros, monitores, etc,no queremos dedicar el tiempo libre a entretener niños ajenos GRATIS","twitter.com/Rocigaot/status/866993274028003329"
"23/5/2017 14:21:47","8","866992553496895490","1","En los sin niños podrá descansar la gente sin hijos (o padres/madres que viajen sin críos) que quieran asegurarse unos días de paz.","twitter.com/Rocigaot/status/866992553496895490"
"23/5/2017 14:20:04","10","866992121835905024","2","En los hoteles familiares, los padres pueden descansar dejando un ratico a los niños con alguien que COBRE por entretenerlos.","twitter.com/Rocigaot/status/866992121835905024"
"23/5/2017 14:18:57","14","866991842759516161","3","Pues a mí lo de los hoteles si niños me parece una ideaza, igual que lo de los hoteles 'familiares' con monitores y demás para los críos.","twitter.com/Rocigaot/status/866991842759516161"
"23/5/2017 2:02:47","8","866806578875445248","","Tiene otra hija más y un par de nietas. Creo que este llega a octogenario sin hacerse ni un bocata de chorizo.","twitter.com/Rocigaot/status/866806578875445248"
"23/5/2017 0:59:43","1","866790708262326272","","De hecho al final optaron por comer de bocata en el trabajo y desayunar en el bar porque usar la cocina implicaba limpiar TOODA SU MIERDA.","twitter.com/Rocigaot/status/866790708262326272"
"23/5/2017 0:54:53","1","866789490660134912","","la casa no ya limpia sino simplemente en condiciones de salubridad, y ellos se lo tomaron como 'cojonudo, asistentas gratis'. Así que (4)","twitter.com/Rocigaot/status/866789490660134912"
"23/5/2017 0:53:59","","866789265023348736","","para asustarme por una casa revuelta'. Llegué y EL HORROR. Ella y la otra chica del piso pasaron las primeras semanas intentando mantener(3)","twitter.com/Rocigaot/status/866789265023348736"
"23/5/2017 0:53:03","","866789030180028416","","asustara de lo guarro que estaba el piso. Yo en plan 'mujer, que has estado en mi casa y ya sabes lo desastre que soy, hace falta mucho (2)","twitter.com/Rocigaot/status/866789030180028416"
"23/5/2017 0:52:25","1","866788868670017536","","Le pasó a una amiga mía hace años, no en pareja sino compartiendo piso con tíos. Cuando fui a visitarla un finde me avisó de que no me (1)","twitter.com/Rocigaot/status/866788868670017536"
"23/5/2017 0:47:41","","866787680935452673","","Yo eso nunca lo hice, de hecho soy bastante vaga con mi casa como pa limpiar otra gratis. Si quieren que adopten a las cuquis de mascotas.","twitter.com/Rocigaot/status/866787680935452673"
"23/5/2017 0:34:46","1","866784428244316160","","lo mejor es que dijo de un sobrino suyo de mi edad que es muy machista y trata a la mujer como una criada. Si lo dice él,cómo será el chaval","twitter.com/Rocigaot/status/866784428244316160"
"23/5/2017 0:33:23","13","866784081907994624","","Angustiadísimo está por llegar a casa siempre a mesa puesta y viajar a maleta hecha.","twitter.com/Rocigaot/status/866784081907994624"
"23/5/2017 0:32:32","3","866783865876230144","","Y están las amigas que no querían hijos y accedieron porque a él le hacía ilusión ser padre. Lo que pasó a continuación (no) te sorprenderá","twitter.com/Rocigaot/status/866783865876230144"
"23/5/2017 0:27:15","2","866782536323792896","","Y es una hecatombe porque en los supermercados se niegan a venderle pañales a hombres, claro.","twitter.com/Rocigaot/status/866782536323792896"
"23/5/2017 0:23:22","8","866781557796859906","2","Como los papás divorciados que recogen al niño el finde que les toca, se hacen el selfie con él en el burger, y hala, pa los abuelos.","twitter.com/Rocigaot/status/866781557796859906"
"23/5/2017 0:19:40","6","866780629169561601","","yo doy clases particulares y a día de hoy, quitando un par de alumnos, no sé decir con certeza quiénes tienen a su padre viviendo en casa.","twitter.com/Rocigaot/status/866780629169561601"
"23/5/2017 0:18:22","4","866780302185816065","1","A mí lo de no recordar cuándo nació tu propio hijo me deja muy lóquer también. No sé, mira cuándo subiste la fotito de presentación al FB.","twitter.com/Rocigaot/status/866780302185816065"
"23/5/2017 0:07:57","8","866777678531186688","","vamos, que si la señora por lo que sea no está, su marido no sabe hacerse un bocata o un filete. Tiene que ir la hija desde su casa.","twitter.com/Rocigaot/status/866777678531186688"
"23/5/2017 0:06:49","8","866777393574412289","","no podía, porque su hija curraba de noche, y no podía pedirle que se acercara a hacer la cena para su marido (el padre de la chica, vaya)","twitter.com/Rocigaot/status/866777393574412289"
"23/5/2017 0:04:28","6","866776801623896065","1","Hace unos meses vino de visita una prima de mi madre que vive a una hora de aquí. Mi madre le propuso quedarse un día más y le dijo que (1)","twitter.com/Rocigaot/status/866776801623896065"
"23/5/2017 0:02:01","31","866776186025906177","5","Yo eso lo he visto mucho también y no me entra en la cabeza. ¿Cómo puedes no saber ni qué talla o marca usas tú? No ya los niños, tú mismo.","twitter.com/Rocigaot/status/866776186025906177"
"22/5/2017 23:55:47","29","866774616261484544","4","que pongo en mayúsculas el ME para que se note que no es errata, que no le preguntaba qué le gustaba a ella sino a él mismo.","twitter.com/Rocigaot/status/866774616261484544"
"22/5/2017 23:55:08","126","866774454508167168","21","Yo desde que oí a un amigo preguntar a su mujer: '¿Qué era lo que ME gustaba, los chipirones o los calamares?' ya no me asusto de ná.","twitter.com/Rocigaot/status/866774454508167168"
"22/5/2017 23:44:19","9","866771731335303169","1","Una conocida mía viaja mucho por trabajo. Cuando ella está fuera, el niño se queda con los abuelos porque el padre no se apaña, el pobrecito","twitter.com/Rocigaot/status/866771731335303169"
"22/5/2017 22:37:38","","866754950856159233","","Más rica. Con eso ya podría costearme lo de ser más guapa.","twitter.com/Rocigaot/status/866754950856159233"
"22/5/2017 21:34:46","2","866739128745984000","","¿y cuando los padres en vez de mandarles parar se lo piden 'porque se van a enfadar y nos van a reñir' ? Esa me encanta también.","twitter.com/Rocigaot/status/866739128745984000"
"22/5/2017 20:29:40","2","866722746146881536","","nosotros atacaos viendo a los críos desde la parte de arriba, los padres pasando de todo. Al final uno que andaba cerca los hizo bajar.","twitter.com/Rocigaot/status/866722746146881536"
"22/5/2017 20:27:12","2","866722126526590981","","Hace poco, yendo con unos amigos que vinieron a Coruña, entramos en el castillo de San Antón. Unos críos trepando a los cañones (1).","twitter.com/Rocigaot/status/866722126526590981"
"22/5/2017 20:24:39","","866721483191726080","","Ay, esos pobres tienen el cielo ganao!","twitter.com/Rocigaot/status/866721483191726080"
"22/5/2017 14:35:38","2","866633653178257409","6","Y nos reíamos del berrinchito cuando no hubo programa post-Eurovisión.https://twitter.com/CdItve/status/866629817881505792 …La 1 suspende el avance informativo previsto cuando se supo que el ganador de las primarias era Pedro Sánchez. 
http://extra.rtve.es/cinftve/primariasPSOE.pdf …","twitter.com/Rocigaot/status/866633653178257409"
"22/5/2017 12:39:33","2","866604440106807296","","Felicidades, piña!pic.twitter.com/lZg6Txcj0a","twitter.com/Rocigaot/status/866604440106807296"
"21/5/2017 23:35:24","","866407100783763463","","morro ","twitter.com/Rocigaot/status/866407100783763463"
"21/5/2017 23:12:18","2","866401285368672258","","#PorraEditorialElPaíspic.twitter.com/3tyQLnuDEI","twitter.com/Rocigaot/status/866401285368672258"
"21/5/2017 23:01:28","1","866398560551657472","","Llevo en un bus desde las 15:45, gracias, PSOE, por las risas. Me estáis amenizando mogollón el viaje.","twitter.com/Rocigaot/status/866398560551657472"
"21/5/2017 22:54:12","","866396731638001665","","uf, vou no Alsa e a wifi vai fatal, a ver se alguén se anima!","twitter.com/Rocigaot/status/866396731638001665"
"21/5/2017 22:50:30","13","866395801756545026","6","¿Alguien ha hecho ya el doblaje de El Hundimiento con Cebrián enterándose del hostión de Susana? A ver si se nos va a pasar.","twitter.com/Rocigaot/status/866395801756545026"
"21/5/2017 22:35:07","55","866391930292367361","26","Twitter esperando el editorial de Lo País. Recreación.pic.twitter.com/oVNDTdVGnT","twitter.com/Rocigaot/status/866391930292367361"
"21/5/2017 22:18:19","2","866387700378677253","2","Cuando intentas volver con tu ex porque la persona por la que lo dejaste te salió rana.pic.twitter.com/HcaDcDYw3I","twitter.com/Rocigaot/status/866387700378677253"
"21/5/2017 22:14:43","6","866386796581720066","3","Cuando tu ex cambia su situación sentimental a 'comprometido' mientras apareces como conectada y no puedes fingir que no lo has visto.pic.twitter.com/0to7rikm7S","twitter.com/Rocigaot/status/866386796581720066"
"21/5/2017 22:09:07","2","866385388625068034","1","Igual ahora Susana se marca un Reverte y dice que lo de la gestora era ficción e ironía y que hay que ver qué tontos que no lo pillamos.","twitter.com/Rocigaot/status/866385388625068034"
"21/5/2017 21:55:26","3","866381943084118018","1","Hernando hablando con Pdro, recreación.pic.twitter.com/9YaHvWHqRZ","twitter.com/Rocigaot/status/866381943084118018"
"21/5/2017 21:42:37","","866378716523499520","","A ver, Pedro, vamo a calmarnopic.twitter.com/pCxaxEgOpf","twitter.com/Rocigaot/status/866378716523499520"
"21/5/2017 21:34:06","3","866376573993312256","3","Lo de Susana, recreación.pic.twitter.com/iB7JfUZPRV","twitter.com/Rocigaot/status/866376573993312256"
"21/5/2017 21:26:43","9","866374716810022914","4","Ay, mecachis.pic.twitter.com/NonBjVYqgi","twitter.com/Rocigaot/status/866374716810022914"
"21/5/2017 21:21:08","1","866373309411336193","1","- Susana, ¿cómo de grande es el hostión que os vais a pegar?pic.twitter.com/Un2eoaF0ed","twitter.com/Rocigaot/status/866373309411336193"
"19/5/2017 8:53:18","5","865460335133597696","2","Muy fan de los emúes.https://twitter.com/Kokarro/status/865304321457618944 …¿Os sabéis la de cuando en 1932 Australia le declaró la guerra a unos pájaros, Y PERDIÓ?","twitter.com/Rocigaot/status/865460335133597696"
"18/5/2017 20:42:22","1","865276390375075842","","non sei nin quen é, apareceume por un retuit no meu TL e quixen torturar aos talibáns da paella ","twitter.com/Rocigaot/status/865276390375075842"
"18/5/2017 20:35:25","9","865274642700873729","6","Ay, ojalá un comic de superhéroes mutantes por comer lechugas contaminadas de huertos urbanos madrileños. The Veggs-Men.","twitter.com/Rocigaot/status/865274642700873729"
"18/5/2017 20:29:16","1","865273093870243840","3","Si os dan a elegir, ¿esta o la de chorizo?https://twitter.com/jacobiteabroad/status/865209697804189696 …Pineapple paella. pic.twitter.com/jVxVgdu4Av","twitter.com/Rocigaot/status/865273093870243840"
"18/5/2017 14:10:27","1","865177763640221696","","Y llega a la oficina a las 8 pero no empieza con negocios hasta las 10. ¿Qué hace esas 2 horas? Luego harán coñas del desayuno funcionario.","twitter.com/Rocigaot/status/865177763640221696"
"18/5/2017 14:04:47","1","865176336561819648","","¿A las 7 haciendo ejercicio y a las 8 ya en la oficina? Esperemos que curre desde casa, porque o poco entrenó o ha tenido que ir sin duchar.https://twitter.com/randymeeks/status/864802933715738628 …¡Wow, me has abierto los ojos!

¡Vaya puta gilipollez! pic.twitter.com/30ESwxsTx5","twitter.com/Rocigaot/status/865176336561819648"
"18/5/2017 14:02:25","2","865175741356527616","","Parece ser que es mi santo un día de estos, así que dejo caer que ser atea no está reñido con aceptar regalos.pic.twitter.com/RECOVMfXjj","twitter.com/Rocigaot/status/865175741356527616"
"18/5/2017 12:16:14","1","865149017780604929","","En la de Coruña son muy majos también para eso. Y me desean suerte para las opos y todo :D","twitter.com/Rocigaot/status/865149017780604929"
"18/5/2017 11:23:53","6","865135844901912576","2","2017, teníamos un trato. 2016 fue el año de llevarse a actores y músicos, tú ibas a ser el de los tertulianos y columnistas canallitas. ","twitter.com/Rocigaot/status/865135844901912576"
"17/5/2017 18:32:27","2","864881308979351553","1","Lo de la comedia de etarras de Netflix no lo habían hecho ya con sketches en Vaya Semanita? Porque yo recuerdo haberlo visto hace ya años.","twitter.com/Rocigaot/status/864881308979351553"
"17/5/2017 15:15:00","22","864831619005394945","1","'Cuando tengas hijos lo entenderás'. Mira, no voy a tener tiempo ni de concebir si tengo que hacer todos vuestros turnos de mierda.","twitter.com/Rocigaot/status/864831619005394945"
"17/5/2017 15:10:41","10","864830530931568640","2","A mí me encanta cuando te medio exigen que tragues con turnos chungos o cambies días 'porque total a ti que no tienes hijos TE DA IGUAL'.","twitter.com/Rocigaot/status/864830530931568640"
"17/5/2017 13:20:51","","864802891730649088","","Por favor, tenemos que hacer algo así con los plasmas de Rajoy.https://twitter.com/quenerapu/status/864574111166627840 …Sean Spicer, el portavoz de Trump no permite cámaras en una rueda de prensa @Buzzfeed retransmite el audio con la imagen de una patata pic.twitter.com/XuTkL9fXSb","twitter.com/Rocigaot/status/864802891730649088"
"16/5/2017 14:41:36","2","864460825905516545","","Faltan las tetas duplicando su tamaño y estorbándome para mover los brazos. Me siento un poco como un T-Rex esos días.","twitter.com/Rocigaot/status/864460825905516545"
"16/5/2017 14:40:07","7","864460451391963136","","Faltan las tetas llegando a los sitios 10 minutos antes que yo, pero por lo demás es una representación muy aproximada.","twitter.com/Rocigaot/status/864460451391963136"
"16/5/2017 11:51:59","1","864418142625439744","","Pero ¿y lo que mola cuando tras despertarte con toda la angustia recuerdas que ya te quitaste el marronaco?","twitter.com/Rocigaot/status/864418142625439744"
"16/5/2017 11:48:02","1","864417148009054209","","Yo hace poco soñé que tenía que hacer el TFG otra vez. Con el mismo tutor loco otra vez. ","twitter.com/Rocigaot/status/864417148009054209"
"16/5/2017 1:46:58","1","864265882691928064","","Y añado el del niño de la gallina que ya sé que lo uso siempre pero es el mejor gif de abrazo EVERpic.twitter.com/FF0fSN92qV","twitter.com/Rocigaot/status/864265882691928064"
"16/5/2017 1:44:53","1","864265357619539968","","pic.twitter.com/NX7aNESADN","twitter.com/Rocigaot/status/864265357619539968"
"16/5/2017 1:25:47","2","864260551580553217","","Yo querría, básicamente, algo como el funeral de Graham Chapman. Es mi memorial goals.https://www.youtube.com/watch?v=i3f8_gMo1Ws …","twitter.com/Rocigaot/status/864260551580553217"
"15/5/2017 18:20:34","1","864153543892238336","","Still a better love story than Twilight.","twitter.com/Rocigaot/status/864153543892238336"
"14/5/2017 23:17:39","40","863865919944183809","34","'Hay mucho clasista que se cree con derecho a vivir en las zonas que nos corrreponden a nosotros pese a ser unos pobres de mierda'https://twitter.com/hematocritico/status/863769522133749760 … pic.twitter.com/gPrrK15exO","twitter.com/Rocigaot/status/863865919944183809"
"14/5/2017 22:24:50","2","863852628631052288","","Lo de Portugal en Eurovisión fue como cuando estábamos viendo Friker por la risa y sacaron a traición a aquel señor que vivió con los lobos.pic.twitter.com/EnuKDifGAb","twitter.com/Rocigaot/status/863852628631052288"
"14/5/2017 19:19:20","1","863805945830400000","","sí, este año habría sido gracioso oír esa excusa con lo de Portugal, pero fijo que caía igual, la he oído con España llevando grandes truños","twitter.com/Rocigaot/status/863805945830400000"
"14/5/2017 19:16:31","1","863805234816135168","","sin el chanchullo, probablemente muchos estarían diciendo que perdió por politiqueos y escasez de vecinos, como cada año.","twitter.com/Rocigaot/status/863805234816135168"
"14/5/2017 16:44:41","3","863767026380288000","2","En parte me da pena porque creo que TVE pensó 'enviemos algo que pierda fijo para no pagar este marrón' y a él le dijo ´Tío, vas a PETARLO'.","twitter.com/Rocigaot/status/863767026380288000"
"14/5/2017 16:40:19","2","863765925404844032","","De hecho, la afinación en general a lo largo de toda la canción fue muy concierto de Backstreet Primos también, no fue sólo el momento gallo","twitter.com/Rocigaot/status/863765925404844032"
"14/5/2017 16:38:34","","863765485015502849","","Ai, si, acabo de buscala e era a que cubría a cuota deste ano.","twitter.com/Rocigaot/status/863765485015502849"
"14/5/2017 16:32:36","3","863763983282708480","","Esa letra absurda que parece hecha con el tweetmashup, esa puesta en escena en plan el concierto en la verbena de 'Primos' pero en serio...","twitter.com/Rocigaot/status/863763983282708480"
"14/5/2017 16:25:31","2","863762200535728128","","hasta para anunciar Cruzcampo es mala. Hasta para anunciar Cruzcampo con limón 0,0 es mala.","twitter.com/Rocigaot/status/863762200535728128"
"14/5/2017 16:14:44","13","863759486565175296","3","Que el gallo no nos distraiga tampoco de lo rematadamente mala que era la canción de por sí. No valía ni para defenderla irónicamente.","twitter.com/Rocigaot/status/863759486565175296"
"14/5/2017 15:21:11","1","863746011113676801","","Queda feo el auto RT, pero procede.https://twitter.com/Rocigaot/status/861548916638179333 …Si compartís foto o captura de pantalla en vez de poner link podemos reírnos de los artículos buscacasito sin darles visitas. pic.twitter.com/dLkb5EgARX","twitter.com/Rocigaot/status/863746011113676801"
"14/5/2017 15:17:28","","863745078229073920","","Tamén notei escasez de vestidos pechados ata os pes rollo hábito de monxa que se quitan a media canción e debaixo hai un maillot de brillis.","twitter.com/Rocigaot/status/863745078229073920"
"14/5/2017 15:13:53","","863744175531069440","","É cousa miña ou este ano houbo escasez de feiticeiras escuras? Quedaron nas semis?","twitter.com/Rocigaot/status/863744175531069440"
"14/5/2017 15:06:57","1","863742428167241730","","Como mínimo. Normalmente hai máis, pero se non pasan o corte creo que Eurovisión obriga a alguén a cambiar de modelito por cubrir o cupo.","twitter.com/Rocigaot/status/863742428167241730"
"14/5/2017 15:01:20","1","863741018281189377","","ah, xa sei! non quedei moito coa canción, lembro a estética boda ibicenca!","twitter.com/Rocigaot/status/863741018281189377"
"14/5/2017 14:59:40","","863740598544715776","","cal era a de Belarús? De Bélxica lembro que era a rapaza con pánico escénico e sei que a canción é modernilla, pero non quedei con ela.","twitter.com/Rocigaot/status/863740598544715776"
"14/5/2017 14:56:47","2","863739873227923458","","E honestamente, se me poñen agora as cancións dos festival só co audio, só identifico esa, a de Portugal, Moldavia e os rumanotiroleses.","twitter.com/Rocigaot/status/863739873227923458"
"14/5/2017 14:54:41","2","863739342287757313","","Y luego ya lo del gorila bailarín, clara concesión a los tuiteros que nos tragamos el festival por los memes.","twitter.com/Rocigaot/status/863739342287757313"
"14/5/2017 14:51:16","8","863738484351266818","6","Yo quería a Italia de 2º, que lo de reírse de los cansinos del 'yo practico fengshui y mi viaje a la India me cambió' me ha llegado al cuore","twitter.com/Rocigaot/status/863738484351266818"
"14/5/2017 13:35:19","28","863719367812558849","27","pic.twitter.com/GTExZwdbWK","twitter.com/Rocigaot/status/863719367812558849"
"14/5/2017 13:00:41","3","863710653739085827","","Lo único que se interpone entre mí y la pasta es la incapacidad de aguantarme la risa si estoy tomándole el pelo a alguien.https://twitter.com/noepernia/status/863432639847563264 …En el mercadillo del #BeingOneForumMadrid venden en 15€ una botella (vacía) que da 《buena vibra》 a quien beba de ella .@qmph_es pic.twitter.com/bIICh2jjNh","twitter.com/Rocigaot/status/863710653739085827"
"14/5/2017 12:16:48","1","863699611172601856","","creo que con el voto del público iba fatal y otra chica era la favorita y el jurado se marcó un 'puntos extra para Gryffindor' muy cantoso.","twitter.com/Rocigaot/status/863699611172601856"
"14/5/2017 1:52:57","1","863542615060480001","1","Otra opción para Eurovisión: La Ogra con este temazo sobre los cansinos del pensamiento positivo.https://www.youtube.com/watch?v=ESFa6P2--Po …","twitter.com/Rocigaot/status/863542615060480001"
"14/5/2017 1:29:23","8","863536681554780160","5","En tema reaction gifs, Salvador Sobral es la nueva Winona https://twitter.com/russian_market/status/863520912108343296 …50 shades of Portugal pic.twitter.com/UqM1jU2oDO","twitter.com/Rocigaot/status/863536681554780160"
"14/5/2017 1:18:10","6","863533861464092678","2","Yo sólo por los estilismos que lleva la que da los puntos, muy a favor de Australia en Eurovisión. Como si entra en la UE a sustituir a UK.","twitter.com/Rocigaot/status/863533861464092678"
"14/5/2017 1:09:53","5","863531773292146689","","Vaya! Bueno, sigue siendo mejor que lo de este año. Yo creo que con 'Señoras Bien, señoras fetén' sí llegamos a sextos. ","twitter.com/Rocigaot/status/863531773292146689"
"14/5/2017 1:05:35","8","863530692889763840","2","De hecho, llevan 'Opinión de Mierda' a Eurovisión y animo a España y todo.","twitter.com/Rocigaot/status/863530692889763840"
"14/5/2017 1:04:23","1","863530389134036993","","o como ave de corral.","twitter.com/Rocigaot/status/863530389134036993"
"14/5/2017 1:03:27","168","863530156148785153","150","Mis propuestas para el año que viene son Ojete Calor, Los Punsetes o Las Bistecs. Si eres el descojone de Europa que sea a propósito.https://twitter.com/Facking_Ancho/status/863529777403133956 …tios que el Chikilikuatre quedó SEXTO. Dejémonos de medias tintas y vayamos FULL PSYCHO.","twitter.com/Rocigaot/status/863530156148785153"
"14/5/2017 1:01:24","7","863529639515435010","3","Es como ese amigo que teníamos todos de peques que cuando perdía a algo se iba a su casa de morros y si le timbrabas te ignoraba.","twitter.com/Rocigaot/status/863529639515435010"
"14/5/2017 0:58:49","19","863528990103011328","14","Lo de TVE pasando de hacer programa tras Eurovisión ha sido un 'pues es mi Scattergories y me lo llevo' en toda regla.","twitter.com/Rocigaot/status/863528990103011328"
"14/5/2017 0:47:59","3","863526263000117248","","Primera vez desde Lordi que apuesto a caballo ganador en Eurovisión. Que apuesto en ánimos, claro,que ni he puesto ni voy a ver un duro.","twitter.com/Rocigaot/status/863526263000117248"
"14/5/2017 0:27:38","3","863521142031736832","6","Mierda, ya nos han jodido el 0 perfecto.","twitter.com/Rocigaot/status/863521142031736832"
"14/5/2017 0:25:45","1","863520670109642754","","Que dicen que repiten lo de dar por separado el televoto porque el año pasado funcionó muy bien. SI TODO DIOS DECÍA QUE HABÍA TONGO.","twitter.com/Rocigaot/status/863520670109642754"
"14/5/2017 0:24:23","","863520322997407744","","ahora que vives aquí, ya puedes apuntarte a caballo ganador e ir con Portugal ","twitter.com/Rocigaot/status/863520322997407744"
"14/5/2017 0:21:20","","863519555288788993","","No puedo evitarlo,me estoy riendo mogollón!  Es que era mala de cojones, la canción ","twitter.com/Rocigaot/status/863519555288788993"
"14/5/2017 0:19:37","7","863519123569094656","4","Y ahora al final meten lo del televoto y gana Españ...pic.twitter.com/M4wYF3o9lr","twitter.com/Rocigaot/status/863519123569094656"
"14/5/2017 0:15:36","4","863518112460795912","","Hala, pues ya está España solita con el cero points.pic.twitter.com/HKQP3qKjwf","twitter.com/Rocigaot/status/863518112460795912"
"14/5/2017 0:10:07","3","863516735416225792","2","Ay, casi me pierdo a la señora que da los puntos de Australia, con lo jefaza que es!","twitter.com/Rocigaot/status/863516735416225792"
"14/5/2017 0:09:18","6","863516528980901888","2","Porfa, que alguien vote a Alemania, que no será tan redondo quedar a 0 puntos sin ser los únicos a 0 puntos.","twitter.com/Rocigaot/status/863516528980901888"
"14/5/2017 0:04:32","4","863515330374774784","","Bueno, España aún puede remont...pic.twitter.com/GxhXASqPD4","twitter.com/Rocigaot/status/863515330374774784"
"13/5/2017 23:15:10","","863502904426102784","","Ya estuvo el año pasado, al parecer son muy fans y les han dejado acoplarse.","twitter.com/Rocigaot/status/863502904426102784"
"13/5/2017 23:07:13","5","863500906318495745","","Estoy segura de haber visto el vestido de la de Francia en las segundas rebajas de Blanco.","twitter.com/Rocigaot/status/863500906318495745"
"13/5/2017 22:35:11","1","863492843784089601","2","Estoy segura de haber hecho la coreografía de Chipre en alguna clase de aeroboxing del gimnasio.","twitter.com/Rocigaot/status/863492843784089601"
"13/5/2017 22:33:38","1","863492454506516480","","Si es que, a quién se le ocurre.","twitter.com/Rocigaot/status/863492454506516480"
"13/5/2017 22:26:45","6","863490719880818688","2","La actuación de España ha sido tan cutre que creo que va a a decir 'Galicia cuenta como Portugal' hasta Glory Lake.","twitter.com/Rocigaot/status/863490719880818688"
"13/5/2017 22:19:58","24","863489016062242816","27","A ver, el acento inglés del representante español muy bueno no es, pero en cambio su afinación, pues tampoco.","twitter.com/Rocigaot/status/863489016062242816"
"13/5/2017 22:18:05","4","863488541963296769","3","Yo la de España aún no la he visto porque quería que mi espanto fuera en riguroso directo.","twitter.com/Rocigaot/status/863488541963296769"
"13/5/2017 21:23:01","6","863474682741362690","2","Me tiene pinta de que también podemos hacer un 'chupito por cada uno que vaya de blanco' ¿Tienen después una boda ibicenca? #trospidvision","twitter.com/Rocigaot/status/863474682741362690"
"13/5/2017 21:20:49","3","863474127264522241","1","España tendría que mandar a Eurovisión a Ojete Calor un año de estos. Ya que es obvio que no quieren ganar, al menos unas risas.","twitter.com/Rocigaot/status/863474127264522241"
"13/5/2017 21:18:31","6","863473551902478339","3","Los que veis Eurovisión en inglés por Internet os perdéis la ocasión de hacer el juego de 'chupito por cada comentario rancier de Íñigo'.","twitter.com/Rocigaot/status/863473551902478339"
"13/5/2017 19:56:41","12","863452956645089280","1","Si ahora resulta que fue una de las niñas o tu marido te vas a sentir fatal por no respetar la presunción de inocencia de @FreeMishita","twitter.com/Rocigaot/status/863452956645089280"
"13/5/2017 14:44:53","","863374489316466688","","'No he venido aquí a que me insulten. Buenas tardes'.","twitter.com/Rocigaot/status/863374489316466688"
"13/5/2017 11:41:20","2","863328296854994948","","A estas alturas fáltalle só un desastre nuclear e unha epidemia de ébola.","twitter.com/Rocigaot/status/863328296854994948"
"13/5/2017 11:27:55","1","863324920960483328","","Oye, lo veo. Se salvaría April que se habría ido otra vez a Irak porque lo ve un sitio más seguro que ese hospital.","twitter.com/Rocigaot/status/863324920960483328"
"13/5/2017 9:50:48","1","863300481644470272","","Vale, veo que más gente ha respondido lo mismo. Somos legión. ","twitter.com/Rocigaot/status/863300481644470272"
"13/5/2017 9:49:47","2","863300224231624704","","Yo diría más: invitar a gente para así obligarte a limpiar la casa.","twitter.com/Rocigaot/status/863300224231624704"
"12/5/2017 14:47:24","3","863012732701900800","","Luego viene el 'los que me conocen saben que yo no soy así'. Un argumento válido si haces tus shows para tu madre y tus amigos.","twitter.com/Rocigaot/status/863012732701900800"
"12/5/2017 14:44:18","3","863011952003604480","1","'Es tronchante porque he dicho:'a fregar, zorras' y en verdad no me parece bien decirle a las mujeres esas cosas.Jajaja, lo pilláis?","twitter.com/Rocigaot/status/863011952003604480"
"12/5/2017 14:42:05","4","863011397076176896","4","Truqui para humoristas: si intentáis ironizar sobre el machismo, racismo, etc, no llega con soltar machistadas/racistadas sin pensarlas.","twitter.com/Rocigaot/status/863011397076176896"
"12/5/2017 14:34:22","","863009452324253696","","parece que están libres de error y por tanto de crítica. En caso de duda, es que es ironía y tú eres tonto/amargado si no la pillas.","twitter.com/Rocigaot/status/863009452324253696"
"12/5/2017 14:33:31","","863009241816346624","","Puede, pero eso no le libra de hacer/decir alguna gilipolllez en un momento dado. Lo que me cabrea,de muchos humoristas, es que (1)","twitter.com/Rocigaot/status/863009241816346624"
"12/5/2017 14:28:58","","863008095894728704","","mira, ahí hay consenso!","twitter.com/Rocigaot/status/863008095894728704"
"12/5/2017 14:28:15","6","863007914600136704","3","El dramático caso de los niños que se convierten en gremlins si se mojan y viven en Galicia.https://twitter.com/Srta_Angus/status/863007084358623232 …Es viernes y llueve en Coruña. Por favor, queridos padres, ahorren a sus hijos el trance de abrir un paraguas y vayan a buscarlos en coche.","twitter.com/Rocigaot/status/863007914600136704"
"12/5/2017 14:25:25","","863007202923212800","","Ay, amiga, pero si es por amistad personal y le estás defendiendo de verdad, no recules luego con el 'es que no piláis mi humor'.","twitter.com/Rocigaot/status/863007202923212800"
"12/5/2017 14:24:45","","863007036228947969","","la opinión no, la impresión. Llevo sólo un café y no sé ni escribir. :P","twitter.com/Rocigaot/status/863007036228947969"
"12/5/2017 14:22:35","","863006486892613637","","pues a mí a día de hoy es la opinión que me da. Que si un día veo algo que me haga pensar lo contrario diré 'oye, pues me he colao', pero...","twitter.com/Rocigaot/status/863006486892613637"
"12/5/2017 14:19:18","","863005662816722944","","Y luego está el corporativismo. Si un fulano random dice lo que Rovira igual se descojonan de él en el programa, pero ah, es del gremio.","twitter.com/Rocigaot/status/863005662816722944"
"12/5/2017 14:18:10","","863005376345763840","","hay un programa que necesita audiencia para seguir y una cosa es jugar a ser irreverente y otro ofender de verdad a tu posible público.","twitter.com/Rocigaot/status/863005376345763840"
"12/5/2017 14:16:31","","863004962263113728","","habría sacado la carta del 'que me estaba riendo de vosotros desde el princpio, pringaos'. Esto Ignatius no lo va a hacer porque (..)","twitter.com/Rocigaot/status/863004962263113728"
"12/5/2017 14:15:12","","863004631290585089","","con lo que hacía masa, que se habría llevado igual las hostias de quien se ofendiera, pero cuando tuviera a Rovira y los suyos entregaos(..","twitter.com/Rocigaot/status/863004631290585089"
"12/5/2017 14:14:28","","863004446040764416","","y por otro el 'no, no, si estoy parodiando esa forma de pensar', para que no le puedan atizar por el otro. Y ahí es donde veo la diferencia(","twitter.com/Rocigaot/status/863004446040764416"
"12/5/2017 14:13:15","","863004141366497282","","Es que el chiste en sí no tiene gracia. Otra cosa es que él pretenda vendernos por un lado el rollo machuno para atraer a un público(1)","twitter.com/Rocigaot/status/863004141366497282"
"12/5/2017 14:07:49","","863002771334848514","","y con el borrar el tuit del 'no os vais a echar novio nunca'. O la cagas y lo admites o sigues la broma si estás convencido de que es buena.","twitter.com/Rocigaot/status/863002771334848514"
"12/5/2017 14:06:15","","863002378789941249","","pues esa impresión me dio. Sobre todo con su tuit de después de 'tanto machismo no habrá si Rovira para vosotras es machista'.","twitter.com/Rocigaot/status/863002378789941249"
"12/5/2017 14:02:54","","863001536900759552","","de querer coleguear con ambas partes fingiendo ante cada una que los otros son los catetos que no pillan su humor.","twitter.com/Rocigaot/status/863001536900759552"
"12/5/2017 14:01:00","","863001056091021313","","la diferencia es que masa siempre acababa haciendo escarnio de los que entraban a apoyar sus burradas. Cobraba por ambos lados, en vez (..","twitter.com/Rocigaot/status/863001056091021313"
"12/5/2017 13:54:29","","862999416130719745","","Sí, pero el punto es que se pille. Que no tengas que creerte que es broma porque no quieres pensar que el humorista es tan idiota.","twitter.com/Rocigaot/status/862999416130719745"
"12/5/2017 13:51:14","","862998599956824064","","El problema es que si el público al que te diriges no ve la ironía, la estás haciendo mal. Y no vale el 'sois tontacos y no la pilláis'.","twitter.com/Rocigaot/status/862998599956824064"
"12/5/2017 13:41:08","1","862996055696306176","","y voy alternando de una a otra versión según de donde me vaya a caer la hostia, pues ya lo compro menos.","twitter.com/Rocigaot/status/862996055696306176"
"12/5/2017 13:39:47","1","862995719636045824","","El rollito 'suelto una burrada y si gano RTs de los garrulos y me hacen la pelota genial y si alguien me lo afea pues era todo bromi' (..)","twitter.com/Rocigaot/status/862995719636045824"
"12/5/2017 13:38:46","1","862995463934541824","","hasta para los más catetos que se estaba cachondeando. Y ahí llegaba el cabreo, el 'pero si eres un rojo cabrón, me cago en tus muertos'.","twitter.com/Rocigaot/status/862995463934541824"
"12/5/2017 13:37:48","","862995219360436225","","Veías a la hora de fachas retuitear sus tutis viniéndose súper arriba, e iba in crescendo hasta que de golpe soltaba uno en que era obvio(..","twitter.com/Rocigaot/status/862995219360436225"
"12/5/2017 13:37:04","2","862995033015951360","1","La ironía esta de 'parece que te doy la razón pero me río de ti' la hacía muy bien masa enfurecida cuando empecé a seguirlos, allá por 2011.","twitter.com/Rocigaot/status/862995033015951360"
"12/5/2017 12:32:40","1","862978825579364352","","Qué malos somos los tuiteros con los humoristas, eh. Si no fuera por todo el material plagiable, aquí nos dejaban con nuestra amargura.","twitter.com/Rocigaot/status/862978825579364352"
"12/5/2017 12:26:19","14","862977230573580288","10","Todos tenemos la piel muy fina. Todos menos ellos, que exigen quedar exentos de la crítica a la que se exponen el resto de creadores.","twitter.com/Rocigaot/status/862977230573580288"
"12/5/2017 12:25:13","13","862976953980252161","12","Pero muchos humoristas se han autoconvencido de que cualquier crítica que se les haga es, necesariamente, porque la audiencia está amargada.","twitter.com/Rocigaot/status/862976953980252161"
"12/5/2017 12:23:09","9","862976431248347136","6","que el problema soy yo que no me sé asustar de lo que toca, probablemente el ridículo que haría sería antológico.","twitter.com/Rocigaot/status/862976431248347136"
"12/5/2017 12:21:50","10","862976100712022020","7","que todo tiene un factor subjetivo por gustos, pero si yo digo en twitter que una peli de terror me pareció mala y el director argumenta (1)","twitter.com/Rocigaot/status/862976100712022020"
"12/5/2017 12:20:42","22","862975816338112512","8","Y esto ya lo he dicho más veces. Igual que a veces un autor de terror, drama, etc, hace un truño, a veces un humorista no hace puta gracia.","twitter.com/Rocigaot/status/862975816338112512"
"12/5/2017 12:16:34","11","862974773881712644","3","que podrían extraer la enseñanza de 'oye, pues es verdad, cuando la gente reproduce tópicos y esterotipos dañinos sobre ti escuece',pero no.","twitter.com/Rocigaot/status/862974773881712644"
"12/5/2017 12:13:21","8","862973965601566720","3","amigos son los mismos que cuando protesto por un comentario machista o racista de alguien me sueltan el 'ahora todo es corrección política'.","twitter.com/Rocigaot/status/862973965601566720"
"12/5/2017 12:12:14","5","862973685916893184","3","a muchos amigos del Facebook compartiéndolo indignados, exigiendo retractaciones y dimisiones. El problema es que muchos de esos (2)","twitter.com/Rocigaot/status/862973685916893184"
"12/5/2017 12:11:37","5","862973530765504512","3","Recuerdo cuando Rosa Díez soltó su perla de 'gallego, en el sentido peyorativo de la palabra'. Aquí se montó la de dios (normal) y vi (1)","twitter.com/Rocigaot/status/862973530765504512"
"12/5/2017 12:10:54","5","862973350792097792","2","Lo mejor es que ven justificado cabrearse o hacer escarnio si alguien hace un comentario que ven ofensivo para un grupo al que pertenezcan.","twitter.com/Rocigaot/status/862973350792097792"
"12/5/2017 12:07:17","20","862972441311809536","8","Y hacen las mismas coñas racistas/machistas/homófobas que harían con su pandi, y se flipan si les meten un corte.","twitter.com/Rocigaot/status/862972441311809536"
"12/5/2017 12:05:49","22","862972071504216068","14","A veces creo seriamente que muchos olvidan que mujeres, negros, gays, etc... sabemos leer y usar el twitter.","twitter.com/Rocigaot/status/862972071504216068"
"12/5/2017 12:00:03","37","862970618190364672","11","Ese doble estándar del tener sentido del humor que para ellos implica hacer chistes y para nosotras reírles la gracia.","twitter.com/Rocigaot/status/862970618190364672"
"12/5/2017 11:59:13","10","862970408378798081","3","No falla. En cuanto les llevas la contraria en algo en vez de no reírles las gracias vuelven al 'así no te casamos nunca' de mi abuelo.","twitter.com/Rocigaot/status/862970408378798081"
"12/5/2017 10:31:18","2","862948284968644609","1","Zombie Franco en Hogar Social Madrid. A veces se zampa a alguno, pero no van a decirle que no a él.","twitter.com/Rocigaot/status/862948284968644609"
"12/5/2017 2:07:05","9","862821394484211712","4","- Cómo te llamas?
- Rocío
- ¡Rocío, ay mi Rocío, manojito de clav...pic.twitter.com/pTAMRg3X68","twitter.com/Rocigaot/status/862821394484211712"
"12/5/2017 1:03:48","3","862805469479534593","","Aunque lo mismo con la radioactividad acabamos teniendo un Franco Zombi Mutante y la liamos.https://twitter.com/Rocigaot/status/862805322850852864 …¿Y aquella empresa murciana que salió en La Vida Moderna por hacer las puertas de Chernobil no puede colar allí los restos de Franco?","twitter.com/Rocigaot/status/862805469479534593"
"12/5/2017 1:03:13","1","862805322850852864","2","¿Y aquella empresa murciana que salió en La Vida Moderna por hacer las puertas de Chernobil no puede colar allí los restos de Franco?","twitter.com/Rocigaot/status/862805322850852864"
"11/5/2017 22:57:35","2","862773703196758016","","Ups, he comentado sin leer esto!","twitter.com/Rocigaot/status/862773703196758016"
"11/5/2017 22:57:10","6","862773601216471044","","Me huele mucho a señores de 50-60 sacándose la segunda vivienda baratita con el truqui de ponerla a nombre del hijo.","twitter.com/Rocigaot/status/862773601216471044"
"11/5/2017 22:19:22","10","862764086379130883","1","No está gorda, está esponjosa!","twitter.com/Rocigaot/status/862764086379130883"
"11/5/2017 21:29:37","1","862751566838857730","","Que ahora igual resulta que los cantos tipo tirolés también son típicos de Rumanía y me hacen un zasca, oye.","twitter.com/Rocigaot/status/862751566838857730"
"11/5/2017 21:28:19","1","862751242375880704","","El Tirol rumano, ese gran desconocido para el turismo. #EuroSemi2","twitter.com/Rocigaot/status/862751242375880704"
"11/5/2017 21:26:28","2","862750773557571584","","Que diréis que es evidente, pero cuando se repartió el oído musical yo estaba haciendo cola para las dioptrías.","twitter.com/Rocigaot/status/862750773557571584"
"11/5/2017 21:25:46","","862750596784414720","","Vale, no me lo ha parecido a mí sola. https://twitter.com/TigrilloTW/status/862750320790818819 …HAS OÍDO AL LOBO AULLARLE A LA LUNA AZUL #EuroSemi2","twitter.com/Rocigaot/status/862750596784414720"
"11/5/2017 21:24:47","2","862750352344526848","","Pues lo de ver las semis de Eurovisión no me convence. Le quita toda la emoción de la sorpresa y el 'qué cojones es esto' a la final.","twitter.com/Rocigaot/status/862750352344526848"
"11/5/2017 18:54:28","2","862712523518341122","","Para un día que aparco a la primera y me da tiempo a un café entre clases, me han puesto uno malo de cojones.pic.twitter.com/JFNCYYrPFu","twitter.com/Rocigaot/status/862712523518341122"
"11/5/2017 15:03:58","","862654513664098304","","Sobre la bronquita entre Marhuendis y PiYei os remito a mi tuit fijado.https://twitter.com/Rocigaot/status/838730076925661184 …Siempre es buen momento para recordar el gif de 'cuando dos que te caen como el culo se enzarzan en una bronca'. pic.twitter.com/KA8M67KPBW","twitter.com/Rocigaot/status/862654513664098304"
"10/5/2017 21:11:22","1","862384587376386052","","Aaaaay, qué cosita! ","twitter.com/Rocigaot/status/862384587376386052"
"10/5/2017 13:39:18","4","862270819229159425","","Tampoco está vendiendo más humo que los personal branding consultants o los del coaching.https://twitter.com/iJuannSouza/status/861767523330650113 …El que no trabaja es porque no quiere pic.twitter.com/QzBKaorLWI","twitter.com/Rocigaot/status/862270819229159425"
"10/5/2017 12:37:33","2","862255280503087109","","Muy fan.https://twitter.com/biscayenne/status/827475894692409344 …No tendrá tanto éxito, pero esto también es muy bonico.

Vamos con Benito Pérez Galdós y su receta de cóctel para cuando te deja el novio. pic.twitter.com/K7zy6GCjgl","twitter.com/Rocigaot/status/862255280503087109"
"10/5/2017 10:34:49","1","862224395183566852","","sí, hasta que sea hora de intentar aparcar de nuevo.","twitter.com/Rocigaot/status/862224395183566852"
"10/5/2017 10:31:50","","862223643996291072","","Mejor de qué? Del cabreo con los papás con todoterreno? ","twitter.com/Rocigaot/status/862223643996291072"
"9/5/2017 23:07:58","1","862051541850705920","","Portugal pasa a la final, y con suerte nos deja unos cuantos reaction gifs más para el Twitter.https://twitter.com/ailalelo/status/862049623527108609 …#eurovision pic.twitter.com/AG32f62JvE","twitter.com/Rocigaot/status/862051541850705920"
"9/5/2017 22:03:38","","862035350528688128","","Creo que teñen un sistema de turnos entre os países nórdicos para levar á señora Neutrex e déronlle un toque pra que non se escaqueara.","twitter.com/Rocigaot/status/862035350528688128"
"9/5/2017 21:10:45","1","862022044409573380","1","Tengo de fondo lo de las semifinales de Eurovisión y el traje brilloso del sueco es muy de boda hortera de Casamos.","twitter.com/Rocigaot/status/862022044409573380"
"9/5/2017 20:40:20","2","862014391302201346","","Y si tu hijo tiene a los amiguitos ahí y tu amor paterno te hace llevarlo, que tu amor paterno te llegue para pagar el parking.","twitter.com/Rocigaot/status/862014391302201346"
"9/5/2017 20:38:32","1","862013938044723202","","Que digo yo que igual es más fácil y molesta menos si llevas al crío a un parque al que podáis ir a pie desde casa.","twitter.com/Rocigaot/status/862013938044723202"
"9/5/2017 20:37:39","","862013715511640064","","Todo esto en una calle de un carril, obligándote a ir más despacio para no rozarlos, porque encima suelen ser los putos todoterrenos.","twitter.com/Rocigaot/status/862013715511640064"
"9/5/2017 20:35:35","1","862013192981139457","","Hoy estuve 15min dando vueltas, di clase 1hora y al salir alguno seguía ahí plantado.","twitter.com/Rocigaot/status/862013192981139457"
"9/5/2017 20:34:00","1","862012795575046150","","Uno de mis alumnos vive cerca de un parque grande y siempre hay mínimo 8 en doble fila. Alguno directamente lo planta ante un hueco vacío.","twitter.com/Rocigaot/status/862012795575046150"
"9/5/2017 20:30:41","5","862011962150072322","","Papás que cogen el coche para llevar al niño al parque y lo dejan en doble fila mientras el crío juega. Huevazos como bolsas del Ikea.","twitter.com/Rocigaot/status/862011962150072322"
"9/5/2017 19:31:30","7","861997065622216704","10","¡Inesperado giro de guión!https://twitter.com/Fgarea/status/861977179495817216 …Solo el PP se opone a sacar a Franco del Valle de los Caídos
http://politica.elpais.com/politica/2017/05/09/actualidad/1494314666_574295.html …","twitter.com/Rocigaot/status/861997065622216704"
"9/5/2017 15:56:24","","861942934794588161","","Es la versión espionaje de llamar 'Apuntes de Estructuras II' a la carpeta del porno.","twitter.com/Rocigaot/status/861942934794588161"
"9/5/2017 15:28:59","3","861936033923051520","","Que lo mismo pensaba el tontopolla que llevaba documentos clasificados de la CIA en un USB con forma de tortuguita.","twitter.com/Rocigaot/status/861936033923051520"
"9/5/2017 15:28:31","","861935919988969473","","Si hasta al poner la denuncia me dijo la poli que ya casi no se roban radios,,, Claro que también se me llevaron un usb con música.","twitter.com/Rocigaot/status/861935919988969473"
"9/5/2017 15:27:40","","861935702526898176","","hombre, el mío de gama alta no tiene nada, le cambié la radio hará como 8 años que venía con radiocasette, pero no sé ni pa qué la mangaron.","twitter.com/Rocigaot/status/861935702526898176"
"9/5/2017 15:26:44","","861935471282270208","","Ya, si no recordaba qué me cubría(aunque es a terceros y bastante básico), y como se me llevaron los papeles incluidos los del seguro...","twitter.com/Rocigaot/status/861935471282270208"
"9/5/2017 15:22:52","","861934497067126784","","Ná, sólo me lo cubriría si la radio robada fuera la que venía de serie. En unos días me mandan los papeles de nuevo, que estoy indocumentá.","twitter.com/Rocigaot/status/861934497067126784"
"9/5/2017 15:15:43","6","861932698654441473","2","Madre mía, el Starbucks cada vez saca combinados de café más raros.","twitter.com/Rocigaot/status/861932698654441473"
"9/5/2017 0:56:11","3","861716389148708864","","Ya no podré ser concejala.","twitter.com/Rocigaot/status/861716389148708864"
"9/5/2017 0:49:05","3","861714600026398720","1","Y suerte tuvieron de que no se los hiciera Karl Lagerfield, o pasarían más hambre en las SS que en Treblinka.","twitter.com/Rocigaot/status/861714600026398720"
"8/5/2017 22:04:44","4","861673239839461376","","por RTs de los collages?o igual ponen 'tetas grandes' en el buscador y llegan por tus tuits de la cirugía. XD","twitter.com/Rocigaot/status/861673239839461376"
"8/5/2017 22:02:38","3","861672712237961220","","A mí de esos no me suelen llegar. Creo que en el avatar no enseño suficientes gatos. ","twitter.com/Rocigaot/status/861672712237961220"
"8/5/2017 15:20:58","1","861571632133013505","","¡Ay, este hilo lo explica, ahora ya me cuadra todo!https://twitter.com/mort/status/861526354877186048 …No solo el relato era inventado, sino que 'Pérez Reverte' no existe, es todo parte de un documental que lleva 20 años grabando David Trueba.","twitter.com/Rocigaot/status/861571632133013505"
"8/5/2017 15:15:19","5","861570208825303040","","A lo mejor venden en algún lado velas aromáticas con olor a esmegma y Brummel que te ayuden a crear ambiente y meterte en situación.","twitter.com/Rocigaot/status/861570208825303040"
"8/5/2017 15:00:45","23","861566541120368640","7","Si yo hubiera redactado la noticia, me habría hecho falta toda la fuerza de voluntad para no titular 'una comunión acaba a hostia limpia'.https://twitter.com/Marmota_Maligna/status/861566185271382017 …Una comunión acaba a puñetazo limpio en Murcia http://www.diarioinformacion.com/sucesos/2017/05/08/comunion-acaba-punetazo-limpio-murcia/1891757.html … vía @informacion_es","twitter.com/Rocigaot/status/861566541120368640"
"8/5/2017 14:20:42","2","861556465521356801","3","Podéis ignorarlos, fotografiar la columna en el periódico de un bar o decirles 'qué gilipollez has escrito' sin leer, PERO NO HAGÁIS CLICK.","twitter.com/Rocigaot/status/861556465521356801"
"8/5/2017 14:19:02","3","861556044841013254","2","Y con los columnistas canallitas que buscan bulla para ganar visitas, ya podemos partir de que van a hacer el gilipollas y ahorrar el click,","twitter.com/Rocigaot/status/861556044841013254"
"8/5/2017 14:09:03","2","861553532209680385","","Que he llegado a ver cosas tipo '¿Un familiar estaba en el lugar del atentado?Haz click y averigua el teléfono de información'.","twitter.com/Rocigaot/status/861553532209680385"
"8/5/2017 14:06:03","5","861552776761012224","","De verdad que no os hacéis una idea del ascopena que me da ver a los medios usando clickbait, sobre todo con temas serios.","twitter.com/Rocigaot/status/861552776761012224"
"8/5/2017 14:01:16","","861551573826228224","","pic.twitter.com/cnPLZzOIRi","twitter.com/Rocigaot/status/861551573826228224"
"8/5/2017 13:52:31","7","861549372932313088","2","'Es que luego la gente le monta un flame al medio por un titular fuera de contexto o un fake'. Pues que dejen el puto clickbait, cojones.","twitter.com/Rocigaot/status/861549372932313088"
"8/5/2017 13:50:43","47","861548916638179333","28","Si compartís foto o captura de pantalla en vez de poner link podemos reírnos de los artículos buscacasito sin darles visitas.pic.twitter.com/dLkb5EgARX","twitter.com/Rocigaot/status/861548916638179333"
"8/5/2017 1:24:32","2","861361136276471809","","- Tú, Laura, aceptas a Pedro como legítimo esp...
- ¡ Coño, Pedro, eso era! ¡Llevaba 6meses con el runrún y no me salía!","twitter.com/Rocigaot/status/861361136276471809"
"8/5/2017 1:21:49","1","861360450235248640","","Además,los tienen de nombre de la wifi, que esa sí que no la olvidas. ","twitter.com/Rocigaot/status/861360450235248640"
"8/5/2017 1:20:21","2","861360083283959808","","pero se casaron hace poco, ¿no te grabas el nombre del otro en la alianza para tener chuleta a mano?","twitter.com/Rocigaot/status/861360083283959808"
"8/5/2017 1:19:07","1","861359770082660354","","'Cari, eres un puto vago de mierda', 'Cari, vete s tomar por culo que me tienes hasta los cojones', and so on.","twitter.com/Rocigaot/status/861359770082660354"
"8/5/2017 1:17:08","5","861359273175113728","","Mis vecinos están en una de esas broncas suyas en las que se gritan y se echan en cara de todo pero llamándose 'cari' todo el rato.","twitter.com/Rocigaot/status/861359273175113728"
"7/5/2017 23:59:58","4","861339854864515072","","- Christina, que dice este fulano que tu marido no tiene media hostia y que cómo no prefieres a un gallardo macho español como él.pic.twitter.com/pBkSuNT5Gc","twitter.com/Rocigaot/status/861339854864515072"
"7/5/2017 23:53:43","1","861338280419352577","","Marine Le Pen bailonga no mola tanto como Conde Roa Bailongo, pero aún te echas unas risas.","twitter.com/Rocigaot/status/861338280419352577"
"7/5/2017 23:19:52","3","861329763193016322","2","Pandemoño enterándose de que el resto de tertulianos ranciomachunos quedan sin él. Recreación.pic.twitter.com/c0g4b8liP9","twitter.com/Rocigaot/status/861329763193016322"
"7/5/2017 22:43:15","2","861320545119457280","","si lo hicieran de verdad molaría, pero suele ser más bien un rollo 'MIRA, MIRA COMO TE ESTOY IGNORANDO'","twitter.com/Rocigaot/status/861320545119457280"
"7/5/2017 22:41:23","","861320077643218944","","Son rebonicos.","twitter.com/Rocigaot/status/861320077643218944"
"7/5/2017 22:36:30","","861318846669520898","","¿No sabías lo que eran? ¡Si son de lo más LOL que nos ha dao twitter!","twitter.com/Rocigaot/status/861318846669520898"
"7/5/2017 22:08:19","5","861311753308831744","","-Vamos a pasar de las mujeres, no queremos nada con vosotras.
-¿Me lo podrías poner por escrito y firmado ante notario?","twitter.com/Rocigaot/status/861311753308831744"
"7/5/2017 22:00:11","33","861309708254228480","17","-Hemos decidido pasar de las mujeres
-Ok, bye
-No entramos en vuestro juego
- 
- Nos perdéis, ¿eh? a la de 1, 2, 2 y media...

Ah,  MGTOW.","twitter.com/Rocigaot/status/861309708254228480"
"7/5/2017 20:56:32","16","861293689515237376","8","-Recibiría un balazo por ti
- No hace falta, pero si al usar el WC bajaras la tap...
-Un balazo, sí
-O si limpiaras las gotit...
-BALAZO","twitter.com/Rocigaot/status/861293689515237376"
"7/5/2017 19:20:28","4","861269515543425024","","-Papá me ha cortado el grifo y necesito pelas. ¿Tienes por ahí unos dedos así como los míos pa ir mandando con unas notas pidiendo rescate?","twitter.com/Rocigaot/status/861269515543425024"
"7/5/2017 18:56:04","1","861263373853491200","1","A esmegma malamente tapado con litros de Brummel.","twitter.com/Rocigaot/status/861263373853491200"
"7/5/2017 15:10:06","6","861206506766782464","1","'Llevo 15 horas de guardia y estamos en plena ola de calor, ¿puedo echarme una siestita, que aquí está fresquito?'","twitter.com/Rocigaot/status/861206506766782464"
"7/5/2017 15:03:44","11","861204905947803648","1","Si trabajas con cadáveres, los favores relacionados con el trabajo que te pueden pedir los amigos son un pelín inquietantes.","twitter.com/Rocigaot/status/861204905947803648"
"7/5/2017 14:51:33","","861201837738926081","","o gaviota libertaria, pero a esas ya se las apropió el PP con gran acierto.","twitter.com/Rocigaot/status/861201837738926081"
"7/5/2017 11:23:54","4","861149581186392065","2","Eso me lo han dicho mil veces. Luego si una dice que la maternidad la desborda 'pues no haberlo tenido, pensaba que era un paseo?'","twitter.com/Rocigaot/status/861149581186392065"
"7/5/2017 11:20:57","","861148838459035649","","No creo ni que piensen en ello, en su cabecica es algo que sacan para su beneficio. Deben de pensar que es como montar un huerto ","twitter.com/Rocigaot/status/861148838459035649"
"7/5/2017 10:42:58","","861139280009322496","","https://twitter.com/marinedancesto/status/860589696942043136 …Mirala cara a cara pic.twitter.com/9q4E4pQv1Y","twitter.com/Rocigaot/status/861139280009322496"
"7/5/2017 2:37:23","","861017082078654464","1","Ciempiés libertario, que ya me dan bastante asquete y por que manchen su nombre un poco más no pasa ná.","twitter.com/Rocigaot/status/861017082078654464"
"7/5/2017 2:31:11","6","861015520568594433","3","Es como los LET, que todos son lobo libertario o similares. ¿Para cuando Capibara Libertario o Kakapo Libertario?","twitter.com/Rocigaot/status/861015520568594433"
"7/5/2017 2:08:28","3","861009802658533376","","así que ya podéis temblar, mujeres, que estáis obsoletas' es un poquillo cuento de la lechera, queridos.","twitter.com/Rocigaot/status/861009802658533376"
"7/5/2017 2:06:21","","861009270434869248","","Ya digo, que me corrijan los que saben de siensia si me cuelo, pero lo de 'me pillo un útero artificial como quien monta un huerto urbano'(1","twitter.com/Rocigaot/status/861009270434869248"
"7/5/2017 2:03:30","","861008553766735872","","son muy graciosos, a mí me recuerdan siempre al Bonico del Tó.","twitter.com/Rocigaot/status/861008553766735872"
"7/5/2017 2:02:55","2","861008408383827972","","difícil a tan corto plazo. Y más que esté económicamente al alcance de cualquiera. Ni siquiera de cualquiera que se pueda pagar la FIV.","twitter.com/Rocigaot/status/861008408383827972"
"7/5/2017 2:00:09","2","861007709361123329","","y otra más compleja crear uno donde se pueda simular un embarazo entero. Que lo primero igual está en tres años, lo segundo lo veo más (2)","twitter.com/Rocigaot/status/861007709361123329"
"7/5/2017 1:58:27","2","861007280661311488","","También creo, que me corrijan los de la siensia si meto la gamba, que una cosa es crear un 'útero' para que acabe de madurar un prematuro(1","twitter.com/Rocigaot/status/861007280661311488"
"7/5/2017 1:51:39","5","861005571809529858","","'Y si veo que no me da la pasta lo gesto en una bolsa de esas de envasar al vacío la ropa, que por las fotos que vi es parecido'.","twitter.com/Rocigaot/status/861005571809529858"
"7/5/2017 1:51:01","4","861005410999955456","","Que además se ve que cuando haya úteros artificiales nos prohibirán gestar en los que traemos de serie, o no entiendo en qué nos amenaza.","twitter.com/Rocigaot/status/861005410999955456"
"7/5/2017 1:48:41","2","861004825823240192","","lo dudo bastante, pero la próxima vez que me saquen el tema digo que estoy ahorrando para el útero artificial y a ver qué me cuentan.","twitter.com/Rocigaot/status/861004825823240192"
"7/5/2017 1:43:51","12","861003609059860480","4","Mujeres asustadísimas con los úteros artificiales porque por fin podrán dedicarse ellos solos a limpiar cacas como siempre soñaron.","twitter.com/Rocigaot/status/861003609059860480"
"7/5/2017 1:27:08","","860999402185527296","","Le das potitos hechos con billetes de 500 con fruta.","twitter.com/Rocigaot/status/860999402185527296"
"7/5/2017 1:23:38","14","860998522421878786","","Ahí lo más preocupante ahí es si eres madre de uno metido en lo de los MGTOW y decide ser padre solo. Porque ese crío te lo cargan a ti fijo","twitter.com/Rocigaot/status/860998522421878786"
"7/5/2017 1:21:42","17","860998033449910272","4","Que a las mujeres nos debería asustar lo de los úteros artificiales porque ellos pueden liberarse y ser padres solos.Te tienes que reir.","twitter.com/Rocigaot/status/860998033449910272"
"6/5/2017 23:06:34","2","860964027576590337","1","yo perdería por pensar siempre en Ajram, como cuando Joey perdía a lo de las preguntas porque siempre pensaba en un bocata de albóndigas","twitter.com/Rocigaot/status/860964027576590337"
"6/5/2017 22:59:42","2","860962296453005313","2","Hostias, el de 'Estoy pensando en un imbécil' tiene pintaza, en mi próximo viaje con gente os lo plagio!","twitter.com/Rocigaot/status/860962296453005313"
"6/5/2017 22:20:33","","860952445396160512","","Cierto! Ya con Kira sola puedo acabar por los suelos! ","twitter.com/Rocigaot/status/860952445396160512"
"6/5/2017 16:32:59","1","860864978781392898","1","Todo el hilo es https://twitter.com/Facking_Ancho/status/860597580631298049 …Resulta que a veces hago de guía en un museo (lo se estoy lleno de sorpresas) y hoy me llamaron para una visita en castellano.","twitter.com/Rocigaot/status/860864978781392898"
"6/5/2017 15:47:36","1","860853557532217348","","Calatrava's gonna Calatravehttps://twitter.com/desdemanhattan/status/860582598715879427 …Sorpresa en Nueva York: ha llovido y en la nueva estación de $4.000 millones de Calatrava han necesitado fregonas debido a las goteras. pic.twitter.com/l0jbGj2XXB","twitter.com/Rocigaot/status/860853557532217348"
"6/5/2017 2:05:20","7","860646624770576384","","Será muerte por exceso de cuquismo.pic.twitter.com/9fmSxxDqCM","twitter.com/Rocigaot/status/860646624770576384"
"5/5/2017 14:38:33","1","860473791683727360","","lo habitual es pasarte una hora bajo la ducha en posición fetal.","twitter.com/Rocigaot/status/860473791683727360"
"5/5/2017 12:38:44","2","860443637838209025","","No sé.... yo no suelo ver tuits de esos... a lo mejor son imaginaciones tuyas.... o algo así...","twitter.com/Rocigaot/status/860443637838209025"
"5/5/2017 0:50:58","2","860265522499387392","","El mío fue el viernes pasado, pero acepto regalos con retraso.","twitter.com/Rocigaot/status/860265522499387392"
"4/5/2017 15:40:58","","860127109834002435","","pero a favor o en contra? Igual desde entonces cayó del guindo!","twitter.com/Rocigaot/status/860127109834002435"
"4/5/2017 15:39:47","","860126813372256256","","Ole ahí el síndrome de Estocolmo.","twitter.com/Rocigaot/status/860126813372256256"
"4/5/2017 15:33:04","7","860125124628025349","","Porque normalmente todos podemos apostar, de la gente con la que hemos currado, a quiénes podemos encontrarnos diciendo una chorrada así.","twitter.com/Rocigaot/status/860125124628025349"
"4/5/2017 15:29:41","9","860124272429326337","","Como hay tanto periodista twitteando que 'a mí ser becario me enseñó a trabajar duro', antes o después veré a algún conocido y será la risa.","twitter.com/Rocigaot/status/860124272429326337"
"4/5/2017 15:10:32","3","860119453203390464","6","'Más allá de lo políticamente correcto'= Racista a niveles estratosféricos, ¿no?https://twitter.com/rtve/status/860117183816495107 …PERFIL | Felipe de Edimburgo, más allá de lo políticamente correcto http://rtve.es/n/1538001  pic.twitter.com/1xB5DW0wsf","twitter.com/Rocigaot/status/860119453203390464"
"4/5/2017 15:05:17","1","860118131326558209","","Na, si el trauma ya lo tenía, fue sólo revivirlo! ","twitter.com/Rocigaot/status/860118131326558209"
"4/5/2017 11:59:56","3","860071485179924480","","Si es alguien que ya ha pasado por la escuela de cocina y las prácticas obligatorias, pues ya me encaja menos el 'es que así aprenden'.","twitter.com/Rocigaot/status/860071485179924480"
"4/5/2017 11:58:00","5","860071001564094464","1","A mí lo de que los stagiers son aprendices me podría colar si pillaran a chavales recién salidos de la ESO que no saben ni freír un huevo.","twitter.com/Rocigaot/status/860071001564094464"
"4/5/2017 2:27:37","1","859927457192955904","","Ay, ayer leí esto antes de irme a dormir y soñé que tenía que volver a hacer el mío. ","twitter.com/Rocigaot/status/859927457192955904"
"4/5/2017 2:18:30","2","859925162887663616","1","Y es el 'espera, a ver si encima de que me dejé explotar AHORA NO VOY A PODER RESARCIRME EXPLOTANDO YO A OTRO'.","twitter.com/Rocigaot/status/859925162887663616"
"4/5/2017 2:17:56","","859925022512730112","","También puede haber alguno que pringó en su día, ahora es empresaurio y teme que la gente caiga del guindo y él no pueda disfrutar el chollo","twitter.com/Rocigaot/status/859925022512730112"
"4/5/2017 2:06:20","1","859922104174686208","","El perdillo era el pardillo, pero su pongo que se entiende.","twitter.com/Rocigaot/status/859922104174686208"
"4/5/2017 2:03:48","3","859921466493550592","","Y  sí, te la colaron. Que a mí también, que si a mis años aún hago a veces el perdillo a los 20 ni te cuento, pero qué menos que asumirlo.","twitter.com/Rocigaot/status/859921466493550592"
"4/5/2017 1:58:02","31","859920011774885888","20","No sé a quién le leí aquí que algunas defensas de las prácticas gratis pueden ser porque 'yo las hice, y no puede ser que a MÍ me engañaran'","twitter.com/Rocigaot/status/859920011774885888"
"4/5/2017 0:55:51","2","859904365192237056","","Esa escena es brutal ","twitter.com/Rocigaot/status/859904365192237056"
"4/5/2017 0:54:39","2","859904064301268993","","FIRE, EXCLAMATION MARK.","twitter.com/Rocigaot/status/859904064301268993"
"4/5/2017 0:40:03","2","859900389436653568","","Es que mola mucho más nuestra versión, dónde va a parar!","twitter.com/Rocigaot/status/859900389436653568"
"4/5/2017 0:36:02","2","859899376440922112","","lo mejor es que hace unos años me dijo un colega que a él le pasaba lo mismo de enano con esa canción. Igual es algo más extendido.","twitter.com/Rocigaot/status/859899376440922112"
"4/5/2017 0:31:42","11","859898288325222400","2","Yo de peque creía que Manolo Escobar cantaba 'no me gusta que a los toros les pongas la minifalda'. Y pensaba: 'Ay, pues estarían graciosos'","twitter.com/Rocigaot/status/859898288325222400"
"4/5/2017 0:15:39","2","859894246907760640","","Los comentarios, principalmente de gente que sí le ha dado me gusta a la página de El Ejpañol, son un LOL tras otro.","twitter.com/Rocigaot/status/859894246907760640"
"4/5/2017 0:12:56","15","859893565874462720","8","El Ejpañol mandándonos a Cuba en Facebook. pic.twitter.com/lagaLPVkcC","twitter.com/Rocigaot/status/859893565874462720"
"3/5/2017 22:04:58","2","859861360024465411","","Y cuando el crío sea adolescente y no lo controlen esperarán que se lo amaestren los profes, no falla.","twitter.com/Rocigaot/status/859861360024465411"
"3/5/2017 18:16:38","","859803900563599361","","díselo a las madres de mis cabestros ","twitter.com/Rocigaot/status/859803900563599361"
"3/5/2017 16:50:01","1","859782101562007552","","Estoy sin coche y pensé que 30 minutos sería margen para llegar en bus de casa de un alumno a otro. Parezco nueva. ","twitter.com/Rocigaot/status/859782101562007552"
"3/5/2017 4:04:35","","859589473746776064","","Porque nunca he interactuado con él y no creo ni que me ubique, sinceramente.","twitter.com/Rocigaot/status/859589473746776064"
"2/5/2017 21:48:38","4","859494863829651456","1","Lo típico de que empiezas de la nada limpiando piscinas pero en tu boda firmó como testigo la infanta Elena.","twitter.com/Rocigaot/status/859494863829651456"
"2/5/2017 15:02:17","1","859392599337181189","","¡Mira, el tonto que faltaba!","twitter.com/Rocigaot/status/859392599337181189"
"2/5/2017 13:52:51","2","859375129201172481","1","Ay, me encanta cuando la web de Alsa me dice que no hay billetes para un recorrido sólo en ida pero si es ida/vuelta aparecen de golpe.pic.twitter.com/ig2jBP4yyr","twitter.com/Rocigaot/status/859375129201172481"
"2/5/2017 13:19:43","6","859366788299141123","","Porque no os han prometido vuestros respectivos padres a cambio de un rebaño de cabras. Habéis elegido estar juntos, por algo será.","twitter.com/Rocigaot/status/859366788299141123"
"2/5/2017 13:17:06","5","859366130065997824","","Tíos que os quejáis de que vuestras novias no tienen inquietudes intelectuales. Mirad a ver por qué elegís/os eligen personas de ese perfil.","twitter.com/Rocigaot/status/859366130065997824"
"2/5/2017 13:07:31","","859363719503110144","","¿Pero estáis pensando BIEN? A ver si estáis pensando en temas que a él no le parecen interesantes y al final tanto esfuerzo pa ná.","twitter.com/Rocigaot/status/859363719503110144"
"2/5/2017 2:07:56","2","859197728705957890","1","Y añado, para finalizar: ¿A que no pagan más porque un trabajo no os guste? Pues entonces, que no usen la excusa de la vocación para ratear.","twitter.com/Rocigaot/status/859197728705957890"
"2/5/2017 1:46:59","3","859192456855912451","","Así que, que no os vendan la moto de la vocación para no pagaros, como si encima os hicieran un favor.","twitter.com/Rocigaot/status/859192456855912451"
"2/5/2017 1:41:45","2","859191138686828544","1","El empresario no te ofrece un trabajo de redactor, o ilustrador, porque le interese que te realices.Necesita alguien que escriba o dibuje.","twitter.com/Rocigaot/status/859191138686828544"
"2/5/2017 1:40:11","2","859190746221563904","","Que te pagan por hacer algo que te mola? Tanto mejor. Pero recuerda que ellos también están sacando pasta, que no te están haciendo un favor","twitter.com/Rocigaot/status/859190746221563904"
"2/5/2017 1:37:55","2","859190173539729409","","Si no vas a ver un duro, mantenlo como hobby, que lo disfrutarás más y no se lucrarán a tu costa, y busca un trabajo en el que sí te paguen.","twitter.com/Rocigaot/status/859190173539729409"
"2/5/2017 1:31:40","4","859188600809955334","","Resumiendo: la mayoría de cosas que nos venden como trabajos chulos y creativos son cosas que puedes hacer en casa por hobby.","twitter.com/Rocigaot/status/859188600809955334"
"2/5/2017 1:24:44","3","859186859775283201","","A menos, claro, que no tengas que vivir realmente de ello y que tengas una red que te permita coger sólo los encargos que te molen.","twitter.com/Rocigaot/status/859186859775283201"
"2/5/2017 1:18:33","5","859185301125771265","","¿Que puestos a trabajar mejor que no te desagrade lo que haces? Ok. Pero para cobrar vas a tener que tragar con cosas que no te gustan.","twitter.com/Rocigaot/status/859185301125771265"
"2/5/2017 1:17:30","5","859185036951769089","1","Que yo en su día me tragué el rollo de la vocación y el 'escoge una profesión que te guste y no trabajarás ni un día de tu vida'. Ja.","twitter.com/Rocigaot/status/859185036951769089"
"2/5/2017 1:10:22","9","859183241584095235","","'Quiero hacer algo creativo, no ser un gris funcionario'. O puedes ser funcionario, tener derechos laborales y tiempo de ocio para crear.","twitter.com/Rocigaot/status/859183241584095235"
"2/5/2017 1:06:11","26","859182189505912834","9","Yo estoy muy a favor de hacer gratis cosas que me apasionen: En mi tiempo libre y con la pasta que me paguen por trabajar.","twitter.com/Rocigaot/status/859182189505912834"
"2/5/2017 0:51:55","1","859178597613002752","","¿Pagas en euros o en visiblos?","twitter.com/Rocigaot/status/859178597613002752"
"2/5/2017 0:28:17","1","859172651507617793","","Yo en 2015 no me había enterado de que existía. Eran tiempos más felices.","twitter.com/Rocigaot/status/859172651507617793"
"1/5/2017 23:28:40","3","859157648654168066","1","Caca proteica, apta para paleodieta y Dukan.","twitter.com/Rocigaot/status/859157648654168066"
"1/5/2017 23:24:39","5","859156638325977089","1","Caca sin gluten ni lactosa.","twitter.com/Rocigaot/status/859156638325977089"
"1/5/2017 23:12:18","","859153529528889348","2","Esto. https://twitter.com/PixelRobot/status/858967012952989696 …","twitter.com/Rocigaot/status/859153529528889348"
"1/5/2017 23:04:46","4","859151632893870081","","Y si te roban el coche y no te jode sólo perderlo sino que otro lo disfrute igual es envidia y resentimiento social también.","twitter.com/Rocigaot/status/859151632893870081"
"1/5/2017 22:58:24","76","859150033458954240","40","Políticamente incorrectos en lo de hacer chistes racistas. Pero que nadie critique a un rico, que eso es resentimiento social y está feo.","twitter.com/Rocigaot/status/859150033458954240"
"1/5/2017 22:51:08","1","859148201852628993","","Yo eso lo vi hace años en un capítulo de Anatomía de Grey y no tenía claro si era de verdad o licencia literaria. XDDD","twitter.com/Rocigaot/status/859148201852628993"
"1/5/2017 22:49:12","8","859147718375223297","2","'Ajá, así que lo que os jode de trabajar gratis ES QUE OTRO SAQUE BENEFICIO DE ELLO'. Explicádselo con marionetas o algo, a ver si así.","twitter.com/Rocigaot/status/859147718375223297"
"1/5/2017 22:47:35","1","859147311418658828","","Que alguien se lo explique con marionetas, por dios, a ver si así.","twitter.com/Rocigaot/status/859147311418658828"
"1/5/2017 22:43:49","1","859146360637071360","","Había uno más tonto y se murió, que decía un colega mío.","twitter.com/Rocigaot/status/859146360637071360"
"1/5/2017 22:42:19","71","859145986303815680","63","pic.twitter.com/HcS3ZqHpii","twitter.com/Rocigaot/status/859145986303815680"
"1/5/2017 22:37:11","1","859144694118449154","","El tonto que faltaba.","twitter.com/Rocigaot/status/859144694118449154"
"1/5/2017 16:51:37","3","859057726122545152","","A ver, que igual es la tataranieta del archiduque Francisco Fernando.","twitter.com/Rocigaot/status/859057726122545152"
"1/5/2017 2:44:11","1","858844464357494785","","A estas horas, sí. Así son ellos.","twitter.com/Rocigaot/status/858844464357494785"
"1/5/2017 2:41:24","2","858843763803914245","","Es que va de eso. Cómo vas a saber tú lo que quieres o lo que necesitas, tontina.","twitter.com/Rocigaot/status/858843763803914245"
"1/5/2017 2:37:33","","858842795624280064","","A mí el argumento del 'qué pasa por probar' siempre me ha flipado. Como si fueras un niño que no quiere comer un alimento nuevo.","twitter.com/Rocigaot/status/858842795624280064"
"1/5/2017 2:30:13","4","858840949706903552","","Como se ve que ni les apetecía follar ni a sus hijos gritar, los vecinos están moviendo muebles porque no sea que pasen un rato sin molestar","twitter.com/Rocigaot/status/858840949706903552"