"date","fav","id","rt","text","url"
"29/11/2017 23:25:52","152","935998271906107393","71","Menos mal que el del meme del veneno es de la guerra de los Balcanes y no un torturador franquista o me acababais llevando un bocata tortilla con lima escondida a Teixeiro.","twitter.com/Rocigaot/status/935998271906107393"
"30/11/2017 23:08:40","8","936356331518418944","7","'NONONONO, otro licor café no, que mañana quería madrugar e ir al gimnas... buenovaleyaqueinsistes'pic.twitter.com/MuQuQacqjg","twitter.com/Rocigaot/status/936356331518418944"
"30/11/2017 22:54:52","4","936352856550137856","","Ojalá un bot para contestar 'no todo gira en torno a tu vida, Margarita' a los replies de 'not all men' y 'pues yo'..https://www.youtube.com/watch?v=Il6p2-40-F0&feature=youtu.be …","twitter.com/Rocigaot/status/936352856550137856"
"30/11/2017 22:44:57","","936350362549866503","","Yo esos por si moscas se los mandaré a un amigo que vive en el extranjero y que los vaya publicando él que está fuera de la jurisdicción española.","twitter.com/Rocigaot/status/936350362549866503"
"30/11/2017 22:09:02","1","936341324529356801","","quería decir 'poner como entregados paquetes que no se han entregado'. Según el link de seguimiento me ha llegado el paquete, pero aquí no hay na. ¿Por qué cojones hacen eso? Si nos hubiera llegado nos habríamos enterado, digo yo.","twitter.com/Rocigaot/status/936341324529356801"
"30/11/2017 21:59:53","1","936339019448901632","","Estoy mirando el TL de  @Cex_responde y al parecer lo de poner como enviados paquetes que no se han enviado es tónica bastante general. A lo mejor piensan que vamos a creer que nos ha llegado pero no lo recordamos por un brote de amnesia.","twitter.com/Rocigaot/status/936339019448901632"
"30/11/2017 21:57:02","1","936338302625607680","","En fin, que a ver cuándo Amazon empieza a dejarte escoger compañía de reparto, porque quitando Correos (la de verdad, la pública) y MRW todas me han dado siempre problemas.","twitter.com/Rocigaot/status/936338302625607680"
"30/11/2017 21:52:16","","936337103742472197","","No sé a quién se lo entregaron porque a la hora que figura como entregado yo en casa no estaba. Y la dirección alternativa de entrega es la de mi padre (mismo edificio, otro piso) y él tampoco lo tiene.pic.twitter.com/Jm7yvKJJtv","twitter.com/Rocigaot/status/936337103742472197"
"30/11/2017 21:50:54","","936336761172541440","","Me quejaba de Seur, pero Correos Express me indica como entregado un paquete que en mi casa no está. Y nota de que no se ha podido entregar tampoco tengo.","twitter.com/Rocigaot/status/936336761172541440"
"30/11/2017 17:58:37","4","936278301949210625","1","En twitter queda gracioso porque te mencionan con la @ y luego ponen tu nombre, y es como cuando tienes nombre compuesto que tu madre solo usa entero pa echarte la bronca.","twitter.com/Rocigaot/status/936278301949210625"
"30/11/2017 17:57:03","13","936277909018480640","2","Lo de cómo los señoros usan lo de llamarte por tu nombre cuando quieren llamarte al orden o hacerte una corrección paternalista da para TFG de Filología por la línea  de Pragmática.","twitter.com/Rocigaot/status/936277909018480640"
"30/11/2017 0:16:00","3","936010889509122050","","Sábado al despertar con resaca a las 12 del mediodía: 'No vuelvo a beber nunca más'.
El mismo sábado a las doce de la noche:pic.twitter.com/EWJXPyIHie","twitter.com/Rocigaot/status/936010889509122050"
"29/11/2017 23:30:06","2","935999338312019968","2","Te han agregado al grupo 'quedada COU 20 aniversario'pic.twitter.com/UnQ5zp3m9Q","twitter.com/Rocigaot/status/935999338312019968"
"29/11/2017 23:23:33","1","935997686796472320","","'¿ Sigues sin novio? Porque mi novio tiene un amigo super majo que...'pic.twitter.com/fM5vfDiEip","twitter.com/Rocigaot/status/935997686796472320"
"29/11/2017 23:22:30","7","935997421800259584","3","'Este fin de semana iremos todos los de la oficina a un seminario de mindfulness y teambuilding que..'pic.twitter.com/PsrVcTXVY0","twitter.com/Rocigaot/status/935997421800259584"
"29/11/2017 22:07:46","4","935978618559389698","1","Huele a canela.pic.twitter.com/XjhOAkAESa","twitter.com/Rocigaot/status/935978618559389698"
"29/11/2017 21:29:02","3","935968868400590848","1","Yo suelo meter compresas y tampax, lo de la comida de bebé nunca lo había pensado pero lo apunto.","twitter.com/Rocigaot/status/935968868400590848"
"29/11/2017 21:01:54","2","935962038878330881","","'La NASA ha confirmado que carece de tecnología para destruir el meteorito que impactará contra la Tierra y destruirá toda forma de vida '","twitter.com/Rocigaot/status/935962038878330881"
"29/11/2017 20:40:03","3","935956542070943744","","'Lo siento, hija, di marcha atrás en el garaje y no vi que el gato estaba detrás '","twitter.com/Rocigaot/status/935956542070943744"
"29/11/2017 20:36:02","1","935955529532432384","","Cuando hacemos quedada en Salamanca y nos tomamos una copa en el Paniagua como si tuviéramos el hígado de los 20 años.pic.twitter.com/rWtGe55a76","twitter.com/Rocigaot/status/935955529532432384"
"29/11/2017 20:32:08","7","935954550082756608","","Cena de Nochebuena. Tu cuñado empieza a hablar de lo de Cataluña.pic.twitter.com/0wTBkYnh7P","twitter.com/Rocigaot/status/935954550082756608"
"29/11/2017 20:29:50","5","935953969855254528","","Cuando tus amigos son más jóvenes que tú y te toca ir a chupiterías de las de todo a un euro.pic.twitter.com/r9XrGxuMgz","twitter.com/Rocigaot/status/935953969855254528"
"29/11/2017 20:26:01","3","935953009628123136","","'La gangrena se está extendiendo, lamento decirle que tendremos que amputar '","twitter.com/Rocigaot/status/935953009628123136"
"29/11/2017 13:56:25","","935854963724636160","","Ojalá un bot que conteste esto a los que hacen replies de 'pues yo' o a los 'not all men'.","twitter.com/Rocigaot/status/935854963724636160"
"29/11/2017 13:51:18","2","935853675444097024","","En el apartado de 'apariciones en el arte' de la entrada Wikipedia de la infanta Margarita Teresa aún no sale 'Velaskes yo soy guapa'. Estáis perdiendo facultades, ¿eh?","twitter.com/Rocigaot/status/935853675444097024"
"29/11/2017 11:21:33","1","935815991656886272","","Va a llamarme un cazatalentos de la NASA de un momento a otro.https://twitter.com/euidiotices/status/935708456643907585 …Sou muito inteligente então pic.twitter.com/yedAdWecrO","twitter.com/Rocigaot/status/935815991656886272"
"29/11/2017 0:33:40","9","935652946976694273","","Estoy a esto de poner 'Velaskes yo soy guapa' como tono de llamada del móvil.","twitter.com/Rocigaot/status/935652946976694273"
"29/11/2017 0:14:26","2","935648107211173888","","Lo mejor ahí es soltar el 'las pollas de toda la vida se comen mirando a los ojos' y  ver a tu tía abuela nonagenaria asintiendo en plan 'been there, done that'.","twitter.com/Rocigaot/status/935648107211173888"
"28/11/2017 23:41:44","8","935639876116058113","1","'Rose, tía, para celebrar que nos hemos salvado te llevo a ver el show de Leo Harlem'.","twitter.com/Rocigaot/status/935639876116058113"
"28/11/2017 22:19:52","21","935619275708157954","4","A lo mejor está confundiendo las mamadas con los estornudos.","twitter.com/Rocigaot/status/935619275708157954"
"28/11/2017 22:16:19","26","935618379645378562","28","pic.twitter.com/4mjwLDjyFK","twitter.com/Rocigaot/status/935618379645378562"
"28/11/2017 22:05:12","31","935615583521050624","11","Sería aún mejor enterarte del tema en la cena de Nochebuena con toda la familia. 'PERO CÓMO QUE NO SE PUEDEN COMER POLLAS CON LOS OJOS ABIERTOS, ANDA QUE NO HE HECHO YO MAMADmás langostinos, abuela?","twitter.com/Rocigaot/status/935615583521050624"
"28/11/2017 21:45:00","3","935610499428995073","","No sabía de qué hablabas y acabo de googlear. TE ODIO, CON TODO LO QUE TENGO QUE ESTUDIAR!","twitter.com/Rocigaot/status/935610499428995073"
"28/11/2017 21:02:57","1","935599917078376449","","He de decir que yo tengo ropa interior de allí que me ha aguantado bastante. Los sujetadores tardan más en ceder que los de Intimissimi y son más baratos (lo malo, el baile de tallas).","twitter.com/Rocigaot/status/935599917078376449"
"28/11/2017 13:14:34","","935482043345133568","","Esa es otra. Yo teóricamente no conocí a nadie que no fuera hetero hasta llegar a la universidad. Digo teóricamente porque por estadística es imposible, pero no conocí a nadie que se definiera como no hetero hasta los 18 años.","twitter.com/Rocigaot/status/935482043345133568"
"28/11/2017 13:10:14","1","935480952205336576","","Que he vuelto a ver la peli luego y he pensado 'pero si es SUPER OBVIO', pero en ese primer visionado con ¿15?¿16 años? no me cosqué. Prefiero atribuirlo a la falta de referentes previos que a mi poca espabilación. ","twitter.com/Rocigaot/status/935480952205336576"
"28/11/2017 13:07:42","1","935480317829439488","","Carol y Susan en Friends, que ni siquiera se daban un beso en toda la serie. De adolescente vi 'Tomates verdes fritos', que supuestamente cuenta una amistad entre dos mujeres, y justo después leí el libro y ahí descubrí que eran pareja.","twitter.com/Rocigaot/status/935480317829439488"
"28/11/2017 0:37:02","1","935291404376592385","","Porque de fecha me viene fatal, o allá que iba por las risas.https://twitter.com/grodira/status/935276033514917888 …Planazo pic.twitter.com/NdByce4CtY","twitter.com/Rocigaot/status/935291404376592385"
"26/11/2017 13:34:11","5","934762206893363200","","Cuando en el foro del máster te piden que hables de las escuelas Waldorf.pic.twitter.com/h3v5tf2eKo","twitter.com/Rocigaot/status/934762206893363200"
"26/11/2017 2:33:23","","934595909974884353","","Me encuentro a una amiga con su hijo de dos años. El niño ve la funda de mis gafas de sol, que es como esas carteritas de goma y rosa fucsia, y se pone a jugar con ella. Mi amiga al crío:
- Ay, como te vea tu padre!","twitter.com/Rocigaot/status/934595909974884353"
"25/11/2017 11:51:04","1","934373869560958977","","É posible que se poida usar para o BDSM un robot aspirad..pic.twitter.com/90sNnROW4E","twitter.com/Rocigaot/status/934373869560958977"
"25/11/2017 11:33:42","","934369499045875714","","pues voy a tener que tomar más!","twitter.com/Rocigaot/status/934369499045875714"
"25/11/2017 1:08:27","1","934212145729941504","","No creo que la tiza tenga el mismo efecto, yo con dos licor café estoy comiendo techo hasta las siete de la mañana. ","twitter.com/Rocigaot/status/934212145729941504"
"25/11/2017 1:07:15","1","934211844943773696","","la cocaína de los pobres.","twitter.com/Rocigaot/status/934211844943773696"
"25/11/2017 1:05:45","1","934211468609966081","","Aunque hace dos días tomé sushi también y no me hizo gran cosa, así que todo apunta al LK.","twitter.com/Rocigaot/status/934211468609966081"
"25/11/2017 1:05:02","2","934211286283575296","1","Llevaba unos días con una congestión tremenda que apenas me dejaba dormir y he llegado a casa mucho mejor. Ahora me queda averiguar de cara al futuro si lo que me cura el trancazo es el sushi, la cerveza o el licor café.","twitter.com/Rocigaot/status/934211286283575296"
"24/11/2017 14:04:27","1","934045046038564864","","Una de las razones por las que apenas tengo camisas es porque cuesta más que con las camisetas calcular a ojo cuál te va bien y comprar online. Eso y lo de la plancha.","twitter.com/Rocigaot/status/934045046038564864"
"24/11/2017 13:54:30","1","934042543783890944","","Yo ahora empecé Hispánicas por la UNED aprovechando que me convalidan lo común de las filologías, y supongo que en su día podré ejercer en ambas especialidades. A menos que de aquí a entonces se saquen de la manga que tengo que hacer el máster de nuevo por Lengua.","twitter.com/Rocigaot/status/934042543783890944"
"24/11/2017 13:49:02","1","934041166479273985","","Lo estoy haciendo por Inglés porque después hice Estudios Ingleses. Prefería Lengua, pero con tanto cambio de normativa me dio miedo que al final no me dejaran dar Lengua por no ser Filóloga ni dar inglés por no haber hecho el Máster por esa opción.","twitter.com/Rocigaot/status/934041166479273985"
"24/11/2017 13:46:45","7","934040592463679488","1","Cuando le puse la radio nueva al coche, venía Radio María preseleccionado en todas las opciones de guardar favoritos. Según la pongo para buscar otro canal que guardar ahí, lo primero que oigo es: 'Señor, ábreme los labios'.","twitter.com/Rocigaot/status/934040592463679488"
"24/11/2017 13:41:13","3","934039199895912448","","Yo con algún grupo de complementaria me planteé el chupito de jarabe de codeína, como Abe Simpson con Homer de peque.","twitter.com/Rocigaot/status/934039199895912448"
"24/11/2017 13:40:04","37","934038908446412800","7","Y luego te ponen como ejemplo de 'ves como las chicas naturales son más monas?' fotos retocadas de modelos con prebase, base, polvos, contorno, colorete, sombras, labial y rímel. Pero tú no le has engañado con tus párpados llenos de glitter púrpura.","twitter.com/Rocigaot/status/934038908446412800"
"24/11/2017 13:36:53","3","934038107900600320","","hicieran tantas críticas a profesores que tienen que lidiar con25 a la vez cuando ellas mismas a veces se sienten desbordadas con uno o dos. Ni dios le dio la razón, eso sí. Las profes tienen que saber, que pa eso han estudiao.","twitter.com/Rocigaot/status/934038107900600320"
"24/11/2017 13:35:25","1","934037741347721218","","Recuerdo una vez que acabé cotilleando un foro de crianza natural, y entre mil hilos de 'la profe de mi hijo es una idiota que coarta su genialidad', había uno de madres angustiadas porque no tenían autoridad sobre sus hijos. Una comentó que a lo mejor era injusto que (....)","twitter.com/Rocigaot/status/934037741347721218"
"24/11/2017 13:30:49","4","934036582784471040","","Estoy bastante convencida de que muchos apuntan a sus críos a academias y extraescolares para no aguantar en casa a los monstruitos que han criado.","twitter.com/Rocigaot/status/934036582784471040"
"24/11/2017 13:16:25","1","934032958884806657","1","Yo ahí soy muy fan del  mural de la Creedence, enfrente de Termaria, de 'Podemos ayudarte a salir del deporte'","twitter.com/Rocigaot/status/934032958884806657"
"24/11/2017 13:11:06","1","934031622038487042","","Dan ganas de contestarles que buena suerte con eso.","twitter.com/Rocigaot/status/934031622038487042"
"24/11/2017 13:01:20","1","934029163987652608","","De verdad, ojalá una puerta del tiempo a 2002 para sacarme el CAP de los cojones.","twitter.com/Rocigaot/status/934029163987652608"
"24/11/2017 12:54:02","","934027326559539201","","Otra cosa que me enamora el alma de lo del máster es no poder buscar trabajo a jornada completa este año porque tengo que hacer un par de meses de prácticas no remuneradas por las mañanas.","twitter.com/Rocigaot/status/934027326559539201"
"24/11/2017 12:52:21","1","934026902356021249","","'El año que viene nos ponemos de acuerdo en el atuendo para el Salón del Comic, que yo vengo de Hodor y tú con el cosplay de Franco'.","twitter.com/Rocigaot/status/934026902356021249"
"23/11/2017 14:35:45","1","933690537672085510","","Que encima custa o doble que na presencial, que para dedicarme full time ao máster métome na UDC e aforro pasta!","twitter.com/Rocigaot/status/933690537672085510"
"23/11/2017 14:30:39","","933689253271306240","","Tamén aclaro que eu falo do de profesor de secundaria, doutros master non che sei dicir.","twitter.com/Rocigaot/status/933689253271306240"
"23/11/2017 14:25:00","1","933687830601232384","","E como para opositar pídenche simplemente ter o máster e valoran o mesmo onde o sacaras, metinme nun chringo privado random para quitalo de enriba nun ano.","twitter.com/Rocigaot/status/933687830601232384"
"23/11/2017 14:23:33","","933687463847059457","","De feito na info do máster xa especifican que se estás a traballar, aínda que sexa a media xornada, o fagas en dous cursos e non un, que está pensado para dedicación completa.","twitter.com/Rocigaot/status/933687463847059457"
"23/11/2017 14:22:53","","933687299417702400","","si, na UNED hai moi poucas plazas (na miña especialidade 3 para toda a provincia), é máis caro que na presencial e polo que din, moi duro e non moi ben organizado.","twitter.com/Rocigaot/status/933687299417702400"
"23/11/2017 14:14:50","","933685271115288576","","Eu fixen unha carreira na UNED e algunha vez houbo algún voluntario, pero non era o habitual. Agora estou co máster de profe noutro chiringo e nos caeron 2. E teño amigas que en outras online tamén tiveron que facer.","twitter.com/Rocigaot/status/933685271115288576"
"23/11/2017 12:58:37","1","933666092857397248","","Yo algunos los veo y otros los descargo a mi carpeta de 'ya luego si eso'.","twitter.com/Rocigaot/status/933666092857397248"
"23/11/2017 12:55:29","1","933665301434118145","","Yo estoy haciendo el máster en una privada online y una amiga en otra distinta y a las dos nos plantaron el mismito vídeo de Punset ","twitter.com/Rocigaot/status/933665301434118145"
"23/11/2017 12:53:31","","933664808750153728","","no, pero creo que van todas un poco igual.","twitter.com/Rocigaot/status/933664808750153728"
"23/11/2017 12:47:28","2","933663284737249280","","QUE SI NOS SOBRARA EL TIEMPO PA ESTAS COSAS ESTARÍAMOS EN LA PRESENCIAL PAGANDO MUCHO MENOS, HULIO.","twitter.com/Rocigaot/status/933663284737249280"
"23/11/2017 12:46:52","1","933663135558402048","","Espera, que es mejor, que TODAS las asignaturas escogen meter el trabajo en grupo la misma semana porque POR QUÉ NO.","twitter.com/Rocigaot/status/933663135558402048"
"23/11/2017 12:40:48","4","933661609653866496","1","Los trabajos en grupo ya son peor en la presencial, no digamos cuando uno trabaja solo de mañanas, otro de tardes, otro solo puede ponerse el fin de semana y no le ves el careto a nadie.","twitter.com/Rocigaot/status/933661609653866496"
"23/11/2017 12:40:06","5","933661430590722049","1","No hay cosa que más me mole que los trabajos en grupo en universidades online donde estamos porque cada uno tiene un horario y una disponibilidad diferente. #matadme","twitter.com/Rocigaot/status/933661430590722049"
"22/11/2017 23:33:10","13","933463395084460034","2","Franco, el prototuitero invent. Si estudiara Historia ya tenía tema para el TFG.","twitter.com/Rocigaot/status/933463395084460034"
"22/11/2017 23:18:54","48","933459801945853952","6","No recordaba esto! Es la versión vintage de esos tuits tipo 'Mi hijo de cinco años me ha dicho: mamá, por qué los de izquierdas odian a los empresarios si son quienes crean empleo y nos llevan por la vía de la recuperación?'","twitter.com/Rocigaot/status/933459801945853952"
"22/11/2017 23:16:26","1","933459181587324931","","A ver, los de los montajes de vídeos, haced vuestra magia con esto y algún speech de Ylenia en Gandía Shore o algo así.https://twitter.com/fanetin/status/933458159318065152 …Estoy preparando el #DEBATUITER de mañana y me he reencontrado con este vídeo. Lo llevo mirando en bucle horas. 'Di lo que quieras...' pic.twitter.com/pGfd8G2YuU","twitter.com/Rocigaot/status/933459181587324931"
"22/11/2017 22:43:32","2","933450902316507136","","Eso ya a gusto de cada uno, que cada sicario explique en su perfil su tarifa y su método y ya el cliente decide!","twitter.com/Rocigaot/status/933450902316507136"
"22/11/2017 22:33:56","3","933448485642358785","","te comenté mi idea emprendedora del Linkedin de sicarios?","twitter.com/Rocigaot/status/933448485642358785"
"22/11/2017 18:00:45","11","933379736834846721","6","'Soy ingeniero informático y afirmo que Elvis fingió su muerte y ahora es pastor en Las Hurdes'pic.twitter.com/w9FnMp94Da","twitter.com/Rocigaot/status/933379736834846721"
"21/11/2017 11:09:22","44","932913823991975937","28","Soy más de perretes que de personas, más de personas que de cucarachas y más de cucarachas que de Javier Cárdenas.https://twitter.com/eldiarioes/status/932913371669770240 …Javier Cárdenas entrevista al secuestrador de Olot en TVE: '¿Te enamoraste de ella?' http://vertele.eldiario.es/noticias/Criticas-Hora-Punta-entrevistar-secuestrador-retrasar-emision-OT_0_1960003984.html … pic.twitter.com/kGfFFnSfry","twitter.com/Rocigaot/status/932913823991975937"
"21/11/2017 2:26:05","1","932782133617324032","","ASÍ NO VOY A LLEGAR NUNCA A INFLUENCER.","twitter.com/Rocigaot/status/932782133617324032"
"21/11/2017 2:19:30","23","932780476133269504","20","A la tercera supongo que va la vencida. Bingo de milongas del buscar curro vs Bingo de milongas del ligar, toma 3. Twitter, ofrece opción de editar YA.pic.twitter.com/1FkN5XN4rL","twitter.com/Rocigaot/status/932780476133269504"
"21/11/2017 2:17:19","3","932779925488193541","","Y otro que me sale mal  Esperad, que va el bueno. https://twitter.com/Rocigaot/status/932779108685287424 …","twitter.com/Rocigaot/status/932779925488193541"
"21/11/2017 2:15:23","","932779439536123910","","Ya está el bueno, que me había quedado el segundo bingo a medias!","twitter.com/Rocigaot/status/932779439536123910"
"20/11/2017 11:19:45","1","932554048816939008","","Si es que encima son todo operaciones que aprendes a hacer en Primaria. Cuidao, los ingenieros de la NASA.","twitter.com/Rocigaot/status/932554048816939008"
"19/11/2017 22:08:15","3","932354860699308032","","Si por algo agradezco haber nacido en esta época es por poder echarme un ibuprofeno pal cuerpo cuando estoy con la regla.","twitter.com/Rocigaot/status/932354860699308032"
"19/11/2017 21:57:10","1","932352071424270336","","Son algo diferentes porque son ensayos y no novelas. Del del XVIII llevo poco aún, pero el de la posguerra está genial, de momento a toda la gente a la que se lo recomendé le ha gustado.","twitter.com/Rocigaot/status/932352071424270336"
"19/11/2017 21:47:19","1","932349590120091648","","El de usos amorosos en la posguerra me lo he leído cienes de veces, pero a este aún no le había echado el guante. :)","twitter.com/Rocigaot/status/932349590120091648"
"19/11/2017 21:38:11","1","932347295072444416","","En esta casa = yo, así que sí, es una casa de bien.","twitter.com/Rocigaot/status/932347295072444416"
"19/11/2017 21:31:43","8","932345667636350976","1","En esta casa es verdadera devoción lo que hay por Carmen Martín Gaite.pic.twitter.com/Q85Ai5rlTr","twitter.com/Rocigaot/status/932345667636350976"
"19/11/2017 21:14:13","5","932341259745808384","2","Seguir yendo al gimnasio pasado enero u octubre.pic.twitter.com/JMQrn2utpO","twitter.com/Rocigaot/status/932341259745808384"
"19/11/2017 21:11:13","5","932340507170213888","2","Ligar un día que llevas la ropa interior de ligar y no la de 'tengo todo lo demás en la cesta de la colada'.pic.twitter.com/p08L8BE28C","twitter.com/Rocigaot/status/932340507170213888"
"19/11/2017 21:08:25","8","932339803563143170","2","Liquidar por lo menos la mitad de la pila de lecturas pendientes antes de comprar más libros.pic.twitter.com/d6JF10qHCc","twitter.com/Rocigaot/status/932339803563143170"
"19/11/2017 21:07:09","1","932339484447969280","","Eso es bastante más difícil que lo de la maternidad. DE LEJOS.","twitter.com/Rocigaot/status/932339484447969280"
"19/11/2017 20:01:06","7","932322860466692097","1","Hacer una compra en el IKEA un sábado por la tarde en menos de una hora y sin matar a nadie.pic.twitter.com/q03AKM8d6T","twitter.com/Rocigaot/status/932322860466692097"
"19/11/2017 20:00:02","7","932322592677036034","1","Pillar una oferta de billetes baratos de Renfe y que no se te cuelgue la web al comprar.pic.twitter.com/ySQYCkdf90","twitter.com/Rocigaot/status/932322592677036034"
"19/11/2017 19:58:29","16","932322203558924288","6","Aparcar a la primera en el centro un fin de semana.pic.twitter.com/2wYSNnfCHH","twitter.com/Rocigaot/status/932322203558924288"
"19/11/2017 19:36:43","9","932316726913585153","","Es la putada de haber sido la colega que no es 'como todas las otras'. Es que ves cómo han tratado tus amigos a 'las otras' y recuerdas que para otros tíos tú eres 'las otras'. Y buf.","twitter.com/Rocigaot/status/932316726913585153"
"19/11/2017 19:30:11","7","932315079818739718","","Lo malo de haber pasado la adolescencia siendo 'como un colega más' es que cosas como las de mi RT anterior me sorprenden cero y cuesta mogollón montarte películas con nadie.","twitter.com/Rocigaot/status/932315079818739718"
"19/11/2017 12:29:10","2","932209127912300545","","'Y vamos a seguir fomentando la precariedad para que la cárcel de Puigdemont os parezca ya la mansión de Dinastía'.https://twitter.com/eldiarioes/status/931561137988128770 …Dastis, ministro de Asuntos Exteriores: 'La cárcel a la que se va a enviar a Puigdemont tiene comodidades que muchas personas quisieran disfrutar' http://www.eldiario.es/catalunya/politica/MINUTO-Diada_13_685361458_16111.html …","twitter.com/Rocigaot/status/932209127912300545"
"19/11/2017 0:45:02","28","932031928085213184","9","Abrir mi propio gulag para peña como esta.https://twitter.com/alonso_dm/status/931232565314322436 …¿Qué meta puede haber más importante para una mujer que hacer aquello para lo que la han preparado cientos de miles de años de evolución?","twitter.com/Rocigaot/status/932031928085213184"
"16/11/2017 22:46:10","1","931277239198650369","","Pues nunca se me ha ocurrido probar, pero yo creo que optaría antes por tostar el pan para que estuviera calentito, y algo templará.","twitter.com/Rocigaot/status/931277239198650369"
"16/11/2017 22:21:29","","931271026025160704","","Ni un tuit sin su errata hoy.","twitter.com/Rocigaot/status/931271026025160704"
"16/11/2017 22:12:16","4","931268707527032832","","sí, los leones van luego a mesa puesta. Mira, igual se parecen más de lo que creemos.","twitter.com/Rocigaot/status/931268707527032832"
"16/11/2017 22:11:48","5","931268587490291712","1","Que no soy bichóloga y no sé con qué frecuencia se lava un león, pero considerando que es un felino me juego que duplica o triplica con frecuencia al MRA promedio.","twitter.com/Rocigaot/status/931268587490291712"
"16/11/2017 22:10:34","21","931268280576299008","5","Por cierto, hay algunos que si admiraran menos a los leones en lo de salir a cazar presas y más en lo de darse una lavadita con frecuencia, tanto mejor les iría.","twitter.com/Rocigaot/status/931268280576299008"
"16/11/2017 21:17:50","178","931255008686944256","61","Que solemos hablar de conceptos como consentimiento asumimos que tratamos con personas, pero si alguno prefiere que lo consideremos como un animalico, avisad que me hago entrepreneur con una línea de collares isabelinos con los colores de los equipos de la Liga.","twitter.com/Rocigaot/status/931255008686944256"
"16/11/2017 21:06:55","3,1K","931252261535342593","2,4K","- Es que el hombre excitado es un animal en celo, no puede controlar sus instintos 
- Pues al perro de unos amigos lo llevaron al veterinario por lo mismito y no te creerás lo que pasó a continuación.","twitter.com/Rocigaot/status/931252261535342593"
"15/11/2017 22:37:41","7","930912715610214400","3","'ETA mata presuntamente a un policía', leí nunca en ningún titular.","twitter.com/Rocigaot/status/930912715610214400"
"15/11/2017 12:49:13","6","930764623128813569","4","Todo esto.https://twitter.com/thelostdreamer/status/930575611663396864 …Qué queréis que os diga, a mi lo de #LaManada me está dando más miedo que el Bataclán, el camión de Niza y las Ramblas juntas","twitter.com/Rocigaot/status/930764623128813569"
"15/11/2017 12:21:05","3","930757541595934721","1","Que digo yo que si de sociolingüística no controláis ni los cuatro términos básicos que te enseñan en Primaria, igual es buena idea no sentar cátedra sobre el tema en Tuiter.","twitter.com/Rocigaot/status/930757541595934721"
"15/11/2017 11:15:49","1","930741116651089926","","Básicamente, porque es trola eso que dicen los del coaching de 'si deseas algo con mucha, mucha fuerza, se acaba cumpliendo'.","twitter.com/Rocigaot/status/930741116651089926"
"15/11/2017 2:00:07","49","930601273099014146","38","Padres: 'A ver si le admiten en ese instituto, que como dan Matemáticas, Física y Geografía e Historia en inglés, hace inmersión y para junio será bilingüe'.
También padres: Es que claro, les dan Naturales en gallego y qué saben los pobres qué parte del cuerpo es el 'esterno'.","twitter.com/Rocigaot/status/930601273099014146"
"15/11/2017 1:46:06","4","930597742216466432","2","Esto último es especialmente tronchante cuando el crío se expresa en gallego sin gran problema y apenas si se sabe el verbo to be.","twitter.com/Rocigaot/status/930597742216466432"
"15/11/2017 1:44:36","16","930597367761563648","10","Padres de alumnos: 'Es que claro, suspendió Sociais porque se lo dan en gallego y no lo entiende, como nosotros siempre hablamos castellano...'
También padres de alumnos 'Dale caña con el inglés, a ver si el año que viene entra al instituto por la opción bilingüe'.pic.twitter.com/Rrzs5SUtvk","twitter.com/Rocigaot/status/930597367761563648"
"15/11/2017 1:36:28","8","930595321704574976","3","'Es que yo estoy a favor de aprender idiomas, pero a ver, idiomas que sirvan para algo'.pic.twitter.com/btfEoQmoAJ","twitter.com/Rocigaot/status/930595321704574976"
"15/11/2017 1:22:50","28","930591887991410688","13","Lo mejor es cuando el que te dice 'Ej que pone Menú do Día dez euros,, jamás podremos descifrar ese enigmático letrero' es el mismo de 'mi hijo va a ser bilingüe en inglés porque cuando da la turra le pongo las Super Simple Songs con la tablet'.pic.twitter.com/XV6BAlYLND","twitter.com/Rocigaot/status/930591887991410688"
"15/11/2017 0:59:54","","930586117614825472","","Que a ver, tengo las 2asignaturas que pillé de Hispánicas, y un examen pa una bolsa de empleo en menos de un mes, y ejercicios de alumnos pa corregir, pero eso ya lo pensará la Rocío del jueves por la mañana.","twitter.com/Rocigaot/status/930586117614825472"
"15/11/2017 0:49:00","5","930583373050994688","","En un inesperado giro de los acontecimientos, he acabado antes de plazo el trabajo de turno del #putomáster, así que mañana salgo de currar a las cinco y luego tengo todita la tarde para mí.pic.twitter.com/VWKWbCkaY0","twitter.com/Rocigaot/status/930583373050994688"
"14/11/2017 21:19:11","5","930530572929290240","","Que tras un par de tutoriales de youtube parece que les he cogido ya el truquillo, pero madre mia, yo esto se supone que lo estudié alguna vez y lo había formateado del todo.","twitter.com/Rocigaot/status/930530572929290240"
"14/11/2017 21:13:02","5","930529023708532738","","Yo repasando las raíces cuadradas, que no hago sin calculadora desde EGB, para explicárselas mañana a un alumno.pic.twitter.com/JNIvl5asAj","twitter.com/Rocigaot/status/930529023708532738"
"14/11/2017 14:42:20","","930430702683852801","","Y así mínimo una vez por semana, que no es que llevara meses sin encenderlo.","twitter.com/Rocigaot/status/930430702683852801"
"14/11/2017 14:41:39","","930430531384303618","","Decido aprovechar una hora entre  clases para adelantar trabajos del #putomásteren la http://biblioteca.Media  hora se va esperando a que se instalen las actualizaciones del Windows.pic.twitter.com/uXWPmbtpN5","twitter.com/Rocigaot/status/930430531384303618"
"14/11/2017 1:23:38","4","930229700970020864","3","Si hemos vuelto a 2001 voy a sacarme el CAP, para no tener que pagar el sablazo del máster de profesorado en el próximo 2017!","twitter.com/Rocigaot/status/930229700970020864"
"13/11/2017 23:54:25","4","930207250605633536","","Decathlon, tarde de sábado.pic.twitter.com/iuTdY2T1d0","twitter.com/Rocigaot/status/930207250605633536"
"13/11/2017 23:33:05","1","930201881191813120","","Nuevo libro de Marías.pic.twitter.com/IHquxhyKqq","twitter.com/Rocigaot/status/930201881191813120"
"13/11/2017 23:24:05","8","930199615219077120","","Grupo whatsapp 'quedada BUP'pic.twitter.com/5vCKhiuM70","twitter.com/Rocigaot/status/930199615219077120"
"13/11/2017 23:14:05","5","930197097894248448","2","'Grupo de whatsapp familiar'pic.twitter.com/u644ZQHzZh","twitter.com/Rocigaot/status/930197097894248448"
"13/11/2017 23:12:03","4","930196588655468545","3","'Colabora con nuestra start-up'pic.twitter.com/y79deFfRMw","twitter.com/Rocigaot/status/930196588655468545"
"13/11/2017 22:51:27","192","930191403640152066","56","Me encanta cuando hacéis eso de citar criticando un tuit en el que alguien cita criticando un tuit vuestro en el que citabais un tuit suyo anterior para criticarlo. Es como una matrioska de pasivo-agresividad.","twitter.com/Rocigaot/status/930191403640152066"
"13/11/2017 14:45:28","6","930069102051328001","2","Yo cuando jugábamos al voleibol en clase de Educación Física en el colegio.https://twitter.com/FreeMemesKids/status/929825830586519555 …This is the best video I have ever seen  pic.twitter.com/mUBcy2HO0R","twitter.com/Rocigaot/status/930069102051328001"
"13/11/2017 14:30:28","4","930065325852422144","1","Lo que acabo de RT combinaría genial con mi próxima idea decorativa para mi salón: comprar el luminoso este que tienen todas las influencers para poner 'haber si me muero'.pic.twitter.com/qRhS3opuQq","twitter.com/Rocigaot/status/930065325852422144"
"13/11/2017 11:59:51","2","930027423118299137","","Bueno, considerando que el carril derecho suele estar inutilizable por la hilera de coches en doble fila, igual ni se nota la diferencia.https://twitter.com/laopinioncoruna/status/930026136196743168 …A #Coruña  Recuerda que hoy arrancan los cortes de carriles en la Ronda de Outeiro por obras entre Av.Finisterre y Av. #Arteixo http://owl.li/OgY930gxivo   aquí +info pic.twitter.com/zE6ASKnhPM","twitter.com/Rocigaot/status/930027423118299137"
"13/11/2017 11:29:52","","930019876131016705","","A mí nunca me ha picado ninguno, tengo suerte para eso! (toco madera).","twitter.com/Rocigaot/status/930019876131016705"
"13/11/2017 11:21:03","1","930017660775124992","","y otros que son hinchables y tienen un remo de plástico para que te vayas impulsando.","twitter.com/Rocigaot/status/930017660775124992"
"13/11/2017 11:08:04","12","930014392837689344","","Madrileños facendo barcosplaining.pic.twitter.com/FCUYRQ0nsP","twitter.com/Rocigaot/status/930014392837689344"
"13/11/2017 11:01:14","11","930012672229244928","","É que 'Ferry' é máis do castelán de Burgos.","twitter.com/Rocigaot/status/930012672229244928"
"12/11/2017 22:30:30","3","929823742309609477","","Otra igual.  Mi Facebook ahora mismo es el monotema, sólo hay fotos de niños, posts de manualidades montessori, virales de 'las cinco cosas que sólo entiendes si eres mamá'... Y luego ya lo de tener el whatsapp saturao de fotos de bebés que ya ni distingo.","twitter.com/Rocigaot/status/929823742309609477"
"12/11/2017 14:23:21","11","929701148369580037","4","Pero bueno, no es más ridículo que cuando leo a ex compañeros de clase criticar que chavales de 20 años hablen del 23-F sin haber nacido entonces. Porque claro, ellos con dos años siguieron la retransmisión en directo que hizo la rana Gustavo.","twitter.com/Rocigaot/status/929701148369580037"
"12/11/2017 14:20:22","19","929700396641157120","11","Fito, eres del 66. En los 60 habría rock and roll, pero tú por entonces estarías más a tope con 'Había una vez un barquito chiquitito'.https://twitter.com/eleptric/status/929688435144691713 …XDDDD pic.twitter.com/iov3G7Ict4","twitter.com/Rocigaot/status/929700396641157120"
"11/11/2017 12:01:55","74","929303166847541249","38","Por favor, plantillas pal café con forma de motosierra o de cabeza de jabalí disecada para no amenazar la masculinidad de los señoros. https://twitter.com/thebedisburning/status/929159630793641984 …","twitter.com/Rocigaot/status/929303166847541249"
"11/11/2017 11:57:41","8","929302101758496768","1","Creo que lo que más pereza me da de los 'true fans', más aún que la turra y el monotema, es la incapacidad de disfrutar de nada sin convertirlo en competición y fuente de comparaciones. No saben disfrutar de las cosas y punto, tienen que probar que las disfrutan mejor que otros.","twitter.com/Rocigaot/status/929302101758496768"
"8/11/2017 23:51:09","3","928394488250339328","","Con lo que cobro ahora calculo que en Madrid me daría para plantar un saco de dormir en una plaza de garaje en Parla.","twitter.com/Rocigaot/status/928394488250339328"
"8/11/2017 20:30:36","2","928344017955442688","1","pic.twitter.com/Jgf702iSP3","twitter.com/Rocigaot/status/928344017955442688"
"8/11/2017 12:40:38","1","928225745897484288","","Ay, es como cuando me dan reply a algún tuit sobre piropos, acoso y demás con un 'viendo tu foto, quién te va a acosar a ti'.  Mi 'foto'.","twitter.com/Rocigaot/status/928225745897484288"
"8/11/2017 12:23:16","2","928221375327809537","","- A ver, calcula el mínimo común múltiplo de 4 y 5
-¡Noooo, en nuestra clase no lo hacemos así, lo calculamos para un número solo!pic.twitter.com/PBxdMT847t","twitter.com/Rocigaot/status/928221375327809537"
"8/11/2017 1:48:08","9","928061542179975170","","¿Lo de que te desaparezca el contador de caracteres al escribir tuits es porque ya tengo los 280? Que me da pereza ponerme a escribir chorradas hasta ver si los tengo. 
Pero bueno, probando, probando, un dos. 
Supercalifraglisticospialidoso. 
El Pin de mi tarjeta del cajero es el","twitter.com/Rocigaot/status/928061542179975170"
"6/11/2017 12:51:56","2","927503815170981888","","Quien no se autoengaña es porque no quiere. Es el 'no está conmigo porque le asustan sus sentimientos' del mundo literario XDD","twitter.com/Rocigaot/status/927503815170981888"
"6/11/2017 12:42:41","8","927501486829068289","6","'Sé que no le darán a like porque este perrete no es de raza'.https://twitter.com/Papel_EM/status/927446423645368320 …Salman Rushdie: 'Jamás me darán el Premio Nobel por miedo a los islamistas' http://www.elmundo.es/papel/cultura/2017/11/06/59ff3281ca4741295d8b45d8.html … Una entrevista de @PabloPardo1 pic.twitter.com/CbMqtc97MB","twitter.com/Rocigaot/status/927501486829068289"
"6/11/2017 12:08:07","3","927492789750960128","1","Pobres lobos, lo bonitos que son y que haya tanto flipao usándolos de imagen para sus brasitas...","twitter.com/Rocigaot/status/927492789750960128"
"4/11/2017 14:22:08","1","926801739088457731","","nosotros, que lo estábamos mirando para ver cuánto tardaba en descubrir que iba hablando solo, por los suelos.","twitter.com/Rocigaot/status/926801739088457731"
"4/11/2017 14:20:28","1","926801320299806720","","agarra por la cintura a quien creía que era yo, y resultó ser una señora de unos 70 que pasaba a su lado.","twitter.com/Rocigaot/status/926801320299806720"
"4/11/2017 14:19:43","1","926801132218875904","","Una vez iba por un centro comercial con mi entonces novio. Veo a unos amigos y paro a saludar. Él no se entera, sigue andando y hablando y(.","twitter.com/Rocigaot/status/926801132218875904"
"4/11/2017 14:17:22","","926800541413494784","","Al final han visto a no sé quién en la terraza y se han pirao pa fuera.","twitter.com/Rocigaot/status/926800541413494784"
"4/11/2017 14:16:04","1","926800213079080960","","Pero en mi puta cara, como si pensaran que no les entiendo. Tendré pinta de guiri?","twitter.com/Rocigaot/status/926800213079080960"
"4/11/2017 14:15:17","1","926800014428463104","","Se me planta al lado en la barra una parejita. 
Como sólo hay 1 taburete, empiezan a debatir si tardaré mucho en terminarme la caña.","twitter.com/Rocigaot/status/926800014428463104"
"4/11/2017 14:10:01","10","926798688558764032","","Estoy esperando a una amiga en un bar y acabo de saludar a voces y agitando mucho los brazos a alguien que parecía ella pero no.pic.twitter.com/x8WC08lxsF","twitter.com/Rocigaot/status/926798688558764032"
"4/11/2017 12:59:32","","926780952667332609","","Yo sé lo que es, pero claro, soy viejuna también.","twitter.com/Rocigaot/status/926780952667332609"
"3/11/2017 21:27:58","","926546517359554567","","Una desde el curso pasado y los otros desde el verano. Ya han tenido tiempo para caer en la cuenta, pero nada XD","twitter.com/Rocigaot/status/926546517359554567"
"3/11/2017 16:53:34","4","926477460341968900","","lo mejor es que tengo 3 que son compañeros de clase y aún no han aprendido a ponerse de acuerdo para fingir que tienen menos temario.","twitter.com/Rocigaot/status/926477460341968900"
"3/11/2017 15:20:16","1","926453980640759809","","-No, el Romanticismo y el Realismo no entran en el examen. Sólo la Ilustración y la Generación del 98.pic.twitter.com/DHJSOzxhXu","twitter.com/Rocigaot/status/926453980640759809"
"3/11/2017 15:16:56","7","926453141805158400","1","-Te he traído unos poemas de Rubén Darío y Bécquer para preparar el examen de Lit..
-¡NOOO, QUE DARÍO Y BÉCQUER NO ENTRAN, SOLO RUBÉN!pic.twitter.com/Zmn7c7aBMc","twitter.com/Rocigaot/status/926453141805158400"
"3/11/2017 15:11:25","3","926451755600236544","2","Y el premio 'cojones como bolsas del Ikea' de hoy va para ...https://twitter.com/ppmadrid/status/926408696737026048 …Carmena, el dinero de todos los madrileños está para solucionar sus problemas,no para repartirlos entre los amigos. http://bit.ly/2zai18j ","twitter.com/Rocigaot/status/926451755600236544"
"3/11/2017 13:48:06","","926430786781368320","","Yo no sé qué sería de la mía, supongo que la heredó alguna de mis primas.","twitter.com/Rocigaot/status/926430786781368320"
"3/11/2017 13:35:17","","926427561260867585","","Yo ni me acordaba de su existencia hasta que vi la foto!","twitter.com/Rocigaot/status/926427561260867585"
"3/11/2017 13:32:45","1","926426923806359553","","Aaaay, yo esa la tenía! Qué flashback ochentero me acaba de dar!","twitter.com/Rocigaot/status/926426923806359553"
"3/11/2017 13:30:17","1","926426302026002432","","yo iba a tomarme una manzana, pero la voy a cambiar por un Tigretón, ya de perdidos al río.","twitter.com/Rocigaot/status/926426302026002432"
"2/11/2017 13:19:07","13","926061104027054081","","Chulogimnasios creyéndose nutricionistas. Qué puede salir mal.","twitter.com/Rocigaot/status/926061104027054081"
"2/11/2017 13:16:56","11","926060554476834816","4","Nos quejábamos de la cansinez de los runners porque no sabíamos la que nos esperaba con los de la vida fitness. #nonplusturra","twitter.com/Rocigaot/status/926060554476834816"
"1/11/2017 23:22:43","1","925850619088314368","1","Para mí siempre fue el mes más gris del calendario. Es el Teruel de los meses.","twitter.com/Rocigaot/status/925850619088314368"
"1/11/2017 12:54:19","2","925692474265341952","","Uf, en el Gadis al que voy ya tienen turrones y demás hace semanas. Yo que confiaba en Halloween para atrasar el merchandising navideño...","twitter.com/Rocigaot/status/925692474265341952"