"date","fav","id","rt","text","url"
"22/6/2017 17:47:23","27","877915931372122112","17","Mamás piscineras: ahí van un par de pistas de que vuestro hijo ya tiene edad para ducharse y vestirse solo en el vestuario de chicos:","twitter.com/Rocigaot/status/877915931372122112"
"27/6/2017 21:38:25","18","879786010351206401","10","Reventar reuniones para acosar, intentar robar correos a quienes le critican... qué vida más plena deben de tener los del foroloscojones.","twitter.com/Rocigaot/status/879786010351206401"
"26/6/2017 13:35:12","17","879302019865088000","4","Otra opción es que se hayan defendido tanto de él con spray de pimienta que por ver una vulva ya llore por condicionamiento pavloviano","twitter.com/Rocigaot/status/879302019865088000"
"22/6/2017 17:51:19","25","877916922259570688","8","Si se queda mirando mucho a las tetas de las que se duchan. Si les pide su tinder para hacerles match.Si se ha presentado a Selectividad.","twitter.com/Rocigaot/status/877916922259570688"
"30/6/2017 11:48:20","11","880724675684442115","3","Es como la mía en la universidad cuando confundí a Ortega Lara con Ortega Cano. https://twitter.com/DaniMaciasLit/status/880408198322294784 …Cuando pienses que eres inútil, recuerda que confundí a Antonio Tejero con Fernando Tejero en un examen de historia. pic.twitter.com/UolgxhdePZ","twitter.com/Rocigaot/status/880724675684442115"
"30/6/2017 10:25:27","","880703819562319878","1","Bieeeeen!pic.twitter.com/nGNdVXl1BS","twitter.com/Rocigaot/status/880703819562319878"
"29/6/2017 14:54:56","3","880409247326121985","2","pic.twitter.com/z4qyZlRTx1","twitter.com/Rocigaot/status/880409247326121985"
"29/6/2017 0:42:47","2","880194797495046144","","más o menos, sí. Como lo recuerdo de toda la vida para mí es lo normal, y aún así hay veces que no recuerdo si lo he tomado, por la inercia.","twitter.com/Rocigaot/status/880194797495046144"
"29/6/2017 0:17:20","1","880188390637006850","","Lo siento muchísimo! un abrazo ","twitter.com/Rocigaot/status/880188390637006850"
"28/6/2017 22:23:54","2","880159846225653761","","yo llevo tomando levotiroxina para el hipotiroidismo desde los 2 años, y a veces dudo de si lo tomé o no.","twitter.com/Rocigaot/status/880159846225653761"
"28/6/2017 16:29:04","2","880070550671863809","","Ahí ya lo arreglas de todo ","twitter.com/Rocigaot/status/880070550671863809"
"28/6/2017 16:25:05","2","880069546782208000","","yo ahí me imagino teniendo que demostrar que es tripa cervecera y no que lleve una riñonera con farlopa debajo de la camiseta.","twitter.com/Rocigaot/status/880069546782208000"
"28/6/2017 16:23:39","6","880069188001439744","","Creo que libró de Guantánamo porque hasta los de seguridad pensaron 'ni de coña se arriesga el Isis a encargar nada a este desastre' ","twitter.com/Rocigaot/status/880069188001439744"
"28/6/2017 16:21:31","2","880068650434048000","","A mí me lo contó, no lo vi, pero la veo totalmente. ","twitter.com/Rocigaot/status/880068650434048000"
"28/6/2017 16:20:24","6","880068368904196096","1","Al momento se dio cuenta de lo que había dicho y ya empezó en plan 'oh, no, nonononono'. Por suerte al tío le hizo coña ","twitter.com/Rocigaot/status/880068368904196096"
"28/6/2017 16:18:24","9","880067865553940480","3","A una amiga le pidieron abrir la maleta en el aeropuerto, y como la llevaba llenísima dijo sin pensar 'No, please, it's going to explode!'","twitter.com/Rocigaot/status/880067865553940480"
"28/6/2017 16:14:02","","880066764863922176","","Riazor-La Bombilla.","twitter.com/Rocigaot/status/880066764863922176"
"28/6/2017 1:08:57","4","879838993801768961","","QUE ERES QUÉ??","twitter.com/Rocigaot/status/879838993801768961"
"28/6/2017 0:43:36","2","879832612646400005","","menos mal que me contuve, porque podría explicárselo, pero igual no lo arreglaba.","twitter.com/Rocigaot/status/879832612646400005"
"28/6/2017 0:41:44","3","879832144679505922","","La 1ª vez que vi el del calendario para recaudar fondos para bizcos, al día siguiente me crucé a un bizco y me acordé. Me costó no reírme","twitter.com/Rocigaot/status/879832144679505922"
"28/6/2017 0:38:50","3","879831416011464704","","I came here to drink milk and kick ass. And I've just finished my milk...","twitter.com/Rocigaot/status/879831416011464704"
"28/6/2017 0:36:52","2","879830918202089473","","LET ME INNNN!!! IT'S RAININNNNNG!!!! Lloro de risa cada vez que lo veo.","twitter.com/Rocigaot/status/879830918202089473"
"28/6/2017 0:33:06","2","879829974248771585","","Ay, me están dando ganas de ponerlo yo también. Y el de la falsa muerte de Jen de propina.","twitter.com/Rocigaot/status/879829974248771585"
"28/6/2017 0:30:20","4","879829274907299840","1","everyone still experiencing stress at the end of the day... WILL BE FIRED!!!!!","twitter.com/Rocigaot/status/879829274907299840"
"27/6/2017 22:46:39","4","879803181793980417","","Pero así serían unas risas! Podemos poner una mascota que sea una copa menstrual gigante e invitarles a sacarse una foto con ella ","twitter.com/Rocigaot/status/879803181793980417"
"27/6/2017 22:31:56","2","879799479674822657","","Poner un photocall con publicidad de alguna marca de copas menstruales o tampax y dejar claro que las fotos se subirán a Facebook.","twitter.com/Rocigaot/status/879799479674822657"
"27/6/2017 21:46:58","2","879788163618811904","1","O no tienes nada más que hacer, que es muy triste, o tienes más que hacer pero prefieres acosar por deporte, lo que deberías hacerte mirar.","twitter.com/Rocigaot/status/879788163618811904"
"27/6/2017 21:45:35","4","879787816108122112","2","No sé, podrías estar con tus amigos, con tu familia, viendo series, jugando al fútbol, cascándote una paja, anda que no hay planes.","twitter.com/Rocigaot/status/879787816108122112"
"27/6/2017 21:44:11","6","879787464940027904","3","Es dedicar tiempo de tu vida a intentar que una persona que ni siquiera conoces sufra. Tiempo que podrías dedicar a ti mismo.","twitter.com/Rocigaot/status/879787464940027904"
"27/6/2017 21:40:43","6","879786591857901569","2","Que no es ya criticar o reírte con tus colegas de quienes no te gustan. Es organizarte para joderle un poco la vida a absolutos extraños.","twitter.com/Rocigaot/status/879786591857901569"
"27/6/2017 21:39:27","5","879786271274672130","2","Que necesitas una vida muy de mierda para necesitar tanto que todo el mundo a tu alrededor lo pase un poquito peor.","twitter.com/Rocigaot/status/879786271274672130"
"27/6/2017 20:42:32","4","879771948221427713","4","Viendo esto, se ve que lo de querer sentirse seguras es una excusa, sí.https://twitter.com/blissy/status/879723672734445574 …La imagen que me han pasado por correo habla por sí sola. pic.twitter.com/Z29tMG5LjA","twitter.com/Rocigaot/status/879771948221427713"
"26/6/2017 13:47:26","9","879305096244461568","3","Yo es que estoy en las duchas del gym y una me grita 'tápate que soy tan hetero que me da asco' y llamo a Conxo.","twitter.com/Rocigaot/status/879305096244461568"
"26/6/2017 13:40:53","11","879303447236968449","1","Y esa insistencia en 'me dan asco las pollas que no sean la mía'.  A mí eso me suena a 'me comparo en los vestuarios y pillo berrinchito'.","twitter.com/Rocigaot/status/879303447236968449"
"26/6/2017 13:21:34","14","879298585992589312","4","Yo soy hetero y mucho tiempo de sequía tendría que llevar a cuestas para llorar de emoción ante una polla, ahí lo dejo. https://twitter.com/SigfridSoria/status/879267573057171456 …","twitter.com/Rocigaot/status/879298585992589312"
"23/6/2017 14:24:27","1","878227247852736512","1","Odio cando me pasa esto.https://twitter.com/TVGalicia/status/878224188095565825 …Un tratande de gando de Ames perdeu 10.000 euros! Saíronlle voando do coche porque os esqueceu no teito  http://ow.ly/oIE030cPPrs ","twitter.com/Rocigaot/status/878227247852736512"
"23/6/2017 14:23:44","4","878227070328774657","1","Ay, anoche soñé que iba a conocer a @PotiPotiInLove a su casa, y que en persona era muy borde pero tenía un perrete así que compensaba.","twitter.com/Rocigaot/status/878227070328774657"
"23/6/2017 11:30:35","3","878183492466741249","","'Yo no tendré hijos hasta que gane mucho dinero'. Me dais ternurita los jóvenes que aún creen que la vida va siempre según la planificas.","twitter.com/Rocigaot/status/878183492466741249"
"22/6/2017 18:56:56","2","877933433053470720","","En el vestuario de mi piscina es de traca. A alguno que me saca un cacho (que vale, no hace falta mucho XD) hasta le calzan las zapatillas.","twitter.com/Rocigaot/status/877933433053470720"
"22/6/2017 18:46:00","2","877930683485700096","","Es que a esa edad no se supone que ya se cambian y duchan tras Educación Física en el colegio? en mi cole era obligatorio desde 3° o 4°.","twitter.com/Rocigaot/status/877930683485700096"
"22/6/2017 18:00:15","2","877919170351874048","","Aunque no debería decirlo, que capaces de que les mola la idea y la usan cuando yo pueda presentarme.","twitter.com/Rocigaot/status/877919170351874048"
"22/6/2017 17:59:24","2","877918955276455936","1","Yo ya sospechaba que en vez de decirlo montarían una gymkana con carácter eliminatorio para que encontraras tu sitio.https://twitter.com/prazapublica/status/877913194911735808 …Educación confirma onde se examinarán a metade dos opositores a 48 horas dos exames http://praza.gal/politica/14487/educacion-confirma-onde-se-examinaran-a-metade-dos-opositores-a-48-horas-dos-exames/ …","twitter.com/Rocigaot/status/877918955276455936"
"22/6/2017 17:52:09","1","877917132108963840","","Los dos últimos son licencia literaria pero ya no descarto nada.","twitter.com/Rocigaot/status/877917132108963840"
"22/6/2017 17:48:38","25","877916246280482816","7","Si es más alto que vosotras y os tenéis que estirar para lavarle la cabeza.Si tiene bigotillo. Si le está cambiando la voz.","twitter.com/Rocigaot/status/877916246280482816"
"22/6/2017 14:01:19","1","877859040205971456","","que bueno, siendo tallas chinas puede que la S de hombre me quede enana a mí. Por lo menos para chica suelen tallar bajisimo.","twitter.com/Rocigaot/status/877859040205971456"
"22/6/2017 13:56:38","","877857860402761730","","proba metendo no buscador can I borrow you a feeling, que foi o que fixen eu!","twitter.com/Rocigaot/status/877857860402761730"
"22/6/2017 13:53:55","1","877857178639515648","","Buscando me salen estos. Para variar, las chicas sólo podemos pillar top ombligero o camiseta de tío a lo camisón  https://es.aliexpress.com/wholesale?catId=0&initiative_id=AS_20170622034808&SearchText=can+i+borrow+a+feeling …","twitter.com/Rocigaot/status/877857178639515648"
"21/6/2017 23:05:36","1","877633625793060864","","al final lo he buscado porque soy un poco masoquista, y gensanta.","twitter.com/Rocigaot/status/877633625793060864"
"21/6/2017 23:01:49","1","877632674596179969","","me lo imaginaba :P","twitter.com/Rocigaot/status/877632674596179969"
"21/6/2017 23:00:48","1","877632418936537088","","Acabo de llegar a casa y estoy viendo tuits que hablan de Cárdenas y de frenología y no sé si quiero saber.","twitter.com/Rocigaot/status/877632418936537088"
"21/6/2017 17:25:21","1","877547999622303744","","Yo empecé periodismo, aunque en el 2º ciclo me cambié a Audiovisual. No fue mi mejor decisión en la vida, pero lo pasé bien, eso sí. ","twitter.com/Rocigaot/status/877547999622303744"
"21/6/2017 16:41:58","","877537078892007424","","En el carril izquierdo de una calle (de las de 2 por sentido con mediana en medio), parado 10 minutos para charlar con un colega que pasaba.","twitter.com/Rocigaot/status/877537078892007424"
"21/6/2017 16:34:00","1","877535075834920961","","En doble fila a la salida de una rotonda, de modo que para tomar esa salida tienes que cambiarte al carril interno y salirte desde ahí.","twitter.com/Rocigaot/status/877535075834920961"
"21/6/2017 16:31:56","2","877534555217039360","","Una muy top: en doble fila en calle de un carril ante plaza vacía de minusválidos. Porque técnicamente no estás aparcando en minusválidospic.twitter.com/DWJsOlBYK9","twitter.com/Rocigaot/status/877534555217039360"
"21/6/2017 16:26:09","","877533098333937664","","Sí, yo si me voy más al oeste me caigo al mar! ","twitter.com/Rocigaot/status/877533098333937664"
"21/6/2017 16:21:39","","877531966140280832","","no seremos de la misma ciudad, no? ","twitter.com/Rocigaot/status/877531966140280832"
"21/6/2017 16:18:03","2","877531059793088513","","Aquí tenemos estadio fumbo+playa+un par de colegios concertados en unos pocos metros. Te diré. ","twitter.com/Rocigaot/status/877531059793088513"
"21/6/2017 16:16:03","1","877530557403496448","","Esos me encantan, también. O los 'aparco mi A8 en un sitio donde no cabe un mini, medio coche en la acera y el otro medio cortando la calle'","twitter.com/Rocigaot/status/877530557403496448"
"21/6/2017 16:14:41","3","877530214967988226","","Yo a veces digo que voy a hacer un tumblr recopilando aparcamientos creativos. Con las zonas de cole tengo material para siglos.","twitter.com/Rocigaot/status/877530214967988226"
"21/6/2017 16:12:38","","877529699597078530","","Si te gustó ya es algo. A mí mucho me insistieron para que la hiciera, y habría sido un tormento. Como pa encima no tener curro luego.","twitter.com/Rocigaot/status/877529699597078530"
"21/6/2017 16:10:32","3","877529170376568832","","Yo ahora he descubierto otra modalidad: los que también cogen el coche y lo dejan en doble fila para llevar al crío a jugar al parque.","twitter.com/Rocigaot/status/877529170376568832"
"21/6/2017 16:06:12","","877528078313861120","","Que si tuviera hijos no los mandaba a ninguno de los dos ni aunque me pagaran en vez de cobrarme.","twitter.com/Rocigaot/status/877528078313861120"
"21/6/2017 16:05:41","","877527948731068421","","yo hasta 2ºde BUP,  concertado de monjas y clase de niñas. 3º y COU, privado y mixto de curas. Tengo más traumas del 1º, pero vaya.","twitter.com/Rocigaot/status/877527948731068421"
"21/6/2017 16:03:50","2","877527483477786624","","Mi cole es que quedaba en el quinto coño. Que había un cole público a 20 metros, pero cómo privarme del traumita de la educación católica!","twitter.com/Rocigaot/status/877527483477786624"
"21/6/2017 16:00:16","1","877526588056797185","","Como yo. Si la coña es que creo que todos los concertados de aquí tienen ruta de buses, pero aún así la gente prefiere ir con el coche.","twitter.com/Rocigaot/status/877526588056797185"
"21/6/2017 15:59:20","1","877526352035020800","","porque igual en una calle de doble sentido dejan sólo un carril libre y hay que turnarse para circular. Pero no los multan, oye.","twitter.com/Rocigaot/status/877526352035020800"
"21/6/2017 15:58:40","","877526184581574658","","Junto a un cole de aquí se montan unos pitotes con coches en triple fila que a veces viene la poli local y se pone a regular el tráfico(1)","twitter.com/Rocigaot/status/877526184581574658"
"21/6/2017 15:54:41","6","877525183065731072","","Tía, pero es que ahí tus hijos acaban jugando con el Moha y la Jessi y no con 5 Hugos y 18 Martinas.","twitter.com/Rocigaot/status/877525183065731072"
"21/6/2017 15:52:03","3","877524518369198080","","¿Cómo que no puedo dejar el todoterreno en tercera fila ante la puerta del cole?¿Qué es esto, Pyongyang?","twitter.com/Rocigaot/status/877524518369198080"
"21/6/2017 15:47:34","13","877523388734070786","6","No poder subir tu Porsche Cayenne a la rotonda que hay enfrente del cole es totalitarismo stalinista.","twitter.com/Rocigaot/status/877523388734070786"
"21/6/2017 15:38:05","1","877521002846179328","","Ahí estaba la cosa más repartida!","twitter.com/Rocigaot/status/877521002846179328"
"21/6/2017 15:37:16","12","877520798982033408","1","Que es, naturalmente, por lo que la CEOE da tanto la turra con que dejemos la mierda de las Humanidades y potenciemos las carreras técnicas","twitter.com/Rocigaot/status/877520798982033408"
"21/6/2017 15:36:19","8","877520557750837248","1","Luego está el tema de que si todos escuchamos a los listos y nos metemos a carreras con 'mucha empleabilidad', esta cae. Y los sueldos.","twitter.com/Rocigaot/status/877520557750837248"
"21/6/2017 15:33:02","7","877519730785079297","","Y ya no voy a entrar en mi trauma con el 'estudia Derecho o ADE que es lo que tiene futuro'.","twitter.com/Rocigaot/status/877519730785079297"
"21/6/2017 15:31:37","1","877519376903176192","","Y con Medicina he visto algún caso similar. Gente con notazas a la que dicen en casa que cómo van a desperdiciar su talento en Magisterio.","twitter.com/Rocigaot/status/877519376903176192"
"21/6/2017 15:30:36","1","877519119024873472","","Algún caso he conocido. Tuve una compi en Periodismo que había plantado Arquitectura justo antes del proyecto.","twitter.com/Rocigaot/status/877519119024873472"
"21/6/2017 15:27:01","11","877518218956611586","2","Pero escoger algo que ni te gusta porque es lo que tiene más salidas AHORA  puede hacer que el chasco sea doblemente gordo.","twitter.com/Rocigaot/status/877518218956611586"
"21/6/2017 15:21:15","17","877516769421930496","6","Así que si encima sacrificas lo que te gusta por lo que tiene futuro y cuando acabas han cambiado las tornas, ya tiene que ser de traca.","twitter.com/Rocigaot/status/877516769421930496"
"21/6/2017 15:19:37","20","877516356920500224","6","Sea carrera, ciclo de FP, prepararte unas opos. Porque en general, cuando tus estudios pasan a valer cero te sientes algo gilipollas (...)","twitter.com/Rocigaot/status/877516356920500224"
"21/6/2017 15:18:27","36","877516063738667009","18","Lo que hoy tiene mucho futuro, mañana puede devaluarse a lo bestia o sufrir una reconversión total, así que escoge algo que te guste.","twitter.com/Rocigaot/status/877516063738667009"
"21/6/2017 15:12:44","114","877514625960509440","64","Cuando decís lo de 'haber escogido una carrera con salidas' recuerdo el 'si haces Arquitectura sales colocado' que oíamos allá por el 2000.","twitter.com/Rocigaot/status/877514625960509440"
"21/6/2017 15:00:49","1","877511623388397568","","Same here. Aquí es muy típico lo de seguir en marcha cuando se les pone el semáforo en rojo porque como ellos no son coches...","twitter.com/Rocigaot/status/877511623388397568"
"21/6/2017 14:00:06","","877496345149538304","","Pues al menos en mi calle ya ha refescado, y entra airecillo y todo. A lo mejor hasta puedo ir a correr y no morirme.","twitter.com/Rocigaot/status/877496345149538304"
"21/6/2017 1:52:38","","877313270402756613","","Feisbuc, casi prefiero cuando me cuelas publi de 'congela tus óvulos'.pic.twitter.com/V2sRbYlVDS","twitter.com/Rocigaot/status/877313270402756613"
"21/6/2017 1:13:05","1","877303319852613632","","Al parecer queda un día más de calor (menos que hoy) y luego volvemos al clásico fresco norteño. Aprovechad pa dar envidia mientras podáis.","twitter.com/Rocigaot/status/877303319852613632"
"21/6/2017 1:09:31","1","877302421462110208","","PIIS IN MIDRID QUIRRI IIRI FRISQUI! 
(Aqui no estamos nada aclimatados a estos excesos, aún no me explico cómo sobrevivía yo en Salamanca)","twitter.com/Rocigaot/status/877302421462110208"
"21/6/2017 0:35:54","24","877293962104631296","7","'Seguro que él nos está viendo desde alguna parte'pic.twitter.com/Q5lt5rMBhh","twitter.com/Rocigaot/status/877293962104631296"
"21/6/2017 0:28:20","","877292058079375360","","Y aquí no estamos nada acostumbrados a esto, que normalmente de noche hace falta una chaqueta. Menos mal que el jueves ya refresca.","twitter.com/Rocigaot/status/877292058079375360"
"21/6/2017 0:27:35","2","877291867280478213","","'No contaba con que fuera a venir tanta gente'.pic.twitter.com/G6xp1tV8Us","twitter.com/Rocigaot/status/877291867280478213"
"21/6/2017 0:22:19","5","877290545026129920","","'No me esperaba que se muriera así tan de golpe, si estaba como un roble'pic.twitter.com/dG7xPBm6NM","twitter.com/Rocigaot/status/877290545026129920"
"21/6/2017 0:20:10","1","877290003390488576","","Qué rabia no poder retuitear esta ","twitter.com/Rocigaot/status/877290003390488576"
"21/6/2017 0:17:42","3","877289381303898112","","Si en Coruña estamos a medianoche en tirantes en las terrazas, el resto de la penísula ya debe de haberse derretido. #vamosamorirtodos","twitter.com/Rocigaot/status/877289381303898112"
"20/6/2017 18:28:01","4","877201381542830080","1","'Qué grande está! a última vez que o vin era unha mincha!'pic.twitter.com/MFOBGtVhwC","twitter.com/Rocigaot/status/877201381542830080"
"20/6/2017 18:18:33","12","877199000054755329","2","'Ay, qué pronto se nos fue'pic.twitter.com/hM7N2Z7y1k","twitter.com/Rocigaot/status/877199000054755329"
"20/6/2017 17:52:26","","877192425005096960","","Fixen unha case igual ","twitter.com/Rocigaot/status/877192425005096960"
"20/6/2017 17:46:19","8","877190886127489025","","'A ver si un día quedamos para un café, que sólo nos vemos pa estas cosas'.pic.twitter.com/tFyRAVfW8w","twitter.com/Rocigaot/status/877190886127489025"
"20/6/2017 17:42:42","9","877189975636418564","7","'Parece que está dormidito'pic.twitter.com/Oj7o30nAZa","twitter.com/Rocigaot/status/877189975636418564"
"20/6/2017 17:39:49","1","877189251724652546","","Lo siento mucho, un abrazo!","twitter.com/Rocigaot/status/877189251724652546"
"19/6/2017 23:57:48","1","876921984185192448","","que oye, sería un detalle. Volví de cañas hace un rato y me dejaron casi delante, podría haber probado a colarme, a ver qué tal.","twitter.com/Rocigaot/status/876921984185192448"
"19/6/2017 23:55:37","1","876921437650427904","","aquí es solo una fiesta en una casa, pero llevan ya dos días. Están unos vecinos gritándoles que si van a montar esa bulla al menos inviten.","twitter.com/Rocigaot/status/876921437650427904"
"19/6/2017 23:53:03","7","876920788418482176","","Con la ventana cerrada me achicharro y con la ventana abierta oigo a los borrachuzos que están de fiesta en la manzana de enfrente.pic.twitter.com/wuWi0mC8rX","twitter.com/Rocigaot/status/876920788418482176"
"19/6/2017 14:29:51","5","876779057454747648","3","Yo: El calor me quita el hambre, así que debería bajar unos kilos estos días de achicharre.
También yo:pic.twitter.com/0Lsvw4jARB","twitter.com/Rocigaot/status/876779057454747648"
"19/6/2017 14:23:13","5","876777385714229248","","¿Se hizo la cuenta sólo para tuitearte esas cosas? Sí que debe de tener una vida apasionante, sí. ","twitter.com/Rocigaot/status/876777385714229248"
"19/6/2017 1:03:31","3","876576135613751296","","Es un castigo del karma por fardar del clima norteño ante los del Sur.","twitter.com/Rocigaot/status/876576135613751296"
"19/6/2017 0:50:14","7","876572791675518978","","Otro día que me va a tocar dormir con la ventana abierta como si esto fuera la Meseta.","twitter.com/Rocigaot/status/876572791675518978"
"18/6/2017 23:52:09","6","876558177780805637","7","Todo el hilo https://twitter.com/bensonsenora/status/876484962924605441 …Creo que el formato televisivo 'persona con trabajo X que ayuda a la policía a resolver crímenes' todavía puede dar más de sí.","twitter.com/Rocigaot/status/876558177780805637"
"18/6/2017 23:29:38","","876552510894477312","","DJ Avispashttps://twitter.com/ch000ch/status/716389497945108480 …your DJ name is DJ + the thing that frightens you most. mine is DJ Walking Dolphins","twitter.com/Rocigaot/status/876552510894477312"
"18/6/2017 16:59:22","2","876454295947935745","","Convertir a futbolistas en delfines sería un superpoder genial. https://twitter.com/Kokarro/status/875763345617506304 …","twitter.com/Rocigaot/status/876454295947935745"
"18/6/2017 16:57:05","4","876453720862715904","","'Yo necesito concepto abierto para vigilar a los niños mientras cocino y mi marido una cueva de hombres con grifo de cerveza'.","twitter.com/Rocigaot/status/876453720862715904"
"17/6/2017 18:25:06","1","876113483024216064","","Que tú lo dices en plan broma por ser amable, pero se lo creen, y si luego su hijo no es Jobs es culpa del cole que mata su genialidad.","twitter.com/Rocigaot/status/876113483024216064"
"17/6/2017 18:23:44","5","876113137480630272","","Tenemos que dejar de decir 'está hecho un hacker' por quedar bien cuando los amigos nos pasan vídeos de sus bebés aporreando la tablet.","twitter.com/Rocigaot/status/876113137480630272"
"15/6/2017 23:52:06","","875471001626312704","","un deses combinado co nome dunha mítica actriz de telenovelas venezolanas dos 90 ","twitter.com/Rocigaot/status/875471001626312704"
"15/6/2017 21:15:25","1","875431567660916737","","¿55? Ojalá a 55, a nosotros nos llevaban a hacer Educación Física a una fundición de acero!https://twitter.com/alexizag/status/875411783464476680 …¿45 grados? ¡Qué suertudo! A nosotros nos ponían la calefacción para llegar a 55. #4Yorkshiremen
https://twitter.com/RubenZaratustra/status/875396469464989696 …","twitter.com/Rocigaot/status/875431567660916737"
"15/6/2017 21:06:29","8","875429320378003458","","Lo que sucedió después te sorprenderá y a mí casi me hace desorinarme encima.","twitter.com/Rocigaot/status/875429320378003458"
"15/6/2017 21:06:02","4","875429208889208833","","Puntualizo: mi ex jefe alias 'el gallego no vale pa ná' con 1hija recién nacida se creyó que el BNG daba paguita por poner nombres gallegos","twitter.com/Rocigaot/status/875429208889208833"
"15/6/2017 21:01:30","1","875428067853963264","","Como la mítica vez que mi ex jefe se creyó aquello de que el BNG cuando el bipartito daba paguita por poner a los bebés nombres gallegos.","twitter.com/Rocigaot/status/875428067853963264"
"15/6/2017 21:00:36","4","875427841160220678","2","Aunque fijo que saben que es bola, que si los LET creyeran en serio que hay subvenciones para feministas alguno se marcaba un Mrs Doubtfire.","twitter.com/Rocigaot/status/875427841160220678"
"15/6/2017 20:58:18","8","875427261306085376","4","En el fondo me hace gracia esa paranoia de los LET de que hay por ahí un montón de subvenciones QUE ELLOS NO SE ESTÁN EMBOLSANDO.","twitter.com/Rocigaot/status/875427261306085376"
"14/6/2017 23:55:43","2","875109522536374272","1","Si no tumba a una vaca, no es viento, es brisa.","twitter.com/Rocigaot/status/875109522536374272"
"14/6/2017 23:51:28","1","875108451793457152","1","31 grados de máxima. En Murcia con eso se están pensando si quitarse la rebequita, pero en Coruña estamos ya pidiendo la extrema unción.","twitter.com/Rocigaot/status/875108451793457152"
"14/6/2017 23:48:04","","875107597669609472","","Aquí también! Aunque el fin de semana se ve que llega el caloraco.","twitter.com/Rocigaot/status/875107597669609472"
"14/6/2017 23:43:30","4","875106448304463873","1","Sí, mujer, es la prueba definitiva para ver lo que aguanta el pintalabios! Si resiste a la babilla y el refrote contra la almohada, es bueno","twitter.com/Rocigaot/status/875106448304463873"
"14/6/2017 19:39:44","1","875045103102046208","","Como no te subcontrate para dar mis clases mientras me voy a la playa... ","twitter.com/Rocigaot/status/875045103102046208"
"14/6/2017 19:31:42","4","875043078557585409","","pero ahora está lloviznando y todo. Entenderé los unfollows.","twitter.com/Rocigaot/status/875043078557585409"
"14/6/2017 19:27:21","3","875041987422019584","1","Para el finde sí que dan 30, lo que aquí es 'se han abierto las puertas del infierno' y en el sur 'pues parece que ya refresca'.","twitter.com/Rocigaot/status/875041987422019584"
"14/6/2017 19:25:16","9","875041459392700417","2","'Los fans del verano estáis locos o tenéis pasta y podéis huir de Madrid'. O vivimos en el norte. Que os lo juro, fuera de Madrid hay vida.","twitter.com/Rocigaot/status/875041459392700417"
"14/6/2017 19:20:59","2","875040382920384513","","A lo mejor es que nos llega la ola también al norte, que hoy en Coruña no sobra la cazadora.","twitter.com/Rocigaot/status/875040382920384513"
"12/6/2017 21:14:12","2","874344097695354881","","Sale con cara de 'señor, dame paciencia'.Da para meme!","twitter.com/Rocigaot/status/874344097695354881"
"12/6/2017 14:57:25","6","874249277572349952","2","Y nos decían lo de 'generación acomodada en casa de papá'. Luego con la burbuja  pasamos a 'generación de tontos que se hipoteca a lo loco'.","twitter.com/Rocigaot/status/874249277572349952"
"12/6/2017 14:55:49","6","874248875435061248","2","Yo me licencié en 2001. Los primeros años casi todos mis amigos, de cualquier carrera, estábamos en paro o currando sin contrato.","twitter.com/Rocigaot/status/874248875435061248"
"12/6/2017 13:07:33","3","874221628367962113","","Supongo que será gente que aprobó el examen pero no sacó plaza, porque yo si tengo trabajo fijo ni de coña aguanto los pufos de una ETT.","twitter.com/Rocigaot/status/874221628367962113"
"12/6/2017 12:58:52","3","874219444884713472","","Que tan capaz es de decir que defraudan por nuestro bien, que ya vale lo de malcriarnos con Sanidad o Educación públicas.","twitter.com/Rocigaot/status/874219444884713472"
"12/6/2017 12:55:38","7","874218631604969472","1","Navalón, con no deber 2 millones a Hacienda, cualquier Milennial ya está haciendo más que tú por el futuro. Por lo menos, para no joderlo.","twitter.com/Rocigaot/status/874218631604969472"
"12/6/2017 12:06:29","13","874206260383674368","7","Y como os recuerdo siempre con los artículos ranciers en diarios online, rulad capturas, no links, que así no dais visitas.","twitter.com/Rocigaot/status/874206260383674368"
"12/6/2017 11:57:34","10","874204017282478081","4","Navalón fijo que es de los que dice 'estáis todos tontos con el móvil'y luego manda chistes cuñaos sin parar al grupo de primos del Whatsapp","twitter.com/Rocigaot/status/874204017282478081"
"12/6/2017 1:05:52","","874040013843030016","","acabar dedicándose a eso, pero no le voy a vender una carrera que está en las antípodas de lo que le gusta(y que yo no haría ni loca).","twitter.com/Rocigaot/status/874040013843030016"
"12/6/2017 1:04:28","","874039660112228353","","Que le puedo explicar pros y contras de una carrera con pocas salidas, que piense si le gusta la enseñanza porque tiene muchos papeles para(","twitter.com/Rocigaot/status/874039660112228353"
"12/6/2017 1:02:48","","874039239335448582","","Y otras veces es que directamente ni estoy de acuerdo. 'Quiere hacer Bellas Artes, convéncele de que es mucho mejor ADE'.","twitter.com/Rocigaot/status/874039239335448582"
"12/6/2017 0:47:22","","874035358496894976","","convenzas para ir a residencia y no a piso en la universidad'. Que a) no estoy de acuerdo, y b), es deciisón tuya que pa eso pagas.","twitter.com/Rocigaot/status/874035358496894976"
"12/6/2017 0:42:49","","874034210553700353","","Sí, y ya digo que no me importa hablar con ellos u orientarlos, pero una cosa es eso y otra que me digan, por ejemplo, 'quiero que los (..)","twitter.com/Rocigaot/status/874034210553700353"
"12/6/2017 0:40:18","","874033577398345728","","'Es que tiene examen el lunes y está empeñado en salir el sábado'. Pues nada, si me lo encuentro de bares ya le preguntaré la 2ªdeclinación.","twitter.com/Rocigaot/status/874033577398345728"
"12/6/2017 0:38:50","","874033210694520832","","Si encima yo si me piden opinión de algo estoy encantada en dársela, lo que llevo mal es el 'convéncemelo tú de esto'.","twitter.com/Rocigaot/status/874033210694520832"
"12/6/2017 0:21:43","1","874028901751717889","","quien la tiene es el crío. Y si dejas en evidencia al papá o mamá se arma la de dios.","twitter.com/Rocigaot/status/874028901751717889"
"12/6/2017 0:18:05","1","874027985325699079","","Y otras veces es muy violento porque me pillan por banda ante el crío con algo como 'anda, explícales tú que tengo razón', y en realidad(..)","twitter.com/Rocigaot/status/874027985325699079"
"12/6/2017 0:04:33","3","874024581216051200","","Que hay veces que estoy de acuerdo con los padres, pero coño, les toca a ellos ser el poli malo, no a mí. Para eso tendría hijos.","twitter.com/Rocigaot/status/874024581216051200"
"11/6/2017 23:59:12","1","874023234261352448","","A mí por Audiovisual me preguntan mucho los propios chavales. Los padres intentan que se lo quite de la cabeza y les venda Derecho. ","twitter.com/Rocigaot/status/874023234261352448"
"11/6/2017 23:52:05","3","874021442345676801","","'A ver si le convences de que haga ADE, que es lo que tiene más salidas'. Señora, que le he cogido cariño al crío,no voy a hacerle esa faena","twitter.com/Rocigaot/status/874021442345676801"
"11/6/2017 23:48:13","3","874020470034767877","","Que no es 'dale tu opinión/explícale tu experiencia', es 'tengo claro que lo que tiene que hacer es X pero véndeselo TÚ'.","twitter.com/Rocigaot/status/874020470034767877"
"11/6/2017 23:43:47","3","874019355012550656","","O 'es que quiere ir por la rama de humanidades en Bachillerato y yo eso no lo veo, a ver si se lo sacas de la cabeza'.","twitter.com/Rocigaot/status/874019355012550656"
"11/6/2017 23:38:32","4","874018035719434240","","Me vienen con cosas como 'convéncele tú de que escoja una carrera que haya aquí,que está empeñado en irse fuera y si le digo algo se cabrea'","twitter.com/Rocigaot/status/874018035719434240"
"11/6/2017 23:37:24","6","874017750850654209","","Una cosa que veo mucho desde que trato con madres (y algún padre ocasional) es una especie de 'miedo' a hacer de poli malo con el niño.","twitter.com/Rocigaot/status/874017750850654209"
"11/6/2017 13:20:45","1","873862565666983936","","Pues yo lo tomo un montón!","twitter.com/Rocigaot/status/873862565666983936"
"11/6/2017 1:59:58","7","873691241044746240","","Acabo de llegar a casa, y si aquí estamos a 22 grados a estas horas, de la meseta para abajo os debéis de estar muriendo.","twitter.com/Rocigaot/status/873691241044746240"
"10/6/2017 17:58:51","1","873570161181282304","","ya te contaré si un día pruebo!","twitter.com/Rocigaot/status/873570161181282304"
"10/6/2017 17:42:11","1","873565966562725888","","nunca he pedido ahí, y mira que la tengo cerca!","twitter.com/Rocigaot/status/873565966562725888"
"10/6/2017 12:59:29","2","873494823470333952","","No tengo resaca y nadie me tienta pa ir de cañas, hoy sí salgo a corr...ay, en lo de las novias sureñas están haciendo un vestido a un perropic.twitter.com/Aiq2Ss4RSc","twitter.com/Rocigaot/status/873494823470333952"
"10/6/2017 12:31:03","48","873487667064909824","6","Yo: Este no puede ser el sujeto, no concuerda con el verbo
Alumna: No tienen que concordar
Yo: Sí
A: ¡Que no! 
Esta cría es Javier Cárdenas","twitter.com/Rocigaot/status/873487667064909824"
"8/6/2017 16:55:14","2","872829376089526273","","porque por escrito en twitter da la turra con lo mismo","twitter.com/Rocigaot/status/872829376089526273"
"8/6/2017 16:02:12","6","872816028987924482","","Ni me había planteado lo de Popeye hasta leer esto. 38 añazos tengo.https://twitter.com/TCTR/status/872809539812372481 …Más de 25 años tenía yo cuando descubrí que K9 era como decir canine y que Popeye se llamaba así por el ojo saltón.","twitter.com/Rocigaot/status/872816028987924482"
"8/6/2017 14:17:59","","872789805385617408","","Sí, ahí el ahorro energético es importante!","twitter.com/Rocigaot/status/872789805385617408"
"8/6/2017 13:58:02","","872784781590892544","","Ya, si me imagino, si siempre que me toca ir a la meseta en verano me dan ganas de arrancarme la piel a ver si así estoy más fresquita.","twitter.com/Rocigaot/status/872784781590892544"
"8/6/2017 13:52:01","1","872783270626430976","","Yo los tengo en el baño siempre. Aunque claro, esto es el norte, no pillamos temperaturas muy extremas.","twitter.com/Rocigaot/status/872783270626430976"
"8/6/2017 12:48:24","2","872767258610847744","","Voy a reírme mucho del que hace Historia en vez de Física como yo, aunque al final acabemos los dos opositando a Secundaria.pic.twitter.com/Jbx5kF56Fx","twitter.com/Rocigaot/status/872767258610847744"
"8/6/2017 12:25:09","","872761407204413440","","Aaaaay, qué cosa más rica!","twitter.com/Rocigaot/status/872761407204413440"
"8/6/2017 12:20:15","1","872760173936463873","","Uno de los links que he capturado hasta cita a Charlie Sheen así que está contrastado, que él de acabar por los suelos sabrá un rato.pic.twitter.com/qxAVXlOev9","twitter.com/Rocigaot/status/872760173936463873"
"8/6/2017 12:18:45","4","872759796491063296","1","No olvidemos lo de que las Torres Gemelas fueron voladas desde abajo, Javier, que ahí tienes mandanga de la buena.pic.twitter.com/3pYLnl2OR0","twitter.com/Rocigaot/status/872759796491063296"
"8/6/2017 12:08:20","1","872757176066084865","","No podía faltar un clásico entre los clásicos: ¡Nos fumigan, Javier, hazte eco!pic.twitter.com/hMCCnRoJBf","twitter.com/Rocigaot/status/872757176066084865"
"8/6/2017 11:44:18","1","872751126063534080","","Está el clásico de los illuminati. Igual se os queja Enrique de Vicente por competencia desleal, pero aquí hay Google pa todos.pic.twitter.com/n3fMwhZXNs","twitter.com/Rocigaot/status/872751126063534080"
"8/6/2017 11:39:44","4","872749977428250624","","O este clásico de mi infancia que ahora nos llega del otro lado del charco: ¡Calcomanías con  droga!pic.twitter.com/RJa3NPDAq2","twitter.com/Rocigaot/status/872749977428250624"
"8/6/2017 11:29:37","5","872747433830363137","","Puede dedicar un día, por ejemplo, a la muerte y sustitución por un doble de Paul McCartney. Está en Google, Javier.pic.twitter.com/7CcM0S6oIv","twitter.com/Rocigaot/status/872747433830363137"
"8/6/2017 11:27:21","5","872746860758413312","2","Lo guay es que Google está lleno de temas de los que 'dar eco' así que Cárdenas tiene la escaleta cubierta hasta 2025 o así.","twitter.com/Rocigaot/status/872746860758413312"
"8/6/2017 11:20:34","4","872745155526361088","2","Ojalá Cárdenas haciéndose eco de la historia del pobre príncipe nigeriano que le contactó pidiéndole ayuda para sacar su fortuna del país. https://twitter.com/_javiercardenas/status/872561179121594369 …","twitter.com/Rocigaot/status/872745155526361088"
"8/6/2017 0:09:51","15","872576365127716865","1","Cuando mis alumnos que están en Selectividad me preguntan a cuántos exámenes fui para ponderar y les tengo que explicar que yo aún pillé COUpic.twitter.com/VswsuipGkz","twitter.com/Rocigaot/status/872576365127716865"
"7/6/2017 23:08:39","1","872560963064672256","","Ah, yo me he reído de ellos miles de veces. Sospecho que buscan también los apelativos cariñosos tipo HazteOrín o HázteloMirar, eso sí. ","twitter.com/Rocigaot/status/872560963064672256"
"7/6/2017 23:07:43","1","872560727164424193","","Ay, con solo leer eso me está doliendo a mí!","twitter.com/Rocigaot/status/872560727164424193"
"7/6/2017 23:00:13","1","872558838523809794","","En Amazon Prime Video sí que está. Lo tengo por el Premium, y creo que es lo único para lo que lo he usado hasta la fecha.","twitter.com/Rocigaot/status/872558838523809794"
"7/6/2017 22:52:31","4","872556904400269312","1","Cuando los padres de todos mis alumnos empiezan a escribirme pidiendo cambios de clases a la vez y me he dejado la agenda en el coche.pic.twitter.com/OG0E5XPHJA","twitter.com/Rocigaot/status/872556904400269312"
"7/6/2017 22:43:17","1","872554578352500738","","'Oye, decidle a fulano que me desbloquee, que en realidad soy super majo Y SE LO ESTÁ PERDIENDO' . Lo voy a empezar a hacer.","twitter.com/Rocigaot/status/872554578352500738"
"7/6/2017 21:47:33","1","872540554000814082","","'¿Soy yo, Señor?'","twitter.com/Rocigaot/status/872540554000814082"
"7/6/2017 21:47:12","2","872540463974277120","","Sí, a veces pasado un año o así los recuerdo de golpe y pienso: 'Qué callado está fulano, ¿habrá dejado tuiter?'","twitter.com/Rocigaot/status/872540463974277120"
"7/6/2017 21:45:14","1","872539971206488066","","Y de testing pre-unfollow. Para esa gente que a ratos es interesante pero a ratos me carga mucho, y muteo a ver si la echo de menos en el TL","twitter.com/Rocigaot/status/872539971206488066"
"7/6/2017 21:44:08","2","872539692339781636","","Que lo malo es que acaban en el mismo saco de mute trolls de manual y gente a la que en su día muteé un rato por cansina y ahí quedó, peropic.twitter.com/YjeJekryux","twitter.com/Rocigaot/status/872539692339781636"
"7/6/2017 21:42:09","2","872539195822178310","","Yo soy más de mute: casi todos mis blocks son gente que he reportado o blocks previos a que pusieran la opción de silenciar.","twitter.com/Rocigaot/status/872539195822178310"
"7/6/2017 21:29:37","6","872536039927275520","","lo descubrí el otro día buscando otra cosa y ya tenía ganas de usarlo ","twitter.com/Rocigaot/status/872536039927275520"
"7/6/2017 21:28:21","14","872535720233234434","2","'Es mi tuiter y saco los blocks si quiero'. Estás en tu derecho. Y yo en el mío de bloquear pa no leer la chapa. Así puedes sacar mi block.pic.twitter.com/SKaWQ02FFc","twitter.com/Rocigaot/status/872535720233234434"
"7/6/2017 21:23:43","2","872534556653625344","","'Me habrá hecho block porque no puede rebatir mis argumentos'. O porque eres más cansino que matar a un burro a besos, mira eso a ver.","twitter.com/Rocigaot/status/872534556653625344"
"7/6/2017 21:06:39","1","872530258943201280","","¡efectivamente!","twitter.com/Rocigaot/status/872530258943201280"
"7/6/2017 21:06:11","16","872530144497422336","3","La respuesta probablemente será 'te habrá leído lo bastante para que le caigas mal'. Y sí, está haciendo su vida la mar de bien sin leerte.","twitter.com/Rocigaot/status/872530144497422336"
"7/6/2017 21:05:11","7","872529891878739968","2","Así que salvo que suene mucho a block accidental de amigo, podéis dejar el '¿alguien sabe por qué este desconocido me tiene block?'","twitter.com/Rocigaot/status/872529891878739968"
"7/6/2017 21:03:23","8","872529439862784000","1","vuestro amigo tuitero del alma os haga block, sin haber discutido ni haberos distanciado, tampoco es una cosa TAN inexplicable.","twitter.com/Rocigaot/status/872529439862784000"
"7/6/2017 21:01:45","9","872529028837773312","1","En cualquier caso, sí, a todos nos ha chocado a veces descubrir algún block que no entendemos mucho, pero a menos que de un día para otro(..","twitter.com/Rocigaot/status/872529028837773312"
"7/6/2017 20:59:55","7","872528565018951680","1","Puede ser que les caigáis de puta pena y estén hartos de leeros día sí o día también en multis con gente que siguen.","twitter.com/Rocigaot/status/872528565018951680"
"7/6/2017 20:58:46","8","872528274425094146","1","También puede ser que os malinterpretasen o no pillasen una ironía y se piensen que sois, yo qué sé, nazis. Qué se le va a hacer.","twitter.com/Rocigaot/status/872528274425094146"
"7/6/2017 20:57:42","10","872528007155658752","1","Puede que en su día fuerais bordes o directamente una panda de bullies con esa persona y no la reconozcáis porque ha cambiado de nick.","twitter.com/Rocigaot/status/872528007155658752"
"7/6/2017 20:56:32","12","872527713826897920","1","Puede que seáis especialmente cansinos con un tema, os hicieran block temporal de 'hasta que deje la turra' y os hayan olvidado pa siempre.","twitter.com/Rocigaot/status/872527713826897920"
"7/6/2017 20:55:11","12","872527375472480256","1","2. Puede ser porque colegueáis con gente que les ha montado acositos de captura de pantalla, y prefieran cubrirse las espaldas.","twitter.com/Rocigaot/status/872527375472480256"
"7/6/2017 20:54:16","10","872527145511333888","1","1.Puede ser porque te vean retuiteados por su TL con cierta frecuencia y les aburráis soberanamente. Yo para eso uso mute, pero va en gustos","twitter.com/Rocigaot/status/872527145511333888"
"7/6/2017 20:53:32","15","872526960202842118","10","Gente que comparte los blocks que recibe en en plan 'uy, esta persona me ha bloqueao sin interactuar, por qué será será', aquí unas pistas:","twitter.com/Rocigaot/status/872526960202842118"
"7/6/2017 14:30:06","6","872430465193562113","2","Ni Velázquez la hizo, y eso que él podía venir al futuro a presentarse, que para eso está en el Ministerio del Tiempo.https://twitter.com/AneirosChan/status/872012173194784768 …¡La #selectividad17 es importante,pero no lo es todo en el éxito!
Triunfaron sin ella:
#AmancioOrtega
#Ford 
…","twitter.com/Rocigaot/status/872430465193562113"
"7/6/2017 11:22:37","1","872383282691878912","","Eu onte comprei un tamén e agora síntome culpable, que con esa pasta podía comprar un par de Bancos Populares.","twitter.com/Rocigaot/status/872383282691878912"
"7/6/2017 10:53:43","15","872376009320005639","5","Soy más de perros que de personas, más de personas que de arañas y más de arañas que de gurús del emprendimiento.","twitter.com/Rocigaot/status/872376009320005639"
"7/6/2017 10:40:35","","872372704220991490","","No entraban en Derecho e iban de guays? en mi época entrabas con un 5 y poco! (hace 20 años, también digo).","twitter.com/Rocigaot/status/872372704220991490"
"7/6/2017 2:03:44","29","872242636064796673","9","'No todos pueden pagar 20€ por una charla'. Y probablemente quien no pueda permitirse ese gasto entenderá por qué alguien no curra gratis.","twitter.com/Rocigaot/status/872242636064796673"
"7/6/2017 1:41:53","8","872237137776840704","1","Es horrible cuando llega la carta de la Generalitat diciendo que te han reclutado pa irte allí por cojones. En plan tributo de Hunger Games","twitter.com/Rocigaot/status/872237137776840704"
"7/6/2017 1:26:00","1","872233139481059329","","ni idea, yo eso nunca lo he visto. O no me he fijado, que tampoco soy la persona más observadora del mundo.","twitter.com/Rocigaot/status/872233139481059329"
"7/6/2017 1:24:51","2","872232851449798658","","Ahí, con discreción! Ojalá un camello voceando por las calles en plan afilador. 'El de la farloooooopa ha llegado a su calle, señora!'","twitter.com/Rocigaot/status/872232851449798658"
"7/6/2017 1:16:59","1","872230872119955456","","Claro, la clientela está al loro, y si viene la poli les dices 'Ay, se han tragado una leyenda urbana más vieja que cagar en cuclillas'","twitter.com/Rocigaot/status/872230872119955456"
"7/6/2017 1:14:52","1","872230338004746240","","Ni idea. Yo lo he oído siempre y siempre pensé que era leyenda urbana. Aunque las he visto en calles donde tenía todo el sentido.","twitter.com/Rocigaot/status/872230338004746240"
"7/6/2017 1:12:32","6","872229749258637317","2","'Mamá, sabes que me gustan las tostadas con mantequilla y me has puesto margarina. Cada vez se nota más que estás a sueldo de Soros'.","twitter.com/Rocigaot/status/872229749258637317"
"7/6/2017 0:12:16","","872214582164692993","","Yo a los true left por una tarifa razonable les quito el mute y les soporto aquí sus murgas y acositos. 
Na, paso, no compensa.","twitter.com/Rocigaot/status/872214582164692993"
"6/6/2017 23:11:35","","872199311207145472","","La coña es que yo Filo Inglesa ni la puse cuando hice selectividad. Y en la UNED fue impulsivo, estaba casi convencida de hacer Historia.","twitter.com/Rocigaot/status/872199311207145472"
"6/6/2017 22:49:59","36","872193875271712768","13","con suerte, los machunos cruzarán en rojo porque cruzar cuando lo dice el monigote gay es de gays y tendremos un poco de selección natural.","twitter.com/Rocigaot/status/872193875271712768"
"6/6/2017 20:12:31","","872154248477364224","","A mí me dieron mucho la tabarra con Derecho. Cuando hice selectividad la puse de 5°opción por cumplir xq sabía que mínimo en la 2 °entraba","twitter.com/Rocigaot/status/872154248477364224"
"6/6/2017 19:20:32","3","872141168599064576","","Era donde te empujaban cuando:
a) No sabías qué estudiar
b)Tus padres no quería que hicieras la carrera o FP que te molaba.","twitter.com/Rocigaot/status/872141168599064576"
"6/6/2017 19:18:50","2","872140739098095616","","No sé si seguirá el tema igual, pero conozco mucha gente de mi edad que pasó un curso en Empresariales o Económicas. Uno.","twitter.com/Rocigaot/status/872140739098095616"
"6/6/2017 19:01:18","7","872136327726346240","1","Cuando los padres de mis alumnos de Bachillerato me piden que intente convencerlos para elegir Derecho+ ADE.pic.twitter.com/FjEEATSp6O","twitter.com/Rocigaot/status/872136327726346240"
"6/6/2017 15:56:42","6","872089870646345728","2","A veces me pregunto no ya si los gurús de la innovación educativa han dado clase alguna vez sino simplemente si suelen tratar con críos.","twitter.com/Rocigaot/status/872089870646345728"
"5/6/2017 21:55:47","6","871817849295261700","","En los replies del último RT, por supuesto, hay peña de ciencias ofendidita que tiene que recordar que SOY DE CIENCIAS Y LO MÍO É MÁ DIFÍCIpic.twitter.com/3RdO5DFdUH","twitter.com/Rocigaot/status/871817849295261700"
"5/6/2017 21:42:08","","871814415657709568","","Es que tela. Se cargan a Phoebe y a Monica, ¡se cargan a Leslie Knope! y queda Penny? ¿¿PENNY??","twitter.com/Rocigaot/status/871814415657709568"
"5/6/2017 21:38:59","","871813619599757312","","¡no se podía saber!","twitter.com/Rocigaot/status/871813619599757312"
"5/6/2017 21:33:19","1","871812195641942017","","Me he dado cuenta, sí. Lo de Leslie Knope perdiendo contra el crío de Modern Family es pa mear y no echar gota.","twitter.com/Rocigaot/status/871812195641942017"
"5/6/2017 21:32:31","2","871811992977375237","","La selección de series también es un poco de aquella manera: te meten a todo HIMYM y TBBT, de Scrubs te dejan a JD ahí solico...","twitter.com/Rocigaot/status/871811992977375237"
"5/6/2017 21:28:33","1","871810993646690304","","¿Veis como la gente vota mal?","twitter.com/Rocigaot/status/871810993646690304"
"5/6/2017 21:27:06","1","871810631225270272","","Cierto! Moss for president!pic.twitter.com/9PRovaVli5","twitter.com/Rocigaot/status/871810631225270272"
"5/6/2017 21:20:34","","871808985694961666","","pic.twitter.com/5sQqnBkQbD","twitter.com/Rocigaot/status/871808985694961666"
"5/6/2017 21:18:31","1","871808472576339969","","Está todo mal. Todo.","twitter.com/Rocigaot/status/871808472576339969"
"5/6/2017 21:17:23","1","871808183584649216","","A mí no me hace mucha gracia. En comparación con Howard sí, pero meh. También es que TBBT  es Matrimoniadas con gags de Star Wars","twitter.com/Rocigaot/status/871808183584649216"
"5/6/2017 21:15:34","","871807729605726208","","sus amigos lo ven irritante, pero no nos dan el placer de verlo hacer más y más el ridículo cuanto más pedante se pone.","twitter.com/Rocigaot/status/871807729605726208"
"5/6/2017 21:13:45","","871807269821964289","","como la versión que tenemos es la suya, rara vez le vemos hacer el ridículo a los niveles a los que lo hace Ross. Sabemos que a veces","twitter.com/Rocigaot/status/871807269821964289"
"5/6/2017 21:12:59","","871807079635447808","","de haber despachado las explicaciones del empleado con un 'bueno, soy doctor, así que...'. Ted también se toma a sí mismo muy en serio, pero","twitter.com/Rocigaot/status/871807079635447808"
"5/6/2017 21:11:43","","871806761036120064","","encerrado en el baño de una chica con unos pantalones de cuero que no le suben o con medio cuerpo negro en la cabina de bronceado, después","twitter.com/Rocigaot/status/871806761036120064"
"5/6/2017 21:10:37","","871806482957950983","","Cuanto más crece el ego de Ross, más ridículas son las situaciones en las que lo van poniendo. Así lo vemos con los dientes fluorescentes...","twitter.com/Rocigaot/status/871806482957950983"
"5/6/2017 21:08:37","","871805981147234307","","pero como la serie no se cuenta desde su punto de vista, los guionistas le sacan  partido a lo súper en serio que Ross se toma a sí mismo.","twitter.com/Rocigaot/status/871805981147234307"
"5/6/2017 21:07:32","","871805705392619524","","Los dos son nice guys que se creen los más listos y cultos del grupo. En el caso de Ross, según avanza la serie cada vez está más subidito.","twitter.com/Rocigaot/status/871805705392619524"
"5/6/2017 21:06:44","4","871805503701233665","1","¿Cómo puede quedar fuera Ross (contra Raj!) y pasar Ted si Ted es una mala copia de Ross a la que no supieron sacar partido cómico?https://twitter.com/FrikiRatos/status/871703407710679040 …Acabada la primera ronda. En unos minutos comienza la segunda fase del #TorneoComedy pic.twitter.com/aJFJF3oAN5","twitter.com/Rocigaot/status/871805503701233665"
"5/6/2017 20:56:38","2","871802965673164801","","Ted mejor que.... no veo bien la foto así que no estoy segura de quién es, pero Ted mejor que alguien. La peña está fatal.","twitter.com/Rocigaot/status/871802965673164801"
"5/6/2017 14:29:12","10","871705461728391168","5","Probablemente los que dicen que los mineros son unos privilegiados tienen una imagen tal que así de lo que es trabajar en la mina:pic.twitter.com/DobmMeuROl","twitter.com/Rocigaot/status/871705461728391168"
"4/6/2017 23:22:13","","871477212981202944","","@CrapTaxidermy patrocina #CuartoMileniopic.twitter.com/m0Wyzyyfpp","twitter.com/Rocigaot/status/871477212981202944"
"4/6/2017 11:55:22","1","871304360072028160","","mira, a ver si llegan aquí a tiempo para llevarlas de zapatillas de recambio post-tacones a la boda que tengo en agosto. ","twitter.com/Rocigaot/status/871304360072028160"
"4/6/2017 11:36:15","","871299550732066816","","pero esas son de andar por casa, ¿no? o eso quiero pensar ","twitter.com/Rocigaot/status/871299550732066816"
"4/6/2017 11:18:59","","871295205110140929","","Que es propaganda lo pillamos todos, como comento en el segundo o tercer tuit del hilo.","twitter.com/Rocigaot/status/871295205110140929"
"3/6/2017 23:23:58","18","871115266658324480","13","pic.twitter.com/4VKNeY9AVa","twitter.com/Rocigaot/status/871115266658324480"
"3/6/2017 23:18:01","2","871113767626698752","","pic.twitter.com/TGtWGejKJ9","twitter.com/Rocigaot/status/871113767626698752"
"3/6/2017 23:12:19","3","871112332260323328","","Que el monotema en twitter me da igual porque para algo está el mute, pero a los energúmenos del bar de al lado no los puedo silenciar.","twitter.com/Rocigaot/status/871112332260323328"
"3/6/2017 23:11:20","6","871112087828869121","2","¿Después del partido este de hoy se acaba ya el fútbol hasta otoño o queda alguna otra copa, título o excusa para gritar y tirar petardos?","twitter.com/Rocigaot/status/871112087828869121"
"3/6/2017 23:07:22","5","871111087814586368","2","Ya el tema de enfocarlo todo como 'pago por' y no 'he apuntado a mi hijo a' o 'mando a mi hijo a ' aclara muchas cosas.","twitter.com/Rocigaot/status/871111087814586368"
"3/6/2017 23:04:59","2","871110486452039685","","Bien de proteínas ahí, el gimnasio te va a convertir en un mazao basic. ","twitter.com/Rocigaot/status/871110486452039685"
"3/6/2017 23:01:44","11","871109669791703041","3","Lo de 'pago para que mi hijo llegue cansado' nos da la clave: pago para que me lo cansen y en casa moleste lo justito.","twitter.com/Rocigaot/status/871109669791703041"
"3/6/2017 22:18:02","1","871098674595713030","","pic.twitter.com/k4RSobsPyZ","twitter.com/Rocigaot/status/871098674595713030"
"3/6/2017 21:41:30","2","871089477405552640","","No sé a qué festivales va esa peña, pero a los que yo voy suelen tener baños portátiles. Intenta mear ahí llevando un mono.","twitter.com/Rocigaot/status/871089477405552640"
"3/6/2017 21:39:37","2","871089003809910784","","Igual lo de las babuchas con peluche es de los mismos lumbreras que proponen 'looks para festival' con monos (la prenda, no el bicho).","twitter.com/Rocigaot/status/871089003809910784"
"3/6/2017 21:37:30","1","871088473587036161","","o que todo o mundo necesita no verán, peluche pra quentar os pes!","twitter.com/Rocigaot/status/871088473587036161"
"3/6/2017 21:35:27","6","871087955925979136","2","¿Cuánta gente tuvo que dar el OK en Primark para que este diseño se convirtiera en prenda a la venta?pic.twitter.com/bnkI6VtMMB","twitter.com/Rocigaot/status/871087955925979136"
"3/6/2017 19:09:45","2","871051287785349121","","Sí, pero yo a 22 grados ya me voy quitando cosas y estoy en modo verano. A más de 30 me sobra hasta la piel y me agobia la gente cerca.","twitter.com/Rocigaot/status/871051287785349121"
"3/6/2017 18:16:47","7","871037962334728192","1","En verano pero sólo si estoy aquí en el norte. La idea de follar en Madrid a 40 grados me da ganas de convertirme en ameba.","twitter.com/Rocigaot/status/871037962334728192"
"3/6/2017 17:56:59","8","871032976628428800","2","¿Necesitamos asumir que todos los miembros de la Familia Real son, digamos, limitaditos para oponernos a que reinen?","twitter.com/Rocigaot/status/871032976628428800"
"3/6/2017 17:55:39","5","871032643982372864","2","Es más, si asumís que tragamos con la monarquía por creer a Leonor capaz de tener cultura estáis entrando en el juego de los 'preparaos'.","twitter.com/Rocigaot/status/871032643982372864"
"3/6/2017 17:39:34","4","871028594646147072","2","historial familiar, que no dejen escopetas por ahí por si moscas, pero los trapos sucios con 11 años suelen ser tipo 'copió en un examen')","twitter.com/Rocigaot/status/871028594646147072"
"3/6/2017 17:38:29","4","871028322721034241","2","para liarla parda cuando crezca un poco, pero por lo general con 11 años no tienes muchos esqueletos en el armario. (Que bueno, dado el...","twitter.com/Rocigaot/status/871028322721034241"
"3/6/2017 17:36:39","4","871027861918023680","2","También está el tema de que os quejéis de que sólo saquen lo bueno y no los trapos sucios de una cría de 11 años. Que ya tendrá tiempo (1)","twitter.com/Rocigaot/status/871027861918023680"
"3/6/2017 17:25:39","11","871025092926611456","3","'Es que estáis hablando de lo que a vosotros os interesa en vez de hablar de lo que quiero hablar yo'.","twitter.com/Rocigaot/status/871025092926611456"
"3/6/2017 17:24:33","9","871024814030553088","3","'Es que os habéis tragado el peloteo con patatas', 'Es que resulta que puedes reírte de Froilán pero no de la heredera'. En resumen, (..)","twitter.com/Rocigaot/status/871024814030553088"
"3/6/2017 17:23:31","12","871024555317448705","4","Pues todo es un llorar de 'es que estáis usando el tema para hablar de lo que os sale de las pelotas en vez de para criticar a la monarquía'","twitter.com/Rocigaot/status/871024555317448705"
"3/6/2017 17:22:37","7","871024327247966208","2","hay poco que rascar. Algunos hicimos coñas de que molaría una reina friki que clavara en picas las cabezas de los niños rata,","twitter.com/Rocigaot/status/871024327247966208"
"3/6/2017 17:20:49","11","871023877685727236","3","encaminó más hacia nuestras propias experiencias lectoras de pequeñas que hacia Leonor en sí, porque más allá del invent o no invent (3)","twitter.com/Rocigaot/status/871023877685727236"
"3/6/2017 17:20:00","12","871023669937676289","4","que una cría en un entorno privilegiado, si resulta tener interés por la lectura, pueda cultivar este interés. De hecho, el debate se (2)","twitter.com/Rocigaot/status/871023669937676289"
"3/6/2017 17:17:10","15","871022955983228932","4","Y la tónica general en mi TL era un poco la misma: si muchos hemos sido lectores precoces con menos ventajas que Leonor, no es raro(1)","twitter.com/Rocigaot/status/871022955983228932"
"3/6/2017 17:16:05","12","871022686000099328","7","Básicamente, lo que hicimos muchos es aprovechar la anécdota del 'Invent!' para hablar de cómo se tiende a tomar a los críos por tontos.","twitter.com/Rocigaot/status/871022686000099328"
"3/6/2017 17:04:52","27","871019863111847937","17","Que estáis algunos pidiendo un pin por detectar que la prensa hace la pelota a la Corona y luego los tontos somos los otros, queridos.","twitter.com/Rocigaot/status/871019863111847937"
"3/6/2017 17:03:44","29","871019574908604416","15","- Vaya cosa, como si no hubiera crías lectoras en familias trabajad..
-¡YA TE HAN COLADO A LA CULTA HEREDERA, NO COMO A MÍ, TOMA EJEMPLO!","twitter.com/Rocigaot/status/871019574908604416"
"3/6/2017 17:01:47","54","871019086737797122","29","Ahora parece que decir 'no tiene por qué ser trola que una cría de 11 años vea pelis de Kurosawa' supone gritar 'vivan las caenas'.","twitter.com/Rocigaot/status/871019086737797122"
"3/6/2017 16:23:31","13","871009454489313282","3","Es gracias a esa escena que en mi cabeza muchos twitteros tienen la pinta de John Cleese haciendo de Reg.","twitter.com/Rocigaot/status/871009454489313282"
"3/6/2017 16:17:54","7","871008040341950464","3","Al final todo queda en ir a leerle un comunicado y cantar una canción, pero ellos van a derribar el Imperio Romano en unos añitos.","twitter.com/Rocigaot/status/871008040341950464"
"3/6/2017 16:14:33","7","871007201296605185","1","Y ahí empiezan las vueltas, y el 'espérate, que tenemos que redactar un memorándum de máxima urgencia' hasta que ella se pira, hastiada.","twitter.com/Rocigaot/status/871007201296605185"
"3/6/2017 16:13:26","5","871006916604035072","1","debatiendo los años que van a tardar en acabar con los romanos. Y ella les dice que vayan a evitar que los romanos lo crucifiquen. (2)","twitter.com/Rocigaot/status/871006916604035072"
"3/6/2017 16:12:18","6","871006631223586816","4","¿Sabéis la escena de la Vida de Brian en la que llega Judit a avisar al FJP de que han detenido a Brian? Ellos están en una reunión (1)","twitter.com/Rocigaot/status/871006631223586816"
"3/6/2017 14:48:40","","870985585460211713","","En 6º-7º de EGB y muchos me encantaron, pero también me leí mucha mierda porque iba a la librería o a la biblio y lo que cayera.","twitter.com/Rocigaot/status/870985585460211713"
"3/6/2017 14:46:26","2","870985022777544704","","Era la única de casa a la que le gustaba leer, así que iba un poco a mi bola y sin mucho filtro. Tuve una profe que nos hizo leer clásicos","twitter.com/Rocigaot/status/870985022777544704"
"3/6/2017 14:45:53","","870984886433312768","","Yo con 11-12 me leí a las Brontë, Drácula,Oscar Wilde. También la SuperPop  y seguía con sagas tipo Puck que ya me gustaban de más peque.","twitter.com/Rocigaot/status/870984886433312768"
"2/6/2017 14:12:45","1","870614160421343233","","Por eso no entiendo el revuelo. Te puede chocar si la cría con 11 años se está leyendo 'Así hablo Zaratustra', pero novelas de Stevenson...","twitter.com/Rocigaot/status/870614160421343233"
"2/6/2017 14:08:18","1","870613040097611776","","De hecho, la isla del Tesoro era lo mítico que siempre te hacían leer en el cole o te regalaban a esa edad, no entiendo la sorpresa.","twitter.com/Rocigaot/status/870613040097611776"
"2/6/2017 14:06:27","","870612575276470273","","Yo recuerdo haber leído La isla del tesoro en 5º o 6º de EGB, y Dr Jeckyll y Mr Hyde y otros relatos en 7º, lo que ahora es 1º de ESO.","twitter.com/Rocigaot/status/870612575276470273"
"2/6/2017 13:30:18","10","870603478145671168","3","- Majestad, un CM gamer la ha llamado fake geek girl
- ¡Clavad su cabeza en una pica!
Por fin los frikimachos podrían llorar con motivo.","twitter.com/Rocigaot/status/870603478145671168"
"2/6/2017 13:21:08","4","870601171500769280","3","'Discurso de la Vigilia de los Puercos de S. M. La Reina'. Lo veo, sí.","twitter.com/Rocigaot/status/870601171500769280"
"2/6/2017 10:34:42","","870559284425314305","","eso tengo que buscarlo ","twitter.com/Rocigaot/status/870559284425314305"
"2/6/2017 10:29:58","1","870558094488735744","","A mí hace poco me cascaron uno de 'congela tus óvulos', no te digo más.","twitter.com/Rocigaot/status/870558094488735744"
"1/6/2017 12:43:24","6","870229287294644225","2","'Todos mis amigos tienen novia menos yo'= por favor, sé mi salvoconducto para no quedar fuera de los planes de todo parejitas.","twitter.com/Rocigaot/status/870229287294644225"
"1/6/2017 11:45:12","4","870214640533471232","","Por culpa de Pérez Varela ahora soy incapaz de llamarles por su nombre, me sale siempre 'Masif Attrack'  ","twitter.com/Rocigaot/status/870214640533471232"