"date","fav","id","rt","text","url"
"24/3/2017 0:27:56","81","845054538138685440","37","¿Cacéis?Lo mismo estáis opositando, cuando podíais haceros gente de provecho como los coaches y los personal branding consultants.","twitter.com/Rocigaot/status/845054538138685440"
"30/3/2017 0:37:30","34","847216170734440448","19","¿Sobre la muerte de Mussolini se pueden hacer chistes? Porque da para muchos de 'el que tengo aquí colgado' pero no sé si jugármela.","twitter.com/Rocigaot/status/847216170734440448"
"29/3/2017 23:25:09","27","847197964896481280","12","Pues yo estoy muy tranquila, que a Carrero lo he puesto siempre por las nubes.","twitter.com/Rocigaot/status/847197964896481280"
"31/3/2017 2:10:21","1","847601926506110977","","Sé que el 90% de mis contactos no darán like porque el perrito tiene dos cabezas.","twitter.com/Rocigaot/status/847601926506110977"
"30/3/2017 23:51:39","4","847567019595538432","","Me habla un facha
le doy al botón de mute
y ya son 820 fachas los que un mute se han llevado!pic.twitter.com/47X8ddoqrU","twitter.com/Rocigaot/status/847567019595538432"
"30/3/2017 16:46:50","1","847460113870962689","","'me quedé en paro pero hice un curso y monté una tienda de fruta tropical, que con eso lo peto fijo'.","twitter.com/Rocigaot/status/847460113870962689"
"30/3/2017 12:49:50","1","847400468275843075","","Que es como, a ver, tenéis centro asociado con secretaría en mi ciudad, tenéis campus virtual con mis datos, ¿en serio no hay otra forma?","twitter.com/Rocigaot/status/847400468275843075"
"30/3/2017 12:48:20","5","847400091757420544","","Puedes hacer la solicitud no sólo por correo ordinario sino también.... ¡por fax!pic.twitter.com/czbJqw278j","twitter.com/Rocigaot/status/847400091757420544"
"30/3/2017 12:47:10","","847399798374187009","","que en un plazo máximo de 6 meses te llegue a la delegación del Ministerio de Educación más cercana a tu casa.Pero ahí, haciendo un exceso,","twitter.com/Rocigaot/status/847399798374187009"
"30/3/2017 12:45:48","","847399453753344001","","hasta que veas el aviso de que ya está listo. Y ahí puedes ir a Madrid en persona, mandar a alguien con poder notarial,o escribir para (...)","twitter.com/Rocigaot/status/847399453753344001"
"30/3/2017 12:45:07","","847399280436432896","","Ya una vez pagas, envías otra vez por correo a Madrid los papeles y te llega el resguardo, sólo hay que esperar e ir mirando en la web.","twitter.com/Rocigaot/status/847399280436432896"
"30/3/2017 12:43:27","1","847398862868201473","","y espera, que para recogerlo, o voy a Madrid o escribo otra vez para que lo manden en 6meses a la delegación del Min. Educación","twitter.com/Rocigaot/status/847398862868201473"
"30/3/2017 12:41:45","","847398435644887042","","A día de hoy no me explico por qué no puedes: a) Pedir los papeles en tu centro asociado. b)Descargarte los papeles de las tasas de la web.","twitter.com/Rocigaot/status/847398435644887042"
"30/3/2017 12:41:03","","847398260805296129","","Resumiendo, tienes que mandar una instancia por correo postal a Madrid para que de allí te manden los papeles para pagar las tasas y pedirlo","twitter.com/Rocigaot/status/847398260805296129"
"30/3/2017 12:38:20","1","847397573455339521","1","Otro día os cuento lo divertido que es pedir la expedición del título a la UNED cuando no vives en Madrid.","twitter.com/Rocigaot/status/847397573455339521"
"30/3/2017 12:32:11","","847396028689010688","","hay gente que me está diciendo que tb tuvo que ir a notario y en webs de algunas universidades pone que sí compulsan sus títulos.pic.twitter.com/j7PipSSkKg","twitter.com/Rocigaot/status/847396028689010688"
"30/3/2017 12:01:36","1","847388331323170816","","joder, sí que estamos bien. En la Pontificia en cambio sí me compulsaban el suyo, pero tenía que ir a Salamanca en su horario.","twitter.com/Rocigaot/status/847388331323170816"
"30/3/2017 11:58:56","","847387659433500672","","he hablado ya con secretaría del centro asociado de aquí y con Madrid, y nada, que me busque la vida y vaya a un notario.","twitter.com/Rocigaot/status/847387659433500672"
"30/3/2017 11:54:55","2","847386649373753346","","cala, que estou cos trámites para o meu e esto parecen as probas de Asterix. Pensei facer o máster con eles polo prezo, pero,quita.","twitter.com/Rocigaot/status/847386649373753346"
"30/3/2017 11:54:02","","847386427197333506","2","Gente que venga de la presencial y haya tenido que compulsar título recientemente, ¿vuestra facultad lo hace o también os mandan al notario?","twitter.com/Rocigaot/status/847386427197333506"
"30/3/2017 11:49:17","1","847385230088347648","1","Que si voy a Madrid en la ventanilla de nosequé me hacen una copia digitalizada de no sé ya lo que me dijeron por el cabreo.","twitter.com/Rocigaot/status/847385230088347648"
"30/3/2017 11:47:26","2","847384767100145665","1","Pues na, que en la UNED no compulsan los títulos de la UNED. Que eso ya sólo se hace en notarios, me dicen.","twitter.com/Rocigaot/status/847384767100145665"
"30/3/2017 2:39:43","9","847246927250968578","4","Lo bueno de todo este absurdo es que si hacen reagrupamiento de presos tuiteros tenemos quedada sin tener que buscar fechas ni organizar ná.","twitter.com/Rocigaot/status/847246927250968578"
"30/3/2017 2:16:32","3","847241093871579136","1","si alguien del PP tiene una muerte ridícula, tipo 'infarto mientras caga y lo encuentran sentado en el wc', volvemos al garrote vil.","twitter.com/Rocigaot/status/847241093871579136"
"30/3/2017 0:31:08","5","847214568468295681","1","Cumplir condena en el módulo de tuiteros de Soto del Real.","twitter.com/Rocigaot/status/847214568468295681"
"29/3/2017 23:32:53","2","847199911313657858","","Sí, me he hecho RT, pero si me van a empapelar por un chiste del que no debe ser nombrado que sea por ese.","twitter.com/Rocigaot/status/847199911313657858"
"29/3/2017 20:08:22","","847148441679675398","","gracias, probaré, aunque es de traca esperar dos días sólo para que me informen teniendo centros asociados.","twitter.com/Rocigaot/status/847148441679675398"
"29/3/2017 13:45:27","","847052076593168384","","no, me dicen que vaya a un notario. No compulsáis en centros asociados?","twitter.com/Rocigaot/status/847052076593168384"
"29/3/2017 13:27:28","1","847047552390381569","","pic.twitter.com/EzbabeIcbq","twitter.com/Rocigaot/status/847047552390381569"
"29/3/2017 12:58:16","2","847040201889329153","","a mí una vez me dijo uno que tuvo un accidente porque se saltó un stop 'y la tía del otro coche no tuvo reflejos para parar'pic.twitter.com/4l0CKS3w2l","twitter.com/Rocigaot/status/847040201889329153"
"29/3/2017 12:07:27","4","847027413569691648","1","En la Uned no me compulsan una copia del título expedido por la Uned a menos que sea para la propia Uned.pic.twitter.com/0dLrcPHRWk","twitter.com/Rocigaot/status/847027413569691648"
"27/3/2017 20:58:19","6","846436237326110721","5","-Coreografió el baile de los pajaritos
-Diseñó la chaqueta amarilla de Zara
-Tradujo 'Escuela de calor' al klingon 
#CosasQueHizoGonzález","twitter.com/Rocigaot/status/846436237326110721"
"27/3/2017 20:52:11","2","846434694275252224","1","Descubrió el valor atómico del salchichonio. #CosasQueHizoGonzález","twitter.com/Rocigaot/status/846434694275252224"
"27/3/2017 18:29:29","1","846398780836589568","","tal cual. Aún me dura el descojone, y con la coña ahora me da miedo equivocarme y usarla yo al explicárselo al resto XDDD","twitter.com/Rocigaot/status/846398780836589568"
"27/3/2017 18:21:23","6","846396741360517120","1","-¿Qué habéis dado en mates?
-Lo de trazar la bisectriz de un ángulo y la meretriz de un segmento
#cabestriñosgonnacabestre","twitter.com/Rocigaot/status/846396741360517120"
"27/3/2017 18:02:27","10","846391977579102208","9","- Derrotó al Joker
-Guió el Halcón Milenario por un campo de asteroides
-Inventó la gorra con latas de birra a los lados
-Compuso el Aserejéhttps://twitter.com/TrianaConSusana/status/846106645520400386 …- Ganó con 202 escaños.
-Implantó la educación y la sanidad universal
- Modernizó España
- Construyó el 1 AVE…","twitter.com/Rocigaot/status/846391977579102208"
"27/3/2017 1:16:24","8","846138798945775617","","Yo cuando venía cabeceando en el bus de vuelta a Coruña: 'uf, me muero de sueño, hoy fijo que me voy a dormir pronto'.
Yo a la 01:15:pic.twitter.com/1RnowKORKa","twitter.com/Rocigaot/status/846138798945775617"
"26/3/2017 23:08:08","1","846106518512644097","","si, acabo de cambiar e o primeiro que vexo é o rótulo de xabarín radiactivos XDDDD","twitter.com/Rocigaot/status/846106518512644097"
"26/3/2017 23:04:26","","846105588937437184","","empezou xa? Hai xabaríns mutantes radiactivos?","twitter.com/Rocigaot/status/846105588937437184"
"24/3/2017 14:33:58","5","845267449796841472","1","Cuando el alsa entra en Salamanca por las urbanizaciones de la burbuja que eran campo cuando yo estudiaba allí.pic.twitter.com/tdCRxVXRgt","twitter.com/Rocigaot/status/845267449796841472"
"24/3/2017 12:43:14","1","845239581649883136","","Sastamente ","twitter.com/Rocigaot/status/845239581649883136"
"24/3/2017 12:30:16","1","845236318246522881","","estamos en Sanabria y está cayendo bien, por lo menos para mis estándares koruños","twitter.com/Rocigaot/status/845236318246522881"
"24/3/2017 11:54:08","3","845227223703584769","","Menos mal que decidí pillar el bus o me habría echado al arcén a llorar, que yo soy de costa y ni cadenas tengo","twitter.com/Rocigaot/status/845227223703584769"
"24/3/2017 11:52:47","10","845226884275359744","","'Dejemos la quedada en Salamanca para finales de marzo', dijimos. 'Así no pillamos nieve de camino', dijimos.pic.twitter.com/MM0pUlB6n9","twitter.com/Rocigaot/status/845226884275359744"
"24/3/2017 0:57:33","8","845061990582226944","4","Unos que salieron de su zona de confort mogollón fueron los hermanos Izquierdo. No digo ná y te lo digo tó.","twitter.com/Rocigaot/status/845061990582226944"
"24/3/2017 0:51:30","5","845060465373958146","2","Todo el hilo sobre la bazofia de El País sobre criar emprendedorcitos.https://twitter.com/iaiestaran/status/844892084641386501 …1- Cuando el liberalismo más agresivo quiere llegar hasta las familias y El País pone un tuit de “emprendedores”, aunque luego lo borra. pic.twitter.com/dg3evZHR2c","twitter.com/Rocigaot/status/845060465373958146"
"24/3/2017 0:37:49","","845057025633603584","","Ay, en mi calle necesitaríamos una así, que la población humana y gatuna debe andar al fifty-fifty!","twitter.com/Rocigaot/status/845057025633603584"
"24/3/2017 0:36:54","8","845056794246438912","1","-Te ha visto la vecina en las noticias, en lo de las oposiciones a Correos
-¡Mamá, te juro que sólo fui allí a venderles anfetas!","twitter.com/Rocigaot/status/845056794246438912"
"24/3/2017 0:27:04","2","845054319779102720","","na, algunos no lo entenderán ni aunque se lo expliques con marionetas.","twitter.com/Rocigaot/status/845054319779102720"
"24/3/2017 0:13:44","17","845050962993655810","10","Pero yo no voy a parar de hacerlo, porque igual hay alguien a quien le hacen ilusión esos gestos espontáneos,no le privemos por tus neuras.","twitter.com/Rocigaot/status/845050962993655810"
"24/3/2017 0:12:22","18","845050619861839875","10","¿Que alguien piensa que a qué tiene que asaltarle una chalada para decirle que qué mofletes más salaos?Pues que lo diga educadamente,oye.","twitter.com/Rocigaot/status/845050619861839875"
"24/3/2017 0:10:40","14","845050189358546944","8","Que oye, es un halago, a quién no le ha tirado una tía abuela del moflete para recalcar lo guapo que está y lo bien que se cría.","twitter.com/Rocigaot/status/845050189358546944"
"24/3/2017 0:09:32","26","845049904749785088","14","Voy a ir por la calle agarrándole los mofletes a desconocidos en plan 'ayquéricominiño'. Si quieren que pare, que lo pidan por favor.","twitter.com/Rocigaot/status/845049904749785088"
"24/3/2017 0:06:18","20","845049094292803584","13","Ya lo he dicho más veces. No hay intención de halagar. Que nos sintamos violentas importa una mierda. El caso es que se os oiga opinar.","twitter.com/Rocigaot/status/845049094292803584"
"24/3/2017 0:03:29","100","845048383953948672","76","Ahora se ve que hay que pedir porfavorcito que no nos griten cosas por la calle. Y enviar una solicitud compulsada ante notario, no te jode.","twitter.com/Rocigaot/status/845048383953948672"
"23/3/2017 23:08:29","1","845034541165297664","","rápido, pide un deseo!","twitter.com/Rocigaot/status/845034541165297664"
"23/3/2017 21:30:01","1","845009760407695361","","pic.twitter.com/yOn4XyYmC3","twitter.com/Rocigaot/status/845009760407695361"
"23/3/2017 16:06:42","1","844928397079957504","","Es que ni siquiera tuitean con ideas propias, ni hacen RTs, ni buscan hacer amiguitos de su cuerda. Son el señor Heckels de tuiter.","twitter.com/Rocigaot/status/844928397079957504"
"23/3/2017 16:05:05","8","844927988080820224","2","Me enternece eso de 'voy a abrirme tuiter sólo pa hacer replies a rojos perroflautas y que vean que no me gustan'. All you need is casito.","twitter.com/Rocigaot/status/844927988080820224"
"23/3/2017 15:57:46","8","844926146865188864","","Cuando te llega una réplica de una cuenta huevo sin seguidores, seguidos ni tuits.pic.twitter.com/mNUc52kT4I","twitter.com/Rocigaot/status/844926146865188864"
"23/3/2017 12:58:56","1","844881145976238082","","la historia de mi vida!","twitter.com/Rocigaot/status/844881145976238082"
"23/3/2017 12:27:19","1","844873186940411904","","si vas a montar a caballo es una gran idea que te dejen ducharte luego, que son bonitos pero no huelen ni ná XDDDDD","twitter.com/Rocigaot/status/844873186940411904"
"23/3/2017 12:19:57","1","844871332592443394","","estoy haciendo la maleta para emprender la huida. XD","twitter.com/Rocigaot/status/844871332592443394"
"23/3/2017 10:42:55","1","844846913144840192","","se veía venir!","twitter.com/Rocigaot/status/844846913144840192"
"23/3/2017 0:56:54","3","844699438320963584","","ah, el hígado Windsor, capaz de llegar a centenario metabolizando ginebra a saco paco. Quién lo pillara.","twitter.com/Rocigaot/status/844699438320963584"
"23/3/2017 0:52:24","2","844698304093044736","","Eso espero, a los 80 quiero ser Sofía Petrillo pero vestida con más mamarrachez!","twitter.com/Rocigaot/status/844698304093044736"
"23/3/2017 0:50:17","2","844697774121779200","","bueno, a mí no me queda mucho que esperar, 38 me caen el mes que viene ","twitter.com/Rocigaot/status/844697774121779200"
"23/3/2017 0:46:41","6","844696865996247043","","había que elegir entre ser lista y no preocuparse por esas cosas o ser pija y tontita.Todo iba en pack y elegías bando","twitter.com/Rocigaot/status/844696865996247043"
"23/3/2017 0:45:54","3","844696672064163840","","a mí eso me pasaba también, en plan 'ni te esfuerces, aunque la mona se vista de seda...' Bueno, y que parecía que (1)","twitter.com/Rocigaot/status/844696672064163840"
"23/3/2017 0:43:07","5","844695969006600193","","yo querría tener 19 otra vez pero con lo que sabes a los treintaylargos ","twitter.com/Rocigaot/status/844695969006600193"
"23/3/2017 0:40:46","9","844695378947657728","","a mí cuando me dicen que no tengo edad para ponerme algo digo que tengo la edad ideal: treintaitantos, cuando todo te la sopla.","twitter.com/Rocigaot/status/844695378947657728"
"23/3/2017 0:34:05","1","844693698373922817","","","twitter.com/Rocigaot/status/844693698373922817"
"22/3/2017 23:30:27","12","844677680532525058","7","Que es de lo que suele ir todo ese rollo de educar superniños, no nos engañemos.https://twitter.com/Rocigaot/status/844677566795538432 …Cómo criar a tus hijos para que sean supertriunfadores y compensen las carencias de una vida que ha resultado decepcionantemente mediocre.","twitter.com/Rocigaot/status/844677680532525058"
"22/3/2017 23:29:59","20","844677566795538432","12","Cómo criar a tus hijos para que sean supertriunfadores y compensen las carencias de una vida que ha resultado decepcionantemente mediocre.","twitter.com/Rocigaot/status/844677566795538432"
"22/3/2017 23:28:45","1","844677252616998912","","ya me has arruinao el clickbait! :P","twitter.com/Rocigaot/status/844677252616998912"
"22/3/2017 22:45:12","75","844666296264527872","61","pic.twitter.com/DzG0pLBeaS","twitter.com/Rocigaot/status/844666296264527872"
"22/3/2017 22:37:22","10","844664325021290500","5","Que no se espere de ti que spamees a tus amigos de FB con rollos de tu empresa. Lo pienso y me motiva a dejarme las cejas estudiando.","twitter.com/Rocigaot/status/844664325021290500"
"22/3/2017 22:35:41","20","844663899639222274","5","Lo del sueldo, la estabilidad y los derechos laborales sonaba bien, pero no volver a ver el puto Infojobs ni el puto Linkedin, ni te cuento.","twitter.com/Rocigaot/status/844663899639222274"
"22/3/2017 22:34:28","69","844663594759401476","31","A mí nada me ha despertado tanto las ganas de opositar como el culto al emprendimiento de estos últimos años, en serio. Qué jartura.","twitter.com/Rocigaot/status/844663594759401476"
"22/3/2017 22:32:48","132","844663176264404993","82","'Cómo criar a tu hijo para que sea emprendedor'. Paso 1: ve juntando pasta para avalarle cada vez que monte un chiringo. No hay paso 2.","twitter.com/Rocigaot/status/844663176264404993"
"22/3/2017 22:16:53","1","844659168179052545","","ah, no, vale, metí su nick en el buscador y me salía el de la Gisela pero efectivamente no puedo leer el suyo.","twitter.com/Rocigaot/status/844659168179052545"
"22/3/2017 22:13:02","","844658199391326208","","ahora es público de nuevo, que pude entrar a verlo. Pero tela.","twitter.com/Rocigaot/status/844658199391326208"
"22/3/2017 22:12:00","1","844657939776397312","","tuve una amiga que se casó el día que cumplió 20 y se separó el día que cumplió 22.","twitter.com/Rocigaot/status/844657939776397312"
"22/3/2017 22:10:45","6","844657626726252547","2","Lo he ido a mirar a su TL porque he pensado 'no jodas, TIENE que ser fake, nadie puede tener tanto morro'. Y no es fake, no.https://twitter.com/Uvejeje/status/844651385669013505 …'Veo que se encuentra en una situación comprometida, ¿querría prestarme vasallaje eternamente?' pic.twitter.com/omRPHEzm1H","twitter.com/Rocigaot/status/844657626726252547"
"22/3/2017 20:31:27","2","844632636660310016","","https://twitter.com/Reductress/status/844632276432437248 …Woman Wearing Same Shirt For a Week Packs 42 Different Vacation Outfits: http://reductr.es/2mPv2KA  pic.twitter.com/u6wrN8ksFj","twitter.com/Rocigaot/status/844632636660310016"
"22/3/2017 15:03:36","","844550131533987841","","é moito máis seguro ter unha recua de coches pola neve arredor de cada cole, onde vai parar.","twitter.com/Rocigaot/status/844550131533987841"
"22/3/2017 15:01:47","","844549671171375105","","A min o que máis me matou foi o horario, poden ir ao cole pero non teñen bus de volta.pic.twitter.com/OUYgcoqJ8C","twitter.com/Rocigaot/status/844549671171375105"
"22/3/2017 14:20:54","","844539382812020737","","Naim-Thomas Chomsky. #yamevoy","twitter.com/Rocigaot/status/844539382812020737"
"22/3/2017 13:39:08","2","844528874646114305","","coma un día neve na Coruña rompemos Internet. ","twitter.com/Rocigaot/status/844528874646114305"
"22/3/2017 11:55:21","1","844502756677369856","","Cualquier día Méndez de Vigo nos avisa de que el tiempo de esplendor del fax se está acabando, que nos hagamos un 'emilio' de terra.","twitter.com/Rocigaot/status/844502756677369856"
"22/3/2017 11:49:51","4","844501370455646208","1","Lo de Méndez de Vigo es un poco la entrevista de trabajo de Jen en el primer capítulo de 'The IT Crowd'https://youtu.be/e5NANrVnqLc ","twitter.com/Rocigaot/status/844501370455646208"
"22/3/2017 11:29:55","5","844496354751610880","","Mancantao, pero nos van a llover los follows automáticos de entrepreneurs https://twitter.com/Srta_Angus/status/844494355276673024 …ODA A @Rocigaot 
La musa de Infojobs 
Llevas dentro un mindfulness entrepreneur 
Actívame las sinergias…","twitter.com/Rocigaot/status/844496354751610880"
"22/3/2017 11:05:20","","844490167746486273","","Fijo. Es como cuando doy ideas de emprendimiento. ","twitter.com/Rocigaot/status/844490167746486273"
"22/3/2017 0:30:40","89","844330449342287873","31","12. 'El top ten de drogas legales e ilegales para fingir el entusiasmo que buscan tu empresa (y dónde encontrarlas)'.","twitter.com/Rocigaot/status/844330449342287873"
"22/3/2017 0:28:29","8","844329898189705217","5","'5 tiendas virtuales y un supermercado de la droga donde revender los medicamentos de tu difunto abuelo'","twitter.com/Rocigaot/status/844329898189705217"
"22/3/2017 0:21:37","149","844328172405637122","69","11. 'Quince superalimentos para aguantar el ritmo en el trabajo si no puedes permitirte la cocaína'.","twitter.com/Rocigaot/status/844328172405637122"
"21/3/2017 23:51:46","7","844320660335869952","","Veréis como todavía me plagian las ideas de los reportajes y ni me contratan ni me las pagan ni na. Me lo monto fatal.","twitter.com/Rocigaot/status/844320660335869952"
"21/3/2017 23:27:50","1","844314636681973761","","só me queredes polos meus memes!","twitter.com/Rocigaot/status/844314636681973761"
"21/3/2017 23:24:55","82","844313900032180229","37","10. '¿Estudiante con flexibilidad horaria? Trabajar como refuerzo puntual en empresas en huelga te aportará experiencia e ingresos extra'","twitter.com/Rocigaot/status/844313900032180229"
"21/3/2017 23:08:54","143","844309869750616069","60","9. 'Jon trabaja en turno de día y Eva en turno de noche, y comparten dormitorio a turnos.Es la moda del cosleeping, y ya arrasa en Lavapiés'","twitter.com/Rocigaot/status/844309869750616069"
"21/3/2017 23:00:53","5","844307852600754176","1","voy a hacerme un bingo y vamos bebiendo chupito por cada uno que veamos de verdad en los próximos meses.","twitter.com/Rocigaot/status/844307852600754176"
"21/3/2017 22:59:53","98","844307600967655425","38","8, 'Crianza forties style. Tres mamás millenial nos cuentan cómo ahorran en la cesta de la compra prolongando la lactancia hasta los 7años'.","twitter.com/Rocigaot/status/844307600967655425"
"21/3/2017 22:55:32","62","844306508364107776","22","'Los (supremacistas) blancos sí la saben meter. Una noche de copas y ligoteo con los seguidores de Richard Spencer'.","twitter.com/Rocigaot/status/844306508364107776"
"21/3/2017 22:53:15","235","844305933694091265","138","6. '5 órganos no vitales que pueden financiar tu idea de negocio'","twitter.com/Rocigaot/status/844305933694091265"
"21/3/2017 22:49:23","82","844304958749102080","31","5. 'Tarotista a domicilio, paseador de perros... modelos de microemprendimiento que pegarán fuerte en 2017'.","twitter.com/Rocigaot/status/844304958749102080"
"21/3/2017 22:43:19","104","844303433251344384","45","4. 'Llega el  'broke chic'. Tres fashion bloggers nos proponen outfits solo con prendas del ropero de Caritas'","twitter.com/Rocigaot/status/844303433251344384"
"21/3/2017 22:40:32","57","844302734526484482","22","3. 'Respiracionismo: ¿Fake de Cuarto Milenio o el minimalist life-style definitivo? ¡La respuesta puede sorprenderte!'","twitter.com/Rocigaot/status/844302734526484482"
"21/3/2017 22:39:13","84","844302399636430851","34","2. '10 canapés para aprovechar los trozos de pan de molde en los que aún no había moho'","twitter.com/Rocigaot/status/844302399636430851"
"21/3/2017 22:34:40","92","844301255916818432","52","1. 'De pinchos con la alt-right. Miembros del HSM nos muestran sus trucos gastronómicos para triunfar, ¡siempre con españoles!'","twitter.com/Rocigaot/status/844301255916818432"
"21/3/2017 22:32:43","318","844300765707583488","369","Creo que voy a usar esto para buscar trabajo de nuevo en medios. Al loro, El País, Vice y compañía con mis ideacas para reportajes:","twitter.com/Rocigaot/status/844300765707583488"
"21/3/2017 22:28:43","10","844299759473057794","4","Ah, bueno, si los nazis escuchan la misma música que nosotros que apalicen a gusto,lo que me inquietaba era si serían fans de Malú.","twitter.com/Rocigaot/status/844299759473057794"
"21/3/2017 0:52:37","2","843973585865773061","","non descartes que un día o poña, que aínda non aprendín a medir distancias na piscina para non chegar de cabeza cando nado a espalda","twitter.com/Rocigaot/status/843973585865773061"
"21/3/2017 0:50:08","2","843972959198941185","","Se ve que el niño Jesús era carne de Hermano Mayor. https://twitter.com/georgebest_/status/843913041645355008 …Un encanto el niño Jesús.
[extractos del evangelio (apócrifo) de la infancia de Tomás] pic.twitter.com/hZXpAottUj","twitter.com/Rocigaot/status/843972959198941185"
"21/3/2017 0:47:44","","843972357446426624","","de feito me están a reutitear un montón de LETs ese tuit e agora síntome un pouco sucia.","twitter.com/Rocigaot/status/843972357446426624"
"21/3/2017 0:40:28","2","843970526368464900","","'queréis fama, pero la fama cuesta!'","twitter.com/Rocigaot/status/843970526368464900"
"21/3/2017 0:33:18","","843968722494767105","","estaba convencida de que me tiña bloqueada, pero igual me confundo con outro LET. Que xa ten delito, se Jimmy é inconfundible.","twitter.com/Rocigaot/status/843968722494767105"
"21/3/2017 0:31:32","5","843968280276733952","","Me ha retuiteao Jimmy Pokemon el tuit con la coña sobre el bebé gigante de Chabelita, ¿cómo os quedáis?","twitter.com/Rocigaot/status/843968280276733952"
"20/3/2017 22:38:51","7","843939919861075968","","Bueno, ¿qué tal el Día Internacional de la Felicidad?pic.twitter.com/WlyUclTQC0","twitter.com/Rocigaot/status/843939919861075968"
"20/3/2017 22:23:19","2","843936011356913665","","yo soy más del mouthfulness de licor café.","twitter.com/Rocigaot/status/843936011356913665"
"20/3/2017 22:22:46","","843935872437379072","","Yisus Craist.","twitter.com/Rocigaot/status/843935872437379072"
"20/3/2017 22:20:48","1","843935379099193344","","bueno, y sin la estúpida recomendación de no llevarte la petaca de vodka para darle un trago cuando estés muy hartita","twitter.com/Rocigaot/status/843935379099193344"
"20/3/2017 22:19:33","2","843935065755258882","","sería más llevadero sin la estúpida prohibición de darles jarabe de la tos con codeína para que estén tranquilitos.","twitter.com/Rocigaot/status/843935065755258882"
"20/3/2017 22:18:10","1","843934717330317312","","y tendrías que ir tu también. Bueno, quien dice al spa dice al bar.","twitter.com/Rocigaot/status/843934717330317312"
"20/3/2017 22:15:24","1","843934020387962880","","mujer, igual son bebés de esos a los que llevan a inglés y a chino a los 6 meses, tendrán que relajarse luego! :P","twitter.com/Rocigaot/status/843934020387962880"
"20/3/2017 18:56:15","189","843883902070591488","197","En la guerra de batallitas de 'mi parto fue más duro que el tuyo' no va a haber quien tosa a Chabelita.pic.twitter.com/yQjxuoWyYo","twitter.com/Rocigaot/status/843883902070591488"
"20/3/2017 0:09:52","2","843600438662512644","","Menos mal que empieza la sección 'los gayegos dan mazo miedo', que ya iba a pasar de Friker.","twitter.com/Rocigaot/status/843600438662512644"
"19/3/2017 22:47:50","1","843579794025517057","","é o modo ideal de velo! Sobrio non ten nen a metade de gracia.","twitter.com/Rocigaot/status/843579794025517057"
"19/3/2017 22:43:44","2","843578764009390080","","Mira, hoy estoy con el ánimo ideal* para comentar #CuartoMilenio!

*Algo borracha","twitter.com/Rocigaot/status/843578764009390080"
"19/3/2017 22:41:24","","843578175791730689","","xa empeza?","twitter.com/Rocigaot/status/843578175791730689"
"19/3/2017 22:00:48","20","843567958190411779","3","-Dime puta
-Puta
-Dime puerca
-Puerca
-Dime el PIN de tu tarjeta
-3,5, 9..¡eh!
-Pues con Marías coló.","twitter.com/Rocigaot/status/843567958190411779"
"18/3/2017 13:22:51","","843075224778301441","","ay, si yo creo que leí ese libro y no me acuerdo! Aunque hará 20años o así, e igual mi mente reprime el recuerdo pa evitar traumita","twitter.com/Rocigaot/status/843075224778301441"
"18/3/2017 1:22:16","5","842893884065824770","1","maldita la hora en que se me ocurrió porque ahora necesito leer ese libro. Voy a pillar una ouija, a ver si me lo dicta.","twitter.com/Rocigaot/status/842893884065824770"
"18/3/2017 1:20:48","9","842893513180241920","3","me está dando una pena tremenda saber que nunca leeremos a Pratchett describir los pisos del Airbnb de Ankh-Morpork.","twitter.com/Rocigaot/status/842893513180241920"
"18/3/2017 1:01:58","9","842888773281107968","2","la Guardia obligada a hacer un seminario de esos de coaching para equipos de trabajo.","twitter.com/Rocigaot/status/842888773281107968"
"18/3/2017 0:45:19","18","842884582315778051","9","Un Silicon Valley en Ankh-Morpork. Y-voy-a-la-ruina Escurridizo diciendo que lo suyo es una pop-up store...","twitter.com/Rocigaot/status/842884582315778051"
"18/3/2017 0:33:11","85","842881529655300096","47","Lástima que ya no esté Pratchett para escribir la versión Mundodisco de la 'economía colaborativa' y las start-ups con proyectos chulos.","twitter.com/Rocigaot/status/842881529655300096"
"18/3/2017 0:03:22","4","842874028243243010","","'coqueto, interior pero mucha luz, muchas posibilidades'.","twitter.com/Rocigaot/status/842874028243243010"
"17/3/2017 23:27:03","","842864889110695937","","hala, qué curioso, no los había visto nunca! Ya cotillearé si los veo en algún japonés de por aquí!","twitter.com/Rocigaot/status/842864889110695937"
"17/3/2017 23:25:15","","842864433596715008","","qué es lo rosa que hay en la segunda caja por la derecha de la fila de atrás?  Que en mi monitor parecen nubes! ","twitter.com/Rocigaot/status/842864433596715008"
"17/3/2017 23:20:11","1","842863158645735424","","como a mí, entonces. Y ya las de cuerpo gordo me dan ganas de prender fuego a la casa para asegurarme de que acabo con ella.","twitter.com/Rocigaot/status/842863158645735424"
"17/3/2017 23:13:33","","842861489522429956","","puntualiza: ¿la araña entera, patas incluidas, más pequeña que una moneda de céntimo, o el cuerpo de la araña?","twitter.com/Rocigaot/status/842861489522429956"
"17/3/2017 22:47:46","2","842854999667494912","","mooooola! (aunque estoy un pelín decepcionada porque pensé que de verdad lo mezclarías con porno ochentero )","twitter.com/Rocigaot/status/842854999667494912"
"17/3/2017 15:43:50","","842748315867451393","","Dios, qué imagen mental!","twitter.com/Rocigaot/status/842748315867451393"
"17/3/2017 12:31:57","4","842700026052788224","3","'Es que me preguntaba todo el rato por el sueldo'. Ojalá un método para desbloquear la conversación como, yo qué sé, contestar a la pregunta","twitter.com/Rocigaot/status/842700026052788224"
"17/3/2017 12:29:58","1","842699528952315905","1","los bichos cuquis no usan hashtags como '#galifornia' o '#fitspiration'. Y encima son cuquis. Todo ventajas.","twitter.com/Rocigaot/status/842699528952315905"
"17/3/2017 12:27:44","38","842698965955067904","21","Otro día hablamos de lo bonito que es que se critique a la vez que vivas con tus padres y que pidas sueldo digno 'si total no tienes hijos'.","twitter.com/Rocigaot/status/842698965955067904"
"17/3/2017 12:25:37","14","842698430854127617","4","'Es que hay candidatos que en la entrevista sólo preguntan por el sueldo'. Dónde se ha visto, ni que lo necesitaran para vivir, o algo.","twitter.com/Rocigaot/status/842698430854127617"
"17/3/2017 9:52:05","1","842659794993451009","","Por eso siempre, siempre votamos al Partido Popular!","twitter.com/Rocigaot/status/842659794993451009"
"17/3/2017 9:33:59","2","842655241422168064","1","claro, hay gente que ha perdido una pierna por el coletazo letal de un pincher! ","twitter.com/Rocigaot/status/842655241422168064"
"17/3/2017 9:29:52","27","842654205378793473","3","Digo yo que si te molesta que un perro te dé con el rabo una solución buenísima es no tener perro, que no es obligatorio.","twitter.com/Rocigaot/status/842654205378793473"
"17/3/2017 1:15:24","1","842529768721539072","","yo voy a optar por lo 2º directamente.","twitter.com/Rocigaot/status/842529768721539072"
"17/3/2017 1:08:55","1","842528133966368769","","sí, me habías contado! Aunque en concertados sin enchufe suele estar complicado igual!","twitter.com/Rocigaot/status/842528133966368769"
"16/3/2017 23:48:17","1","842507841424539650","","el otro día descubrí que una de mis alumnas de clases particulares no conocía Se ha escrito un crimen y me sentí viejísima.","twitter.com/Rocigaot/status/842507841424539650"
"16/3/2017 23:47:33","","842507656912953353","","yo vuelvo a proponer el collage con Lansbury y el porno de los 80. Lo peta, verás.","twitter.com/Rocigaot/status/842507656912953353"
"16/3/2017 23:44:59","1","842507013758291969","","ay, el collage acabo de verlo ahora! No sé por qué no lo vi por el TL si ya estaba yo aquí al pie del cañón ","twitter.com/Rocigaot/status/842507013758291969"
"16/3/2017 23:43:43","1","842506694051741696","","pero es que lo de Angela lo subiste en prime time de twitter, que pareces nueva!","twitter.com/Rocigaot/status/842506694051741696"
"16/3/2017 23:42:18","1","842506338273959936","","pero claro, la mayoría de salidas laborales molantes son equivalentes a morirte de hambre.","twitter.com/Rocigaot/status/842506338273959936"
"16/3/2017 23:40:57","1","842505999495892992","","a mí como carrera me gustó mucho. Y pensar que cuando acabó COU ni llegué a meterla en mis opciones para estudiar...","twitter.com/Rocigaot/status/842505999495892992"
"16/3/2017 23:35:49","2","842504707721576448","","durante todos los años de la crisis, y yo allí con mi máster como gilipollas, madre, que diría Krahe.","twitter.com/Rocigaot/status/842504707721576448"
"16/3/2017 23:35:22","1","842504591652589568","","por otro lado tendría que hacerlo en 2años, y temo gastarme 4000 euracos y que al acabar vuelva a quedar todo paralizado, como(1","twitter.com/Rocigaot/status/842504591652589568"
"16/3/2017 23:33:54","1","842504224965623808","","a mí hay áreas de mi carrera que me llaman más y por gusto haría otros, pero serían hambre pa hoy y más hambre pa mañana.","twitter.com/Rocigaot/status/842504224965623808"
"16/3/2017 23:24:54","1","842501958602821632","","aparte de que salen poquísimas plazas por especialidad. Que los que hicimos la carrera ahí tenemos puntos por eso, pero aún así.","twitter.com/Rocigaot/status/842501958602821632"
"16/3/2017 23:24:05","1","842501752238854144","","sí, miré y algo así era, o 1poco más. Lo más barato online (sin ser barato) es la UNED, pero dicen que es la muerte a pellizcos.","twitter.com/Rocigaot/status/842501752238854144"
"16/3/2017 23:21:41","1","842501149907456001","","sí, hasta donde yo sé sigue valiendo. Pero yo entonces pensaba que la enseñanza ni de coña y pasé de hacerlo.","twitter.com/Rocigaot/status/842501149907456001"
"16/3/2017 23:20:51","2","842500939697274882","","o mellor é que o CAP de 4 meses valeríame para ambas especialidades, e o máster dun ano e 4000 euracos non. Aplausos, por favor.","twitter.com/Rocigaot/status/842500939697274882"
"16/3/2017 23:19:32","6","842500606866677760","","No haber hecho el CAP cuando terminé la primera carrera es la más gloriosa de todas las decisiones gilipollas de mi vida.","twitter.com/Rocigaot/status/842500606866677760"
"16/3/2017 23:17:27","5","842500084298366976","","Estoy pensando si hacer el máster de profe y como no puedo ir presencial estoy mirando precios de las online. ¿Un riñón necesitáis alguno?","twitter.com/Rocigaot/status/842500084298366976"
"16/3/2017 22:47:22","2","842492514410094595","","está visto que hay demanda para ese collage!","twitter.com/Rocigaot/status/842492514410094595"
"16/3/2017 22:46:34","1","842492310512386049","","que se lo podían poner de slogan: De las 2 tiendas del pueblo, esta es la que no difunde tus vídeos sexuales. Tú eliges.","twitter.com/Rocigaot/status/842492310512386049"
"16/3/2017 22:45:44","1","842492100813963265","","una de mi ex-curro había trabajado en una tienda de informática de ese pueblo. Y siempre decía: En 'esa' no, en la otra que hay.","twitter.com/Rocigaot/status/842492100813963265"
"16/3/2017 22:44:14","1","842491722831683584","","así que igual otros se guardan copias para uso y disfrute pero no las difunden para que no les pillen.","twitter.com/Rocigaot/status/842491722831683584"
"16/3/2017 22:43:19","1","842491495781470208","","y les condenaron, pero pasó bastante tiempo, y la chica tuvo que irse del pueblo.","twitter.com/Rocigaot/status/842491495781470208"
"16/3/2017 22:43:01","","842491417557696512","","a formatear, había unos vídeos de ella masturbándose, los guardaron y los rularon por ahí. Años después fueron a juicio(2)","twitter.com/Rocigaot/status/842491417557696512"
"16/3/2017 22:42:33","","842491302340153349","","sí, es ilegal, pero fíate. Es como en una tienda de informática de un pueblo de aquí, que una chica había llevado un ordenador(1)","twitter.com/Rocigaot/status/842491302340153349"
"16/3/2017 22:37:59","1","842490150865309696","","las había llevado a la típica tienda de fotografía del barrio de toda la vida. No sé yo si no se guardarían copias.","twitter.com/Rocigaot/status/842490150865309696"
"16/3/2017 22:37:28","1","842490019491299330","","sí, me lo creo! hace años una amiga me enseñó unas fotos en bolas que le sacara su marido. Era la época del carrete, así que (1)","twitter.com/Rocigaot/status/842490019491299330"
"16/3/2017 22:35:45","1","842489591278043139","","en plan 'mirad qué peña peculiar me llega al trabajo'","twitter.com/Rocigaot/status/842489591278043139"
"16/3/2017 22:35:24","1","842489499816927232","","con este lo ibas a pasar bien también  Fijo que los de la tienda sacaban fotos para enseñarlo a los amigos por whatsapp","twitter.com/Rocigaot/status/842489499816927232"
"16/3/2017 22:32:18","1","842488721664630784","","la versión collage de las pinturas negras de Goya sale de ahí XD","twitter.com/Rocigaot/status/842488721664630784"
"16/3/2017 22:26:07","5","842487166961946624","","ay, haz un collage mezclando el vídeo fitness de Angela Lansbury con porno de los 80!","twitter.com/Rocigaot/status/842487166961946624"
"16/3/2017 22:24:17","1","842486703378092032","","Ay, haz un collage con eso!","twitter.com/Rocigaot/status/842486703378092032"
"16/3/2017 22:23:29","1","842486501804072960","","gulag.","twitter.com/Rocigaot/status/842486501804072960"
"16/3/2017 22:15:49","2","842484573938302976","","Creo que esto me seduce aún más que la estabilidad de lo de opositar. Mira, al final tenían razón y la pasta no lo es todo  ¯\_(ツ)_/¯https://twitter.com/Rocigaot/status/842465775403339776 …De verdad que si un día consigo sacarme una oposición voy a actualizar Linkedin pa colgar esto. pic.twitter.com/TQym0Ujh9f","twitter.com/Rocigaot/status/842484573938302976"
"16/3/2017 21:06:17","1","842467073318105094","","Y al día siguiente ganará las elecciones una coalición de Espe y Falangito y privatizarán todo, porque soy así de gafe.","twitter.com/Rocigaot/status/842467073318105094"
"16/3/2017 21:01:07","5","842465775403339776","","De verdad que si un día consigo sacarme una oposición voy a actualizar Linkedin pa colgar esto.pic.twitter.com/TQym0Ujh9f","twitter.com/Rocigaot/status/842465775403339776"
"16/3/2017 20:59:48","4","842465444002992128","","No falla: leo un hilo en que denuncian a los empresaurios que se niegan a decirte el sueldo en la entrevista, y hay replies de ofendiditos.","twitter.com/Rocigaot/status/842465444002992128"
"16/3/2017 0:18:16","","842153002349821952","","Que he visto un par de fotos que hasta parece físicamente imposible que su cuello sujete eso.https://twitter.com/Rocigaot/status/842152838281195521 …He estado desconectada de lo de Holanda, así que contadme: ¿todas las fotos se las hacen a mala leche o Wilders es de verdad tan cabezón?","twitter.com/Rocigaot/status/842153002349821952"
"16/3/2017 0:17:37","2","842152838281195521","2","He estado desconectada de lo de Holanda, así que contadme: ¿todas las fotos se las hacen a mala leche o Wilders es de verdad tan cabezón?","twitter.com/Rocigaot/status/842152838281195521"
"16/3/2017 0:14:08","1","842151960274964481","","Yo ahora a esos los troleo y les digo que los entiendo totalmente, que yo si algo lo ha escrito un pelirrojo, buah, pasando.","twitter.com/Rocigaot/status/842151960274964481"
"16/3/2017 0:13:41","","842151846454153216","","Y luego los de 'yo es que si algo ha sido best-seller no me digno leerlo' o 'yo es que sólo leo clásicos, desde el XIX solo hay mierda'.","twitter.com/Rocigaot/status/842151846454153216"
"16/3/2017 0:08:39","3","842150578834800640","1","No sé, ¿qué reacción esperáis de la gente? 'Oh, gracias por iluminarme con tu suprema sabiduría. Estaba ciego pero ahora veo'","twitter.com/Rocigaot/status/842150578834800640"
"16/3/2017 0:06:20","9","842149999219744768","2","En general, qué pereza da la gente de 'tus gustos y preferencias son una mierda, esto es lo que debería gustarte'.","twitter.com/Rocigaot/status/842149999219744768"
"15/3/2017 23:52:15","","842146454684729344","","que para que fuera suyo tendría que haber estado en el trabajo a su lado con un bombo de 40 semanas.","twitter.com/Rocigaot/status/842146454684729344"
"15/3/2017 23:51:21","","842146226724327425","","a una amiga la vio con un recién nacido y la felicitó uno con el que había estado trabajando hasta el mes anterior.","twitter.com/Rocigaot/status/842146226724327425"
"15/3/2017 23:43:45","4","842144313270247426","2","Son un poco como los de 'ahora resulta que toooodos sabíais quién era David Bowie'.","twitter.com/Rocigaot/status/842144313270247426"
"15/3/2017 23:42:46","9","842144066674540545","3","Gracias, oh, desconocido de Internet por descubrirme la existencia de un autor cuyos libros están en cualquier librería de estación.","twitter.com/Rocigaot/status/842144066674540545"
"15/3/2017 23:41:42","5","842143800541773824","2","Sobre todo si estás hablando un libro que te gusta e irrumpen para decir que eso es mierda. 'Apunta, bonita: Javier Marías. De nada'.","twitter.com/Rocigaot/status/842143800541773824"
"15/3/2017 23:31:02","","842141114555600896","1","Quienes eran 'los clásicos' en concreto a los que te recomendaba?","twitter.com/Rocigaot/status/842141114555600896"
"15/3/2017 23:29:47","6","842140800595181568","1","que te quedas como PERO VAMOS A VER, CRIATURA, SI ESTÁ EN LA COLECCIÓN QUE LE DIERON A TU PADRE CON EL PAÍS.","twitter.com/Rocigaot/status/842140800595181568"
"15/3/2017 23:29:00","5","842140601617379328","1","pero a mí lo que más me mata es el tono de 'apunta, nena: Javier Marías. Como no tienes mi vasta cultura ni te sonará, claro'.","twitter.com/Rocigaot/status/842140601617379328"
"15/3/2017 23:25:58","24","842139839868858368","11","Qué ternurita producen los que creen que te hacen el favor de la vida descubriéndote la existencia de autores ignotos como Marías o Bukowski","twitter.com/Rocigaot/status/842139839868858368"
"15/3/2017 23:23:23","2","842139186983493632","","Ay, es aún mejor que el que me mandó leer a Marías y me explicó que en las biblios tenían sus libros XD","twitter.com/Rocigaot/status/842139186983493632"
"15/3/2017 23:17:56","","842137818164006914","","ni idea, esto fue en 2004, creo. Ahora en muchas creo que te mandan hacer autónomo, como pagas tú igual te aguantan más","twitter.com/Rocigaot/status/842137818164006914"
"15/3/2017 21:16:42","","842107308213694464","","Llevo una tarde de clases que me habría venido de perlas llevarme a casa de los cabestriños la petaca de vodk...el termo de café.","twitter.com/Rocigaot/status/842107308213694464"
"15/3/2017 11:30:24","1","841959762786951174","","éramos todos gente muy joven y supongo que la idea era que nuestros padres se harían socios por hacernos el favor.","twitter.com/Rocigaot/status/841959762786951174"
"15/3/2017 11:28:58","2","841959398088015874","","yo trabajé en eso hará 13años, cuando no había tantos. 2 semanas duré. Si llegabas a 3días sin hacer un socio te echaban.","twitter.com/Rocigaot/status/841959398088015874"
"15/3/2017 11:10:34","3","841954769249964036","1","CEO and Founder in Pescadería Suso.","twitter.com/Rocigaot/status/841954769249964036"
"15/3/2017 0:10:44","5","841788717664743424","","Con esto estoy como Chandler cuando había apostado a que aguantaba una semana sin reírse de nadie.pic.twitter.com/ZOZGAkSFib","twitter.com/Rocigaot/status/841788717664743424"
"14/3/2017 22:48:50","2","841768105751773185","","qué me dices! A ver si se estuvieron cagando en él sin culpa xDDD","twitter.com/Rocigaot/status/841768105751773185"
"14/3/2017 22:30:50","3","841763577027518464","","una amiga pilló a un vecino pintándose un vado a la puerta de casa con una brocha y un cubo de pintura amarilla. ","twitter.com/Rocigaot/status/841763577027518464"
"14/3/2017 22:27:47","2","841762808492621824","","#selfie #instaselfie #nofilterspic.twitter.com/VxGoNlnL7P","twitter.com/Rocigaot/status/841762808492621824"
"14/3/2017 22:26:00","","841762361031684096","","Pues yo creo que de los retratos para la posteridad de políticos salía un TFG guapo para los de Historia del Arte, ahí lo dejo.pic.twitter.com/iKWh6yiMt7","twitter.com/Rocigaot/status/841762361031684096"
"14/3/2017 22:16:34","4","841759984698458112","","'Si aparco en doble fila ante la plaza vacía de discapacitados, no me pueden multar por aparcar en discapacitados' #conductoresdemibarriopic.twitter.com/Z8VRmt5T3A","twitter.com/Rocigaot/status/841759984698458112"
"14/3/2017 21:55:38","1","841754716774227970","","Bieeen! Este mes voy fatal de pasta, pero en abril me autorregalo algo por el cumple, que ya tengo hueco en la pared ","twitter.com/Rocigaot/status/841754716774227970"
"14/3/2017 10:50:54","2","841587432244051968","","La primera escena de parto que vi en la tv, con 6 años o así. Ahora da risa porque sí parece una chirimoya, pero qué traumita entonces. https://twitter.com/Vilimadas/status/841401571887992844 …El espeluznante bebé chirimoya de la serie V pic.twitter.com/UKOmdsqoGG","twitter.com/Rocigaot/status/841587432244051968"
"14/3/2017 0:52:48","","841436913659723780","","Y no, nunca he buscado esos libros ni nada similar, yo con mi caos me entiendo muy bien.","twitter.com/Rocigaot/status/841436913659723780"
"14/3/2017 0:51:55","1","841436691453878274","","Amazon, ya sé que soy bastante desastre con la casa, pero indirectas pasivoagresivas las justitas, que aún la vamos a tener.pic.twitter.com/EJbmUbcS50","twitter.com/Rocigaot/status/841436691453878274"
"13/3/2017 23:29:38","3","841415987979288576","","Bueno, al menos le dejan la ventanilla bajada para que le entre aire fresco.https://twitter.com/BarrySpawn88/status/841264334554746881 …No dejes nunca solo a Hugh Jackman en el coche. Él jamás lo haría pic.twitter.com/pIx50QXHcv","twitter.com/Rocigaot/status/841415987979288576"
"13/3/2017 22:45:59","2","841405000781844481","","creo que fue mi primera vez de 'sigo una serie para que me coléis esta mierda de final??' Mucho antes de 'Lost'","twitter.com/Rocigaot/status/841405000781844481"
"13/3/2017 22:43:30","2","841404374689697793","","sí, esa era una!Luego se integraba pero en todos los libros había momentos de 'Claudina hace algo poco ético porque es gabacha'","twitter.com/Rocigaot/status/841404374689697793"
"13/3/2017 22:40:14","1","841403555437248513","","tenían menos ética. Y sus compañeras siempre le tenían que estar en plan 'que estás en UK, que aquí somos gente íntegra'","twitter.com/Rocigaot/status/841403555437248513"
"13/3/2017 22:39:26","1","841403350969143299","","de todas formas, las francesas (había alguna en todas las sagas) se acababan adaptando pero siempre eran más frívolas y (1)","twitter.com/Rocigaot/status/841403350969143299"
"13/3/2017 22:38:17","","841403061516021760","","yo recuerdo que hacían mucho lo de 'nos ponemos todas de acuerdo para hacerle el vacío a una para que aprenda'.","twitter.com/Rocigaot/status/841403061516021760"
"13/3/2017 22:35:28","1","841402356378030082","","sí, esos! y tenía un par de sagas más. Siempre había alguna gorda inútil, alguna francesa frívola y tontita...","twitter.com/Rocigaot/status/841402356378030082"
"13/3/2017 22:32:27","","841401595099271170","","y de los que leí mogollón y ahora flipo de la apología del bullying que hacían eran los de internados de Enid Blyton. The horror.","twitter.com/Rocigaot/status/841401595099271170"
"13/3/2017 22:30:09","1","841401018185371649","","yo el del té creo que no lo leí, pero el final ese me dejó muy WTF, y esto que yo a los 9años aún tenía mucho princesismo encima.","twitter.com/Rocigaot/status/841401018185371649"
"13/3/2017 22:25:56","4","841399953771642880","","yo de Puck leí varios. Lo que más me cabreó fue el final de 'me echo novio y dejo estudios, misterios y todo para irme con él'.","twitter.com/Rocigaot/status/841399953771642880"
"13/3/2017 22:12:03","3","841396462449774593","","anda que usar un anglicismo para explicar un término ESPAÑOL... Arturo, quién te ha visto y quién te ve.","twitter.com/Rocigaot/status/841396462449774593"
"13/3/2017 21:42:42","2","841389073591914497","","ni idea, pero lo guay es que puedes comulgar con gofres, o con tortitas.","twitter.com/Rocigaot/status/841389073591914497"
"13/3/2017 21:10:06","2","841380869797531651","","al menos te lo tomas con humor. Yo estoy de bajón porque Ruiz-Mateos muerto esté más buena que yo viva ","twitter.com/Rocigaot/status/841380869797531651"
"13/3/2017 18:18:19","42","841337641152966656","24","Cuando el velatorio es con féretro cerrado, los de prácticas del curso de tanatoestética aprovechan para experimentar y ser creativos.pic.twitter.com/lfRNbdpmxM","twitter.com/Rocigaot/status/841337641152966656"
"13/3/2017 0:46:48","2","841073017983782912","","en Coruña cuando yo era peque (mediados de los 80) eran burmanflash.","twitter.com/Rocigaot/status/841073017983782912"
"13/3/2017 0:43:35","6","841072209313566721","1","Estamos hablando de canibalismo y vamos a publicidad directos con la promo del programa de Dabiz Muñoz. Bravísimo. #CuartoMilenio","twitter.com/Rocigaot/status/841072209313566721"
"13/3/2017 0:42:32","3","841071945160491008","1","si no te comes al abuelo ahora lo tienes para cenar. Y si no, mañana para comer otra vez. Ya valió de caprichitos.","twitter.com/Rocigaot/status/841071945160491008"
"13/3/2017 0:41:40","4","841071727601958912","","¿Entonces la carne humana está admitida si haces la dieta paleo? #CuartoMilenio","twitter.com/Rocigaot/status/841071727601958912"
"13/3/2017 0:40:14","2","841071367248310272","","Que cuando saqué las raíces para comer decías que no tenías hambre, pero ahora que hay señor de postre mira cómo si que quieres.","twitter.com/Rocigaot/status/841071367248310272"
"13/3/2017 0:38:21","4","841070889353531392","1","Comernos a nuestros semejantes y ya no por hambre, sino por gula. #CuartoMilenio","twitter.com/Rocigaot/status/841070889353531392"
"13/3/2017 0:29:41","2","841068708990767106","1","Tamara Falcó pidiéndole a Netflix que produzca la Santa Misa.","twitter.com/Rocigaot/status/841068708990767106"
"13/3/2017 0:25:08","29","841067566462316546","29","Encima seguro que dejaron la última temporada en cliffhanger, con Jesús ahí muriéndose y sin saber si al final resucita o no.pic.twitter.com/WqtY6va5lK","twitter.com/Rocigaot/status/841067566462316546"
"13/3/2017 0:18:27","1","841065882914828296","","a do vacío legal se te viola un extraterrestre.","twitter.com/Rocigaot/status/841065882914828296"
"13/3/2017 0:18:02","1","841065780385058817","","xa, eu últimamente o poño de fondo e acabo sen facerlle caso. Así pasa que non me entero se soltan unha perla aillada, coma(1)","twitter.com/Rocigaot/status/841065780385058817"
"13/3/2017 0:13:28","","841064630634074113","","ay, esquecérame totalmente!","twitter.com/Rocigaot/status/841064630634074113"
"12/3/2017 20:08:01","2","841002857767792640","","Que ahora que me he aburguesado y tengo Netflix había olvidado el coñazo que es buscar torrents para descargar entre toda la morralla.","twitter.com/Rocigaot/status/841002857767792640"
"12/3/2017 20:05:50","1","841002309253488642","","Tíos inventándose milongas para que le envíen nudes por DM cuando te salen tropecientos en pop ups cada vez que buscas un torrent.pic.twitter.com/WDQUQWFRfp","twitter.com/Rocigaot/status/841002309253488642"
"12/3/2017 15:17:11","2","840929667582439424","2","Aquí huele... MUY BIEN, ¿QUIÉN SE HA TIRADO EL PEDO?pic.twitter.com/HTqTwfXtqN","twitter.com/Rocigaot/status/840929667582439424"
"12/3/2017 14:51:02","2","840923086518128640","","meu barrio estaba cheo de carteles nas eleccións. É coma cando vas ao chino e compras deportivas Pluma e peluches de Rob Esponja.","twitter.com/Rocigaot/status/840923086518128640"
"11/3/2017 23:26:46","1","840690488130826240","","Estaba eso y lo de hacerte el bolso o la bolsa de la playa con las fotos de los niños. Era el protoavatar de whatsapp.","twitter.com/Rocigaot/status/840690488130826240"
"11/3/2017 23:25:51","2","840690258077454337","1","Yo aún recuerdo la moda aquella de las camisetas con fotos impresas donde cada cual llevaba la de su media langosta. The horror, the horror.https://twitter.com/riojavioleta/status/840663723643682822 …Vestirse en pareja. El último grito en #monogamia pic.twitter.com/q4yqLjGmgB","twitter.com/Rocigaot/status/840690258077454337"
"11/3/2017 22:29:14","3","840676009292812291","1","Las ingles y la cabeza. Relación, si la hubiera.","twitter.com/Rocigaot/status/840676009292812291"
"11/3/2017 21:31:19","67","840661436644876288","47","'Las ingles: su importancia geográfica. ¿Son verdad las ingles?'pic.twitter.com/i3ZxVajEzj","twitter.com/Rocigaot/status/840661436644876288"
"11/3/2017 20:00:55","4","840638685007736835","1","Claro que sí, guapi.pic.twitter.com/mQN3jqvvOR","twitter.com/Rocigaot/status/840638685007736835"
"11/3/2017 13:45:28","2","840544199162376194","","2 chupitos!","twitter.com/Rocigaot/status/840544199162376194"
"9/3/2017 23:39:24","1","839968892797747202","","eso conta coma unha das racións de froita e verdura diarias recomendadas, non?","twitter.com/Rocigaot/status/839968892797747202"
"9/3/2017 22:26:36","2","839950572249841666","","nunca recuerdo cuál es cual. Freya es con la que ya se estaba acabando el tóner de la impresora de gatos?","twitter.com/Rocigaot/status/839950572249841666"
"9/3/2017 22:25:01","1","839950171559641089","","yo de bebés estoy servida entre el Whatsapp y el FB, sigo aquí por los gatetes. XDD","twitter.com/Rocigaot/status/839950171559641089"
"9/3/2017 15:43:47","","839849197776035840","","mi casa es una nevera en invierno y un horno en verano. Y hoy en la calle hace calorcito, pero como de noche enfría...","twitter.com/Rocigaot/status/839849197776035840"
"9/3/2017 15:41:56","2","839848734217338880","","¿Hace más frío en mi casa que en la calle? Hace más frío en mi casa que en la calle.","twitter.com/Rocigaot/status/839848734217338880"
"9/3/2017 1:16:14","2","839630875277021187","","y luego ni me darán un porcentaje de las ventas ni nada!","twitter.com/Rocigaot/status/839630875277021187"
"9/3/2017 1:14:29","1","839630434371788800","","para acabar saliendo en @postaisgalegas ","twitter.com/Rocigaot/status/839630434371788800"
"9/3/2017 1:13:18","2","839630133812215810","","aparece en Google maps como foto de alguno de los negocios de mi calle. ","twitter.com/Rocigaot/status/839630133812215810"
"9/3/2017 1:12:38","1","839629968149708800","","lo mío fue con una foto chorra pal Instagram y pude cancelarlo, pero imagina que me da por hacerme una fototetas y(","twitter.com/Rocigaot/status/839629968149708800"
"9/3/2017 1:10:13","1","839629359401029632","","bueno, y la mierda de google maps, que un día saco una foto y me pregunta si deseo agregarla al maps de mi calle?","twitter.com/Rocigaot/status/839629359401029632"
"9/3/2017 1:09:21","","839629141699874817","","oye, está bien saberlo! Muy pro, todo!","twitter.com/Rocigaot/status/839629141699874817"
"9/3/2017 1:08:34","2","839628945611976706","","Entre ellas una subidita y una captura de pantalla del FB de alguien a quien estaba poniendo podre con otra amiga XD","twitter.com/Rocigaot/status/839628945611976706"
"9/3/2017 1:07:33","2","839628687721041920","","que un día lo abro y me aparecen presubidas por defecto las últimas fotos de la galería. ","twitter.com/Rocigaot/status/839628687721041920"
"9/3/2017 1:06:51","2","839628512508186624","","ay, yo no sé encriptar! Lo de la galería puede hacerte también una mala pasada con la opción de 'carrete' del Fb.","twitter.com/Rocigaot/status/839628512508186624"
"9/3/2017 0:59:38","3","839626696768749568","","cierto! Mira, puedo destinar el Telegram, que lo tengo ahí cogiendo telarañas porque todo dios está en Whatsapp.","twitter.com/Rocigaot/status/839626696768749568"
"9/3/2017 0:58:31","3","839626414836043779","","Es como 'mira, por si no podías cagarla lo suficiente si te confundes de chat, ahora puedes quedar mal con TODOS TUS CONTACTOS a la vez'","twitter.com/Rocigaot/status/839626414836043779"
"9/3/2017 0:53:58","2","839625271384944640","","Y lo puede ver todo dios que tenga tu móvil: tus padres, tu jefe, tus compañeros de curro, tu casero, en mi caso mis alumnos y sus madres...","twitter.com/Rocigaot/status/839625271384944640"
"9/3/2017 0:52:42","2","839624949346217984","","Estás tonteando con el novio o rollete por whatsapp, vas a mandarle una foto provocativa, y por error le das a crear un momento de esos.","twitter.com/Rocigaot/status/839624949346217984"
"9/3/2017 0:51:00","1","839624522043121666","","no lechita sino lechitaa que es peor. Pero mira, los mensajes guarros ajenos siempre dan algo de bochornito.","twitter.com/Rocigaot/status/839624522043121666"
"9/3/2017 0:50:12","1","839624320737505280","","De hecho, lo primero que vi cuando sacaron lo de los estados públicos del Whatsapp es lo fácil que es liarla pardísima con algo así.","twitter.com/Rocigaot/status/839624320737505280"
"9/3/2017 0:49:29","7","839624140172759041","","Vi ahora lo del futbolista que pensaba que estaba mandando un privado guarro por Instagram y subió un stories y eso me pasaría a mí fijo.","twitter.com/Rocigaot/status/839624140172759041"
"9/3/2017 0:09:00","11","839613954771013632","","¡Que vives con tu madre, Juan Valera! (Creo que ya nunca podré escuchar o leer su nombre sin soltar la frase )","twitter.com/Rocigaot/status/839613954771013632"
"8/3/2017 23:44:49","8","839607869238620163","2","- Rocío, ¿al final has hecho lo de chupito por cada felicitación rosita o con palabras como 'princesa' o 'bonita' que leyeras el 8-M?pic.twitter.com/mUlcgd83RH","twitter.com/Rocigaot/status/839607869238620163"
"8/3/2017 23:08:12","1","839598651450212354","","'¿Señoría, puedo pagar 60 y soltarle otra?'","twitter.com/Rocigaot/status/839598651450212354"
"8/3/2017 21:06:20","30","839567982707806209","14","Va a ser la primera vez que me crea que de verdad Friker ha visto un fantasma.https://twitter.com/europapress/status/839561658737569796 …Íker Jiménez visita este miércoles a #Bertín Osborne en #Micasaeslatuya http://www.europapress.es/tv/noticia-iker-jimenez-visita-miercoles-bertin-osborne-casa-tuya-20170308174118.html …","twitter.com/Rocigaot/status/839567982707806209"
"8/3/2017 16:10:54","1","839493637490765826","","Ahí sí que te salen los amigos por todas partes, y no con la mierda de los donettes!","twitter.com/Rocigaot/status/839493637490765826"
"8/3/2017 16:03:33","5","839491787139973120","","a las que llego no estoy para ná'.","twitter.com/Rocigaot/status/839491787139973120"
"8/3/2017 16:01:43","3","839491325179342848","","es porque en casa hay cosas que hacer, y si eres el último en llegar puedes poner la excusa de 'a la horas(2)","twitter.com/Rocigaot/status/839491325179342848"
"8/3/2017 16:01:17","3","839491217540907009","","sola y sin hijos, siempre preferí jornada contínua para tener tiempo para mí. Si prefieres estar en el curro(1)","twitter.com/Rocigaot/status/839491217540907009"
"8/3/2017 15:59:18","2","839490715830870016","","te beneficia sólo si hay alguien en casa que salga antes y te lo vaya a tener todo hecho. Porque yo, viviendo(1)","twitter.com/Rocigaot/status/839490715830870016"
"8/3/2017 15:34:33","1","839484488002453504","","Ai, a min saiume tamén esa merda no TL!pic.twitter.com/Bm1ZEahvdZ","twitter.com/Rocigaot/status/839484488002453504"
"8/3/2017 15:32:29","9","839483969515229185","4","Feliz día internacional de 'poner los ojos en blanco hasta verte el cerebro cada vez que abres el Facebook' a ti también!","twitter.com/Rocigaot/status/839483969515229185"
"7/3/2017 20:15:34","3","839192818614734851","","'¿Qué ha pasado en el ghetto de Varsovia? ¡La respuesta te dejará boquoabierto!'https://twitter.com/educasado/status/838834437458644992 …¿Cómo se contaría hoy, en prensa digital y redes, por ejemplo, la II Guerra Mundial?

'No te imaginas quién ha invadido a este país europeo'","twitter.com/Rocigaot/status/839192818614734851"
"7/3/2017 0:42:10","5","838897523586707457","","creo que fue mi hilo favorito de 2016!","twitter.com/Rocigaot/status/838897523586707457"
"6/3/2017 22:51:21","1","838869636422778881","","Joder, me encuentro esto cuando voy conduciendo y puedo acabar estampada contra un árbol del susto.https://twitter.com/espanabizarra/status/838719749030838274 …por otro lado, discrepo: http://tmblr.co/ZE-Ruo1NL4qHu  pic.twitter.com/SNVs3bCmqz","twitter.com/Rocigaot/status/838869636422778881"
"6/3/2017 14:44:06","","838747016025030662","","yo he intentado enseñarle a mi madre (con mi padre aún no hemos conseguido que descuelgue el móvil son colgar). Craso error.","twitter.com/Rocigaot/status/838747016025030662"
"6/3/2017 14:29:02","","838743223661125634","","Anda, 15 años de lo del Centenariazo! Que creo que fue la última vez que vi un partido del Dépor entero, que yo soy hincha de buen tiempo.","twitter.com/Rocigaot/status/838743223661125634"
"6/3/2017 14:02:57","","838736659764166656","","que nos van a abrasar en Whatsapp con 'pásalos' de boicot a la peli por antiespañoles.","twitter.com/Rocigaot/status/838736659764166656"
"6/3/2017 14:02:31","","838736551303598080","","ah, no lo del bus lo dije yo porque fijo que los mismos que defienden a Hazte Oír porque 'libertad de expresión' son los(..)","twitter.com/Rocigaot/status/838736551303598080"
"6/3/2017 14:01:31","","838736299427258369","","ah, bueno, y por medio se metieron PP y Cuñadanos hablando de denunciar a EiTB por xenofobia antiespañola.pic.twitter.com/w8MXo4rYl9","twitter.com/Rocigaot/status/838736299427258369"
"6/3/2017 13:59:53","","838735890776276993","","ah, y para boicotear están spoileando el final. Que yo cuando me leí el libro adiviné más o menos a la mitad, así que ya ves tú XDD","twitter.com/Rocigaot/status/838735890776276993"
"6/3/2017 13:59:14","","838735726850228225","","ellos se desmarcan de lo que dijo la actriz y que qué culpita tienen. Muy surrealista todo. Y muy cateto.","twitter.com/Rocigaot/status/838735726850228225"
"6/3/2017 13:58:33","","838735552182685697","","españoles catetos. Y ahora han salido varios responsables de la peli con un comunicado pidiendo que porfa no los boicoteen, que(2)","twitter.com/Rocigaot/status/838735552182685697"
"6/3/2017 13:57:58","","838735406036316160","","pues los fachas querían boicotear El guardíán invisible porque una actriz secundaria salía en un sketch de EITB hablando de (1)","twitter.com/Rocigaot/status/838735406036316160"
"6/3/2017 13:36:47","33","838730076925661184","7","Siempre es buen momento para recordar el gif de 'cuando dos que te caen como el culo se enzarzan en una bronca'.pic.twitter.com/KA8M67KPBW","twitter.com/Rocigaot/status/838730076925661184"
"6/3/2017 13:31:03","","838728631371378692","","era como de 35 niñas y 5 niños por clase. Cuando yo llegué a BUP en el patio de los peques sí veías la invasión futbolera.","twitter.com/Rocigaot/status/838728631371378692"
"6/3/2017 13:30:19","","838728447614648321","","En el mío metieron en Preescolar(sólo había de 5 años y 1º de EGB) cuando yo iba en 2º. Pero en los primeros cursos la proporción","twitter.com/Rocigaot/status/838728447614648321"
"6/3/2017 13:28:29","","838727985838632961","","eso sí, a la extraescolar de futbito sólo podían apuntarse ellos.","twitter.com/Rocigaot/status/838727985838632961"
"6/3/2017 13:28:04","","838727879928205312","","en mi colegio empezaron a meter niños en el curso inferior al mío, aunque los primeros años eran minoría y no estábamos invadidas","twitter.com/Rocigaot/status/838727879928205312"
"6/3/2017 13:24:40","1","838727024697049088","","¿Podrás pillarte uno en multipropiedad, en plan apartamento de vacaciones en La Manga del Mar Menor?https://twitter.com/gemmabe7/status/838686692315922433 …Recordáis esas charlas en hoteles para vender enciclopedias, aspiradoras etc?Pues esto es igual pero te venden niños... #gestacionsubrogada pic.twitter.com/ltSQUXvcLK","twitter.com/Rocigaot/status/838727024697049088"
"6/3/2017 2:47:47","1","838566747594711040","","El PP y Ciudadanos acusan a EiTB de xenofobia contra España. Nos han salido indepes y nosotros sin saberlo. https://twitter.com/dariodieguez/status/838290886425522177 …Cuando entramos en el bucle de la mamarrachada no hay quien pare a estos. A tope. Hay q ser memo: 'delito de ultraje a España'? Alelaos pic.twitter.com/YtJ5kpsJ7c","twitter.com/Rocigaot/status/838566747594711040"
"6/3/2017 2:03:53","","838555700045484032","","Los comentarios en FB a la noticia del boicot a'El guardián invisible', los micrófonos.","twitter.com/Rocigaot/status/838555700045484032"
"5/3/2017 23:47:56","1","838521490043719681","","Un día de estos voy a dejar una grabadora cuando están los críos de al lado dando por saco, veréis que psicofonía guapa sale. #CuartoMilenio","twitter.com/Rocigaot/status/838521490043719681"
"5/3/2017 23:00:47","2","838509622298361857","","ok, eu levarei a pamela de papel de aluminio!","twitter.com/Rocigaot/status/838509622298361857"
"5/3/2017 22:57:36","1","838508821484089346","","empezou xa? Non teño posto Cuatro porque non soporto a Risto nin de fondo","twitter.com/Rocigaot/status/838508821484089346"
"5/3/2017 22:35:57","","838503372047200258","","para qué vas a ver El Hormiguero? Por qué te haces eso a ti misma?","twitter.com/Rocigaot/status/838503372047200258"
"5/3/2017 22:32:14","1","838502437187092480","","Que las peticiones de boicot se las veremos a los mismos que comparten artículos de Marías anti corrección política lo tenemos claro, ¿no?","twitter.com/Rocigaot/status/838502437187092480"
"5/3/2017 22:23:58","1","838500355856035844","","Igual si pedís boicot a una peli por las palabras de una actriz tras defender la libertad de expresión del bus de HO algo catetos sí sois.","twitter.com/Rocigaot/status/838500355856035844"
"5/3/2017 22:17:23","2","838498700112580609","","mola! Aunque si lo intento hacer yo probablemente pareceré un extra de The Walking Dead!","twitter.com/Rocigaot/status/838498700112580609"
"5/3/2017 14:10:21","","838376134467268609","","en ese caso, lo mínimo es poner el link y no fusilar la foto, que canta mucho.","twitter.com/Rocigaot/status/838376134467268609"
"5/3/2017 14:05:56","1","838375021542260736","","se encima nin fixo link. Pillou a foto sen máis.pic.twitter.com/6JZ2i0zNmT","twitter.com/Rocigaot/status/838375021542260736"
"5/3/2017 14:04:14","9","838374596801867776","3","Que si vais a usar el rollito de 'esto no lo veréis en los medios' con cosas que salen en los medios, AL MENOS NO ROBÉIS LA FOTO.","twitter.com/Rocigaot/status/838374596801867776"
"5/3/2017 14:03:20","4","838374370145878016","1","¯\_(ツ)_/¯pic.twitter.com/Ti3sb4j1DX","twitter.com/Rocigaot/status/838374370145878016"
"4/3/2017 22:44:42","1","838143185914376193","","yo soy del 79 y estoy un poco en las mismas. Boomer ni de coña, pero me veo viejuna ya pa millenial.","twitter.com/Rocigaot/status/838143185914376193"
"4/3/2017 19:05:21","1","838087984482304002","","acabo de engordar tres kilos solo con ver el vídeo.","twitter.com/Rocigaot/status/838087984482304002"
"4/3/2017 17:03:43","1","838057378062958593","","pic.twitter.com/zGNPZvuEP0","twitter.com/Rocigaot/status/838057378062958593"
"4/3/2017 16:54:33","1","838055069924851712","","na, ya he visto captura, por eso me he acordado de que existía, que llevaba siglos sin ver perlitas suyas!","twitter.com/Rocigaot/status/838055069924851712"
"4/3/2017 16:51:40","","838054344578695169","","yo acabo de descubrir que me tiene block! Oye, me hace ilu y todo que yo soy una mindundi y no me bloquea nadie! XD","twitter.com/Rocigaot/status/838054344578695169"
"4/3/2017 16:48:16","2","838053487904702464","","Aaay, estaba comentando que había olvidado que existía la Acapulca y es que me tiene block!pic.twitter.com/1LRZc4eDca","twitter.com/Rocigaot/status/838053487904702464"
"4/3/2017 16:46:02","2","838052925234626561","","Hostias, había olvidado que existía la Acapulca!","twitter.com/Rocigaot/status/838052925234626561"
"4/3/2017 14:18:11","12","838015717698043909","","Acabo de caerme por tropezar con un mueble en mi casa.Por eso nunca especulo con cómo sobrevivir al apocalipsis zombie,sé que palmaría la 1ª","twitter.com/Rocigaot/status/838015717698043909"
"4/3/2017 13:41:51","1","838006572806725632","","nah, eu se volvo vender os meus principios será por unha nómina coma nos vellos tempos, non por un pack de Cruzcampo de merda!","twitter.com/Rocigaot/status/838006572806725632"
"4/3/2017 13:39:24","","838005957888200706","","ser moitosfollowers debe de ser agobiante, só de pensar a xente que chega pedindo casito... e todo para que te plaxie cabronazi !","twitter.com/Rocigaot/status/838005957888200706"
"4/3/2017 13:35:50","1","838005059065692161","","o único que sei ao respecto e que sempre o peta o tuit que non pensabas. O que ti dis 'este quedoume guay'ten dous favs e gracias XD","twitter.com/Rocigaot/status/838005059065692161"
"4/3/2017 12:58:47","","837995736948170753","","podes facer un viral coma o do vestido blanco e dorado vs negro e azul! XD","twitter.com/Rocigaot/status/837995736948170753"
"4/3/2017 12:58:09","3","837995575962279936","","que encima como si un polvo semanal fuera tantísimo. El locurón, renuncio al sueldo y renuncio a todo por tamaña orgía","twitter.com/Rocigaot/status/837995575962279936"
"4/3/2017 12:55:41","","837994957667463172","","ai, pensaba que eran caracoles!","twitter.com/Rocigaot/status/837994957667463172"
"4/3/2017 1:17:18","","837819202748694528","","eso me han comentao por aquí pero a ver, cualquiera que lo haya visto en concierto sabe que algo de lo otro hay XD","twitter.com/Rocigaot/status/837819202748694528"
"4/3/2017 1:14:10","4","837818413301006336","","estou recopilando poetwits, non te digo máis!","twitter.com/Rocigaot/status/837818413301006336"
"4/3/2017 1:13:05","3","837818142646755328","1","pues acabo de llegar a casa de cañas y no sabía que lo había petao tanto. Pero lo del Drogas es mi meme de obviedad favorito XD","twitter.com/Rocigaot/status/837818142646755328"
"3/3/2017 14:14:15","","837652340958236672","","Dios, qué distopía más chunga.","twitter.com/Rocigaot/status/837652340958236672"
"3/3/2017 14:09:37","","837651173003919360","","como cualquier otra foto, no recuerdo que me diera problema. Ni me acordaba de si era png porque llevo siglos sin cambiarlo.","twitter.com/Rocigaot/status/837651173003919360"
"3/3/2017 0:31:26","1","837445270438817792","","Je suis Mishita.","twitter.com/Rocigaot/status/837445270438817792"
"3/3/2017 0:27:29","3","837444278578184192","1","lo que pasa es que a los gatos siempre les sale mejor esa cara de infinito desprecio, de 'tú eres tonto y en tu casa no lo saben'","twitter.com/Rocigaot/status/837444278578184192"
"3/3/2017 0:25:06","2","837443678373314560","","bueno, o de estar leyendo un reply de esos de 'pero bien que entráis gratis en las discotecas'.","twitter.com/Rocigaot/status/837443678373314560"
"3/3/2017 0:22:46","2","837443089648144384","1","tiene cara de estar montando un flame.","twitter.com/Rocigaot/status/837443089648144384"
"2/3/2017 22:33:43","1","837415647172784129","","Si os han invitado a una boda y os han dejado caer sutilmente el precio del cubierto podéis sustituir el sobre del regalo por esta joyita.https://twitter.com/pmarsupia/status/837415277541359616 …La virgen tú! George W. Bush acaba de sacar un libro con sus pinturas. No, no es coña: https://www.amazon.com/exec/obidos/ASIN/0804189765/ref=nosim/0sil8 … pic.twitter.com/imJKPtnZqT","twitter.com/Rocigaot/status/837415647172784129"
"2/3/2017 21:02:07","1","837392593721896962","","lo veo, sí!","twitter.com/Rocigaot/status/837392593721896962"
"2/3/2017 21:00:56","1","837392299139153924","","yo también, con lo que mola quedarte ahí a remojo!pic.twitter.com/KkbFcApFkp","twitter.com/Rocigaot/status/837392299139153924"
"2/3/2017 20:56:14","1","837391113833050113","","aaay, echo de menos tener bañera! La última vez que tuve fue en el piso que dejé en 2008,y era mediabañera cutre :(","twitter.com/Rocigaot/status/837391113833050113"
"2/3/2017 20:54:53","2","837390773855350784","1","'El piso de al lado es un picadero, polvos escandalosos pero sólo una vez o dos por semana. Vecino guapo en el piso de arriba'","twitter.com/Rocigaot/status/837390773855350784"
"2/3/2017 20:51:39","3","837389961905192960","","yo veo un escudo con gatos jugando con croquetas sobre fondo de una fototetas.","twitter.com/Rocigaot/status/837389961905192960"
"2/3/2017 20:49:38","1","837389452653789186","","aún no te dejan ducharte? El día que puedas te veo yéndote directamente a un túnel de lavado! XD","twitter.com/Rocigaot/status/837389452653789186"
"2/3/2017 20:36:30","3","837386149928779776","","cultura minifundista del gulag. Un poco lo que decía ayer el caballo.","twitter.com/Rocigaot/status/837386149928779776"
"2/3/2017 20:26:18","2","837383583845212160","","pero muy cerca de Madrid no me convence, que si alguno se fuga llega fácilmente con los suyos!","twitter.com/Rocigaot/status/837383583845212160"
"2/3/2017 20:24:52","2","837383221784555522","","fijo que por Os Ancares o así tenemos alguna que sirva, que necesitamos clima extremo y acceso chungo!","twitter.com/Rocigaot/status/837383221784555522"
"2/3/2017 20:03:16","1","837377785987534853","","o gente que se manifiesta a favor de la lactancia materna.","twitter.com/Rocigaot/status/837377785987534853"
"2/3/2017 19:58:51","1","837376674526289920","","e o 'a  caso' ","twitter.com/Rocigaot/status/837376674526289920"
"2/3/2017 19:56:19","2","837376035368939522","","Esa tilde en quiénes sendo filólogo (tomarei mamifestantes por unha errata) indica que moito non lle está a cundir facer o esquirol","twitter.com/Rocigaot/status/837376035368939522"
"2/3/2017 19:52:22","","837375042623266817","","(Ignorad la falta de concordancia, cuando me cabreo escribo como el culo )","twitter.com/Rocigaot/status/837375042623266817"
"2/3/2017 19:50:57","1,9K","837374686065541120","2,2K","pic.twitter.com/wefaErHUVk","twitter.com/Rocigaot/status/837374686065541120"
"2/3/2017 19:46:24","1","837373539598520321","","Supongo que necesitan todoterreno por si plantarse en 4°fila a la puerta no les llegan y quieren arrasar con todo hasta la puerta del aula.","twitter.com/Rocigaot/status/837373539598520321"
"2/3/2017 19:42:24","2","837372534450339840","1","Un gulag para los papás con todoterreno a las puertas de los coles...","twitter.com/Rocigaot/status/837372534450339840"
"2/3/2017 1:04:37","","837091235437379586","","pues na, le preguntaré a mis tíos si me dejan el establo viejo pa una cosa. Aunque el clima aquí es demasiado benigno.","twitter.com/Rocigaot/status/837091235437379586"
"2/3/2017 0:57:01","4","837089320917995521","","no sé yo, mi idea era empezar convirtiendo en gulag la provincia de Soria y creo que se me quedaría pequeño en na!","twitter.com/Rocigaot/status/837089320917995521"
"2/3/2017 0:20:47","2","837080204539473920","","(si FB fuera como hace unos años ya existiría ese grupo y yo sería fan. Bueno, yo lo habría abierto XD)","twitter.com/Rocigaot/status/837080204539473920"
"2/3/2017 0:20:05","2","837080028601012228","","'Señoras que te dicen que el azúcar es veneno pero se meten unas rayas que ni Falangito de rave'.","twitter.com/Rocigaot/status/837080028601012228"
"2/3/2017 0:18:27","4","837079616787460096","","A lo mejor los de Háztelo Mirar dicen lo de Inquisición Gay como cumplido, que la Inquisición original era muy de su rollito.","twitter.com/Rocigaot/status/837079616787460096"
"2/3/2017 0:16:00","1","837079000258347008","","shhhhh! Calla, insensata! ¿Quieres invocar a los pesaos del 'pues eso lleva 5000 azucarillos'?","twitter.com/Rocigaot/status/837079000258347008"
"1/3/2017 23:44:33","","837071085573021697","","las 6 y el examen era a las 8.pic.twitter.com/CC13hPFqHD","twitter.com/Rocigaot/status/837071085573021697"
"1/3/2017 23:43:41","","837070868995977216","","que tampoco era directo directo, que al llegar a Salamanca te bajaban y tocaba esperar a otro que se retrasó.Llegué sobre (..)","twitter.com/Rocigaot/status/837070868995977216"
"1/3/2017 23:42:53","","837070668231397379","","con lo cual no llegaba ya al trasbordo. Así que la solución que me dieron fue cambiar el billete para el 'directo' de la tarde","twitter.com/Rocigaot/status/837070668231397379"
"1/3/2017 23:41:37","","837070346469552128","","pero a las 9 y pico el bus pa Salamanca sin llegar, nadie nos decía nada, y resultó que se había averiado y no tenían otro.","twitter.com/Rocigaot/status/837070346469552128"
"1/3/2017 23:40:37","","837070096132517892","","lo mío es que era de traca, supuestamente salía a las 8 o así, llegaba a Salamanca a mediodía y tenía 1hora para hacer escala.","twitter.com/Rocigaot/status/837070096132517892"
"1/3/2017 23:37:01","1","837069191861649409","","sí, si bajo otra vez me llevo el coche, que lo del Alsa fue una odisea de la leche, también. Fui al examen casi de reenganche!","twitter.com/Rocigaot/status/837069191861649409"
"1/3/2017 23:29:38","","837067330484060161","","al menos visité Mérida, que de Extremadura no conocía nada! Si hubiera llevado el coche aún te habría llamado para tomar algo!","twitter.com/Rocigaot/status/837067330484060161"
"1/3/2017 23:26:46","","837066608988336130","","en informador, que el examen era un puto despropósito, aprobó una persona.","twitter.com/Rocigaot/status/837066608988336130"
"1/3/2017 23:26:21","","837066504894050305","","la lista de admitidos a examen, quiero decir, que ni eso había salido. En otras especialidades aún entró gente, pero (..)","twitter.com/Rocigaot/status/837066504894050305"
"1/3/2017 23:25:27","","837066279446020096","","y cuando estaba a punto de expirar el plazo y les tocaba devolver las tasas, de golpe sacan la lista de admitidos y la fecha","twitter.com/Rocigaot/status/837066279446020096"
"1/3/2017 23:24:46","","837066108221984774","","esto encima era sólo bolsa. Que fue una movida, convocaron casi un año antes, hubo cambios en la dirección, estuvo parado...","twitter.com/Rocigaot/status/837066108221984774"
"1/3/2017 23:20:11","","837064952057892864","","fui a hacer el examen, encima una odisea con el Alsa que flipas. Luego convocaron otra, que ni me molesté.","twitter.com/Rocigaot/status/837064952057892864"
"1/3/2017 23:11:26","","837062750614523904","","a mí me ha olido un poco a intento de 'ahora nos viene mal convocar pero si anulamos toca devolver las tasas'","twitter.com/Rocigaot/status/837062750614523904"
"1/3/2017 23:10:04","","837062406299856897","","aaay, sí! Voy a tener que hacer un bingo de 81 casillas, a este paso!","twitter.com/Rocigaot/status/837062406299856897"
"1/3/2017 23:06:45","1","837061571130060800","","que no tiene sentido. Si hasta RAE, que es la ranciedad suprema, la reconoce. http://dle.rae.es/?id=RlohxiH ","twitter.com/Rocigaot/status/837061571130060800"
"1/3/2017 22:59:25","2","837059726357704704","1","Por ejemplo, da como incorrecta 'Apartheid', que además de ser un préstamo de uso común está recogida tal cual en el RAE. ¿Con qué criterio?","twitter.com/Rocigaot/status/837059726357704704"
"1/3/2017 22:53:51","4","837058328396193794","1","Arcaísmos que ya no se usaban en la comunión de Jordi Hurtado, localismos. préstamos que admiten la ortografía original, otros que no...","twitter.com/Rocigaot/status/837058328396193794"
"1/3/2017 22:52:12","2","837057910047932416","1","La prueba de ortografía de estas opos no es que fuera difícil. Es que es un despropósito total.http://politica.elpais.com/politica/2017/03/01/actualidad/1488371719_455067.html?id_externo_rsoc=TW_CM …","twitter.com/Rocigaot/status/837057910047932416"
"1/3/2017 22:31:58","1","837052818322247680","","es totalmente aleatorio. Para algunas aceptan préstamos, para otras no...","twitter.com/Rocigaot/status/837052818322247680"
"1/3/2017 22:24:08","1","837050849507569675","","ah, no, pero no es troll, es así de verdad.","twitter.com/Rocigaot/status/837050849507569675"
"1/3/2017 21:31:38","1","837037635520573440","","ay, JimmyPokemon es un clásico!","twitter.com/Rocigaot/status/837037635520573440"
"1/3/2017 16:25:47","","836960664308617225","","aparte de que creo que sobreestimamos la capacidad de sorpresa de los críos por el 'lo que he subido a Internet lo han visto en China","twitter.com/Rocigaot/status/836960664308617225"
"1/3/2017 16:22:46","","836959907589009409","","la brasa que ha dao el profe no ha sido pa tanto, si no lo llega a pedir por favor esto no lo comparte ni dios. Pa que luego digan'.","twitter.com/Rocigaot/status/836959907589009409"
"1/3/2017 16:21:51","","836959678252843010","","lo hace todo el mundo, pero no veo ninguna en concreto viralizar demasiado. Así que puede lanzar el mensaje contrario: 'Si con (3)","twitter.com/Rocigaot/status/836959678252843010"
"1/3/2017 16:20:18","","836959284432887812","","de 'comparte para que mis alumnos aprendan la lección' no suelen tener demasiado recorrido. Veo muchas distintas, porque ahora (2)","twitter.com/Rocigaot/status/836959284432887812"
"1/3/2017 16:19:40","","836959127976951808","","hombre, por un lado está el tema de que la gente comparte de todo compulsivamente, eso es verdad. Pero en general estas fotos (1)","twitter.com/Rocigaot/status/836959127976951808"
"1/3/2017 16:18:55","2","836958939661090816","","Porque la misma gente que comparte estas cosas la suelo ver compartiendo en FB cuanto artículo creado para clickbait hay.","twitter.com/Rocigaot/status/836958939661090816"
"1/3/2017 16:12:49","5","836957402696138753","","A lo mejor había que darle una vueltecita a cómo enseñamos a los adolescentes a manejarse en RRSS cuando nosotros tampoco nos lucimos.","twitter.com/Rocigaot/status/836957402696138753"
"1/3/2017 16:11:31","3","836957077746692100","","Y además, sobre todo ahora que hay tantos profes usando el mismo truco y la gente se cansa, esos ejemplos no suelen viralizar demasiado.","twitter.com/Rocigaot/status/836957077746692100"
"1/3/2017 16:09:39","4","836956605627379713","1","Quiero decir, en el momento en que tus contactos comparten porque tú se lo pides, lo que implica es 'puedes controlar qué se hace viral'.","twitter.com/Rocigaot/status/836956605627379713"
"1/3/2017 16:08:30","7","836956315989782528","1","Por buena intención que lleve, no acabo de ver la efectividad al 'comparte para mostrarle a mis alumnos lo rápido que se viraliza algo'","twitter.com/Rocigaot/status/836956315989782528"