"date","fav","id","rt","text","url"
"28/12/2017 18:05:39","3,8K","946426932220096513","1,2K","Todo tuit de temática mínimamente feminista tendrá por lo menos un mansplainer. Si no lo tiene, Twitter le asignará uno de oficio.","twitter.com/Rocigaot/status/946426932220096513"
"27/12/2017 23:50:10","263","946151247916208129","153","Si lo de quedarte en casa para dedicarte en exclusiva a la crianza tuviera más pros que contras, ya se lo habrían pedido ellos.","twitter.com/Rocigaot/status/946151247916208129"
"29/12/2017 0:48:03","63","946528200687046656","24","Verás cuando empiecen a entrullarnos por enaltecer y le toque compartir celda a peña que se ha bloqueado o hecho guerra de capturas.","twitter.com/Rocigaot/status/946528200687046656"
"28/12/2017 23:02:12","177","946501562163134465","116","Cuando intentas recordar quiénes de tu TL se odian, quiénes son coleguis y quiénes eran coleguis pero ahora se odian para no liarla en las multimenciones.pic.twitter.com/TZvEcninr2","twitter.com/Rocigaot/status/946501562163134465"
"29/12/2017 0:46:12","19","946527736159526918","13","'Que nadie tire una piedra hasta que yo toque este pito. Aunque, y esto que quede muy claro, aunque alguien haya hecho RT'. Ministerio del Interior.pic.twitter.com/89G166iB59","twitter.com/Rocigaot/status/946527736159526918"
"1/1/2018 0:12:38","4","947606452071415808","1","Pues nada, ¡feliciano!pic.twitter.com/Rmy4m2JWIw","twitter.com/Rocigaot/status/947606452071415808"
"31/12/2017 23:49:22","35","947600595644379137","10","He comprado lacasitos negros en vez de uvas para las campanadas porque no vamos a estropear esta trayectoria navideña zampabollos metiendo fruta de por medio.","twitter.com/Rocigaot/status/947600595644379137"
"31/12/2017 22:00:47","1","947573271209369600","","Aaaay, ese can é ","twitter.com/Rocigaot/status/947573271209369600"
"31/12/2017 21:54:33","","947571700425773056","","Vuestro estilismo de esta Nochevieja es...","twitter.com/Rocigaot/status/947571700425773056"
"31/12/2017 20:24:20","1","947548998717595649","","Lo de no limpiar el piso es la ventanita de oportunidad de ligue que dejas según la Ley de Murphy. Como todos saben, jamás se liga si vas arreglada, depilada, con ropa interior mona y tienes el piso presentable.","twitter.com/Rocigaot/status/947548998717595649"
"31/12/2017 20:20:18","5","947547983209484290","","Pues después de una recua de años bastante mierder, 2017 va a ser el primero en una buena temporada al que no despida con un corte de mangas y un 'que te jodan'.","twitter.com/Rocigaot/status/947547983209484290"
"31/12/2017 20:14:23","1","947546494625898497","","Qué chula! H&M, has dicho? Igual te la copio!","twitter.com/Rocigaot/status/947546494625898497"
"31/12/2017 15:06:37","10","947469044118114305","2","'Mamá, quitad mi plato de la cena de Nochevieja que la audiencia me necesita. Dar puto asco no puede esperar al día dos'.","twitter.com/Rocigaot/status/947469044118114305"
"31/12/2017 15:05:36","13","947468788378849280","6","La gente en twitter: 'Tratamiento vergonzoso, deberían pedir perdón a la familia y reflexionar sobre ese modelo televisivo'.
Los reporteros en cuestión: 'Primeros, tío, buah, colega, crack, figura'.","twitter.com/Rocigaot/status/947468788378849280"
"31/12/2017 14:54:54","14","947466092984889344","15","La gente pidiendo a los medios, en concreto a los programas de tertulias como Espejo Público, que hagan autocrítica y pidan perdón por el tratamiento del caso de Diana Quer. Sus reporteros dándose palmaditas.","twitter.com/Rocigaot/status/947466092984889344"
"31/12/2017 12:31:49","2","947430084645974016","1","Por fin una buena noticia pa acabar el año!https://twitter.com/kr3at0r/status/947414072110342144 …Han añadido Parks and Recreation al catálogo de Amazon Prime Video. Repito, HAN AÑADIDO PARKS AND RECREATION A AMAZON PRIME VIDEO :_) pic.twitter.com/UgDkmzBtLl","twitter.com/Rocigaot/status/947430084645974016"
"30/12/2017 19:59:10","2","947180276047908864","","Lo que yo nunca les perdono es que no sepan volar.","twitter.com/Rocigaot/status/947180276047908864"
"30/12/2017 15:22:36","","947110675993759750","","Aclaro que Amazon no me está pagando de ningún modo este hilo, pero que si quieren marcarse el detalle, yo a unos libros gratis nunca le digo que no. #aversicuela","twitter.com/Rocigaot/status/947110675993759750"
"30/12/2017 15:19:21","1","947109859505459200","","Junto con la trilogía de Star Wars versión Shakespeare. Que ni siquiera soy yo muy fan de Star Wars, pero...https://www.amazon.es/William-Shakespeares-Star-Wars-Doescher/dp/1594746370 …","twitter.com/Rocigaot/status/947109859505459200"
"30/12/2017 15:16:17","6","947109085731872773","1","Lo he buscado en Amazon a ver si no era fake y estoy entre 'la humanidad está en claro retroceso' y 'por cuatro libras que vale me lo podía pillar por las risas'.https://twitter.com/srdaine/status/947098058290094081 …*se arroja al vacío desde una azotea* pic.twitter.com/2UzwE0CThv","twitter.com/Rocigaot/status/947109085731872773"
"30/12/2017 11:55:52","1","947058652481052672","","Iba a preguntarte si no lo podías hacer con agua del grifo y luego he recordado dónde vives.","twitter.com/Rocigaot/status/947058652481052672"
"29/12/2017 16:15:01","","946761479033970691","","Madre mía, pues sí que se te montó una buena ahí! Aunque bueno, siempre estarás más a gusto en casa que durmiendo en el hospi!","twitter.com/Rocigaot/status/946761479033970691"
"29/12/2017 15:44:29","","946753796616663042","","Madre mía, la guerra que puede dar algo que parece una bobá! Me alegra que te manden ya pa casa!","twitter.com/Rocigaot/status/946753796616663042"
"29/12/2017 15:36:54","","946751885771464704","","Estabas en el hospital?","twitter.com/Rocigaot/status/946751885771464704"
"29/12/2017 13:50:20","2","946725070688391168","","'Mierda, me van a juzgar por el RT a Strawberry y no por el meme de Carrero. Con lo buenos que están todos los del expediente de chistes de Carrero'.","twitter.com/Rocigaot/status/946725070688391168"
"29/12/2017 13:40:03","12","946722479757807617","1","Llevad ropa interior mona cuando toque ir a juicio por los retuits, que al final nos fija fecha la Audiencia Nacional para la orgía que @PotiPotiInLove lleva procastinando siglos.","twitter.com/Rocigaot/status/946722479757807617"
"29/12/2017 10:08:12","15","946669167624769537","6","De verdad, vuestros tuits de 'esto lo ocultan los medios' tendrían más sentido si no los ilustrarais con link o pantallazo de la noticia en cuestión sacada de algún medio.","twitter.com/Rocigaot/status/946669167624769537"
"29/12/2017 9:20:26","","946657145558355968","","tienes que probar con Kira o Roque ","twitter.com/Rocigaot/status/946657145558355968"
"29/12/2017 2:18:12","8","946550888570683392","1","Lo de considerar el humor imncompatible con crear historias complejas o personajes bien construidos ya ni lo voy a comentar.","twitter.com/Rocigaot/status/946550888570683392"
"29/12/2017 1:54:47","30","946544996580315138","4","Me hacen gracia los que protestan de que las nuevas de Star Wars metan humor y quiten epicidad y complejidad a la historia. Que a ver, las originales tampoco eran las tragedias de Lorca.","twitter.com/Rocigaot/status/946544996580315138"
"29/12/2017 1:11:11","1","946534023937044480","","Si, dando extraescolares en coles atopei unhas cantas. Non é unha invasión coma as Martinas, pero casos  hai.","twitter.com/Rocigaot/status/946534023937044480"
"29/12/2017 1:09:35","2","946533621766254592","","Eu Duna non o vin nunca. En cadelas, polo menos. En nenas si.","twitter.com/Rocigaot/status/946533621766254592"
"29/12/2017 1:07:24","3","946533070156521472","","¿Nunca? Agora igual se perdeu un pouco, pero cando era pequena, en casa de todos os meus parentes con cans había unha Laika. Nos nomes de can vin máis variedade.","twitter.com/Rocigaot/status/946533070156521472"
"29/12/2017 1:05:23","4","946532565351129093","","Yo ahora ya procuro no meter en el mismo tuit a gente a la que no haya visto retuitearse o favearse en las anteriores 48 horas, porsiaca.","twitter.com/Rocigaot/status/946532565351129093"
"29/12/2017 1:04:14","2","946532272286683137","","Lúa e non Laika? INVENT","twitter.com/Rocigaot/status/946532272286683137"
"28/12/2017 19:52:11","2","946453744375476224","1","Ahora nadie me va a quitar de la cabeza a mí esa imagen mental.  https://twitter.com/Missnegurochka/status/946374549200932864 …","twitter.com/Rocigaot/status/946453744375476224"
"28/12/2017 13:05:45","4","946351462946426881","","conste que a mí lo de la 'carrera' me da más igual (si estuviera forrada  y fuera MI dinero, pasaría de trabajar, sin ser madre). Me preocupan temas tipo cotizar lo bastante para tener pensión, no tener que seguir en la relación si ya no funciona porque no tienes ingresos...","twitter.com/Rocigaot/status/946351462946426881"
"28/12/2017 12:49:20","5","946347332056047618","","Y si no te actualizan el sueldo según IPC o no tienes derecho a vacaciones, le pones a tu marido una denuncia en la inspección de Trabajo. Sigo sin verlo. Prefiero que mi empleador y la persona con la que duermo sean personas diferentes.","twitter.com/Rocigaot/status/946347332056047618"
"28/12/2017 11:40:40","","946330049644515333","","A lo mejor es que está ambientado en los 50 de USA. ¿Sabes si hay algún tipo de descuento por delatar actividades comunistas?","twitter.com/Rocigaot/status/946330049644515333"
"28/12/2017 11:03:37","7","946320725228642304","","Alguna vez les he enseñado el hilo cuando no se quedan los nombres ni a la de tres, pero miedo me da que alguno plante en el examen lo de Galdós y Pardo Bazán follando en carruajes.","twitter.com/Rocigaot/status/946320725228642304"
"28/12/2017 11:02:15","6","946320381002027008","1","Ni confirmo ni desmiento que haya dicho alguna vez: '¡Que vives con tu madre, Juan Valera!' viendo el Realismo con alguno de mis alumnos. Me miran un poco raro, pero vaya.https://twitter.com/chococriskis/status/946297736357433344 …Hoy hace un año de esto y juanvaleristas aún por doquier. https://twitter.com/chococriskis/status/814154516077703168 …","twitter.com/Rocigaot/status/946320381002027008"
"28/12/2017 10:19:36","2","946309650273718272","2","No, si eso ya, si un día por razones X pasara a considerarse una labor propiamente masculina fijo que se encontraba la forma de que se remunerase.","twitter.com/Rocigaot/status/946309650273718272"
"28/12/2017 0:40:23","6","946163885391994880","1","pic.twitter.com/2JcC45Sf1O","twitter.com/Rocigaot/status/946163885391994880"
"28/12/2017 0:24:09","11","946159797971320837","2","pic.twitter.com/5WAPLqxbe0","twitter.com/Rocigaot/status/946159797971320837"
"28/12/2017 0:14:59","1","946157490814767104","","Recuerdo cuando vivía en mi antiguo piso, en un edificio con muchas viviendas vacías, y la gente me preguntaba si no me daba miedo, tan sola. En la gloria estaba.","twitter.com/Rocigaot/status/946157490814767104"
"28/12/2017 0:12:53","1","946156963783757824","","Vamos, o habla por teléfono, o con alguien con un tono de voz que no se oye a través de muros de hormigón.","twitter.com/Rocigaot/status/946156963783757824"
"28/12/2017 0:11:02","4","946156495862890499","1","Vivo en el 5º de un edificio de vivienda por planta y estoy oyendo las voces del vecino del 4º del edificio de al lado. Parece que está hablando por teléfono y qué dinero más tirado, oye. Yo creo que le oían igual sin el móvil.","twitter.com/Rocigaot/status/946156495862890499"
"28/12/2017 0:03:41","1","946154646367850497","","Es de lo peor que he visto. No solo en cuanto a pelis. En el mundo así en general.","twitter.com/Rocigaot/status/946154646367850497"
"28/12/2017 0:02:04","","946154240225013760","","Acabo de googlear porque una vez vi una peli ATROZ de Cage y no sabía el título porque la pillé empezada, y ¡bingo!","twitter.com/Rocigaot/status/946154240225013760"
"27/12/2017 23:41:26","","946149046867189761","","Ajá. El caso es que este hilo va sobre la vuelta a la tendencia de dejar de trabajar para dedicarte a la crianza en exclusiva.","twitter.com/Rocigaot/status/946149046867189761"
"27/12/2017 23:28:24","4","946145767307317248","1","Si no te sale un mansplainer de forma espontánea, twitter te asigna uno de oficio.","twitter.com/Rocigaot/status/946145767307317248"
"27/12/2017 23:26:18","","946145240536281088","","¿Y solo nos informan a nosotras, o informados por igual de pros y contras los hombres deciden libremente que no les compensa y las mujeres que sí?","twitter.com/Rocigaot/status/946145240536281088"
"27/12/2017 23:23:02","1","946144419148976130","","Ok ¿Cuáles son las ventajas que han de compensarme por quedarme en la miseria si me divorcio cuando mi hijo tenga 3 años? ;)","twitter.com/Rocigaot/status/946144419148976130"
"27/12/2017 23:14:39","","946142310043127809","","Y sigo diciendo lo mismo: observadas inconvenientes y ventajas, la cantidad de hombres que deciden dejar o reducirse su trabajo para criar es muy inferior a la de mujeres. Será casualidad.","twitter.com/Rocigaot/status/946142310043127809"
"27/12/2017 23:05:18","77","946139957063798784","26","Me llamaréis suspicaz, pero a veces tengo la ligerísima impresión de que los señores se implican más apoyando el derecho de la mujer a decidir cuando es su derecho a decidir algo que a ELLOS les viene bien.","twitter.com/Rocigaot/status/946139957063798784"
"27/12/2017 23:03:07","2","946139407664500738","","Opción muy respetable con el pequeño inconveniente de que quien se sitúa en una situación de desventaja si la pareja se resiente es la madre. Que la cantidad de hombres que eligen libremente dedicarse en exclusiva a la paternidad sea minúscula será casualidad.","twitter.com/Rocigaot/status/946139407664500738"
"27/12/2017 22:39:23","1","946133434556145665","","No se está criticando a 'una mujer'. Se está criticando un modelo de crianza que nos están intentando colar por todas partes. Que pierdo la cuenta de los posts sobre crianza natural que me encuentro al día en FB y ni siquiera tengo hijos ni sigo páginas de esa temática.","twitter.com/Rocigaot/status/946133434556145665"
"27/12/2017 21:45:27","5","946119861872275462","1","https://twitter.com/LI3PeO/status/886659774506520576 …Están follando mis vecinos y les estoy gritando a través de la pared MÁS FUERTE QUE NOS OIGA MIGUEL ÁNGEL.","twitter.com/Rocigaot/status/946119861872275462"
"27/12/2017 19:16:11","2","946082295433318400","","Ya, yo eso lo he hecho alguna vez. Pero si puedes ponerla en su casa molaría más, que lo mismo se creen que tienen polstergeists.","twitter.com/Rocigaot/status/946082295433318400"
"27/12/2017 18:35:25","1","946072038028070914","","Aquí somos negadas todas. Mi madre de cría, cuando tenían Hogar en el cole, hacía los deberes de mates de sus amigas a cambio de que le hicieran los bordados y demás.","twitter.com/Rocigaot/status/946072038028070914"
"27/12/2017 18:34:07","2","946071710348070912","","Oye, pero molaría. A las 3 de un martes se van a dormir después de dar el coñazo con el Caribe Mix de 1998, a las 5 les despierta esto. (Voy a mencionar a @Chinobi_Ninja por si aún tiene a los vecinos chungos aquellos y son de dejarse la wifi abierta)https://www.youtube.com/watch?v=QzT46g-my0U …","twitter.com/Rocigaot/status/946071710348070912"
"27/12/2017 18:29:45","","946070610811277312","","Esta hasta donde yo sé funcionaba, de hecho se la quedó una tía mía para usarla, si mal no recuerdo. Aquí la teníamos de decoración, que mi abuela ya no cosía y mi madre y yo somos negadas.","twitter.com/Rocigaot/status/946070610811277312"
"27/12/2017 18:27:48","3","946070120077635584","","Ay, voy a ver si los vecinos plastas ruidosos tienen la wifi desprotegida y puedo vengarme pinchándoles cantos gregorianos en su puta casa a las cinco de la mañana.","twitter.com/Rocigaot/status/946070120077635584"
"27/12/2017 18:22:17","","946068733885378560","","Mi abuela tenía una igual! Menos mal que has dicho que te salió barata, porque esa en su día la regaló y a ver si nos quedamos sin ser ricos ","twitter.com/Rocigaot/status/946068733885378560"
"27/12/2017 17:23:31","23","946053941921501186","5","Que debería haber entrecomillado lo de 'excusa', pero espero que se entienda la idea. Porque me da la impresión de que nos la están intentando colar para volver a un modelo de 'nosotras criamos, ellos ganan el pan'.","twitter.com/Rocigaot/status/946053941921501186"
"27/12/2017 17:18:57","13","946052792258572289","3","Ya otra cosa es que si en un momento dado un miembro de la pareja(o familia) está en un trabajo que le anula del todo pueda dejarlo y ya se irá tirando mientras con el sueldo del otro (o el resto). Pero para eso no debería hacer falta la excusa de criar.","twitter.com/Rocigaot/status/946052792258572289"
"27/12/2017 17:17:08","19","946052334597148672","6","¿Que el mercado laboral apesta? Cierto. Pero no creo que lo mejoramos mucho si nos quedamos en casa criando. Más si el empresario sabe que tu pareja NECESITA mantener su empleo sí o sí porque de él os mantenéis todos.","twitter.com/Rocigaot/status/946052334597148672"
"27/12/2017 17:02:37","16","946048684327948290","4","Pero luego se tuercen las cosas y él sigue teniendo su curro, sus ingresos, su red de contactos laborales, sus ahorros... y tú te buscas la vida partiendo prácticamente de cero.","twitter.com/Rocigaot/status/946048684327948290"
"27/12/2017 16:49:09","39","946045293740675077","8","De hecho, yo si no tuviera que trabajar no trabajaría. No me haría falta ser madre para dejar el mercado laboral, eh, me quedaría en casa estudiando por hobby o rascándome la parrula a dos manos.","twitter.com/Rocigaot/status/946045293740675077"
"27/12/2017 16:47:05","75","946044772413829121","36","Lo de 'me voy a quedar en casa criando porque el trabajo asalariado es una mierda' igual me convencería si hubiera una renta universal o algo que te garantizara no pasar a depender económicamente de tu pareja.","twitter.com/Rocigaot/status/946044772413829121"
"27/12/2017 16:18:21","2","946037544608727040","","Sí, yo también dejé de salir mogollón de páginas por postear cuñadeces y ahora me salen las cuñadeces de páginas que siguen otros.pic.twitter.com/9RKUZJePg8","twitter.com/Rocigaot/status/946037544608727040"
"27/12/2017 15:57:41","2","946032340500930561","","Pues ni idea, porque encima no las comento ni les doy like, a menos que FB interprete el típico like a foto de recién nacido de amigos como 'por favor, méteme en el TL todo lo que tengas sobre cómo hacer juguetes Montessori con cáscaras de pipas'.","twitter.com/Rocigaot/status/946032340500930561"
"27/12/2017 15:55:07","","946031696742412289","","Sep!pic.twitter.com/cfkkW895LB","twitter.com/Rocigaot/status/946031696742412289"
"27/12/2017 15:52:00","7","946030912336166912","1","Empiezo a sospechar que Lo País de verdad lee mi hilo de propuestas de reportajes pero se lo toma en serio y me manga ideas por la patilla.","twitter.com/Rocigaot/status/946030912336166912"
"27/12/2017 15:43:22","1","946028741083435009","","Y ojo, que entiendo perfectamente que las que son madres quieran usar su FB para hablar de su tema. Lo que me intriga es si son ya las únicas que usan FB, que ya es tan monotema que hasta echo de menos a los de las invitaciones a Candy Crush.","twitter.com/Rocigaot/status/946028741083435009"
"27/12/2017 15:39:56","3","946027876855447552","","Al final lo voy a chapar porque me va a perder la única utilidad que le veía ya: cotillear a los potenciales ligues para asegurarme de que no son de Cuñadanos ni fans de Risto.","twitter.com/Rocigaot/status/946027876855447552"
"27/12/2017 15:36:33","3","946027022811369472","","¿Facebook se ha vuelo así de monotema o el algoritmo ha decidido que si soy mujer y treintaañera por cojones quiero saber cómo enseñar chino mandarín a mi hipotético bebé?","twitter.com/Rocigaot/status/946027022811369472"
"27/12/2017 15:35:00","1","946026634846572544","","Abro FB: malasmadres, 'esta ilustradora hace viñetas cuquis sobre cómo pasas los sábados en el parque y no follando', DIY: fabrica tus propios pañales, la enésima de Samanta Villar...","twitter.com/Rocigaot/status/946026634846572544"
"27/12/2017 15:32:47","","946026074126929920","","Y eso que tengo un número bastante equilibrado de amigos con y sin hijos. No sé si es que FB me muestra lo que cree o si es que todos los sinhijos han desertado ya de esa red.","twitter.com/Rocigaot/status/946026074126929920"
"27/12/2017 15:30:44","4","946025559360000000","","No sé si es cosa del algoritmo de FB, de mi edad o una mezcla de ambos, pero mi FB ahora mismo es: 75% de artículos, links y demás sobre crianza, 25% de virales y cosas que roba cabronazi.","twitter.com/Rocigaot/status/946025559360000000"
"26/12/2017 22:04:35","1","945762286316253184","","Yo ese un poco también. No conozco la pestaña 'Novedades'.","twitter.com/Rocigaot/status/945762286316253184"
"26/12/2017 22:01:46","1","945761577403408384","","Yo ya dije el otro día que soy tal cual el de 'sin café no soy persona'. ","twitter.com/Rocigaot/status/945761577403408384"
"26/12/2017 21:58:05","1","945760652827688960","","Puede ser, quieras que no, lo que a nosotros nos guste o no siempre marca de qué nos reímos (yo la primera). Pero a mí con el de 'su dieta veta colores' ya me ganaron. ","twitter.com/Rocigaot/status/945760652827688960"
"26/12/2017 21:55:57","9","945760117122879488","","- El politólogo. Es secretario suplente de NNGG de su pueblo. Usa FB para transmitir su felicitación oficial a Sebastián Piñera por las elecciones chilenas.
-El pesao de las series. 'Yo ahora estoy viendo una miniserie eslovena. Tengo que usar VPN para verla en Netflix Rusia'.","twitter.com/Rocigaot/status/945760117122879488"
"26/12/2017 21:38:58","15","945755841411592192","1","- El obseso del fitness y la musculación. (Ríete tú de la turra de los runners)
- El fanboy de Mac. ¿Cómo puede ser que aún no tengan este?
- El fan del coaching y el mindfulness. (Colorear mandalas te puede curar la depresión. Un libro de colorear de Buscando a Nemo, ya no)","twitter.com/Rocigaot/status/945755841411592192"
"26/12/2017 21:27:24","19","945752931369877504","7","Aparte de los pesaos del Linux que comentaba ayer, unos cuantos Pantomima Ful que voy necesitando urgentemente:
- El fan plasta de Star Wars (rabiosísima actualidad)
- El intensito 2.0. Escribe poetuits, pide a sus colegas que le saquen fotos leyendo o dibujando pal Insta.","twitter.com/Rocigaot/status/945752931369877504"
"26/12/2017 13:21:04","2","945630538995523584","","cupcakes de Piolín!","twitter.com/Rocigaot/status/945630538995523584"
"26/12/2017 13:19:32","3","945630155833212928","","Zoido, tanto te costaba negociar que les metieran unas figuritas del Demonio de Tasmania y unos petisuis a los chavales? Que es Navidá, hombre.","twitter.com/Rocigaot/status/945630155833212928"
"26/12/2017 13:17:48","12","945629718937788423","","Yo si fuera uno de los polis destinados a Cataluña también estaría algo chof con ese menú de Navidad. Si estás en un barco de Piolín, lo menos que esperas es un Happy Meal con muñequitos de la Warner de regalo.","twitter.com/Rocigaot/status/945629718937788423"
"26/12/2017 13:00:10","1","945625279225049088","","Estoy tan desconectada de todo últimamente que pasé varios días leyéndoos lo de Tabarnia y pensando que era algo de la nuevs de Star Wars.","twitter.com/Rocigaot/status/945625279225049088"
"26/12/2017 2:07:46","10","945461099926904832","2","Necesito un Pantomima Ful sobre los pesaos del Linux.https://twitter.com/Dalek_fan/status/945399734432358401 …Yo lo siento mucho, amigos informáticos, pero recomendar linux ante cada problemilla con el ordenador no ayuda a la popularidad del propio linux. Solo resulta pelín antipático, especialmente si el destinatario de la recomendación no tiene mucha pericia con la informática.","twitter.com/Rocigaot/status/945461099926904832"
"26/12/2017 0:06:24","1","945430555411337216","","pic.twitter.com/CBbrRskcMv","twitter.com/Rocigaot/status/945430555411337216"
"26/12/2017 0:01:40","1","945429365051068416","","pic.twitter.com/tzRmhGVve9","twitter.com/Rocigaot/status/945429365051068416"
"25/12/2017 23:53:47","","945427383053701120","","pic.twitter.com/q0iRqNk82S","twitter.com/Rocigaot/status/945427383053701120"
"25/12/2017 23:49:25","2","945426283634315264","","pic.twitter.com/0IHR141BB7","twitter.com/Rocigaot/status/945426283634315264"
"25/12/2017 23:01:15","7","945414162620002304","2","pic.twitter.com/H7gPnRRUPC","twitter.com/Rocigaot/status/945414162620002304"
"25/12/2017 22:59:30","1","945413719139540992","","pic.twitter.com/xQ72Lfv6CQ","twitter.com/Rocigaot/status/945413719139540992"
"25/12/2017 22:33:32","","945407185030443008","","pic.twitter.com/PwesHir2w2","twitter.com/Rocigaot/status/945407185030443008"
"25/12/2017 22:26:05","2","945405309060861953","1","Iba a decir que ojalá un OT de influencers, pero de eso ya iba el programa aquel de Sara Carbonero y buah, el exitazo.","twitter.com/Rocigaot/status/945405309060861953"
"25/12/2017 22:23:03","15","945404548197253126","4","En lo de llegar al 15 aniversario de la graduación y ver que la mayoría de tu promoción lo petó tanto como Juan Camus ya veo más el paralelismo entre OT y la siensia.","twitter.com/Rocigaot/status/945404548197253126"
"25/12/2017 20:44:16","28","945379688846974976","8","'-Enhorabuena, Juan, eres el ganador. Tu premio es ir a un simposio de Telecomunicaciones defendiendo un paper sobre un tema que ha escogido un profesor de Ingeniería Informática.
-Pero soy botánico y todos mis papers del concurs...
-INGENIERíA INFORMÁTICA","twitter.com/Rocigaot/status/945379688846974976"
"25/12/2017 20:24:46","30","945374781234405376","10","'Si esto es lo mejor que puedes hacer a estas alturas de programa, Mario, dedícate a dar clases de refuerzo de Conocimiento del Medio a niños de Primaria'.","twitter.com/Rocigaot/status/945374781234405376"
"25/12/2017 20:22:19","29","945374165581869056","12","'Pepi, otra semana con un paper de algas. Me aburren las algas. Tus compañeros están trabajando en tratamientos para la alopecia,dame un producto que venda'","twitter.com/Rocigaot/status/945374165581869056"
"25/12/2017 20:16:01","39","945372578490867712","15","'Paco, te veo demasiado encasillado en la Geología con la excusa de que estudiaste Geología. La próxima semana a estudiar la leshmaniosis,sal de tu zona de confort'.","twitter.com/Rocigaot/status/945372578490867712"
"25/12/2017 20:13:35","123","945371964436303872","68","Acabo de leer lo de 'ojalá un OT de científicos pero en este país no interesa'. Y a mí no es que no me interese, es que puto miedito me da el formato talent show aplicado a la ciencia.","twitter.com/Rocigaot/status/945371964436303872"
"25/12/2017 18:59:50","1","945353405253419013","","pic.twitter.com/PtAc9PfdB2","twitter.com/Rocigaot/status/945353405253419013"
"25/12/2017 17:10:24","","945325867965800449","","pic.twitter.com/995TMEof0g","twitter.com/Rocigaot/status/945325867965800449"
"25/12/2017 17:06:21","1","945324847881695232","","pic.twitter.com/kp28f964iY","twitter.com/Rocigaot/status/945324847881695232"
"25/12/2017 14:32:18","5","945286079178997760","3","pic.twitter.com/SnXQsfw0W1","twitter.com/Rocigaot/status/945286079178997760"
"25/12/2017 13:53:39","2","945276352873287680","","pic.twitter.com/KQlo7BIHp8","twitter.com/Rocigaot/status/945276352873287680"
"25/12/2017 13:46:10","","945274467315605504","","me lo tomaré como consentimiento a sacarte, que se me están acabando las fotos donde no sale gente borracha o niños(sobrios).","twitter.com/Rocigaot/status/945274467315605504"
"25/12/2017 13:35:17","","945271730565730304","","pic.twitter.com/q1uirhXdpZ","twitter.com/Rocigaot/status/945271730565730304"
"25/12/2017 13:09:36","","945265265931177984","","Espérate que aún saco alguna tuya eber ","twitter.com/Rocigaot/status/945265265931177984"
"25/12/2017 13:01:59","1","945263351722061824","","pic.twitter.com/sRwe3w6WAR","twitter.com/Rocigaot/status/945263351722061824"
"25/12/2017 2:32:34","3","945104951524646912","","pic.twitter.com/5AMdHKb4cX","twitter.com/Rocigaot/status/945104951524646912"
"25/12/2017 2:27:38","2","945103710685982720","","pic.twitter.com/DFvVw4j5LD","twitter.com/Rocigaot/status/945103710685982720"
"25/12/2017 2:24:30","1","945102921154355200","","pic.twitter.com/t37w0ZJH8G","twitter.com/Rocigaot/status/945102921154355200"
"25/12/2017 1:48:07","1","945093768130252801","","pic.twitter.com/mRunxrTiBQ","twitter.com/Rocigaot/status/945093768130252801"
"25/12/2017 1:42:37","4","945092383292776448","","pic.twitter.com/4B0XZlzhoE","twitter.com/Rocigaot/status/945092383292776448"
"25/12/2017 1:01:11","4","945081955602894848","","pic.twitter.com/RjObHYW3s9","twitter.com/Rocigaot/status/945081955602894848"
"24/12/2017 23:33:38","16","945059921158131713","","Ventaja de ser cuatro gatos(tres, emberdá). Ya hemos cenado y estoy de vuelta en el hogar escogiendo entre libro o netflix.","twitter.com/Rocigaot/status/945059921158131713"
"24/12/2017 23:11:24","1","945054328188035072","","Yo team bata también. Pero la de la capucha con orejas, que pa algo es una ocasión especial.","twitter.com/Rocigaot/status/945054328188035072"
"24/12/2017 19:53:19","4","945004476821377024","1","pic.twitter.com/MTr1z6dOU7","twitter.com/Rocigaot/status/945004476821377024"
"24/12/2017 19:47:52","1","945003104721952768","","pic.twitter.com/amfx60WlQz","twitter.com/Rocigaot/status/945003104721952768"
"24/12/2017 19:43:54","6","945002106313953281","1","pic.twitter.com/eN8n0jhYWf","twitter.com/Rocigaot/status/945002106313953281"
"24/12/2017 19:33:09","6","944999402317500416","4","pic.twitter.com/GObyQMhswj","twitter.com/Rocigaot/status/944999402317500416"
"24/12/2017 19:27:03","1","944997866220769280","1","pic.twitter.com/dGnLKR61W2","twitter.com/Rocigaot/status/944997866220769280"
"24/12/2017 19:23:54","1","944997072767520769","","pic.twitter.com/3i4SfWf3u6","twitter.com/Rocigaot/status/944997072767520769"
"24/12/2017 19:21:34","7","944996487527886848","2","pic.twitter.com/4hYMmQ8uln","twitter.com/Rocigaot/status/944996487527886848"
"24/12/2017 19:18:21","1","944995678501076993","","pic.twitter.com/0qsc1pohQa","twitter.com/Rocigaot/status/944995678501076993"
"24/12/2017 19:15:23","2","944994932468658176","","pic.twitter.com/JlXwkk0Yqr","twitter.com/Rocigaot/status/944994932468658176"
"24/12/2017 19:12:10","2","944994124033331201","","pic.twitter.com/4rY504zkQy","twitter.com/Rocigaot/status/944994124033331201"
"24/12/2017 19:10:27","15","944993690728259585","2","pic.twitter.com/3diLHQs0wy","twitter.com/Rocigaot/status/944993690728259585"
"24/12/2017 19:06:12","4","944992620958318595","","pic.twitter.com/qTbOzR8Lnz","twitter.com/Rocigaot/status/944992620958318595"
"24/12/2017 18:38:19","2","944985604881879041","","pic.twitter.com/misdJuHoAk","twitter.com/Rocigaot/status/944985604881879041"
"24/12/2017 18:25:35","2","944982397770190848","","pic.twitter.com/BLnJN91tdh","twitter.com/Rocigaot/status/944982397770190848"
"24/12/2017 18:20:49","2","944981198937485315","","pic.twitter.com/Pu5eMVahhD","twitter.com/Rocigaot/status/944981198937485315"
"24/12/2017 18:19:43","4","944980921916231681","1","pic.twitter.com/RHK7EGVhG3","twitter.com/Rocigaot/status/944980921916231681"
"24/12/2017 18:19:01","3","944980745289945088","","pic.twitter.com/dj9LILbYhu","twitter.com/Rocigaot/status/944980745289945088"
"24/12/2017 18:17:27","4","944980353630048258","","pic.twitter.com/4DP7Z6Fmsg","twitter.com/Rocigaot/status/944980353630048258"
"24/12/2017 18:10:05","16","944978496471945216","13","pic.twitter.com/s6NdAQv3Tk","twitter.com/Rocigaot/status/944978496471945216"
"24/12/2017 18:08:18","3","944978050889994240","","pic.twitter.com/UPB4teKQPX","twitter.com/Rocigaot/status/944978050889994240"
"24/12/2017 17:55:08","47","944974735124856832","","Vamos a jugar a esto.pic.twitter.com/eScud4jJdr","twitter.com/Rocigaot/status/944974735124856832"
"24/12/2017 16:58:02","4","944960365665947649","1","'Zezentaizeiz zediziozoz de Zezarea'. Pijus es Rajoy hablando de lo de los Jordis.","twitter.com/Rocigaot/status/944960365665947649"
"24/12/2017 16:10:29","2","944948400327360512","","Creo que deberías grabar el discurso navideño anual de Cujo. ¿Qué tal se te da lo de la ventriloquía?","twitter.com/Rocigaot/status/944948400327360512"
"24/12/2017 15:55:38","10","944944661336133632","1","'Romani ite domum'. Ni confirmo ni desmiento que le haya puesto este fragmento a un par de alumnos al explicarles latín. Bueno, sí lo confirmo.","twitter.com/Rocigaot/status/944944661336133632"
"24/12/2017 15:50:35","","944943392684957702","","Aaay, que están echando La Vida de Brian en Neox y me la estaba perdiendo!  (Que la puedo ver cuando quiera porque la tengo en el disco duro digital, pero vaya).","twitter.com/Rocigaot/status/944943392684957702"
"24/12/2017 15:46:23","","944942333396705286","","A mí creo que solo me gustó tener la regla aquella vez que se me retrasó como 9 días(suelo ser muy regular) y estaba con un acojone del quince.","twitter.com/Rocigaot/status/944942333396705286"
"24/12/2017 15:35:33","1","944939609057845249","","Yo estoy por irla embotellando y dejarle mi legado a mis futuras hijas. Que se jodan con la mierda de herencia si me dejan en un geriátrico de vieja.","twitter.com/Rocigaot/status/944939609057845249"
"24/12/2017 15:29:45","14","944938150098558977","1","Que para mí la regla no es un tributo de sangre que le pago a la Diosa Tierra, sino:
a) Tejido endometrial que mi cuerpo expulsa porque ese mes tampoco le va a hacer falta
b) Eso que se adelanta y o atrasa cada vez que tengo un plan pa tocar las narices. 
Misticismos los justos.","twitter.com/Rocigaot/status/944938150098558977"
"24/12/2017 15:25:07","12","944936982370770944","3","Aparte de lo de la transfobia y tal, madre mía, qué rollo más de la Pachamama llevan las TERF.","twitter.com/Rocigaot/status/944936982370770944"
"24/12/2017 13:26:41","154","944907178804117505","114","Si no sabes adaptarte al registro coloquial cuando la situación lo aconseja no es que seas más listo que nadie, es que te faltan competencias lingüísticas. Si puedes adaptarte pero al no hacerlo te sientes superior, eres tonto y en tu casa lo tienen que saber.","twitter.com/Rocigaot/status/944907178804117505"
"24/12/2017 13:18:21","44","944905080129630211","17","Ese creer que dejas a los demás sin argumentos por pasarte al usted donde todos se tutean, por usar el término con más sílabas de los sinónimos posibles.","twitter.com/Rocigaot/status/944905080129630211"
"24/12/2017 13:14:26","127","944904095273537536","70","Pocas cosas me dan tanta vergüencita que los que creen que están mostrando su superioridad en una discusión por adoptar un registro lingüístico más formal que el que están usando los demás.","twitter.com/Rocigaot/status/944904095273537536"
"23/12/2017 22:04:52","142","944675196799250432","123","Y como siempre, os voy dejando el bingo navideño de beber para mañana. Usadlo con mesura y que sea leve.pic.twitter.com/8Vj6seBOeG","twitter.com/Rocigaot/status/944675196799250432"
"23/12/2017 18:14:22","2","944617188148891648","1","'¿Está el Halcón Millenial destruyendo el hiperespacio?","twitter.com/Rocigaot/status/944617188148891648"
"23/12/2017 16:51:48","2","944596410640551936","","Ah, pero es que siempre sale con esa cara, es su mirada zoolander.","twitter.com/Rocigaot/status/944596410640551936"
"23/12/2017 16:50:27","1","944596071266816000","","lo acabo de comprobar y no, está en el twitter de Herrera tal cual","twitter.com/Rocigaot/status/944596071266816000"
"23/12/2017 16:49:04","1","944595721516474368","","pues no lo comprobé pero no creo, anda que no hay fotos de estos en plan pandi canallita.","twitter.com/Rocigaot/status/944595721516474368"
"23/12/2017 15:53:45","1","944581800885673984","","Gatotío comparte mi humor navideño!","twitter.com/Rocigaot/status/944581800885673984"
"23/12/2017 15:30:45","2","944576013203361792","","Mirada Zoolander.","twitter.com/Rocigaot/status/944576013203361792"
"23/12/2017 14:29:35","1","944560619193323520","","'Me llevo el pack de 16 rollos porque estoy viviendo cada día como si fuera el último y puede ser mi último día porque muera de diarrea'.","twitter.com/Rocigaot/status/944560619193323520"
"23/12/2017 13:27:38","1","944545028214489088","","Grupo whatsapp 'Candidiasis'. 
-Ya me he puesto la crema
-Y yo
-Y yo
-Yo aún no
-Y yo
-Ahora sí","twitter.com/Rocigaot/status/944545028214489088"
"23/12/2017 13:16:33","3","944542238947848193","2","Lo de Inditex siempre ha sido demencial. Recuerdo una vez que entré al probador con un vaquero de la 38 y otro de la 40. El de la 38 me sobraba por todas partes y el de la 40 no me subía de las rodillas.pic.twitter.com/4oCUyBqVwH","twitter.com/Rocigaot/status/944542238947848193"
"23/12/2017 13:11:18","1","944540918518042624","","Otra vez en Mango fui incapaz de abrocharme una cazadora de la L, necesitaba una XL. Que la etiqueta me da un poco igual, pero en qué puto mundo soy yo una persona extragrande, si mis alumnos de 6º me sacan ya un cacho.","twitter.com/Rocigaot/status/944540918518042624"
"23/12/2017 13:07:28","","944539956113965056","","Tengo una cazadora de pseudocuero de Lefties y es la L porque en una M no cabía. Y tú has visto en persona lo grande que soy. ","twitter.com/Rocigaot/status/944539956113965056"
"23/12/2017 12:30:59","11","944530771238445057","6","Cuando te acabas de divorciar y te empeñas en organizar la cena de reencuentro con tus ex compañeros de los salesianos.pic.twitter.com/5hYDX6m1gv","twitter.com/Rocigaot/status/944530771238445057"
"23/12/2017 12:09:47","67","944525436956094465","34","'¿Alguna de vosotras quiere rollo con alguno de nosotros?'pic.twitter.com/LlU01gZSq3","twitter.com/Rocigaot/status/944525436956094465"
"23/12/2017 11:53:06","1","944521240399745024","1","Es la clásica escena final sorpresa que meten después de los créditos.","twitter.com/Rocigaot/status/944521240399745024"
"22/12/2017 15:57:26","6","944220341571899392","3","Padres que compran libros al peso porque ven leer como un castigo. Y aún se cabrean porque sus hijos suspenden.https://twitter.com/JJdelMoral/status/944156313252020225 …Hace nada en la librería.

- Dame dos libros gordos y de letra pequeña para una niña de 14 añod. Uno en catalán y otro en castellano. Pero bien gordos.…","twitter.com/Rocigaot/status/944220341571899392"
"22/12/2017 15:30:12","5","944213487827537920","","Cuando cae premio donde tú compraste, pero tú habías cogido otro número.pic.twitter.com/GxKzjUzfEf","twitter.com/Rocigaot/status/944213487827537920"
"22/12/2017 11:44:57","1","944156801762840577","","A mí me pasa con las sugerencias de Instagram de seguir a gente de 'Mis Contactos'. ¿Quién cojones es esa gente? Hasta hay uno con un avatar de bandera carlista.","twitter.com/Rocigaot/status/944156801762840577"
"22/12/2017 11:25:51","6","944151995144908800","2","creo que la única razón por la que aún no es TT 'miiiiiiil euros' es porque cada uno metemos un número distinto de 'i'","twitter.com/Rocigaot/status/944151995144908800"
"22/12/2017 10:48:10","6","944142511504838658","","Forrarme, no 'forrarne'. Ni un tuit retuiteado sin su errata.","twitter.com/Rocigaot/status/944142511504838658"
"22/12/2017 10:32:30","118","944138569739841537","68","-¿Sabes las pocas posibilidades que hay de que te toque la lotería?
- ¿Son más o menos de las que tengo de forrarne con trabajo duro y honrado?
-Touché","twitter.com/Rocigaot/status/944138569739841537"
"22/12/2017 1:33:52","","944003015819841536","","Mississippilessly?pic.twitter.com/ApOijrSs8W","twitter.com/Rocigaot/status/944003015819841536"
"22/12/2017 1:06:17","12","943996075135897600","8","'Me habías prometido que sería un fiestón y aquí solo están tu novio y sus colegas jugando al Guitar Hero, Loli'.pic.twitter.com/gVkDdF6hpM","twitter.com/Rocigaot/status/943996075135897600"
"22/12/2017 0:57:16","3","943993804339777537","1","pic.twitter.com/l6vuE5NR7W","twitter.com/Rocigaot/status/943993804339777537"
"22/12/2017 0:08:51","5","943981622893907969","2","Cuando era la hora de las lentas en la discoteca y habían ligado todas menos tú.pic.twitter.com/mMy9mvh3Kl","twitter.com/Rocigaot/status/943981622893907969"
"22/12/2017 0:02:23","6","943979995231375360","1","Cuando todos van ya pedo y tú estás a antibióticos.pic.twitter.com/emKMlExeYU","twitter.com/Rocigaot/status/943979995231375360"
"21/12/2017 23:57:53","24","943978860978335744","14","Cuando tu amiga te hace ir a un bar que odias para hacerse la encontradiza con el que le mola.pic.twitter.com/RtB1oIisSb","twitter.com/Rocigaot/status/943978860978335744"
"21/12/2017 23:26:59","","943971083350429696","","Fun with flags!","twitter.com/Rocigaot/status/943971083350429696"
"21/12/2017 11:40:44","","943793350469177344","","Espérate, que es 'Secretario de Euskera' del PP. No sé, Rick...","twitter.com/Rocigaot/status/943793350469177344"
"21/12/2017 11:25:48","","943789593257750528","","¿En todo Deusto no tienen a un ex alumno sin antecedentes penales del que presumir?","twitter.com/Rocigaot/status/943789593257750528"
"21/12/2017 11:11:28","6","943785985111977984","","Acabo de caer en la cuenta de que programé una clase para mañana por la mañana. Adiós a mi entrañable tradición de tener de fondo lo del Gordo e ir leyendo en twitter a los cansinos de 'tontos todos que compráis'.","twitter.com/Rocigaot/status/943785985111977984"
"21/12/2017 11:01:23","2","943783447797133312","","Aparte de combinarse mucho en dobles titulaciones, los tres grados comparten la misma Denominación de Origen para sus gilipollitas (Aclaro: todas las carreras producen un cierto número de gilipollas, pero su tipología varía según titulación )","twitter.com/Rocigaot/status/943783447797133312"
"21/12/2017 10:59:06","","943782873018130437","","tengo que retomarle la pista, a ver cómo le va con la cosa pública ","twitter.com/Rocigaot/status/943782873018130437"
"21/12/2017 10:54:15","3","943781652047724544","","Echo de menos a 35 matrículas, por cierto. Al menos era entrañable y nos dio grandes memes.","twitter.com/Rocigaot/status/943781652047724544"
"21/12/2017 10:50:59","","943780830173855745","","Ayyyyyy! Casi! ","twitter.com/Rocigaot/status/943780830173855745"
"21/12/2017 10:49:36","1","943780482516385794","","Sin cotillear su bio ni nada, me la voy a jugar y apostar por ADE.","twitter.com/Rocigaot/status/943780482516385794"
"20/12/2017 23:28:03","13","943608966659149824","2","'Ya querrías ser software developer como yo'. No, a ver. Puestos a imaginar, querría ser canguro de perretes pero con sueldo de funcionario grupo A. O que me pagaran por hacer memes de Falangito.","twitter.com/Rocigaot/status/943608966659149824"
"20/12/2017 23:19:26","10","943606795913875456","","Que estoy viendo a un flipado que ha ido al curious de una tuitera a decirle que 'ya me jodería tu trabajo de mierda, el mío mola mucho más', y tan realizado no estarás si necesitas compararte todo el rato.","twitter.com/Rocigaot/status/943606795913875456"
"20/12/2017 23:17:17","19","943606256853553154","3","En serio, gente que presumís de según qué trabajos/carreras y dais por hecho de que si otros no se dedican a lo mismo es por falta de inteligencia/capacidad. Lo que a vosotros os mola para otros puede ser un peñazo. Asumidlo ya.","twitter.com/Rocigaot/status/943606256853553154"
"20/12/2017 23:12:23","4","943605021509410818","","HAGO APPS, HAGO APPS, MI ABUELA PRESUME DE LO LISTO QUE SOY ANTE SUS AMIGAS, HAGO APPSpic.twitter.com/3Phjxsqb2R","twitter.com/Rocigaot/status/943605021509410818"
"20/12/2017 21:46:57","4","943583522303959040","","Hay capítulos de Pocoyó con giros de guión más sorprendentes que lo de PiYei News haciendo campaña por Cuñadanos.","twitter.com/Rocigaot/status/943583522303959040"
"20/12/2017 21:44:03","95","943582792486674438","72","pic.twitter.com/JgmGqPEUyD","twitter.com/Rocigaot/status/943582792486674438"
"20/12/2017 21:43:34","","943582671053127680","","SORPRESÓN EN LAS GAUNAShttps://twitter.com/fanetin/status/943564202341433345 …SOR-PREE-SAAA... pic.twitter.com/AMv7iARVRP","twitter.com/Rocigaot/status/943582671053127680"
"20/12/2017 18:20:52","1","943531661672763393","","Pensaba que el señor que ayer se puso a dar marcha atrás en una rotonda ganaría el premio a la cafrada al volante de la semana,pero está visto que subestimé la capacidad de la gente de hacer el imbécil con el coche.","twitter.com/Rocigaot/status/943531661672763393"
"20/12/2017 17:37:18","14","943520696742957058","","Hay tres críos berreando en esta cafetería que me están reconciliando con este dolor de regla.","twitter.com/Rocigaot/status/943520696742957058"
"20/12/2017 17:34:38","9","943520025465573377","4","Madre mía, cuando esta gente descubra que negociar condiciones dignas es más difícil cuando el que te firma el contrato no es papá ni su colega.https://twitter.com/clubdeviernes/status/943137948081541120 …Ninguno de los repartidores ha sido obligado a trabajar para @deliveroo, todos ellos aceptaron voluntariamente las condiciones ofrecidas, entonces ¿a qué viene todo ésto? Si no están conformes, que dejen de trabajar para la empresa ¿no? https://elpais.com/economia/2017/12/18/actualidad/1513600191_170811.html?id_externo_rsoc=TW_CC …","twitter.com/Rocigaot/status/943520025465573377"
"20/12/2017 0:03:18","","943255449855459329","","Otro clásico! Boda alcohólica en Laz Vegas!","twitter.com/Rocigaot/status/943255449855459329"
"19/12/2017 19:00:50","12","943179331957919744","1","- La amiga fea pero graciosa de la prota que acaba liada con el amigo feo pero gracioso del prota aunque al principio se llevaban fatal.
- Los malos que rodean al héroe pero esperan su turno para atacar y ser apalizados uno por uno.","twitter.com/Rocigaot/status/943179331957919744"
"19/12/2017 13:54:21","1","943102200179544064","","De saber que eran para ti, metía algún meme ","twitter.com/Rocigaot/status/943102200179544064"
"19/12/2017 13:53:41","","943102034567450624","","Tengo que compartir esta maravilla que encontró un amigo en casa de sus padres y que pegaría genial ahí.pic.twitter.com/7QoEbqyq9j","twitter.com/Rocigaot/status/943102034567450624"
"19/12/2017 13:47:53","2","943100576166023168","","Y descubrir que habías heredado a mis fieras cuando cambié de curro ","twitter.com/Rocigaot/status/943100576166023168"
"19/12/2017 13:25:33","2","943094955387604992","","Aclaro que los fabricantes no nos pagan por hacerles publicidad, pero estamos dispuestas a aceptar compensación. En panteras rosas o en cash. ","twitter.com/Rocigaot/status/943094955387604992"
"19/12/2017 13:24:43","2","943094743269040128","","Ya no queda, que esto fue hace un par de meses, pero sólo hace falta nata, fondant rosa y todas las existencias de panteras rosas de tu súper más cercano. A ver si lo ponemos de moda como postre de estas navidades.","twitter.com/Rocigaot/status/943094743269040128"
"19/12/2017 12:40:21","4","943083576823832576","","Aún no nos han dicho a cuántos azucarillos equivale esto.https://twitter.com/uxamene/status/943051288304078848 …A petición de @Rocigaot, te solicito @SinAzucarOrg que nos calcules cuantos gramos de azúcar hay en mi tarta de cumpleaños hecha con unas 50 panteras rosas, nata a modo de cemento y glaseado rosa, a ver si te revienta…","twitter.com/Rocigaot/status/943083576823832576"
"19/12/2017 11:49:36","22","943070808548761600","14","- Buenas tardes, ¿sabía usted que con una pequeña donación mensual a nuestra ONG puede ayud...
-Primero los de Endesa y ahora tú. Qué siesta me estáis dando, me cago en mi vida.pic.twitter.com/KQOZq83n7s","twitter.com/Rocigaot/status/943070808548761600"
"19/12/2017 11:47:59","14","943070398937227269","12","- Hola, amable anciano. Soy asesora energética de Iberdrola. Puede usted ahorrarse un buen pico de la factura si me echa una firmica aquí.pic.twitter.com/Q0MzSLKv0m","twitter.com/Rocigaot/status/943070398937227269"
"19/12/2017 10:22:39","1","943048923605884935","1","Estoy por mandarles la tarta de tu cumple y preguntar: '¿Cuánto azúcar calculáis que hay aquí?' A ver si colapsan.","twitter.com/Rocigaot/status/943048923605884935"
"18/12/2017 22:32:56","2","942870320490401793","1","Yo el de 'sin café no soy persona', sin duda. Con toques de sosa tuneada.https://twitter.com/ayquemal/status/942736048882421760 …¿Qué personaje de Pantomima Full sois? Yo el Sentencias (mi hermana y mi cuñao dixit).","twitter.com/Rocigaot/status/942870320490401793"
"18/12/2017 22:01:31","23","942862414449692673","10","INI TIBLITI DI TIRRÍN DI SICHIRD QUINTIINI CINTITRINTI GRIMIS DI IZÍQUIRhttps://twitter.com/SinAzucarOrg/status/942662621307731968 …Una tableta de Turrón de Suchard contiene 130g de azúcar (32 terrones) pic.twitter.com/ShnkNh1az2","twitter.com/Rocigaot/status/942862414449692673"
"18/12/2017 21:45:26","1","942858365105033218","","Ai, o IRC, por ahí andaba eu tamén!pic.twitter.com/pReWWzMXb5","twitter.com/Rocigaot/status/942858365105033218"
"18/12/2017 21:31:24","5","942854832666415110","2","Yo que cuando estaba de moda Tuenti ya era vieja pa Tuenti no sé cómo tomarme esto. #vamosamorirtodoshttps://twitter.com/favadakedavra/status/942494872405270530 …Ya están aquí.

La gente que no conoció Tuenti.…","twitter.com/Rocigaot/status/942854832666415110"
"18/12/2017 16:16:13","1","942775517232672768","","no, me cambié de banco. Y lo complicaron todo lo que pudieron, claro.","twitter.com/Rocigaot/status/942775517232672768"
"18/12/2017 14:28:04","1","942748299446161411","","A mí me pasó cuando estaba en el Santander, casi me dejan en rojos.","twitter.com/Rocigaot/status/942748299446161411"
"18/12/2017 12:58:39","6","942725794429841409","1","Me encanta que nunca lloriquean con las fotos de maquillajes efecto no-makeup. Lo que les impacta es descubrir que no tenemos los labios púrpura metalizado o glitter dorado en los párpados de forma natural.  CHORPRECHA.","twitter.com/Rocigaot/status/942725794429841409"
"17/12/2017 18:00:13","","942439301635280896","1","Cuando te lías y subes al Linkedin las fotos que rescataste del Tuenti.pic.twitter.com/lMlTirdd8U","twitter.com/Rocigaot/status/942439301635280896"
"17/12/2017 17:38:08","9","942433743037521920","","Me gusta pensar que uno de esos niños nacidos del Erasmus es hijo de la chica que tuvo el buen criterio de dejar por otro a Patatuelas durante su beca.https://twitter.com/La_SER/status/942433411255492608 …30 años de Erasmus (y un millón de bebés) http://cadenaser.com/programa/2017/12/16/hora_14_fin_de_semana/1513444876_955510.html … Por @angelvillascusa","twitter.com/Rocigaot/status/942433743037521920"
"17/12/2017 14:31:14","","942386709337116674","","mujer, la panoja es la panoja.","twitter.com/Rocigaot/status/942386709337116674"
"17/12/2017 14:27:00","","942385644185124864","","Tía, pero puedes inventarte que en realidad tienes un nombre guay y original y que te has puesto DJ Margarita García por ironía hipster. Ahí ya lo petas.","twitter.com/Rocigaot/status/942385644185124864"
"17/12/2017 14:04:35","5","942380002695438337","2","Y el otro, el de respuestas a 'Cómo aún soltera, pa cuándo el novio'.  Si las reuniones familiares son una ocasión para haceros sentir mal con vuestra vida, convertidlas en una ocasión para echaros unas risas a costa de los parientes meticones!https://twitter.com/Rocigaot/status/800484078323519488 …Mi último RT me recuerda que un día tengo que hacer hilo de respuestas al '¿para cuándo el novio?' como hice con el 'para cuándo los niños?'","twitter.com/Rocigaot/status/942380002695438337"
"17/12/2017 14:02:02","4","942379358102216710","1","Como en estas fechas le van a ser de utilidad a mucha gente, rescato mis dos hilos favoritos (junto al de temas para El Pais). El primero, posibles respuestas a 'y los niños pa cuándo?·https://twitter.com/Rocigaot/status/787985558643601408 …De hecho, creo que voy a hacer hilo de posibles respuestas cuando te dan la brasa con 'y por qué no tienes hijos, que se te pasa el arroz':","twitter.com/Rocigaot/status/942379358102216710"
"17/12/2017 13:36:07","2","942372835372216320","","A mí cuando daba extraescolares un mico de 6º de Primaria me soltó que 'tienes que hacer lo que queramos, que yo pago tu sueldo'.","twitter.com/Rocigaot/status/942372835372216320"
"15/12/2017 16:59:52","1","941699337465278466","","'Aquí, sufriendo'. Recupérate pronto! Tienes que quedar ingresada o te mandan pa casa?","twitter.com/Rocigaot/status/941699337465278466"
"15/12/2017 14:34:53","2","941662851852328966","","En cierto modo me dio pena que no la escogieran,porque podía ser la risa aquello.","twitter.com/Rocigaot/status/941662851852328966"
"15/12/2017 14:25:25","4","941660469617676290","","y ambos preguntando por ella, en plan :'¿y puede cogerse vacaciones en tal fecha, que son las fiestas del pueblo?'. Y ya estaba licenciada, así que menos de 22 no podía tener.","twitter.com/Rocigaot/status/941660469617676290"
"15/12/2017 14:20:36","4","941659255148630016","","En uno de mis ex trabajos, cuando estaban buscando gente, una entró a la misma entrevista con su madre y su novio.","twitter.com/Rocigaot/status/941659255148630016"
"14/12/2017 23:17:27","1","941431972550897664","","Yo este curso estoy teniendo mucha potra, hay dos días que tengo todas las clases en un radio de dos manzanas. A ver después de navidades, que suele haber más demanda.","twitter.com/Rocigaot/status/941431972550897664"
"14/12/2017 23:11:52","4","941430564808200192","","Luego que por qué voy en coche a trabajar. Que voy de casa en casa, si dependo del bus y tengo alumnos en barrios distintos tendría que dejar 45 minutos de margen tranquilamente para asegurarme de que no llego tarde por sistema a todas.","twitter.com/Rocigaot/status/941430564808200192"
"14/12/2017 23:05:55","4","941429069878525952","","Y en fin de semana, incluso en barrios bien comunicados, frecuencias de paso de 20-25 minutos,lo que tardas en ir a pata.","twitter.com/Rocigaot/status/941429069878525952"
"14/12/2017 18:54:39","1","941365834529853441","","El sábado tengo exámenes del putomáster toda la mañana. Mañana...","twitter.com/Rocigaot/status/941365834529853441"
"14/12/2017 18:36:57","3","941361379935744000","","me da en la nariz que la campaña ha sido un exitazo.","twitter.com/Rocigaot/status/941361379935744000"
"14/12/2017 18:15:06","1","941355882373439488","","Cómo que soy Trending Topicpic.twitter.com/Y8Sy1JWDQM","twitter.com/Rocigaot/status/941355882373439488"
"14/12/2017 14:26:52","2","941298446136463360","","También es cierto que ambas operaciones discurrieron sin bombas, tornados o asesinos en masa, así que Anatomía de Grey 1, realidad 1.","twitter.com/Rocigaot/status/941298446136463360"
"14/12/2017 14:25:44","1","941298161649405952","","Yo para eso me quejaría antes de Anatomía de Grey, que dos operaciones llevo ya y sigo esperando un cirujano macizo y que además de operarme debata conmigo sobre la vida y el amor.","twitter.com/Rocigaot/status/941298161649405952"
"14/12/2017 14:23:39","2","941297634450591744","2","Hombre, es un cerdo que va al médico pero lleva a sus mascotas al veterinario. Yo un retrato social digno de Ken Loach no lo esperaría.https://twitter.com/eldiarioes/status/941293450196070402 …Una prestigiosa revista científica cuestiona la imagen que da Peppa Pig de los servicios médicos http://vertele.eldiario.es/noticias/prestigiosa-cientifica-cuestiona-Peppa-Pig_0_1966603349.html … En @Vertele","twitter.com/Rocigaot/status/941297634450591744"
"14/12/2017 3:01:53","3","941126063878533120","","El dragón de tres cabezas que se está comiendo el teleprompter recomienda las hipotecas a tipo fijo.pic.twitter.com/ErrPxtkQLi","twitter.com/Rocigaot/status/941126063878533120"
"14/12/2017 2:57:54","","941125061041446912","","lo vi antes por el TL y di por hecho que era de alguna versión inglesa de El Mundo Today","twitter.com/Rocigaot/status/941125061041446912"
"14/12/2017 2:43:00","1","941121310884794368","","lo próximo ya es que te cuelguen un candadito de esos horteras de los enamorados al colocarte un DIU","twitter.com/Rocigaot/status/941121310884794368"
"14/12/2017 2:16:51","4","941114729942134784","","Licor café gratis.pic.twitter.com/WXsBUMcFXJ","twitter.com/Rocigaot/status/941114729942134784"
"14/12/2017 2:12:34","33","941113653960544256","6","Yo vivo en esa zona y aún recuerdo cuando estaba el PP en el Concello y ese banco, que lleva ni sé los años en el mismo sitio, repelía el agua mágicamente.","twitter.com/Rocigaot/status/941113653960544256"
"14/12/2017 2:07:18","","941112326006198272","","pic.twitter.com/dEGr5yK2Ff","twitter.com/Rocigaot/status/941112326006198272"
"13/12/2017 18:33:06","4","940998025572503554","","No sé yo, a mí siempre me tuvo pinta de que aprenderse la tabla del uno le costó más que a la media.","twitter.com/Rocigaot/status/940998025572503554"
"13/12/2017 10:40:32","6","940879100461363200","","Esto me recuerda a otra mítica de los comdntarios: 'pobres niños cuando sepan que su madre decía esas cosas'. Como si te dejara un trauma saber que tu madre es humana y a veces quiere espacio o se desborda. Enhorabuena, por cierto ","twitter.com/Rocigaot/status/940879100461363200"
"12/12/2017 21:48:53","1","940684904718839809","","Encima a mí ya me dan pánico de siempre las avispas normales y las abejas. Lo de la velutina para mí es el equivalente a un apocalipsis zombie.","twitter.com/Rocigaot/status/940684904718839809"
"12/12/2017 21:47:06","2","940684457043988481","","pic.twitter.com/h5NvAYvhyw","twitter.com/Rocigaot/status/940684457043988481"
"12/12/2017 21:45:29","","940684052532744192","","Ya, es lo malo de la UNED, apenas conoces a los profes. El máster no me está resultando difícil, pero aburrido un rato largo. Por es empecé Hispánicas a la vez, para tener algo que estudiar que no me diera ganas de morirme XD","twitter.com/Rocigaot/status/940684052532744192"
"12/12/2017 21:40:32","","940682805859807238","","Nooo, en la UNED. Había hecho Estudios Ingleses y aprovechando que me convalidan cosas, me dio el punto. Pero este año sólo he pillado 2, que estoy con el máster de profe (ese NO en la UNED, por suerte XD)","twitter.com/Rocigaot/status/940682805859807238"
"12/12/2017 21:39:41","1","940682590448742400","1","Espero que hayan prescrito ya todas las veces que canté 'Franco, Franco, que tiene el culo blanco' con la música del himno en los 80.","twitter.com/Rocigaot/status/940682590448742400"
"12/12/2017 21:27:36","12","940679550962421762","1","En mis apuntes de Textos Medievales mencionan el roman Flamenca y me he acordado de habérselo leído nombrar a @meryone por aquí. Twitter enseña, twitter entretiene. (Twitter te da excusas para procastinar diciéndote 'en cierto modo estoy estudiando')","twitter.com/Rocigaot/status/940679550962421762"
"12/12/2017 14:15:55","33","940570912960798720","11","Mención especial a los de 'antes los padres no se quejaban de sus hijos', 'antes los padres nunca tenían un mal gesto para sus hijos ni les molestaba pasar tiempo con ellos'.pic.twitter.com/JkU1SjJIfA","twitter.com/Rocigaot/status/940570912960798720"
"12/12/2017 13:59:49","1","940566864215846912","","A mí a veces me recuerda a los timos piramidales.","twitter.com/Rocigaot/status/940566864215846912"
"12/12/2017 13:58:47","122","940566600394133504","56","-¿Y por qué no tienes hijos?
-Porque pensar en soportar durante años a pedorros como vosotros en el grupo whatsapp de padres me da ganas de ligarme las trompas con el alambre del pan bimbo.","twitter.com/Rocigaot/status/940566600394133504"
"12/12/2017 13:55:12","132","940565701697339392","76","No tienes hijos: 'Eres una egoísta, cumple tu deber biológico en vez de malgastar tu vida con viajes y fiestas y chorradas'.
Tienes hijos y osas decir que echas de menos cosas de antes: 'Eres una egoísta, si lo que querías eran viajes y fiestas para qué tienes hijos'","twitter.com/Rocigaot/status/940565701697339392"
"12/12/2017 13:53:20","67","940565231331405824","37","Os juro que a veces pienso que quienes saltan como fieras cada vez que alguien osa decir que la maternidad no es siempre maravillosa son los que más amargaos están como padres y por eso quiere que otros piquen y se jodan también.","twitter.com/Rocigaot/status/940565231331405824"
"12/12/2017 13:51:30","55","940564768980692993","19","'Si no quería hijos para qué los tuvo, hay que pensárselo antes' (Si me dieran un euro por cada vez que me han dicho: 'mujer, es que si la gente se pensara tanto lo de tener hijos nadie los tendrías, lánzate' estaría escribiendo esto desde las Sheychelles).","twitter.com/Rocigaot/status/940564768980692993"
"12/12/2017 13:48:28","50","940564007207034881","14","Señoros con hijos: 'Pues yo soy padre y disfruto cada momento con mis hijos, lástima el trabajo que me quita tiempo' (de lunes a viernes a los niños se cuidan solos, claro).","twitter.com/Rocigaot/status/940564007207034881"
"12/12/2017 13:45:47","74","940563332288925696","38","Señoros varios: 'Lo que pasa ahora es que hay mucha egoísta que sólo piensa en ella misma, ya no hay madres como las de antes'.pic.twitter.com/am3XDMuXPu","twitter.com/Rocigaot/status/940563332288925696"
"12/12/2017 13:43:24","48","940562732469846017","13","Señora random con foto de sus niños como imagen de perfil: 'Pues para mí mis hijos son lo mejor de mi vida. Ser madre es genial. La maternidad es lo mejor'.pic.twitter.com/tnEuNuu3tj","twitter.com/Rocigaot/status/940562732469846017"
"12/12/2017 13:42:04","36","940562393683423233","37","Como me gusta de sufrí, he echado un vistazo a los comentarios en Facebook de esta publicación y lo que pasó a continuación (no) os sorprenderá.http://www.eldiario.es/nidos/Lunes-custodia-compartida-aburrimiento_0_717428624.html …","twitter.com/Rocigaot/status/940562393683423233"
"12/12/2017 11:20:42","2","940526819190636544","3","El hilo todo https://twitter.com/N0ESP0RPRESUMIR/status/940373536857870336 …Grupo de padres de WhatsApp (dramatización):
- Buenas tardes a todos, ha dicho la seño cómo va lo del belén del cole? No pude ir a la reunión.
- Hola.…","twitter.com/Rocigaot/status/940526819190636544"
"12/12/2017 0:53:42","14","940369028702457856","3","De verdad, sabemos que hace frío. Si nos decís que nieva mucho, nos lo creemos. No hace falta que mandéis a periodistas a congelarse cual calipos (y con el riesgo añadido de conducir por puertos de montaña con ese tiempo, añado).https://twitter.com/jorgeabadp/status/940279719391584256 …Se nos va de las manos. pic.twitter.com/ElHmb6ioqQ","twitter.com/Rocigaot/status/940369028702457856"
"12/12/2017 0:45:21","1","940366928765472769","","Imaginaos que encima fuera una convención habitual de la comedia la del protagonista sufriendo insinuaciones sexuales de una mujer gorda, mayor o poco atractiva. Impensable. Lo nunca visto.","twitter.com/Rocigaot/status/940366928765472769"
"11/12/2017 23:06:26","5","940342035902496769","1","De verdad que si fuera madre y me saliera la pasta por las orejas contrataría a un community manager solo para llevarme el grupo whatsapp de madres y no envenenarme yo.https://twitter.com/SaraSolomando/status/940239642993086464 …¿Por qué hay madres que se creen con derecho a mandar esta basura al grupo de la clase? pic.twitter.com/4UoqkK0MNs","twitter.com/Rocigaot/status/940342035902496769"
"11/12/2017 20:37:06","","940304453332357123","","Tuve una compi de pisobque, cuando su novio se fue a Madrid a preparar el MIR, iba a verle y le llevaba la compra hecha 'porque como nunca ha vivido solo igual no se apaña'. 25 ó 26 añitos tenía el pavo.","twitter.com/Rocigaot/status/940304453332357123"
"11/12/2017 14:28:08","1","940211601696808961","","Si es la de Coruña que decías, me imagino qué calle es. Y sí, es larga como un lunes. ","twitter.com/Rocigaot/status/940211601696808961"
"11/12/2017 13:06:28","2","940191047904321537","1","Igual se pagó la carrera pinchando con un radiocasette y cintas grabadas de la radio. ","twitter.com/Rocigaot/status/940191047904321537"
"11/12/2017 1:12:31","10","940011375618863104","","Me pagué la carrera haciendo de lazarillo de un señorito ciego. Sus padres me dejaban dormir en un cesto de mimbre en la cocina.","twitter.com/Rocigaot/status/940011375618863104"
"11/12/2017 1:08:41","6","940010412031885312","","Me pagué la universidad trabajando de temporera en un arrozal de Camboya.","twitter.com/Rocigaot/status/940010412031885312"
"11/12/2017 1:00:11","3","940008274010755072","","Yo me pagué la carrera como vendedora de fósforos y como relaciones públicas de Pachá Ibiza.","twitter.com/Rocigaot/status/940008274010755072"
"11/12/2017 0:52:49","93","940006420900208645","37","Yo me pagué la carrera deshollinando chimeneas en los barrios bien de Londres. Pasábamos el día trabajando y la noche bailando 'Al compás' en los tejados, y aún así saqué 14 matrículas.","twitter.com/Rocigaot/status/940006420900208645"
"11/12/2017 0:51:26","5","940006072777101312","2","Yo me pagué la universidad trabajando de canario detector del grisú en la mina.","twitter.com/Rocigaot/status/940006072777101312"
"10/12/2017 21:19:14","1","939952670084943872","","ojalá un bot que replicase con este gif a todos los notallmen","twitter.com/Rocigaot/status/939952670084943872"
"10/12/2017 21:16:52","41","939952074401435653","20","'Yo estaba estudiando Ingeniería 28 horas diarias mientras los perroflautas estaban protestando por Prestige o el Plan Bolonia'.pic.twitter.com/jxJABBA6LG","twitter.com/Rocigaot/status/939952074401435653"
"10/12/2017 21:15:12","1","939951652785844224","","espérate, que estoy haciendo el gif!pic.twitter.com/UsqZfVg1QQ","twitter.com/Rocigaot/status/939951652785844224"
"10/12/2017 20:20:18","4","939937840334622720","3","Si te dice que tiene una mente matemática, no te lo folles.","twitter.com/Rocigaot/status/939937840334622720"
"10/12/2017 20:19:42","8","939937688198795270","1","'No creo que un ingeniero con una mente matemática dedique un minuto de su tiempo a pensar en el Prestige o los desahucios'. Y se pensará que está diciendo algo bueno de ellos.","twitter.com/Rocigaot/status/939937688198795270"
"10/12/2017 12:18:08","10","939816499052675073","1","En lo de las minicasas están enseñando una donde el wc es un cubo en la cocina. Si lo ven en Lo País te sacan otro répor de tendencias.","twitter.com/Rocigaot/status/939816499052675073"
"7/12/2017 15:55:13","1","938783965321850880","","SOFALES.","twitter.com/Rocigaot/status/938783965321850880"
"7/12/2017 13:14:58","7","938743634375139328","","Tienen toda la pinta de currar para Sorospic.twitter.com/eB3QJNBU5r","twitter.com/Rocigaot/status/938743634375139328"
"7/12/2017 10:18:59","182","938699349063815168","129","Lo que más lóker me tiene de los terraplanistas es que no acabo de pillar la lógica de su conspiranoia: 'Os hacen creer que la Tierra es redonda'. Ok, ¿pa qué? ¿Es cosa de los poderosos magnates de la industria de fabricación de globos terráqueos?","twitter.com/Rocigaot/status/938699349063815168"
"5/12/2017 14:09:28","3","938032574219390977","","Que se supone que Amazon me manda otra vez los libros (espero que por otra mensajería o esto puede ser el día de la marmota) pero es que ahora ya tengo curiosidad por saber cuántos días me ponen el paquete en 'en reparto' sin  molestarse en llamar o dejar nota de paso.","twitter.com/Rocigaot/status/938032574219390977"
"5/12/2017 14:07:50","3","938032166302339072","2","Pues otra mañana encerrada en casa y los de CorreosExpress sin venir. El paquete supuestamente sigue en reparto desde el jueves. Deben de tener una ruta que llega a la estepa siberiana.","twitter.com/Rocigaot/status/938032166302339072"
"4/12/2017 22:31:27","","937796514893754368","","Yo en cambio con MRW suelo tener menos problema, al menos suelen llamar si no estoy en casa o mandar un sms con algún medio de contacto. Estos ni un triste mensaje con un teléfono o mail de la oficina de aquí para acordar una forma de entrega.","twitter.com/Rocigaot/status/937796514893754368"
"4/12/2017 22:23:45","","937794576504573953","","Yo creo que ni he llegado a conocer a un repartidor de esa compañía. Las veces que me han tocado ellos al final me ha tocado ir al polígono a buscar el paquete.","twitter.com/Rocigaot/status/937794576504573953"
"4/12/2017 22:22:44","","937794321063010304","","Qué va, el paquete lleva en reparto desde el jueves. De hecho, el jueves me figuraba como entregado y se lo notificaron así a Amazon.","twitter.com/Rocigaot/status/937794321063010304"
"4/12/2017 22:14:22","1","937792218928156672","","Esto pode ser un día da marmota. Te envían un paquete con esa compañía, non chega e reclamas, ofrécense a mandarche outro, usan a mesma compañía, non chega e reclamas, mándanche outro...","twitter.com/Rocigaot/status/937792218928156672"
"4/12/2017 22:12:37","1","937791776491999233","","Hasta echo de menos a los de Seur, que te sueltan la bola de que han pasado por casa, pero al menos te mandan un mail o sms con un medio de contacto.","twitter.com/Rocigaot/status/937791776491999233"
"4/12/2017 22:11:07","","937791398509719552","","Si, falei con Amazon e fanme outro envío. Con outra compañía, espero.","twitter.com/Rocigaot/status/937791398509719552"
"4/12/2017 22:10:41","","937791291643097089","","Amazon, que sí que se pusieron en contacto conmigo. Espero que el envío nuevo lo hagan con otra compañía o esto puede ser el día de la marmota.","twitter.com/Rocigaot/status/937791291643097089"
"4/12/2017 22:10:08","1","937791149611409410","","A mí no me han atendido siquiera. Los de Amazon sí, ellos ni pío. Pero no creo que sea problema de los mensajeros sino política de empresa, que entras en su twitter y TODOS los comentarios de la gente son igual. Un mensajero poco competente te puede cuadrar, todos ya...","twitter.com/Rocigaot/status/937791149611409410"
"4/12/2017 22:06:55","","937790340786016257","","¿Se han pasado por aquí? Ni idea. Ni me han llamado, ni hay papel de notificación, ni nada. Y así desde el jueves. Estarán esperando a que la gente vaya hasta el polígono donde tienen la nave a recoger sus paquetes por cansancio y ahorrarse mensajeros.","twitter.com/Rocigaot/status/937790340786016257"
"4/12/2017 22:04:40","5","937789774412251136","2","Eh, @Cex_responde, ya me contaréis cómo os modifiqué de nuevo la fecha de entrega si no hay forma de hablar con vosotros, que sólo tenéis un 902 conectado a una máquina y un formulario web que no va.pic.twitter.com/XpxjypQmc2","twitter.com/Rocigaot/status/937789774412251136"
"4/12/2017 20:37:49","7","937767920905617408","2","Intento no quemarme con Perci porque con ese nombre y un apellido que rima con 'me la agarras con la mano' no ha debido de tener una infancia agradable, pero no me lo pone nada fácil.","twitter.com/Rocigaot/status/937767920905617408"
"4/12/2017 20:34:42","63","937767133924220928","34","Recordad usar casco si vais en bici o moto,que un mal golpe y te quedas Percival Manglano.https://twitter.com/pmanglano/status/937026270814261248 …'Refugees welcome', salvo para un niño refugiado y pobre nacido en un establo en Belén hace más de 2000 años.

Ese no se merece un recuerdo en la Puerta de Alcalá.","twitter.com/Rocigaot/status/937767133924220928"
"4/12/2017 13:13:51","","937656189990703104","","pues entonces desde el jueves hasta hoy no se han pasado ni una vez, porque aún estoy esperando el primer papel, llamada o lo que sea.","twitter.com/Rocigaot/status/937656189990703104"
"4/12/2017 12:50:52","","937650407278546944","","por la tarde no estoy en casa, y no hay forma de contactarles para avisar. Otras mensajerías te dejan un papel, te mandan un mail, te llama el mensajero..., algo que no sea un 902 con un contestador.","twitter.com/Rocigaot/status/937650407278546944"
"4/12/2017 12:31:19","","937645486013599749","","Sería lo lógico, sí, pero aquí nadie ha dejado nada. De hecho, tenía otro pedido que me llegaba por Correos (el de siempre, no el Express) y me ha llegado antes.","twitter.com/Rocigaot/status/937645486013599749"
"4/12/2017 12:14:10","243","937641170011852800","74","Que ya con el 'si eres feminista no tendrás a un tío como yo' me convences, pero si encima añades gatetes, dónde hay que firmar.","twitter.com/Rocigaot/status/937641170011852800"
"4/12/2017 12:04:09","","937638650694823937","","Que yo por las tardes curro y hasta pensé llamarles y decirles que podían dejarlo en otro piso del mismo edificio (que lo tengo especificado en Amazon pero por si no lo ven) pero no hay forma humana de contactar con ellos.","twitter.com/Rocigaot/status/937638650694823937"
"4/12/2017 12:03:08","","937638396876546048","","El viernes estaba en reparto de nuevo. El sábado estaba en reparto. Hoy está en reparto. No sé si se pasaron en algún momento porque no dejan nota, ni mandan mail ni ná de ná.","twitter.com/Rocigaot/status/937638396876546048"
"4/12/2017 11:42:25","","937633182748479488","","Sí, según ese hilo primero me entregaron el paquete, luego cambié el pedido para que me lo entregaran el día antes y ahora lleva tres días en reparto.","twitter.com/Rocigaot/status/937633182748479488"
"4/12/2017 11:40:20","3,2K","937632655692238848","1,8K","'Si eres una feminista de esas tendrás un montón de gatos pero no a un tío como yo'. Lo próximo va a ser amenazarnos con suscripciones gratuitas de Netflix o manantiales que dan cerveza.","twitter.com/Rocigaot/status/937632655692238848"
"4/12/2017 11:22:27","1","937628154973294592","","Estamos a lunes y mi paquete sigue en reparto de Correos Express. A lo mejor se han pasado por casa cuando no estaba, pero como es imposible localizarlos y pedirles que se dignen mirar la alternativa de entrega que figura en mis datos de Amazon...","twitter.com/Rocigaot/status/937628154973294592"
"2/12/2017 0:25:44","1","936738113128419328","","Sí, mujer, sin problema!","twitter.com/Rocigaot/status/936738113128419328"
"2/12/2017 0:22:45","1","936737363656675329","","He de decir en mi defensa que el programa me saltaba en el radio despertador y lo oía aún medio dormida y antes del café ","twitter.com/Rocigaot/status/936737363656675329"
"2/12/2017 0:14:41","2","936735330815938560","","Yo la primera vez que oí el anuncio fue en el programa de Carles Francino y pensé:'qué promo más rara le han hecho al programa'pic.twitter.com/YAl7VLvtKh","twitter.com/Rocigaot/status/936735330815938560"
"1/12/2017 15:14:31","","936599396149530624","","Ya caerás, ya! ","twitter.com/Rocigaot/status/936599396149530624"
"1/12/2017 14:16:50","2","936584877998264320","","weno... pst.","twitter.com/Rocigaot/status/936584877998264320"
"1/12/2017 14:15:13","8","936584472199344130","","A ver si @desselebrada , que es la experta en cosas de la cabeza, sabe qué procedimiento me puede borrar del selebro la de 'Velaskes io soy guapa', que llevo 3 días con ella en bucle. ¿Lobotomía? ¿El borrador de mentes de men in black?","twitter.com/Rocigaot/status/936584472199344130"
"1/12/2017 14:12:48","2","936583864625098755","","Yo estoy igual! Me van a tener que lobotomizar para borrármela de la sesera!","twitter.com/Rocigaot/status/936583864625098755"
"1/12/2017 13:24:51","1","936571795116888065","","Que ahora que lo pienso, ojalá poder dedicarse a eso profesionalmente. Yo no suelo decir eso de 'mi trabajo es mi pasión', pero haría una excepción con eso.","twitter.com/Rocigaot/status/936571795116888065"
"1/12/2017 13:16:22","2","936569660383940608","","De ahí a ponerse 'Insult consultor' en Linkedin hay un paso.","twitter.com/Rocigaot/status/936569660383940608"
"1/12/2017 11:42:07","1","936545940592381952","","Y esta tarde tengo que ir a Asturias y estoy acojonaíta por si pillo nieve/hielo/niebla nivel La Nada de la Historia Interminable en Mondoñedo.","twitter.com/Rocigaot/status/936545940592381952"
"1/12/2017 11:28:07","1","936542418362667008","","Encima en Amazon me figura como entregado, así que está claro que de cara al cliente grande hacen como que han hecho la entrega y luego tú peléate con su contestador automático.","twitter.com/Rocigaot/status/936542418362667008"
"1/12/2017 11:16:48","3","936539570929205248","2","Lo que me sigue matando es que nos mientan en cosas como 'el destinatario no estaba en casa' o 'el destinatario ha modificado la fecha de entrega'. EL DESTINATARIO SOMOS NOSOTROS, NOS HABRÍAMOS ENTERADO.","twitter.com/Rocigaot/status/936539570929205248"
"1/12/2017 11:15:50","2","936539325872865281","","Por dios, @AmazonESP , para trabajar con esa mierda de mensajerías mejor mandar los paquetes por Correos de toda la vida (no 'Express'), que no me vale de nada que se envíe en un día si luego paso 3 esperando mientras el paquete da tumbos por la ciudad.","twitter.com/Rocigaot/status/936539325872865281"
"1/12/2017 11:13:53","","936538837085573121","","Tras media hora de 'pulse 1' 'pulse 2' en el teléfono de atención al cliente de @CorreosExpress e incapacidad total de que me pasaran con un operador, parece que mi paquete está hoy en reparto.Claro que según su web me va a llegar ayer, así que...pic.twitter.com/WS4HudzI1R","twitter.com/Rocigaot/status/936538837085573121"
"1/12/2017 11:08:39","","936537521768534016","","Si en vez de a Atención al Cliente le doy a la opción de 'necesito la visita de un consultor comercial' el formulario para meter tus datos funciona sin problema, eso sí.pic.twitter.com/61HOxZJ3fK","twitter.com/Rocigaot/status/936537521768534016"
"1/12/2017 11:07:29","1","936537225147363328","","Y el formulario de contacto no me deja meter mis datos de contacto. En serio, no enviéis nada con Correos Express, una paloma mensajera es más eficaz.","twitter.com/Rocigaot/status/936537225147363328"
"1/12/2017 11:05:22","","936536695343808513","","Lo de tener un teléfono 902 y ponerte con un contestador que te tiene media hora dando a 'pulse 1', 'pulse 2' según la opción no canta nada tampoco, @Cex_responde.","twitter.com/Rocigaot/status/936536695343808513"
"1/12/2017 10:58:47","2","936535036530188288","","Esperaos, que el paquete que según el link de @Cex_responde me entregaron ayer ahora 'no pudo ser entregado por haber sido modificada la fecha por el destinatario' mentira pero se recibirá en la fecha de entrega prevista: AYER.pic.twitter.com/QF4ziiNdP3","twitter.com/Rocigaot/status/936535036530188288"