"date","fav","id","rt","text","url"
"1/2/2017 0:56:24","","826579920549720064","","he tenido que ir a tu TL a ver de qué iba eso. Madre mía, las cabezas.","twitter.com/Rocigaot/status/826579920549720064"
"1/2/2017 0:47:21","4","826577640626720768","2","aparte de que se dan un aire. Trump es un poco Dalas con 40 años más y después de caerse en un tanque de Riskettos.","twitter.com/Rocigaot/status/826577640626720768"
"1/2/2017 0:34:32","1","826574417639653377","","pic.twitter.com/Wph8RvlMED","twitter.com/Rocigaot/status/826574417639653377"
"31/1/2017 23:56:40","","826564886180327424","","o/","twitter.com/Rocigaot/status/826564886180327424"
"31/1/2017 1:47:51","1","826230478277636098","","pic.twitter.com/YrFFBYhsO5","twitter.com/Rocigaot/status/826230478277636098"
"30/1/2017 23:37:31","3","826197678983884801","","en buena hora contesté, en buena hora.","twitter.com/Rocigaot/status/826197678983884801"
"30/1/2017 22:56:38","","826187391023017984","","33 sólo me dejan llevarlas en pack de 6.","twitter.com/Rocigaot/status/826187391023017984"
"30/1/2017 22:56:07","","826187260760449025","","ya hace tiempo que tienen la de medio litro, de hecho en el súper que tengo más cerca sólo tienen esa suelta, las de...","twitter.com/Rocigaot/status/826187260760449025"
"30/1/2017 22:45:46","1","826184657364324353","","los clásicos nunca mueren.","twitter.com/Rocigaot/status/826184657364324353"
"30/1/2017 22:42:49","2","826183915790491648","","ay, ya te han operado? Ahora a descansar y a recuperarse, que te has quitado un peso de encima, literalmente! XD","twitter.com/Rocigaot/status/826183915790491648"
"30/1/2017 21:53:13","2","826171432824602624","","ay, por fin una app de ligar donde podría encontrar el amor!","twitter.com/Rocigaot/status/826171432824602624"
"30/1/2017 17:58:12","1","826112289132707840","1","lo puso bastante a huevo!","twitter.com/Rocigaot/status/826112289132707840"
"30/1/2017 17:53:09","3","826111017230991362","","RT si quería decir Stan Lee, Fav si se refería a Paul Stanley.https://twitter.com/SifgridSoria/status/826105845058531328 …Carmena acierta al recordar que el socialista populista Hitler llegó al poder por la vía democrática y que Stanli mató a 100.000 personas.","twitter.com/Rocigaot/status/826111017230991362"
"29/1/2017 20:55:45","1","825794582118019074","","Creo que habías dicho que no habías visto Friends, pero...pic.twitter.com/FOMuqnjE2j","twitter.com/Rocigaot/status/825794582118019074"
"29/1/2017 20:44:25","14","825791729391562753","2","'Busco chica para follar, comer croquetas y clavar cabezas de entrepreneurs en picas'. Eso sería una bio ganadora.","twitter.com/Rocigaot/status/825791729391562753"
"29/1/2017 20:21:58","2","825786080691630080","1","españoles, mi libido ha muerto.","twitter.com/Rocigaot/status/825786080691630080"
"29/1/2017 20:14:24","","825784175584227328","","pero dónde es eso? Por qué sitios te mueves?","twitter.com/Rocigaot/status/825784175584227328"
"29/1/2017 20:07:38","","825782473191743489","","pic.twitter.com/SNdlNptb2E","twitter.com/Rocigaot/status/825782473191743489"
"28/1/2017 17:51:51","1","825385913328992257","1","el artículo contra Reverte y Marías? en FB estaban todos los Revertiebers on fire.","twitter.com/Rocigaot/status/825385913328992257"
"28/1/2017 13:21:00","1","825317750440595456","","ay, me han robado mi idea hemprendedora de un Uber para ofrecer la habitación libre de tu casa como picadero!","twitter.com/Rocigaot/status/825317750440595456"
"27/1/2017 15:55:12","","824994171035455488","","Si me queréis, acercarse a hacerme de chófer que llueve mucho para ir a pie y voy a zonas de aparcamiento chungo.","twitter.com/Rocigaot/status/824994171035455488"
"27/1/2017 14:01:06","3","824965454485667841","2","yo en 2016 un contrato de 2 h/semana y unos 6 de un par de días. La TGSS y yo volvemos y lo dejamos más que Quimi y Valle.","twitter.com/Rocigaot/status/824965454485667841"
"27/1/2017 1:36:16","2","824778013917245441","","Pero qué grande es esto, joder.https://twitter.com/Reductress/status/824776441195790337 …5 Absolutely Incredible Books By Female Authors That He’ll Say He Just Couldn’t Get Into: http://reductr.es/2jVBwtx  pic.twitter.com/0VSa7FHYL9","twitter.com/Rocigaot/status/824778013917245441"
"27/1/2017 1:29:32","1","824776316335554560","","A lo mejor Sean Spicer tiene sus contraseñas apuntadas en un post-it pegado al monitor, como un jefe que tuve.","twitter.com/Rocigaot/status/824776316335554560"
"27/1/2017 1:10:50","2","824771613098987520","","se ve que sí. Mira, al menos es una moda barata. Mañana pruebo.","twitter.com/Rocigaot/status/824771613098987520"
"27/1/2017 1:07:53","5","824770869037785088","1","Madre mía Gallardón de rey Baltasar.https://twitter.com/AFPespanol/status/824760837088894976 …El estilo motero cierra la Semana de la Alta Costura en París #AFP 
http://u.afp.com/4c55  pic.twitter.com/WRsfw13zK1","twitter.com/Rocigaot/status/824770869037785088"
"27/1/2017 0:01:18","13","824754113783197696","4","'Ná, en los hoteles todo el mundo roba estas cosas. Yo ahora salgo andando con naturalidad y ni se coscan'.pic.twitter.com/Y1P5y5bh2b","twitter.com/Rocigaot/status/824754113783197696"
"27/1/2017 0:00:30","5","824753910791421954","","Cuando vas en Ryanair y te pones TODO lo que puedes encima para no facturar equipaje.pic.twitter.com/l8K0eA4TCP","twitter.com/Rocigaot/status/824753910791421954"
"26/1/2017 23:58:23","7","824753379910025217","4","Cuando intentas ponerle tú sola la funda al nórdico pero es una batalla que no puedes ganar.pic.twitter.com/H26tyY3Dg7","twitter.com/Rocigaot/status/824753379910025217"
"26/1/2017 23:53:07","","824752052316274688","","y porque se me ocurrió mirar la app del calendario, que no sabía a qué día vivía y ya pensaba que tenía la soitaria. XD","twitter.com/Rocigaot/status/824752052316274688"
"26/1/2017 23:51:00","8","824751523183865861","","Síndrome premenstrual nivel:pic.twitter.com/U3ONz9qEJ5","twitter.com/Rocigaot/status/824751523183865861"
"26/1/2017 23:37:38","1","824748158047617029","","Económicas era, probablemente, la carrera que más claro tenía que NO quería hacer.","twitter.com/Rocigaot/status/824748158047617029"
"26/1/2017 23:37:02","1","824748008042557440","","en casa querían que fuera por ciencias o letras mixtas con el argumento de 'sin mates no puedes hacer económicas' (1)","twitter.com/Rocigaot/status/824748008042557440"
"26/1/2017 19:04:00","","824679294110748674","","que esto último es menos raro, no le pongo cara a gente de grupos que escucho y hasta he visto en concierto.","twitter.com/Rocigaot/status/824679294110748674"
"26/1/2017 19:03:00","","824679043689840640","","igual alguna vez vi alguno pero no lo ubico, lo típico que lo ponen en la tele de un bar. Pero ni le pongo cara.","twitter.com/Rocigaot/status/824679043689840640"
"26/1/2017 18:58:43","","824677965955026944","","me lo dijeron por aquí, yo de Sia controlo poco, que soy viejuna y no sé lo que oís los jóvenes ","twitter.com/Rocigaot/status/824677965955026944"
"26/1/2017 18:34:52","","824671963255894018","","dan mucho miedito todas.","twitter.com/Rocigaot/status/824671963255894018"
"26/1/2017 17:02:43","1","824648773041262593","","yo aún descubrí el otro día que tenía esos canales, pero estoy fascinadita com esto y con las Dance Moms","twitter.com/Rocigaot/status/824648773041262593"
"26/1/2017 16:52:51","","824646290122440706","","un programa de DKiss o de Ten,  no recuerdo ahora mismo. El nombre lo dice todo.","twitter.com/Rocigaot/status/824646290122440706"
"26/1/2017 16:51:01","2","824645830086983680","","hace dos días salió un caso igual en 'El sexo me llevó a Urgencias'. Igual este lo vio y dijo 'buena idea, voy a probar yo'","twitter.com/Rocigaot/status/824645830086983680"
"26/1/2017 14:41:25","4","824613212863758337","","de todas formas peor es si juntas en la mesa de tuiteros a gente que se tiene block.","twitter.com/Rocigaot/status/824613212863758337"
"26/1/2017 14:39:39","3","824612768909254656","","'Cari, no jodas que has sentado a este en la mesa de los sincebollistas. Nos va a arruinar la boda'","twitter.com/Rocigaot/status/824612768909254656"
"26/1/2017 14:16:51","5","824607033903222784","","la mesa de tuiteros de las bodas. El concepto. XD","twitter.com/Rocigaot/status/824607033903222784"
"26/1/2017 14:16:14","1","824606876176375809","","Te casas? Nunca me entero de ná, felicidades!","twitter.com/Rocigaot/status/824606876176375809"
"26/1/2017 13:58:47","2","824602484526186501","","yo ese era la primera vez que lo usaba, pero es que es enano, es más fácil perderte en la estación de buses.","twitter.com/Rocigaot/status/824602484526186501"
"26/1/2017 13:56:43","2","824601963450998784","","yo una vez me fui al aeropuerto 2h y media antes por si no encontraba mi puerta de embarque. Al de Vigo. XD","twitter.com/Rocigaot/status/824601963450998784"
"26/1/2017 0:46:49","1","824403180654129152","","huele a mafia organizada que roba cabezas de caballo para revenderlas en el extranjero, como con los coches.","twitter.com/Rocigaot/status/824403180654129152"
"26/1/2017 0:36:35","1","824400602973224960","","siempre pasa.","twitter.com/Rocigaot/status/824400602973224960"
"25/1/2017 23:27:50","1","824383302970785813","","qué cara de flipación! ","twitter.com/Rocigaot/status/824383302970785813"
"25/1/2017 22:38:12","","824370810823569409","","ay, ya sé con qué me voy a autoengañar cada vez que sucumba al antojo de chuches!","twitter.com/Rocigaot/status/824370810823569409"
"25/1/2017 14:49:15","3","824252798762188801","","me los como en plan 'esto rico no sabe pero en compensación me va a abrasar hasta el esófago así que ok'.","twitter.com/Rocigaot/status/824252798762188801"
"25/1/2017 14:48:23","3","824252579240624129","","la gracia es que a mí los pimientos, guindillas y demás no me gustan de sabor pero los como porque pican.","twitter.com/Rocigaot/status/824252579240624129"
"25/1/2017 14:43:26","2","824251334052417537","","yo fui el otro día al indio y al acabar sí tenía la sensación de 'ahora me dices Dracarys y te dejo sin cejas' XDDD","twitter.com/Rocigaot/status/824251334052417537"
"25/1/2017 14:38:07","","824249995440300034","","sí, alguna vez te lo he leído comentar. A mí me gustaría probar el picante de verdad, a ver si sobrevivo o no. XD","twitter.com/Rocigaot/status/824249995440300034"
"25/1/2017 14:35:57","1","824249451808165889","","lo rebajan respecto al concepto de  'extremadamente picante' de los autóctonos para no matarnos. XDDD","twitter.com/Rocigaot/status/824249451808165889"
"25/1/2017 14:35:19","","824249291875217409","","yo lo que los indios marcan aquí como muy picante lo aguanto bien, aunque supongo que pasa como en los mexicanos y(1)","twitter.com/Rocigaot/status/824249291875217409"
"25/1/2017 14:29:46","1","824247894198931458","","manda tupper, que mi lema es 'si no estás llorando, no pica lo suficiente'","twitter.com/Rocigaot/status/824247894198931458"
"24/1/2017 20:24:24","2","823974754411573248","","ellos tienen bates pero nosotros haremos un lipdub que te cagas! Lo veo, sí.","twitter.com/Rocigaot/status/823974754411573248"
"24/1/2017 16:56:38","1","823922465294483456","","Ay, que me faltaban dos.pic.twitter.com/8WrTnmcmDf","twitter.com/Rocigaot/status/823922465294483456"
"24/1/2017 16:53:11","2","823921598990340096","1","Pensaba que nada podía superar el mashup de Aless Gibaja+ Reverte, PERO.pic.twitter.com/EPan4Evb2u","twitter.com/Rocigaot/status/823921598990340096"
"24/1/2017 16:45:11","2","823919587410513922","","Quitadme el mashup, que yo tenía que hacer cosas.pic.twitter.com/7SCGgqm2AE","twitter.com/Rocigaot/status/823919587410513922"
"24/1/2017 16:31:16","2","823916083262394368","","aunque dejándome a mí aparte, mi combinación prefe es Pérez Reverte + Aless Gibaja ","twitter.com/Rocigaot/status/823916083262394368"
"24/1/2017 16:26:59","6","823915003778650113","1","Pues tiene razón @SantaSuki , mola hacer mashup con la cuenta del Papa Paco!pic.twitter.com/LV7ibIE92U","twitter.com/Rocigaot/status/823915003778650113"
"24/1/2017 15:26:16","13","823899725619412994","","Se me ha roto la Nespresso y ya recuerdo por qué no usaba la cafetera italiana: he cargado el café tanto que si le echo farlopa lo rebajo.","twitter.com/Rocigaot/status/823899725619412994"
"24/1/2017 15:10:07","1","823895662190272513","","é aínda mellor cando poñen un tuit de 'esto no te lo contarán los medios' con link a El País ou á CNN XDDD","twitter.com/Rocigaot/status/823895662190272513"
"23/1/2017 23:16:13","3","823655606108246016","","en mi TL tampoco he leído nada por el estilo. Ni siquiera por retuits.","twitter.com/Rocigaot/status/823655606108246016"
"23/1/2017 22:26:39","10","823643131522535425","","Una hora de berrinche non stop lleva uno de los críos de al lado. Mi útero me está diciendo que hasta luego Maricarmen.","twitter.com/Rocigaot/status/823643131522535425"
"23/1/2017 21:58:54","6","823636148698447872","2","asumo que es pregunta retórica porque todos sabemos que la respuesta es GULAG.","twitter.com/Rocigaot/status/823636148698447872"
"23/1/2017 21:44:44","3","823632581723901956","1","¡Anda, que al final no era la fabada aquella que nos tomamos en mayo!https://twitter.com/AnageMidos/status/823546388738965504 …qué sorpresa, vaya pic.twitter.com/cWcpQeV06N","twitter.com/Rocigaot/status/823632581723901956"
"23/1/2017 21:30:04","1","823628892208504832","","yo creo que me lo voy a guardar por si las moscas. Si me llevan a juicio quiero poder decir que seguía órdenes de la poli.","twitter.com/Rocigaot/status/823628892208504832"
"23/1/2017 21:27:38","1","823628277151567872","","A menos que sean sobre Carrero Blanco, que ya tal.https://twitter.com/policia/status/823598899625684996 …Los mensajes canallas y miserables ante desgracias ajenas solo merecen rechazo. No los compartas. Reporta a la plataforma y bloquea #RESPETO","twitter.com/Rocigaot/status/823628277151567872"
"23/1/2017 17:51:30","1","823573885652242432","","lo he visto cienes y cienes de veces y me sigo meando XD","twitter.com/Rocigaot/status/823573885652242432"
"23/1/2017 17:01:15","1","823561239200677888","","escoceses, los gaditanos del mundo angloparlante. XDD","twitter.com/Rocigaot/status/823561239200677888"
"23/1/2017 16:56:36","2","823560072290861057","","ay, me recuerda al mítico sketch de los escoceses en un ascensor con reconocimiento de voz XDDD. https://www.youtube.com/watch?v=5FFRoYhTJQQ …","twitter.com/Rocigaot/status/823560072290861057"
"23/1/2017 14:49:18","4","823528033189556224","1","toca una pared:
-Y aquí puedes poner un mueble...
La pared se derrumba
-O dejarlo así tipo loft","twitter.com/Rocigaot/status/823528033189556224"
"23/1/2017 14:16:45","1","823519841235640321","","El otro inquilino dejaba a Friker grabar psicofonías.Si te molesta dile que no.","twitter.com/Rocigaot/status/823519841235640321"
"23/1/2017 13:43:20","9","823511432683732992","1","'La silueta del cuerpo debería irse sin problema porque está hecha a tiza,pero si quedan restos puedes poner ahí el sofá'.","twitter.com/Rocigaot/status/823511432683732992"
"23/1/2017 13:23:21","","823506405797851138","","a mí FB siempre me mete sugerencias tipo novias de mis ex o un amigo de amigo con el que me lié hará 10 años. Mejor desconocidos XD","twitter.com/Rocigaot/status/823506405797851138"
"23/1/2017 13:14:36","1","823504203482038272","","bueno, y el de Bunbury. Aunque ahí más que del Celebrities en sí soy fan del sketch del juicio del rock.","twitter.com/Rocigaot/status/823504203482038272"
"23/1/2017 13:10:23","2","823503141769453569","","el mío creo que también. Aunque el de Ágatha está en el top también por el 'no puedo parar de crear' XD","twitter.com/Rocigaot/status/823503141769453569"
"23/1/2017 13:02:27","1","823501144756514816","","me lo he puesto en youtube otra vez, es que es grandérrimo XDDDD","twitter.com/Rocigaot/status/823501144756514816"
"23/1/2017 13:01:03","2","823500794209112064","","a mí no me hacen falta sardinas pa beber agua ","twitter.com/Rocigaot/status/823500794209112064"
"23/1/2017 12:55:56","2","823499506130030593","","lo malo es que yo misma ahora pienso antes en la Bjork chanante que en la de verdad, así que menos mal que ya no me lo dicen XD","twitter.com/Rocigaot/status/823499506130030593"
"23/1/2017 12:53:12","2","823498816187928576","","de más joven me decían que a Björk pero hace mil que no lo oigo. O cambié yo o ahora conocen más a la Bjork de Joaquín Reyes XDD","twitter.com/Rocigaot/status/823498816187928576"
"23/1/2017 12:28:34","3","823492617400963072","","yo cambié de banco hace poco e igual se le traspapeló mi nueva cuenta, que a uno de mis otros jefes le pasó.","twitter.com/Rocigaot/status/823492617400963072"
"23/1/2017 12:20:59","27","823490708275425282","23","'Agenda 2017 para los planes más molones. Aunque pa qué. Si al final sólo salimos para ir a comer los domingos con tu madre'.","twitter.com/Rocigaot/status/823490708275425282"
"23/1/2017 11:39:46","","823480336382382081","","sí, lo he visto ahora rular por el TL.","twitter.com/Rocigaot/status/823480336382382081"
"23/1/2017 11:37:25","25","823479746138869760","22","O mantas para el sofá con 'sábado de peli y mantita porque ya hace tiempo que abandoné toda esperanza de que movieras el culo del sofá'.","twitter.com/Rocigaot/status/823479746138869760"
"23/1/2017 11:36:04","28","823479406639411201","30","Y veríamos tazas en plan 'hoy es un día genial para sonreír y para que dejes bajada la puta taza del WC por una vez en tu vida'.","twitter.com/Rocigaot/status/823479406639411201"
"23/1/2017 11:35:01","","823479139680325632","","ellos son más de Control. Y ahora me los imagino  usando sus propios productos. http://www.reasonwhy.es/actualidad/anunciantes/control-y-mr-wonderful-lanzan-unos-condones-muy-molones-2015-04-29 …","twitter.com/Rocigaot/status/823479139680325632"
"23/1/2017 11:33:57","390","823478874839416833","315","Los de Mr Wonderful son pareja. Imaginad que entran en crisis sentimental  y empiezan a mandarse indirectas pasivoagresivas en sus diseños.","twitter.com/Rocigaot/status/823478874839416833"
"23/1/2017 11:31:51","1","823478345891545089","","https://www.youtube.com/watch?v=ki0SU13Bf5E …","twitter.com/Rocigaot/status/823478345891545089"
"23/1/2017 11:27:04","3","823477142835101696","1","Felicidades! A lo mejor Jónequer se ha ido de twitter porque está metido en la tarta para darte una sorpresa XD","twitter.com/Rocigaot/status/823477142835101696"
"22/1/2017 23:53:01","7","823302476543750145","","Los críos de al lado llevan berreando non stop desde las 8 de la mañana. Me voy a ligar las trompas con el alambre de cerrar el pan de molde","twitter.com/Rocigaot/status/823302476543750145"
"22/1/2017 23:51:46","","823302163833221120","","da igual, valió la pena por las risas XD","twitter.com/Rocigaot/status/823302163833221120"
"22/1/2017 23:47:07","2","823300992468942848","","joder, ya hasta Soros paga en visibilidad.","twitter.com/Rocigaot/status/823300992468942848"
"22/1/2017 23:42:25","1","823299810417577986","","acabo de hacer la fuente con la cerveza XDDDDD","twitter.com/Rocigaot/status/823299810417577986"
"22/1/2017 23:22:38","","823294830596026370","","claro, é o clásico de 'xa logo o pago, apúntamo na conta'.","twitter.com/Rocigaot/status/823294830596026370"
"22/1/2017 22:45:10","3","823285402073174016","","yo nunca tragué a ninguno de los dos, pero de adolescente era mu fan de Reverte.  Todos tenemos un pasado.","twitter.com/Rocigaot/status/823285402073174016"
"22/1/2017 20:03:25","4","823244694880714752","","verás Scarlett el disgusto que se lleva cuando se entere. XDDD","twitter.com/Rocigaot/status/823244694880714752"
"22/1/2017 19:30:04","7","823236301927436292","1","Tenías que ser ya viejo en la comunión de Jordi Hurtado para decir que adaptar a Shakespeare es una modernez de esas de ahora.","twitter.com/Rocigaot/status/823236301927436292"
"22/1/2017 19:12:22","1","823231849136799744","","sí, si eso lo sé, por eso leer según qué cosas me deja picuetísima.","twitter.com/Rocigaot/status/823231849136799744"
"22/1/2017 19:05:40","6","823230165119565824","1","Machistadas aparte, Marías es filólogo inglés por la Universidad de Neveras del hermano de Phoebe, ¿no?","twitter.com/Rocigaot/status/823230165119565824"
"22/1/2017 15:29:07","1","823175668032765956","","a ver se esquecín avisar de que cambiara o meu número de conta.","twitter.com/Rocigaot/status/823175668032765956"
"22/1/2017 15:26:06","10","823174907198636032","1","Ojalá currar aún en tele local cubriendo fiestas patronales para que viniera Jónequer a gritarme: 'estás a sueldo de Soros'.","twitter.com/Rocigaot/status/823174907198636032"
"20/1/2017 17:55:42","2","822487780198645761","","Cuando tus amigos daban un fiestón pero a ti te llevaban tus padres obligada a la comunión de tu primo Arturito.https://twitter.com/mandystadt/status/822476910852796416 …Same. #InaugurationDay pic.twitter.com/nyWLIOm2nm","twitter.com/Rocigaot/status/822487780198645761"
"20/1/2017 17:41:54","3","822484305385558016","","Está guay que Amazon te permita poner una dirección alternativa de entrega para que las mensajerías no la vean/la ignoren olímpicamente.","twitter.com/Rocigaot/status/822484305385558016"
"20/1/2017 15:26:58","3","822450350875668480","1","pic.twitter.com/iogpiqXK9b","twitter.com/Rocigaot/status/822450350875668480"
"20/1/2017 14:15:10","","822432279590998016","","yo alguna vez he entrado en plan 'igual encuentro algo mono para redecorar un poco', y lo veo super rancio todo.","twitter.com/Rocigaot/status/822432279590998016"
"20/1/2017 14:12:57","1","822431723631837184","","hay gente joven que compra en Zara Home? Si es carísimo y soseras.","twitter.com/Rocigaot/status/822431723631837184"
"20/1/2017 2:53:55","","822260840132997122","","este era de la capital, si mal no recuerdo. No estaba nada aclimatado. ","twitter.com/Rocigaot/status/822260840132997122"
"20/1/2017 2:40:39","1","822257502221897728","","na, aquí no veremos ni un copo tampoco!","twitter.com/Rocigaot/status/822257502221897728"
"20/1/2017 2:39:44","","822257269131907072","","unos 7 grados. Él pregunta:'oye, no irá a hacer tanto frío todo el invierno, ¿no? Y los autóctonos descojonaos.","twitter.com/Rocigaot/status/822257269131907072"
"20/1/2017 2:37:54","","822256808056287232","","que se había ido de Castellón a allí. Ella lo invitó a salir de fiesta con sus amigos, era octubre y de noche hacían (2)","twitter.com/Rocigaot/status/822256808056287232"
"20/1/2017 2:36:45","","822256518158491649","","pues puede ser, que además estáis menos acostumbraos. Recuerdo que una de mis amigas de Ávila tuvo un compi de clase (1)","twitter.com/Rocigaot/status/822256518158491649"
"20/1/2017 2:35:30","","822256204764286976","","no sé yo, he mirao dos webs del tiempo distintas y ninguna da nieve. ","twitter.com/Rocigaot/status/822256204764286976"
"20/1/2017 2:34:02","1","822255836072411137","","recuerdo una noche de estar a -1 hace 9 ó 10 años, y tela. Peor que en Salamanca a -8.","twitter.com/Rocigaot/status/822255836072411137"
"20/1/2017 2:32:16","1","822255390981242880","","ahora estoy en casa y no voy a salir al balcón a comprobarlo XDDD. Pero aquí es rarísimo llegar a 0, no digamos bajar.","twitter.com/Rocigaot/status/822255390981242880"
"20/1/2017 2:30:22","3","822254910385356801","","Según Meteogalicia estamos a O, EXIJO LA NIEVE QUE HAN TENIDO HASTA LOS MURCIANOS.","twitter.com/Rocigaot/status/822254910385356801"
"20/1/2017 2:24:43","4","822253488742760448","1","Esto tiene que estar mal. Y no lo digo sólo por el topónimo. pic.twitter.com/4wuNatjw3Z","twitter.com/Rocigaot/status/822253488742760448"
"20/1/2017 0:28:48","2","822224317836623872","","Ay, acabo de verlo rular por mi muro de FB, a cargo de los pijippies de mi exfacultad reconvertidos en HEMPRENDEDORES.","twitter.com/Rocigaot/status/822224317836623872"
"19/1/2017 23:47:03","2","822213812124352512","2","Un gulag para este tipo de Youtubers va haciendo falta también. O unos juegos del hambre, ya que les gusta dar espectáculo se van a hartar. https://twitter.com/ruantifa_/status/822200655142125568 …","twitter.com/Rocigaot/status/822213812124352512"
"19/1/2017 23:33:13","1","822210331174957056","","y le han dicho que los americanos han matado a su novio, se conoce que para que odie a los americanos y se una al TERRORISMO.","twitter.com/Rocigaot/status/822210331174957056"
"19/1/2017 23:32:01","1","822210028069421058","","los turcos malos se chinan mucho con ella porque al llamar a casa ha puesto al FBI tras la pista, y ahora la han vestido con un velo (4)","twitter.com/Rocigaot/status/822210028069421058"
"19/1/2017 23:31:24","1","822209872871690240","","a sus padres en plan 'os vais a reír, pero al final no estoy preparando el baile de promoción con Tiffany y Kelly, estoy en Turquía' (3)","twitter.com/Rocigaot/status/822209872871690240"
"19/1/2017 23:30:47","1","822209717976133632","","a Turquía siendo menor, sin permiso de sus padres ni nada. Allí el supuesto amigo de su novio la secuestra, justo cuando estaba llamando(2)","twitter.com/Rocigaot/status/822209717976133632"
"19/1/2017 23:30:04","1","822209536643792898","","Hay una chavalita americana de 16 años que se ha fugado a Turquía porque tenía un noviete allí, y se ve que está tirao viajar de USA(1)","twitter.com/Rocigaot/status/822209536643792898"
"19/1/2017 23:26:02","2","822208521429282820","","Dios, tengo de fondo lo de Mentes Criminales Internacional porque va después de First Dates, y esto es más chanante que el de Pamplona.","twitter.com/Rocigaot/status/822208521429282820"
"19/1/2017 23:20:02","2","822207013186715649","","ignora el laísmo que se me ha colao, eso sí XD","twitter.com/Rocigaot/status/822207013186715649"
"19/1/2017 23:18:37","7","822206656708808706","","Es que a las feministas de años anteriores las preocupaba muchísimo no herir los sentimientos de los tolais.","twitter.com/Rocigaot/status/822206656708808706"
"19/1/2017 21:32:31","1","822179957182963712","1","y gano visibilidad y experiencia, no lo olvides XD","twitter.com/Rocigaot/status/822179957182963712"
"19/1/2017 20:30:21","","822164309702836224","","a mí no es que me entusiasme pero estoy acostumbrada. Mi ideal sería invierno castellano, verano de aquí.","twitter.com/Rocigaot/status/822164309702836224"
"19/1/2017 20:24:54","","822162940321234945","","a mí este año me tocó ir a Zamora en agosto y pillé 37º, con lo desacostumbrada que estoy. Hasta la piel quería quitarme.","twitter.com/Rocigaot/status/822162940321234945"
"19/1/2017 20:23:26","3","822162571042160641","","terroristas saltándose la seguridad en los aeropuertos con el truco de 'Déjenme subir, la mujer de mi vida va en ese avión!'","twitter.com/Rocigaot/status/822162571042160641"
"19/1/2017 20:17:39","2","822161117027987456","","y te gusta el verano sevillano? Eres de la sangre del dragón, o algo? XDDD yo por encima de 30º lo paso fatal.","twitter.com/Rocigaot/status/822161117027987456"
"19/1/2017 20:16:34","2","822160843903270912","1","ay, esos padres que creen que serán clase media alta si su hijo va a concertado y hace ADE+Derecho bilingüe","twitter.com/Rocigaot/status/822160843903270912"
"19/1/2017 20:11:48","","822159641576665088","","igual depende de dónde viva cada uno. Yo aquí en Coruña prefiero el verano, en Salamanca lo odiaba porque 30º por la noche.","twitter.com/Rocigaot/status/822159641576665088"
"19/1/2017 20:09:21","","822159026255495169","","a veces no sé si son así de imbéciles o nos toman por imbéciles al resto. O un combinado de ambas cosas.","twitter.com/Rocigaot/status/822159026255495169"
"19/1/2017 19:27:48","13","822148570648313857","4","'Es que no digo el sueldo para que no vengan por dinero'. Claro, el currito ideal llegará a ti guiado por el corazón,dentro música de Disney","twitter.com/Rocigaot/status/822148570648313857"
"19/1/2017 19:23:40","9","822147530565840897","2","'Es que yo ofrezco buenas condiciones y buen sueldo'. Empieza por ahí y ya verás cómo la gente prioriza escuchar tu oferta.","twitter.com/Rocigaot/status/822147530565840897"
"19/1/2017 19:21:21","5","822146946198552576","2","Encaja en mi patchwork laboral y me da  ingresos extra o si voy a perder tiempo y hasta pasta, que a veces pasa si la oferta es muy mierder.","twitter.com/Rocigaot/status/822146946198552576"
"19/1/2017 19:17:53","6","822146073162612736","2","Me emocionaré cuando me planteen unas condiciones laborales y un sueldo digno. Mientras, como mucho, escuharé la oferta y valoraré si (1)","twitter.com/Rocigaot/status/822146073162612736"
"19/1/2017 19:12:40","5","822144763445055488","2","Porque llegados a este punto ya todos sabemos por experiencia que lo más posible es que lo que nos ofrezca sea mierda precaria.","twitter.com/Rocigaot/status/822144763445055488"
"19/1/2017 19:11:21","10","822144429905604609","3","Y esperar a estas alturas que nos emocionemos por oír 'posible oferta de empleo' es ser muy imbécil o tomarnos por imbéciles a nosotros.","twitter.com/Rocigaot/status/822144429905604609"
"19/1/2017 19:09:38","10","822143996529180677","7","Para mí eres sustituible y prescindible, pero la idea de que tú no te desvivas por mí y no me tengas de prioridad es inconcebible.","twitter.com/Rocigaot/status/822143996529180677"
"19/1/2017 19:07:21","24","822143425084526592","14","Las empresas que ofrecen curromierda pero se pican si no estás a sus pies son como el ligue que quiere relación abierta pero sólo para él.","twitter.com/Rocigaot/status/822143425084526592"
"19/1/2017 13:23:51","1","822056977882812416","","Espero que haya prescrito ya el chiste de Miguel Ángel Blanco y el etarra en el bosque que contábamos en 1997.","twitter.com/Rocigaot/status/822056977882812416"
"19/1/2017 11:19:31","1","822025688559611906","","lo pensé, pero me juego algo a que a los candidatos sólo les dan un número para llamar de lunes a viernes.","twitter.com/Rocigaot/status/822025688559611906"
"19/1/2017 11:09:19","6","822023121905610752","2","es para decirle:' estoy en un velatorio,puedes llamarme mañana sábado a las 7 am',a ver si lo hacen, ya que tanto predican.","twitter.com/Rocigaot/status/822023121905610752"
"19/1/2017 3:41:08","5","821910334109794304","","Mis vecinos de abajo han creído conveniente estar de charleta a voces a las 3:40 de un día laboral porque se han criado con los lobos,o algo","twitter.com/Rocigaot/status/821910334109794304"
"18/1/2017 23:31:39","1","821847547174121473","1","Y es que como si de verdad eres un niño de papá. Si no necesito la pasta, ya me busco yo cómo matar mi tiempo, gracias.","twitter.com/Rocigaot/status/821847547174121473"
"18/1/2017 23:29:32","1","821847016166801409","","que encima ni podía contarte la bola de 'hazlo para enriquecer cv' porque ni dios conocía la empresa aquella.","twitter.com/Rocigaot/status/821847016166801409"
"18/1/2017 23:27:42","6","821846555200278530","1","Porque oye, qué locurón querer saber si el sueldo te va a dar para vivir. O, si estás currando, si pagan más o menos que en tu puesto actual","twitter.com/Rocigaot/status/821846555200278530"
"18/1/2017 23:26:10","18","821846169768914944","6","Es como mi ex jefe el que descartaba a la gente que preguntaba por el sueldo en la entrevista porque 'esa gente viene por el dinero'.pic.twitter.com/zg40Xm7fMu","twitter.com/Rocigaot/status/821846169768914944"
"18/1/2017 23:25:10","1","821845915623366656","","no voy a contestar. Como mucho podré mandar un mensaje de 'llámame a partir de x hora'. Y la gente normal suele entenderlo.","twitter.com/Rocigaot/status/821845915623366656"
"18/1/2017 23:24:19","1","821845701923573761","","no lo descartemos. O podía estar liada de verdad. Yo por las tardes doy clases particulares, y si me llaman durante una (1)","twitter.com/Rocigaot/status/821845701923573761"
"18/1/2017 23:21:01","4","821844872835567621","","yo siempre lo he dicho: si me tocara un Euromillón seguiría estudiando por hobby,pero volvía a trabajar Rita the Singer.","twitter.com/Rocigaot/status/821844872835567621"
"18/1/2017 23:19:56","8","821844600709058560","3","No sé si la que le mandó el whatsapp al tolai de la gorra tendrá twitter y se habrá enterado, pero si es así, de buena te has librado, tía.","twitter.com/Rocigaot/status/821844600709058560"
"18/1/2017 23:13:33","","821842992633933828","1","si quieres alquilar un piso te exigen últimas nóminas y contrato fijo, pero HES KE LA JENTE NO KIERE SALIR DE LA ZONA DE CONFORT","twitter.com/Rocigaot/status/821842992633933828"
"18/1/2017 23:08:44","","821841781755146241","","no sabría decir. ¿Y de los que denuncian si les tienen en una categoría laboral inferior a sus funciones?","twitter.com/Rocigaot/status/821841781755146241"
"18/1/2017 23:04:43","1","821840771066241030","1","y de los que rechazan un trabajo porque el salario no les cubre el transporte hasta la empresa? Incógnita!","twitter.com/Rocigaot/status/821840771066241030"
"18/1/2017 22:50:58","15","821837309305847808","4","Que encima será una oferta de mierda, porque no falla. A más mierder el trabajo, más esperan que les beses el culo en agradecimiento.","twitter.com/Rocigaot/status/821837309305847808"
"18/1/2017 22:48:38","1","821836724301164554","","eso ya ni idea, yo lo tengo ubicado sólo de eso.","twitter.com/Rocigaot/status/821836724301164554"
"18/1/2017 22:45:10","19","821835848979283969","4","Pues yo seré una maleducada también, pero si me dicen 'dime cuándo puedo llamarte' digo la hora que mejor me viene para hablar. Qué cosas.","twitter.com/Rocigaot/status/821835848979283969"
"18/1/2017 22:42:19","2","821835134462816261","","yo siempre lo he visto haciendo pandi con los activistas de redes del PP.","twitter.com/Rocigaot/status/821835134462816261"
"18/1/2017 22:41:39","15","821834964572471297","3","Es que encima le dicen 'dime cuándo puedo llamarte', ¡y va y  le dice cuándo puede llamarle! Dónde iremos a parar.","twitter.com/Rocigaot/status/821834964572471297"
"18/1/2017 22:39:31","10","821834427286388736","3","¿Cómo? ¿Que no paralizó toda su vida y proyectos para esperar una llamada por un posible trabajo que puede interesar o no?","twitter.com/Rocigaot/status/821834427286388736"
"18/1/2017 22:03:12","1","821825290578067456","","creo que no le está permitido concursar para darle una oportunidad al resto.","twitter.com/Rocigaot/status/821825290578067456"
"18/1/2017 22:01:36","","821824888931516417","","yo nunca lo había oído, pero en mi casa de costura se habla poco, que somos todos negadísimos.","twitter.com/Rocigaot/status/821824888931516417"
"18/1/2017 15:01:09","1","821719078410866688","","además yo creo que la nieve me rehúye. En 4 años en Salamanca sólo cayeron nevadas cuando yo estaba de vacaciones o puente en Coruña.","twitter.com/Rocigaot/status/821719078410866688"
"18/1/2017 14:53:18","1","821717102067417090","","recuerdo que nevó un poquito cuando yo tenía 8 ó 9 años, y voy a cumplir 38. XD","twitter.com/Rocigaot/status/821717102067417090"
"18/1/2017 14:44:29","1","821714882752024576","","En Málaga también? No es justo, somos los únicos pringaos sin nieve!","twitter.com/Rocigaot/status/821714882752024576"
"18/1/2017 12:43:21","1","821684398252818433","","ya, pero que nieve en sitios como Denia y Torrevieja y aquí ni un copo es indignante. ¡Somos unos pringaos!","twitter.com/Rocigaot/status/821684398252818433"
"18/1/2017 12:24:15","6","821679592071135232","4","Hasta en Torrevieja nieva y aquí ni un triste copo.pic.twitter.com/34T4XdeeyK","twitter.com/Rocigaot/status/821679592071135232"
"18/1/2017 12:19:49","","821678477342609408","","jooooooo, aquí no!pic.twitter.com/Bbdi16bwdR","twitter.com/Rocigaot/status/821678477342609408"
"18/1/2017 1:49:17","5","821519796307107841","1","He estado haciendo arqueología en mi FB  y oye, yo era mucho menos cínica cuando no vivíamos en una distopía misterwonderfulera.","twitter.com/Rocigaot/status/821519796307107841"
"17/1/2017 23:21:48","2","821482681011752961","","En Coruña, mar por todos laos. Es jodido, sí, pero si alguna vez ha nevao en Barcelona, ya podía aquí también.","twitter.com/Rocigaot/status/821482681011752961"
"17/1/2017 23:19:28","1","821482093238767617","","Aquí nevó una vez cuando yo tenía 9 ó 10 años, y tampoco mucho. Me dio para hacer un  muñeco tamaño pin y pon en el balcón","twitter.com/Rocigaot/status/821482093238767617"
"17/1/2017 23:16:17","1","821481294873956357","","no jodas que hasta en el Mediterráneo tenéis nieve y nosotros nada ","twitter.com/Rocigaot/status/821481294873956357"
"17/1/2017 21:39:55","21","821457042804277250","","ojalá haber leído esto en diciembre, que tuve que estar un mes de abstinencia y habría sido útil dejar la libido a bajo cero.","twitter.com/Rocigaot/status/821457042804277250"
"17/1/2017 15:53:35","1","821369882881196032","1","mal planteado. Yo acabaría con un pub crawl, para tajarlos y que firmaran contrato de alquiler de antros que nadie quiere.","twitter.com/Rocigaot/status/821369882881196032"
"16/1/2017 22:58:53","","821114529010614282","","hay cosas peores por las que se puede recordar a alguien!","twitter.com/Rocigaot/status/821114529010614282"
"16/1/2017 22:47:44","1","821111720408125442","","Que al parecer hoy es el Día Mundial de la Croqueta. @PotiPotiInLove , ¿cuánta gente te ha felicitado?","twitter.com/Rocigaot/status/821111720408125442"
"15/1/2017 23:20:49","3","820757657111949314","","Hoy lo de Friker va de moñecos, parece ser.pic.twitter.com/sjLALTGJU3","twitter.com/Rocigaot/status/820757657111949314"
"15/1/2017 22:36:05","6","820746401147654148","","sí, al menos pudimos ser adolescentes gilipollas sin dejar pruebas para la posteridad XDD","twitter.com/Rocigaot/status/820746401147654148"
"15/1/2017 22:33:04","4","820745641060089856","","pa otras cosas es una suerte, en contrapartida XD","twitter.com/Rocigaot/status/820745641060089856"
"15/1/2017 22:32:22","5","820745466904276998","","a mí pa eso me da pena que no tuviéramos Internet,te abre un mundo + amplio que tu clase","twitter.com/Rocigaot/status/820745466904276998"
"15/1/2017 22:28:57","3","820744607822659585","","por mi progresión de estilo de los 16 a los 37, de octogenaria voy a ser la abuela Yetta","twitter.com/Rocigaot/status/820744607822659585"
"15/1/2017 22:28:28","3","820744483163799554","","no ponía falda corta ni a punta de pistola. Hasta mi 1ºjunio en Salamanca a 45º. ","twitter.com/Rocigaot/status/820744483163799554"
"15/1/2017 22:27:48","2","820744317224501248","","yo lo que tengo es mucho gemelo, que no se me va aunque adelgace. De joven(1)","twitter.com/Rocigaot/status/820744317224501248"
"15/1/2017 22:23:56","3","820743344334786560","","yo me veo más mona ahora, pero creo que es porque me vestía muy viejuna para tapar todo.","twitter.com/Rocigaot/status/820743344334786560"
"15/1/2017 22:23:12","3","820743158892036096","","yo al revés, 1,48, soy tamaño Snooki. Ahora me la pela mucho, pero a los 14...","twitter.com/Rocigaot/status/820743158892036096"
"15/1/2017 22:21:22","3","820742697178820608","","repito la idea de que hagas una fiesta tipo baby shower pero para que te regalen sujes monos XD","twitter.com/Rocigaot/status/820742697178820608"
"15/1/2017 22:19:26","3","820742212392779778","","yo desde los 12 así. Que era aún más retaco que ahora y ya estaba con los sujes reductores de abuela.","twitter.com/Rocigaot/status/820742212392779778"
"15/1/2017 22:16:47","4","820741544957382665","","las piernas y si no quedaban 3 huecos (entre los muslos, las rodillas y las pantorrilas) estabas gorda","twitter.com/Rocigaot/status/820741544957382665"
"15/1/2017 22:16:11","4","820741392012025860","","1 lápiz bajo la teta y si no se caía es que tenías las tetas demasiado grandes y caídas. O juntar (2)","twitter.com/Rocigaot/status/820741392012025860"
"15/1/2017 22:15:45","3","820741282855325696","","recuerdo un test de la Ragazza para saber si estabas gorda. Tenías que probar cosas como poner(1)","twitter.com/Rocigaot/status/820741282855325696"
"15/1/2017 22:08:15","4","820739396450320385","","con 16 años le hacía mogollón de caso a esas chorradas de vestirse para disimular y era un suplicio.","twitter.com/Rocigaot/status/820739396450320385"
"15/1/2017 22:07:46","3","820739273733378048","","se supone que lo que lo hacía más pequeño era el cuello de pico, pero con algo por debajo para no mostrar canalillo.","twitter.com/Rocigaot/status/820739273733378048"
"15/1/2017 22:06:57","4","820739070066356225","","ah, no,si el cuello vuelto también se supone que lo teníamos prohibido las pechugonas porque lo agrandaba ópticamente (1)","twitter.com/Rocigaot/status/820739070066356225"
"15/1/2017 21:59:57","22","820737306369937408","8","aún recuerdo cuando se puso de moda Kate Moss, en mi adolescencia, y las revistas decían que tener una 90 o + de pecho era vulgarpic.twitter.com/VJ0CwELzyK","twitter.com/Rocigaot/status/820737306369937408"
"15/1/2017 21:24:23","","820728359156125697","","pic.twitter.com/hS0XwkY7Od","twitter.com/Rocigaot/status/820728359156125697"
"15/1/2017 21:22:54","","820727985535877120","","ni de coña, si algo agradezco de ser viejuna es que no existían las redes sociales en la época en que llevaba según qué pintas.","twitter.com/Rocigaot/status/820727985535877120"
"15/1/2017 21:13:35","7","820725638495633408","1","Qué poco fotogénicos éramos todos cuando teníamos cámaras de carrete y no podíamos repetir la foto quince veces, por cierto.","twitter.com/Rocigaot/status/820725638495633408"
"15/1/2017 21:09:05","","820724509250584577","","la moda del escote palabra de honor era muy poco pechugona-friendly.","twitter.com/Rocigaot/status/820724509250584577"
"15/1/2017 20:54:16","9","820720778182348801","","He encontrado mi disco duro externo con fotos de hace años, y diosito las pintas. En alguna hasta llevo sujetador con tira transparente.pic.twitter.com/zYxUigu1Ff","twitter.com/Rocigaot/status/820720778182348801"
"15/1/2017 20:50:54","2","820719933143314434","","avisa cuando vuelvas a estar operativa, que me están saliendo alumnos nuevos y quiero aprovechar la pasta para redecorar!","twitter.com/Rocigaot/status/820719933143314434"
"15/1/2017 20:48:08","1","820719236238688257","","ay, yo esa la tenía! No sé si aún la tengo o si falleció en mi última mudanza!","twitter.com/Rocigaot/status/820719236238688257"
"13/1/2017 20:44:03","","819993430206148608","","e as camisas de 'ciertopelo', non o esquezamos.","twitter.com/Rocigaot/status/819993430206148608"
"12/1/2017 22:14:30","1","819653807021953025","","porque les pica el orgullo. Como los que gastan 20 euros en el tiro al blanco de la feria para ganar un premio del chino.","twitter.com/Rocigaot/status/819653807021953025"
"12/1/2017 21:56:59","1","819649397642395648","","esa me encanta. Y cuando se tiran 1hora llamándote borde pero no se piran por más que les sugieres buscar gente más maja.","twitter.com/Rocigaot/status/819649397642395648"
"12/1/2017 21:52:40","1","819648313481904128","","todos nos autoengañamos con algo, es como cuando yo me peso y me quito un kilo porque llevo las gafas y los calcetines.XD","twitter.com/Rocigaot/status/819648313481904128"
"12/1/2017 21:50:45","6","819647830407217154","2","Spoiler alert: normalmente saben una mierda si les sacas de un campo específico en el que son monotema.","twitter.com/Rocigaot/status/819647830407217154"
"12/1/2017 21:50:05","15","819647661494140929","5","Nunca dejarán de fascinarme los que intentan ligar con la técnica de 'a ver, tontita, deja que te abrume con lo mucho que yo sé'.","twitter.com/Rocigaot/status/819647661494140929"
"12/1/2017 21:45:53","1","819646604957413376","","Se me ha roto el cinismómetro.https://twitter.com/pacomarhuenda/status/819645189853745154 …Los periodistas igual hace tiempo que perdieron el prestigio cuando van a ruedas de prensa en vaqueros... @BrujulaOndaCero","twitter.com/Rocigaot/status/819646604957413376"
"12/1/2017 20:30:16","2","819627576054480896","","Sostres cagando.Viendo que no hay papel y buscándolo por la casa con el culo sucio y los pantalones en los tobillos","twitter.com/Rocigaot/status/819627576054480896"
"12/1/2017 17:25:39","2","819581114834632704","","uy, eso no es nada, soy experta en crear imágenes mentales desagradables a la gente.","twitter.com/Rocigaot/status/819581114834632704"
"12/1/2017 15:16:46","2","819548680739061760","1","yo ahora estoy mejor, aunque creo que estas navidades engordé 3 kilos y que uno de ellos es todo en mocos.","twitter.com/Rocigaot/status/819548680739061760"
"12/1/2017 15:15:53","3","819548458306703365","1","si hicieran su calendario erótico se forrarían tanto que no tendrían necesidad de montar chanchullos tipo Gürtel XD","twitter.com/Rocigaot/status/819548458306703365"
"12/1/2017 15:13:30","2","819547859037069312","","pic.twitter.com/SvkvtmYL1G","twitter.com/Rocigaot/status/819547859037069312"
"12/1/2017 1:37:02","3","819342387407441922","","yo a veces pienso cerrarla,pero es útil para sondear a los fichajes y asegurarte de que no son fans de Ojeda antes de ir a más XD","twitter.com/Rocigaot/status/819342387407441922"
"12/1/2017 1:27:21","1","819339951984746496","","En serio, Facebook molaba mil más cuando la gente se tiraba la caña o aireaba sus broncas de pareja cambiándose el estado a 'es complicado'.","twitter.com/Rocigaot/status/819339951984746496"
"12/1/2017 1:22:46","5","819338795581669376","","Entro a FB. Un vídeo de Álvaro Ojeda, frasecitas  pseudoprofundas, carteles de 'da like si amas a tus hijos'.pic.twitter.com/IxT15v3tSv","twitter.com/Rocigaot/status/819338795581669376"
"12/1/2017 0:08:18","","819320055351615488","","ya decía yo. Lo menos que espero de él es una orgía con animales y un muerto por asfixia erótica que acaba enterrado en el desierto","twitter.com/Rocigaot/status/819320055351615488"
"11/1/2017 12:46:45","1","819148540773535749","1","Cuando tienes que ponerte baboso para hablar de las piernas de una mujer aunque esté muerta y momificada.https://twitter.com/AzulCorrosivo/status/819135196276686849 …Hoy, en el paseo diario por la vergüenza ajena de @el_pais... @almasylaszlo sexualizando a una momia del 1200 a. C. Vía @MirEdeC. pic.twitter.com/F54q2s4788","twitter.com/Rocigaot/status/819148540773535749"
"11/1/2017 1:36:36","12","818979889449734145","9","Lo de Trump y las lluvias doradas me ha sorprendido más o menos tanto como esto.pic.twitter.com/WpimKpxYdy","twitter.com/Rocigaot/status/818979889449734145"
"10/1/2017 23:17:55","1","818944987773673476","1","va a llegar a lo más alto! De Google Trends, quiero decir.","twitter.com/Rocigaot/status/818944987773673476"
"10/1/2017 23:06:14","3","818942048602587136","","ya estáis los tuiteros a sueldo de Soros intentando desacreditar a la pobre Mishita.","twitter.com/Rocigaot/status/818942048602587136"
"10/1/2017 20:48:23","1","818907358097195010","","no diré que me sorprenda ","twitter.com/Rocigaot/status/818907358097195010"
"10/1/2017 20:40:47","3","818905444718673926","","Supongo que no soy la única que lee esto y se acuerda de @ComandanteVimes.https://twitter.com/LogoSide/status/810180423875694592 …- Señoría, ¿qué dice el alegato?
- Alemiau.","twitter.com/Rocigaot/status/818905444718673926"
"10/1/2017 17:05:40","1","818851310283976705","","yo soy aún más fan de ella desde que leí las cartas. Lástima que se perdieran las de Galdós cuando los Franco se quedaron Meirás.","twitter.com/Rocigaot/status/818851310283976705"
"10/1/2017 16:16:32","6","818838945601449984","4","Mola cuando echan seguidos el anuncio de Meetic y el de geles Dúrex. Es como 'ya tardas encontrar a alguien con quien aburrirte en la cama'.","twitter.com/Rocigaot/status/818838945601449984"
"10/1/2017 15:32:10","1","818827780423122948","1","ay, sí, esto lo vi hace un rato. Yo voy a decirle a Fenosa que si me deja la luz gratis para colaborar en mis proyectos chulos.","twitter.com/Rocigaot/status/818827780423122948"
"10/1/2017 15:29:42","3","818827159804506113","","Y ya para el público adolescente hacemos la serie de TV de 'las aventuras del joven Enrique de Vicente', que planeáramos creo que con @Tawil","twitter.com/Rocigaot/status/818827159804506113"
"10/1/2017 15:28:30","4","818826858485653504","1","En plan los Cinco o Puck. 'El pequeño Enrique de Vicente y el enigma de Estonejengue'. 'El pequeño Enrique de Vicente contra los illuminati'","twitter.com/Rocigaot/status/818826858485653504"
"10/1/2017 15:27:23","2","818826575319810049","","Me pasa @uxamene esto y veo mercado para la saga de libros infantiles 'las aventuras del pequeño Enrique de Vicente'http://blogs.publico.es/strambotic/2016/03/funny-clouds/ …","twitter.com/Rocigaot/status/818826575319810049"
"10/1/2017 13:18:19","3","818794094059196416","1","pic.twitter.com/3kJEfwKNzX","twitter.com/Rocigaot/status/818794094059196416"
"10/1/2017 12:32:35","","818782587510550528","1","no es para el centro de salud, es para gine en el hospital, sólo puedo por teléfono o por mail.","twitter.com/Rocigaot/status/818782587510550528"
"10/1/2017 12:24:08","","818780461413572608","1","Tengo que cambiar de fecha una cita médica. Llamo. Comunica  Llamo. Comunica. Llamo. No lo cogen. Llamo. Comunica. Y así una hora.pic.twitter.com/pMjZ1jEDq5","twitter.com/Rocigaot/status/818780461413572608"
"10/1/2017 1:46:56","","818620102719533057","","con el Papa tengo que probar también.","twitter.com/Rocigaot/status/818620102719533057"
"10/1/2017 1:46:11","2","818619915603234816","","Ya paro. Creo que la última de esta tanda es mi favorita.pic.twitter.com/EOMyitoNso","twitter.com/Rocigaot/status/818619915603234816"
"10/1/2017 1:34:45","2","818617038214197249","","Sigo, que esto es un no parar.pic.twitter.com/DER3GMXoGa","twitter.com/Rocigaot/status/818617038214197249"
"10/1/2017 1:33:29","3","818616717987418112","","Tiene razón @SantaSuki , todos a hacer mashup con Sigfrid que salen cosas geniales.pic.twitter.com/SeCxCMdfAz","twitter.com/Rocigaot/status/818616717987418112"
"10/1/2017 1:08:34","2","818610449105174528","","estando de visita aquí le preguntaron si quería el café de pota.","twitter.com/Rocigaot/status/818610449105174528"
"10/1/2017 1:08:16","1","818610370520764416","","aún recuerdo el careto de una amiga mía de Ávila una vez que(1)","twitter.com/Rocigaot/status/818610370520764416"
"10/1/2017 0:19:40","4","818598143294115840","","sé hablar mesetario y llamar deportivas a los tenis para que me entiendan XD","twitter.com/Rocigaot/status/818598143294115840"
"10/1/2017 0:16:27","2","818597333562748928","","tenis, de toda la vida.","twitter.com/Rocigaot/status/818597333562748928"
"10/1/2017 0:15:02","2","818596974039629825","","yo a eso no le llamé polo hasta que me fui a Salamanca porque si decía niki no me entendían.","twitter.com/Rocigaot/status/818596974039629825"
"10/1/2017 0:12:31","8","818596343098855425","","en mi casa de toda la vida Niki es el que tiene cuello, rollo los polos de lacoste, y camiseta es camiseta.","twitter.com/Rocigaot/status/818596343098855425"
"10/1/2017 0:11:41","","818596130913128448","","esta tampoco la vi venir, ni que te hubiera empezado a seguir ahora. ","twitter.com/Rocigaot/status/818596130913128448"
"9/1/2017 19:52:32","","818530917283221505","","vaya! me lo tragué yo también!","twitter.com/Rocigaot/status/818530917283221505"
"9/1/2017 18:05:32","3","818503986303082497","1","igual 'material de paz' quiere decir 'merchandising de la presentadora de Sálvame' y nosotros aquí pensando mal.","twitter.com/Rocigaot/status/818503986303082497"
"9/1/2017 18:02:39","3","818503262991159296","","o igual no son cuernos y la llaman porque a esa hora nadie de la familia está disponible para gritar y molestar a todo el bloque","twitter.com/Rocigaot/status/818503262991159296"
"9/1/2017 17:56:37","7","818501746028855296","1","He visto a Aznar en los TT y por un momento pensé que 2017 iba a ser al facherío lo que 2016 a los iconos pop ochenteros, pero no. ","twitter.com/Rocigaot/status/818501746028855296"
"9/1/2017 15:03:15","1","818458115964280832","","hoy a mí me han traído un paquete a la primera, es la primera vez que me pasa en ni sé el tiempo. ","twitter.com/Rocigaot/status/818458115964280832"
"9/1/2017 14:04:28","2","818443322528329729","","es que es una diferencia muy bestia,  no es como cuando a mí sólo me sale el acento koruño cuando me enfado al volante ","twitter.com/Rocigaot/status/818443322528329729"
"9/1/2017 14:02:58","4","818442944449482752","","Esto da para un TFG sobre a diglosia sexual ","twitter.com/Rocigaot/status/818442944449482752"
"9/1/2017 13:59:59","1","818442192956063744","","pero de pasar de acento latinoamericano a acento de aquí?","twitter.com/Rocigaot/status/818442192956063744"
"9/1/2017 13:56:38","14","818441349787688962","","O a mi vecina le cambia el tono de voz y hasta el acento cuando está echando un polvo, o mi vecino se sube a otra cuando ella no está.","twitter.com/Rocigaot/status/818441349787688962"
"9/1/2017 0:01:11","","818231101227417600","","por suerte me está llegando todo muy de refilón, y eso es que he elegido mi TL muy sabiamente.","twitter.com/Rocigaot/status/818231101227417600"
"8/1/2017 23:57:53","3","818230273292771329","","pic.twitter.com/Jc1yfHEEs9","twitter.com/Rocigaot/status/818230273292771329"
"8/1/2017 23:35:17","1","818224583925006337","","si con eso no me motivo... ","twitter.com/Rocigaot/status/818224583925006337"
"8/1/2017 23:31:57","1","818223747689803776","","me he aficionado a salir a correr así a mi ritmo, pero la épica runner la llevo así regular XD","twitter.com/Rocigaot/status/818223747689803776"
"8/1/2017 23:30:49","","818223461319446529","","hostias, había olvidado que Alonso Caparrós existía!","twitter.com/Rocigaot/status/818223461319446529"
"8/1/2017 23:28:30","6","818222876687994881","1","¿He metido esto en mi playlist de ir a correr?He metido esto en mi playlist de ir a correr.pic.twitter.com/Upecqe7yDM","twitter.com/Rocigaot/status/818222876687994881"
"8/1/2017 23:14:50","1","818219439409733634","3","En FDF están repitiendo el capítulo de Mentes Criminales en Pamplona con los toros antropófagos, por si alguien se perdió esa joya.","twitter.com/Rocigaot/status/818219439409733634"
"8/1/2017 22:14:40","3","818204295422214145","","Menos mal que ya están los vecinos a voces,llevaban todo el día callados y me estaba preocupando por si se habían dormido con el gas abierto","twitter.com/Rocigaot/status/818204295422214145"
"8/1/2017 21:31:17","","818193380597526529","","Es broma, no me añadáis que soy como Chandler: no soy buena dando consejos, pero si queréis un comentario sarcástico...","twitter.com/Rocigaot/status/818193380597526529"
"8/1/2017 21:27:48","","818192503497228288","","Acabo de ver el anuncio de una app para ligar donde añades a tus amigas para que opinen. Si puedes usar el gif de 'fly,you fools', I'm in.","twitter.com/Rocigaot/status/818192503497228288"
"8/1/2017 15:29:17","5","818102277592518656","","'Poeta. Demasiado sensible para este mundo frívolo. Sigo buscando una chica que abra su mente y no sus piernas'","twitter.com/Rocigaot/status/818102277592518656"
"8/1/2017 15:15:13","3","818098738216439810","2","y las bios pasivoagresivas tipo 'Hombre blanco, y por tanto violador opresor según ALGUNAS'.","twitter.com/Rocigaot/status/818098738216439810"
"8/1/2017 15:12:00","3","818097929017839616","1","Y los que tiene bios tipo 'soy un chico cinéfilo,tímido y normal' que luego todo su TL son menciones tipo 'ZORRA FEMINAZI'","twitter.com/Rocigaot/status/818097929017839616"
"8/1/2017 15:06:54","8","818096646462566401","4","le sumo el llamar a Reverte 'Don Arturo' y el autodefinirse 'políticamente incorrecto' o 'canalla'.","twitter.com/Rocigaot/status/818096646462566401"
"8/1/2017 14:04:39","1","818080980460302336","","si haces un crowdfunding para crear eso yo pongo pasta.","twitter.com/Rocigaot/status/818080980460302336"
"8/1/2017 12:47:41","2","818061610728255489","","claro, es que el niño ahora puede jugar con una cocinita, pero una cocinita de chef famoso, no una rosita para nenas.","twitter.com/Rocigaot/status/818061610728255489"
"8/1/2017 12:45:46","1","818061127892529152","","Siempre es buen momento en twitter para recordar este temazo.https://www.youtube.com/watch?v=FN9Mm9rRYHE …","twitter.com/Rocigaot/status/818061127892529152"
"8/1/2017 12:44:08","1","818060715609255937","","igual ahora que la cocina está de moda y tiene prestigio el gen de jugar con juguetes machunos ha mutado XDDD","twitter.com/Rocigaot/status/818060715609255937"
"8/1/2017 12:38:07","3","818059202648244225","1","un día el crío de 1 amiga (año y medio o así)se puso a jugar con la funda rosa de mis gafas.Ella:
-Uf, como te vea tu padre con eso!","twitter.com/Rocigaot/status/818059202648244225"
"8/1/2017 11:33:37","2","818042970192613376","","cree que fai SIENSIA e só deixa claro o que espera el das mulleres.","twitter.com/Rocigaot/status/818042970192613376"
"8/1/2017 11:24:04","3","818040568886493184","","encántame particularmente o de escoller os xoguetes porque estamos programados para facer o que o outro sexo ve atractivo.","twitter.com/Rocigaot/status/818040568886493184"
"7/1/2017 13:36:31","1","817711513230262272","","bueno, ahora en la plaza fea nos han puesto una estrella de la muerte navideña XDD","twitter.com/Rocigaot/status/817711513230262272"
"7/1/2017 12:47:48","2","817699250847055873","","hay bronca entre PacoFutura y Mongolia?pic.twitter.com/MW9w4gYcJh","twitter.com/Rocigaot/status/817699250847055873"
"7/1/2017 12:00:37","1","817687379565744129","","Tengo el radiodespertador sintonizado en Radio 3 y si me dices que es Radio Olé me lo creo.pic.twitter.com/YwxLxYYtGk","twitter.com/Rocigaot/status/817687379565744129"
"7/1/2017 11:13:58","128","817675638412820480","82","Los que mandáis fotopollas no solicitadas por DM, ¿sabéis que sois la versión 2.0 del exhibicionista del parque de toda la vida?","twitter.com/Rocigaot/status/817675638412820480"
"7/1/2017 11:04:11","5","817673177165955073","2","Ay, que dicen que humillan al tío 'sólo por ser hombre'. Lo de andar acosando con fotopollas no solicitadas ya tal.","twitter.com/Rocigaot/status/817673177165955073"
"7/1/2017 1:45:09","1","817532489312927745","","yo he estado a punto de mandarle a la madre de un alumno un whatsapp que era para un ligue.","twitter.com/Rocigaot/status/817532489312927745"
"7/1/2017 1:38:59","9","817530940851425280","1","Señores de Whatsapp, podían habilitar algo para repartir los contactos y sus chats por pestañas(amigos, trabajo, etc) que casi la lío parda","twitter.com/Rocigaot/status/817530940851425280"
"7/1/2017 1:11:13","2","817523951450656768","","A saber, pero en la de Vigo había dinosaurios, no le busques la lógica a estas cosas!","twitter.com/Rocigaot/status/817523951450656768"
"7/1/2017 1:05:21","2","817522475739258880","","ah, si yo la primera, pero ya podían montarse las coñas cuando yo estoy en casa aburrida ","twitter.com/Rocigaot/status/817522475739258880"
"7/1/2017 1:02:13","5","817521686107004928","","yo acabo de llegar de cañas, me he encontrado a todo mi TL haciendo coñas sobre Copérnico y ha sido muy WTF. ","twitter.com/Rocigaot/status/817521686107004928"
"7/1/2017 1:00:28","5","817521247575797760","","Un Cuarto Milenio dedicado a debatir por qué el café no me quita el sueño pero el licor café sí.","twitter.com/Rocigaot/status/817521247575797760"
"7/1/2017 0:48:06","21","817518134928306176","11","-Soy Copérnico!
-Yo soy Copérnico!
-Yo soy Copérnico, y mi mujer también!","twitter.com/Rocigaot/status/817518134928306176"
"6/1/2017 20:19:57","5","817450651286437888","","Aunque mola cuando alguien que os cae fatal y es muy inútil se cree el discursito de 'si quieres puedes' y ves sus intentos de petarlo.pic.twitter.com/gm7FnEH21K","twitter.com/Rocigaot/status/817450651286437888"
"6/1/2017 20:08:44","8","817447827953635328","2","Los castings desastrosos de OT y similares que emiten por las risas están llenos de gente que se creyó lo del 'si quieres, puedes'.","twitter.com/Rocigaot/status/817447827953635328"
"6/1/2017 19:15:37","1","817434463651106819","","Ay, el de Crecer es un mito lo tengo  y mola!","twitter.com/Rocigaot/status/817434463651106819"
"6/1/2017 18:17:33","4","817419846744936448","","Si los de las mariposas maléficas ven que en la cabalgata de Vigo había DINOSAURIOS ya lo flipan.","twitter.com/Rocigaot/status/817419846744936448"
"6/1/2017 18:12:45","9","817418641826254849","","A todo esto, ¿qué os han traído los Reyes? A los niños de al lado, a juzgar por el día que llevan, creo que cocaína.","twitter.com/Rocigaot/status/817418641826254849"
"6/1/2017 18:01:34","","817415824440967172","","Esto también.https://twitter.com/Cattz79/status/817414147394637825 …Inciso: una cosa es responder la verdad y otra es decir lo que crees que es la verdad sin que te pregunten https://twitter.com/Rocigaot/status/817411632489988096 …","twitter.com/Rocigaot/status/817415824440967172"
"6/1/2017 17:52:10","","817413461143592965","","que no es que la dejada le contara sus penas y ella saliera por ahí, es que fue su saludo, en vez del 'hola qué tal'.","twitter.com/Rocigaot/status/817413461143592965"
"6/1/2017 17:48:19","2","817412493731627010","","y la saludó con un 'me dijeron que ya no estás con fulano y me alegro, no pegábais nada y creo que estaba contigo por estar'","twitter.com/Rocigaot/status/817412493731627010"
"6/1/2017 17:46:52","2","817412124888678401","","- Yo tuve una amiga de esas supersinceras. Una vez se encontró a otra amiga común a la que acababa de dejar su novio,(1)","twitter.com/Rocigaot/status/817412124888678401"
"6/1/2017 17:45:32","1","817411793240915978","","lo de los reyes magos tal y como se celebra a día de hoy tiene muy poquito que ver con la escena bíblica...","twitter.com/Rocigaot/status/817411793240915978"
"6/1/2017 17:44:05","2","817411428097343488","","- ¿Que tu padre ha superado el cáncer?Mira, lo mismo le dijeron a mi vecino, y al año le volvió y no duró tres meses.","twitter.com/Rocigaot/status/817411428097343488"
"6/1/2017 17:39:33","1","817410283929038848","","Es que se les ve venir a leguas, y ya saturan.","twitter.com/Rocigaot/status/817410283929038848"
"6/1/2017 17:36:06","5","817409419382165507","","e irónicamente,los supersinceros que te dicen la verdad aunque duela suelen llevar mu malamente que hagan lo mismo con ellos.","twitter.com/Rocigaot/status/817409419382165507"
"6/1/2017 17:30:17","22","817407955272368128","4","También digo que, con niños o sin ellos, los brasas del 'yo siempre digo las verdades a la cara aunque joda' van pidiendo gulag a gritos.","twitter.com/Rocigaot/status/817407955272368128"
"6/1/2017 17:28:29","9","817407502132412416","1","'Es que ALGUNOS creemos que está mal mentir a los niños' = Venid, venid a admirar lo buenos padres que somos y a sentiros mal en comparación","twitter.com/Rocigaot/status/817407502132412416"
"6/1/2017 17:22:59","10","817406115038298112","1","No recuerdo a quién se lo leí ayer, pero qué cansinez los del 'yo no miento a mis hijos con lo de los Reyes porque los respeto(no como TÚ).","twitter.com/Rocigaot/status/817406115038298112"
"6/1/2017 16:28:24","1","817392381792239616","","Madre mía las cabezas.","twitter.com/Rocigaot/status/817392381792239616"
"6/1/2017 15:36:03","3","817379204656496641","1","como el turrón. Yo he tenido mono de dulce y 1tableta en la despensa y en vez de abrirla he bajado a la tienda de chuches.","twitter.com/Rocigaot/status/817379204656496641"
"6/1/2017 15:30:20","2","817377769038475264","","Con nunca defraudas quiero decir 'nunca decepcionas', lo otro ya tal.https://twitter.com/Rocigaot/status/817377599299186688 …Ay, Daily Pantuflo, nunca defraudas.","twitter.com/Rocigaot/status/817377769038475264"
"6/1/2017 15:29:40","2","817377599299186688","1","Ay, Daily Pantuflo, nunca defraudas.","twitter.com/Rocigaot/status/817377599299186688"
"6/1/2017 14:43:30","","817365979818815488","","cierto! Aunque podíamos buscarnos vicios más interesantes que los portales inmobiliarios ","twitter.com/Rocigaot/status/817365979818815488"
"6/1/2017 1:14:20","2","817162346384781312","","yo los hoteles sólo si estoy planeando un viaje. Pero tengo un enganche a Idealista que me tendría que mirar algún día.","twitter.com/Rocigaot/status/817162346384781312"
"6/1/2017 0:59:08","2","817158521099812867","","Ya te digo!","twitter.com/Rocigaot/status/817158521099812867"
"6/1/2017 0:56:20","8","817157818654556160","2","no enterarte de nada en las juntas de la comunidad porque tienes block o mute a la mitad de vecinos.","twitter.com/Rocigaot/status/817157818654556160"
"6/1/2017 0:54:09","2","817157267925700609","1","mientras entres porque efectivamente estás buscando piso no es problema. Yo entro todos los días sin plan alguno de mudarme.","twitter.com/Rocigaot/status/817157267925700609"
"5/1/2017 23:51:15","1","817141440438472706","","hostias, le voy a dar a unfollow!","twitter.com/Rocigaot/status/817141440438472706"
"5/1/2017 23:47:47","4","817140565150224386","2","Los de Mentes Criminales creyeron fielmente a Troy McClure cuando decía que si la vaca pudiera se te comería a ti.","twitter.com/Rocigaot/status/817140565150224386"
"5/1/2017 23:44:57","5","817139852215021568","3","¿Acaban de decir 'a las víctimas se las van a comer los toros?' Tengo que haber oído mal. #MentesCriminales","twitter.com/Rocigaot/status/817139852215021568"
"5/1/2017 23:42:50","10","817139319760687105","6","'Alguien sigue pagando la hipoteca de una propiedad abandonada'. Mira, lo único en lo que se han documentado bien los de Mentes Criminales.","twitter.com/Rocigaot/status/817139319760687105"
"5/1/2017 23:24:25","2","817134687751651328","1","Ahora están con una chapa sobre las partes de la corrida de toros que no sé si es inventer o si han buscao en la wikipedia.","twitter.com/Rocigaot/status/817134687751651328"
"5/1/2017 23:22:26","1","817134187580977152","3","Lagarder antitaurino les acaba de dar LA PISTAZA: Los toreros cortan orejas como el asesino al que buscan. ¡AJÁ!","twitter.com/Rocigaot/status/817134187580977152"
"5/1/2017 23:21:22","1","817133917828501504","2","Ahora especulan con que el mataguiris cortaorejas puede ser un activista antitaurino.","twitter.com/Rocigaot/status/817133917828501504"
"5/1/2017 23:16:04","2","817132584232685569","1","ahora están pasando de la teoría de ETA a que ofendieron el sentimiento católico español.","twitter.com/Rocigaot/status/817132584232685569"
"5/1/2017 23:09:01","2","817130810402893824","","más o menos, algo con curas endemoniaos que habían coincidido allí. Loquísimo.","twitter.com/Rocigaot/status/817130810402893824"
"5/1/2017 23:08:15","8","817130617683005441","4","Rectifico, que están barajando si la ETA está cortando las orejas a turistas guiris. Esto va a ser mejor que McGyver contra la ETA.","twitter.com/Rocigaot/status/817130617683005441"
"5/1/2017 23:06:21","5","817130139410698241","4","El Mentes Criminales de los San Fermines tiene pintaza, aunque menos que el Mentes Criminales del camino de Santiago.","twitter.com/Rocigaot/status/817130139410698241"
"5/1/2017 22:54:03","","817127042831515648","","el de First Dates? Bigote hitleriano y tonsura que parece que se ha afeitado siguiendo la forma de un vaso nocilla. XD","twitter.com/Rocigaot/status/817127042831515648"
"5/1/2017 22:29:09","4","817120779057905664","1","Vi ayer el anuncio de esto y creo que voy a pillar una cerveza para verlo por las risas.https://twitter.com/soydelbierzo/status/817117116335882242 …A las 22:45 en Cuatro emiten Mente Criminales Sin Fronteras: España. LoL tras LoL con la recreación de los San Fermines","twitter.com/Rocigaot/status/817120779057905664"
"5/1/2017 17:16:12","1","817042020535504896","","una prima mía se enteró a los 12. Yo creo que se hacía la tonta para tener más regalos.","twitter.com/Rocigaot/status/817042020535504896"
"5/1/2017 16:59:02","2","817037700838649856","","A mí me lo contaron mis padres a los 6años, porque me tenía muy mosca que a mi mejor amiga le trajeran el triple de cosas que a mí","twitter.com/Rocigaot/status/817037700838649856"
"5/1/2017 14:24:43","10","816998867292057600","19","- Necesito una katana y entrenamiento para mi venganza
- Estoy retirado.
-El traje de Gaspar no era de verdad
-Te llevarás mi obra maestra.","twitter.com/Rocigaot/status/816998867292057600"
"5/1/2017 13:59:56","30","816992628558495744","32","Cayetana Álvarez de Toledo lleva todo el año entrenando artes marciales en Japón y hoy vuelve a la cabalgata para ejecutar su venganza.","twitter.com/Rocigaot/status/816992628558495744"
"5/1/2017 10:59:17","","816947169076932612","","Con el de Borat ","twitter.com/Rocigaot/status/816947169076932612"
"5/1/2017 10:53:33","7","816945723124092928","3","¡Ay, un año ya de esto!https://twitter.com/cayetanaAT/status/684466752714059777 …Mi hija de 6 años: 'Mamá, el traje de Gaspar no es de verdad.'
No te lo perdonaré jamás, Manuela Carmena. Jamás. 
#cabalgatatve","twitter.com/Rocigaot/status/816945723124092928"
"4/1/2017 15:59:08","3","816660238719913984","1","mi bisabuela decía que si hubiera turnos para parir en las parejas el máximo serían 3hijos:1ella, 1él,1ella.. y ya.","twitter.com/Rocigaot/status/816660238719913984"
"4/1/2017 15:56:26","3","816659561834811394","","igual cada uno va a gestar a un gemelo. ¡Por fin padres que se implican al 50%!","twitter.com/Rocigaot/status/816659561834811394"
"4/1/2017 15:43:20","2","816656262024806400","","En el caso de la amiga esta, se habría ahorrado mucha mierda si él la hubiera descartado la 1ªnoche","twitter.com/Rocigaot/status/816656262024806400"
"4/1/2017 15:41:11","1","816655721181966336","","No te lo pierdas:pic.twitter.com/iu2dMnmL6b","twitter.com/Rocigaot/status/816655721181966336"
"4/1/2017 15:37:22","","816654760677883904","","Ahí sí que puede haber chasco, porque in real life NO TENGO GATOS.","twitter.com/Rocigaot/status/816654760677883904"
"4/1/2017 15:36:39","1","816654580872253441","","sí, pero todos pierden el interés y el respeto cuando el polvo ya está echado, oyes.","twitter.com/Rocigaot/status/816654580872253441"
"4/1/2017 15:35:36","2","816654315154763777","","Que, por supuesto, el interés lo pierde DESPUÉS de haberse corrido, no es que corte con ella sin follar por impía.","twitter.com/Rocigaot/status/816654315154763777"
"4/1/2017 15:32:38","4","816653568337969152","","y cito textualmente, 'yo si una tía folla conmigo la primera noche pierdo totalmente el interés porque no puedo tenerle respeto'","twitter.com/Rocigaot/status/816653568337969152"
"4/1/2017 15:32:04","3","816653429552594944","","ella pasó de acostarse con él. La siguiente vez que quedaron, él le dijo que se alegraba de que le hubiera dicho que no, porque(2","twitter.com/Rocigaot/status/816653429552594944"
"4/1/2017 15:31:20","3","816653241333272576","","me acuerdo que hace años una amiga mía se metió en una relación muy chunga con un tío. La 1ª vez que la invitó a su casa,(1)","twitter.com/Rocigaot/status/816653241333272576"
"4/1/2017 15:27:52","","816652369375150080","","Ignorad la tilde que me he comido. :P","twitter.com/Rocigaot/status/816652369375150080"
"4/1/2017 15:24:05","16","816651417159135232","6","Me encantan los que se plantean lo de 'qué dirías si tu hija se folla a quien le da la gana', pero nunca 'qué dirias si lo hace tu hijo'.","twitter.com/Rocigaot/status/816651417159135232"
"4/1/2017 15:23:08","9","816651178520051712","","'Hija, si un tío pasa de ti porque haces con tu cuerpo lo que quieres, tiempo perdido con un imbécil que te ahorras'.","twitter.com/Rocigaot/status/816651178520051712"
"4/1/2017 15:19:32","1","816650275599634432","","Si ligo por twitter y en persona se llevan chasco porque me veían más guapa en mi avatar sería pa deprimirme mucho XD","twitter.com/Rocigaot/status/816650275599634432"
"4/1/2017 13:37:45","6","816624657247961088","5","Cuando te encasquetan una clase de inglés para Infantil con un 'es muy fácil, unas canciones y un juego y vía' #StarWarsDocentepic.twitter.com/Twpz8PQoGf","twitter.com/Rocigaot/status/816624657247961088"
"4/1/2017 13:26:45","1","816621889485475840","","Eso dase por suposto ","twitter.com/Rocigaot/status/816621889485475840"
"4/1/2017 13:18:23","2","816619783865114625","","Se tes caixas cheas de apuntes da facultade, escondelos ahí cubertos por varias pilas de folios da bo resultado.","twitter.com/Rocigaot/status/816619783865114625"
"3/1/2017 23:34:34","1","816412466590679040","","verde botella XD","twitter.com/Rocigaot/status/816412466590679040"
"3/1/2017 19:25:19","2","816349740992434177","","no, no, era bebé tapado como para ir a Laponia y niño de unos 4años en pantalón corto.","twitter.com/Rocigaot/status/816349740992434177"
"3/1/2017 19:23:51","1","816349368181751809","","estos llevaban también un carrito con un bebé al que le faltaban sólo los samoyedos para irse en una expedición polar.","twitter.com/Rocigaot/status/816349368181751809"
"3/1/2017 19:20:37","4","816348557221433345","","Que en Dublín las autóctonas salían sin medias en invierno, pero al menos se tajaban antes, y a un niño que no tendrá ni 5años no es plan.","twitter.com/Rocigaot/status/816348557221433345"
"3/1/2017 19:18:44","3","816348081285459968","","En serio, parejita de la mesa de al lado, ponedle un puto chándal a la criatura. O al menos unos leotardos.","twitter.com/Rocigaot/status/816348081285459968"
"3/1/2017 19:17:19","57","816347724186533888","24","Niños pijos con pantaloncitos cortos a lo Cuéntame en enero. ¿Los están curtiendo para el frío por si de adultos van al gulag?","twitter.com/Rocigaot/status/816347724186533888"
"3/1/2017 16:01:15","2","816298384873181185","","Sí, aunque ahí es donde duerme mi unicornio.","twitter.com/Rocigaot/status/816298384873181185"
"3/1/2017 15:33:29","7","816291396164452352","2","Lo de ver a tíos de izquierdas riéndose cuando hay bulla entre feministas porque 'jojo,no se entienden ni entre ellas' es muy LOL","twitter.com/Rocigaot/status/816291396164452352"
"3/1/2017 13:17:52","1","816257267750289408","","mogollón de xente. É un clásico como o de 'mi problema es que soy supersincero y la gente no quiere oír las verdades'.","twitter.com/Rocigaot/status/816257267750289408"
"3/1/2017 2:14:07","10","816090230025555968","2","Buenas noches a todos menos a los que decís: 'mi problema es que soy demasiado buena persona'.","twitter.com/Rocigaot/status/816090230025555968"
"3/1/2017 1:38:17","","816081210510286848","","sí, también. Al final son dos caras de la misma moneda, o eres un loser o eres un aprovechado. O fifty-fifty.","twitter.com/Rocigaot/status/816081210510286848"
"3/1/2017 1:32:35","","816079774988857345","","'tienen mucho gasto y querrán ir arrancando, tener niños y demás'.  ¯\_(ツ)_/¯","twitter.com/Rocigaot/status/816079774988857345"
"3/1/2017 1:31:41","","816079550685868033","","les sueltan pasta para liquidar la hipoteca o les ceden la segunda vivienda, y eso es normal porque los chavales(..)","twitter.com/Rocigaot/status/816079550685868033"
"3/1/2017 1:28:51","","816078838681792512","","siempre caen puyitas. Y luego he visto parejas con 2sueldos que se casan, se hipotecan, y padres y/o suegros(...)","twitter.com/Rocigaot/status/816078838681792512"
"3/1/2017 1:27:22","","816078463803265025","","A mí algo que me mata es que si te vuelves a casapadres porque estás soltera(ergo dependes de tus ingresos)y sin pasta(..)","twitter.com/Rocigaot/status/816078463803265025"
"2/1/2017 2:33:27","1","815732706558570500","","No leía una noticia tan inesperada desde aquella de 'El Drogas confiesa que fumó porros'.","twitter.com/Rocigaot/status/815732706558570500"
"1/1/2017 22:52:50","3","815677187378606080","","Igual está en contra del belén como elemento decorativo navideño.","twitter.com/Rocigaot/status/815677187378606080"
"1/1/2017 22:49:44","1","815676407040921601","","Es tu cumple? Felicidades!! ;-D","twitter.com/Rocigaot/status/815676407040921601"
"1/1/2017 22:10:41","1","815666580243759105","","Yo Pretty Woman entera entera creo que sólo una vez, aunque trozos sueltos haciendo zapping más veces.","twitter.com/Rocigaot/status/815666580243759105"
"1/1/2017 22:04:37","1","815665053349322752","","Fue glorioso. Al principio pensaba que estaba haciendo la coña, pero no, se mosqueó de verdad.","twitter.com/Rocigaot/status/815665053349322752"
"1/1/2017 21:32:51","5","815657057567277057","1","coñas aparte, cuando se estrenó Titanic una amiga me acusó de destripársela por decir que el barco se hundía XD","twitter.com/Rocigaot/status/815657057567277057"
"1/1/2017 21:30:34","1","815656482008076288","","Voy a vengarme spoileándote, no sé, Grease.","twitter.com/Rocigaot/status/815656482008076288"
"1/1/2017 21:27:54","2","815655812400037888","","Halaaaaa, spoiler!! ","twitter.com/Rocigaot/status/815655812400037888"
"1/1/2017 16:22:18","2","815578905931288576","","Aquí ya van dos veces, en Navidad y un domingo hace un par de semanas. Igual es extorsión: suelta pasta o sigo cantando.","twitter.com/Rocigaot/status/815578905931288576"
"1/1/2017 16:03:50","1","815574260060131328","","Por mi barrio estuvo el día de Navidad. XD","twitter.com/Rocigaot/status/815574260060131328"
"1/1/2017 15:01:58","7","815558689327353856","2","El clásico 'ignórales hasta que se cansen'. No se van a cansar, van en grupo y se retroalimentan. Siempre estallarás tú antes.","twitter.com/Rocigaot/status/815558689327353856"
"1/1/2017 14:57:24","1","815557539668643840","","que con los años he avanzado mucho, ni comparación.","twitter.com/Rocigaot/status/815557539668643840"
"1/1/2017 14:56:46","1","815557379605544960","","yo lo mismo. De peque, antes de que me putearan en clase, tenía una confianza en mí misma que quién me la diera ahora.","twitter.com/Rocigaot/status/815557379605544960"
"1/1/2017 3:39:49","12","815387021598425088","2","Gente de mi edad felicitando poniendo en feisbuc felicitaciones tipo:'La familia Martínez Gómez os desea felices fiestas'. THE RANCIEST.","twitter.com/Rocigaot/status/815387021598425088"
"1/1/2017 2:58:13","11","815376551290114048","2","Decíamos hace unos meses...#CachitosNocheviejahttps://twitter.com/Rocigaot/status/789948241316118528 …Somos todos muy hipsters hasta que te ponen a Rafaella y a Camilo Sesto en una boda y acabas bailando en modo Iceta.","twitter.com/Rocigaot/status/815376551290114048"
"1/1/2017 2:56:37","2","815376149421375488","","Esto debe de estar terminando que van todos los míticos seguidos. #CachitosNochevieja","twitter.com/Rocigaot/status/815376149421375488"
"1/1/2017 2:52:25","1","815375090607001600","","Rafaella!! Estaba tardando! #CachitosNochevieja","twitter.com/Rocigaot/status/815375090607001600"
"1/1/2017 2:51:28","5","815374851758178305","","Vamos, Robert, sal a bailar, que tú lo haces fenomenal, tu cuerpo se mueve como una palmera, suave, suave, su su suave!","twitter.com/Rocigaot/status/815374851758178305"
"1/1/2017 2:32:37","2","815370107421675520","","ay, menos mal! cené en casa de una amiga y temí que los hubieran puesto mientras estaba volviendo a casa!","twitter.com/Rocigaot/status/815370107421675520"
"1/1/2017 2:23:40","2","815367855457914881","","aún debo de tener un casette suyo por casa!","twitter.com/Rocigaot/status/815367855457914881"
"1/1/2017 2:19:39","","815366845612101635","","conste que lo mío es de la garganta, ni siquiera es resaca pa poder decir 'que me quiten lo bailao' :P","twitter.com/Rocigaot/status/815366845612101635"
"1/1/2017 2:17:59","8","815366426823393280","1","Igual algunos de mi TL sois tan jóvenes que no conocíais 'cuidado con Paloma' y os habéis llevao sustaco. #CachitosNochevieja","twitter.com/Rocigaot/status/815366426823393280"
"1/1/2017 2:16:14","","815365987142922240","","culpa mía, mira que cambiarte a mala leche el zumopiña que habías pedido por licorcafé... ","twitter.com/Rocigaot/status/815365987142922240"
"1/1/2017 2:02:56","2","815362640826482688","","Aunque hemos despedido a 2016 como se merecía, con una peineta y un 'a tomar por culo'.","twitter.com/Rocigaot/status/815362640826482688"
"1/1/2017 1:59:45","4","815361836975538176","","Mi primera copa de 2017 es un combinado de ibuprofeno en sobre y agua.","twitter.com/Rocigaot/status/815361836975538176"