"date","fav","id","rt","text","url"
"30/4/2017 13:32:23","49","858645201937735680","30","A todo lo RT, añado que 'pues a mi amigo le gustaba una chica, insistió y ahora están juntos' no es necesariamente un final feliz.","twitter.com/Rocigaot/status/858645201937735680"
"29/4/2017 19:11:24","86","858368130879508482","52","No, si paráis a una desconocida por la calle no estáis ligando. Estáis siendo 'ese fulano raro, mejor no cabrearlo por si no está bien'.","twitter.com/Rocigaot/status/858368130879508482"
"30/4/2017 13:44:37","34","858648280632307712","28","Que muchos creéis que el maltrato empiezan en hostias, y suele empezar en'mira, mejor no voy a esa fiesta por no aguantarle luego de morros'","twitter.com/Rocigaot/status/858648280632307712"
"30/4/2017 21:10:03","","858760376581840896","","por condones quería decir tampones, en qué estaría pensando ","twitter.com/Rocigaot/status/858760376581840896"
"30/4/2017 21:09:39","","858760275582996483","","y lo de los condones ni idea, aunque a mí nunca me fueron muy cómodos. Curiosamente me apaño mejor con los que NO tienen aplicador.","twitter.com/Rocigaot/status/858760275582996483"
"30/4/2017 21:08:46","1","858760054350196736","","a ver si te contesta alguien que la tuviera sin usar mucho tiempo. Yo lo más que estuve sin ponerla es dos meses.","twitter.com/Rocigaot/status/858760054350196736"
"30/4/2017 21:07:59","","858759855552815105","","Entonces igual ahora te va bien. Si la guardaste desinfectada y en su bolsita y ahora la hierves de nuevo no creo que haya problema, pero(1)","twitter.com/Rocigaot/status/858759855552815105"
"30/4/2017 20:59:10","","858757637407731717","","Si has tenido parto vaginal igual necesitas una copa más grande que antes. Pero si antes te molestaba igual te iba grande y ahora te va bien","twitter.com/Rocigaot/status/858757637407731717"
"30/4/2017 20:58:05","","858757365260320768","","yo la copa la hiervo sin más y no me da problemas. Hay gente que usa las tabletas de esterilizar biberones, pero no he probado cómo van.","twitter.com/Rocigaot/status/858757365260320768"
"30/4/2017 16:16:50","","858686585763713024","","o el que se presenta siempre que quedáis solo las amigas 'para darle una sorpresa'.","twitter.com/Rocigaot/status/858686585763713024"
"30/4/2017 16:14:26","2","858685983159717889","","pero paella o arroz con cosas??","twitter.com/Rocigaot/status/858685983159717889"
"30/4/2017 15:30:48","2","858674999946862592","1","Ahí le has dao.","twitter.com/Rocigaot/status/858674999946862592"
"30/4/2017 13:47:20","17","858648965209874432","12","Y en no quedar con según qué gente o no ponerte según qué cosas por no oírle luego dos días machacando con lo mal que le parece.","twitter.com/Rocigaot/status/858648965209874432"
"30/4/2017 13:40:09","13","858647154050691072","14","Porque al 'te mando 10 mensajes para conseguir una cita' siguió el 'te llamo 8 veces cuando estás con tus amigas para que vuelvas pronto'.","twitter.com/Rocigaot/status/858647154050691072"
"30/4/2017 13:38:30","16","858646741524111360","7","Porque en mi entorno cercano he visto alguna relación que empezó así y creo que siguen. Creo, porque verlas a ellas es imposible.","twitter.com/Rocigaot/status/858646741524111360"
"29/4/2017 20:52:41","","858393618003963905","","Ay, no la vi, la buscaré!","twitter.com/Rocigaot/status/858393618003963905"
"29/4/2017 20:45:02","1","858391694487715841","","Me pasa lo mismo con el prota de Vikings y el que hace del hermano. No sé cómo se llaman pero lo mío es love del de verdad.","twitter.com/Rocigaot/status/858391694487715841"
"29/4/2017 20:44:04","1","858391449360093186","","yo sería una acosadora malísima porque no me sé el nombre de casi ningún actor al que me zumbaría.","twitter.com/Rocigaot/status/858391449360093186"
"29/4/2017 20:36:14","1","858389479547166727","","Uf, pronto empezamos!https://twitter.com/lavozdegalicia/status/858388829442641920 …Un incendio amenaza uno de los enclaves más valiosos de la sierra de O Courel
 http://www.lavozdegalicia.es/noticia/lemos/folgoso-do-courel/2017/04/29/incendio-quema-veinte-hectareas-sierra-courel/00031493489659052593484.htm?utm_source=twitter&utm_medium=referral&utm_campaign=twgen …","twitter.com/Rocigaot/status/858389479547166727"
"29/4/2017 20:09:12","","858382675622678529","","Esos abdominales están financiados por Soros!","twitter.com/Rocigaot/status/858382675622678529"
"29/4/2017 20:06:50","","858382080547463168","","ollo, que non digo que o fagan só os novos. Moita xente da miña edade tragouse de todo o discursiño de 'Impossible is nothing'","twitter.com/Rocigaot/status/858382080547463168"
"29/4/2017 19:48:01","1","858377344054112256","","Penso que é unha mezcla de machismo e pouca tolerancia á frustración. A idea esa tan mrwonderfuliana de 'si puedes soñarlo puedes hacerlo'.","twitter.com/Rocigaot/status/858377344054112256"
"29/4/2017 19:44:13","1","858376386507046912","","pero se é unha persoa anónima, podes irrumpir na súa vida só porque te pareceu atractiva físicamente e se non lle parece mal a borde é ela.","twitter.com/Rocigaot/status/858376386507046912"
"29/4/2017 19:43:31","1","858376210132463621","","É que ahí está, cun famoso todos entendemos que fantasear e forrar a carpeta é unha cousa e crer a túa fantasía e acosar a persoa é outra(1)","twitter.com/Rocigaot/status/858376210132463621"
"29/4/2017 19:41:34","7","858375720820768768","2","Si esto os suena a acosadora loca y en el momento en que no es un famoso sino una persona anónima lo veis romántico,mirad a ver.","twitter.com/Rocigaot/status/858375720820768768"
"29/4/2017 19:39:46","5","858375268251185152","3","Que el hecho de que sólo sepa de él que está bueno (ni recuerdo su nombre) no os haga dudar de que lo mío es una historia de amor épica, ojo","twitter.com/Rocigaot/status/858375268251185152"
"29/4/2017 19:38:39","4","858374985538252802","3","Que sí, que él igual ni sabe que existo, pero eso tiene fácil arreglo si le frío a cartas y los medios dan soporte a mi historia de amor.","twitter.com/Rocigaot/status/858374985538252802"
"29/4/2017 19:37:10","1","858374614845718528","","el personaje a ratos, pero al actor, si se dejase...","twitter.com/Rocigaot/status/858374614845718528"
"29/4/2017 19:36:37","5","858374475137634304","3","porque a ver, si yo creo que puedo hacerle feliz, qué menos que dejarme intentarlo, que seguro que el muy falso luego tiene novia o ligues.","twitter.com/Rocigaot/status/858374475137634304"
"29/4/2017 19:35:54","10","858374294602174465","6","Yo igual soy la mujer de la vida del que hace de Avery en Anatomía de Grey, así que sería muy desconsiderado de su parte no quedar conmigo.","twitter.com/Rocigaot/status/858374294602174465"
"29/4/2017 19:20:30","12","858370418419302401","","Sin ser yo de Tinder, creo que a muchos les joden las apps frente al ligoteo 'cara a cara' porque si ella no preaprueba no pueden incordiar.","twitter.com/Rocigaot/status/858370418419302401"
"29/4/2017 19:13:06","10","858368556391596036","5","'Es que mi prima segunda conoció a su novio porque se chocaron y le recogió los libros en plan peli yanki', Eso no me obliga a darte palique","twitter.com/Rocigaot/status/858368556391596036"
"29/4/2017 19:03:35","14","858366160856920065","9","'Cómo queréis que ligue si no, si es tímido'. Si siendo tímido dice que él es lo que ella necesita y va a la tv, qué haría si fuera lanzado","twitter.com/Rocigaot/status/858366160856920065"
"29/4/2017 19:00:55","6","858365492737830912","1","'Ahora parece que no se puede ni hablar a la gente por la calle'. Porque antes era súper normal pedirle a desconocidos que te dieran palique","twitter.com/Rocigaot/status/858365492737830912"
"29/4/2017 18:59:13","7","858365062549053441","2","'Hay gente para lo que todo es acoso y no se dan cuenta de que así se arriesgan a terminar solos'pic.twitter.com/Ik7bijN2bL","twitter.com/Rocigaot/status/858365062549053441"
"29/4/2017 18:48:22","17","858362334334644224","6","'Si fuera Brad Pitt la tía no se negaba' Si yo persigo a Brad Pitt porque creo que puedo hacerle feliz, acabo arrestada.","twitter.com/Rocigaot/status/858362334334644224"
"29/4/2017 18:41:03","3","858360493467193344","","'Si vas a casa de alguien y comenta noticias de los digitales en FB, no te lo folles'.","twitter.com/Rocigaot/status/858360493467193344"
"29/4/2017 18:40:29","19","858360351074783235","7","'Pasa del pobre chaval y luego seguro que tiene Tinder para follar'. Porque sólo puedes pasar de un tío si quieres ser monja carmelita.","twitter.com/Rocigaot/status/858360351074783235"
"29/4/2017 18:38:48","28","858359924778303492","6","Cuando lees comentarios en FB de lo de la chica del tranvía.pic.twitter.com/tm0JuQWSyI","twitter.com/Rocigaot/status/858359924778303492"
"29/4/2017 17:45:44","2","858346570823196672","5","#diainternacionaldeladanzapic.twitter.com/d5AOqC9SMx","twitter.com/Rocigaot/status/858346570823196672"
"29/4/2017 17:44:10","1","858346176638222336","","#diainternacionaldeladanzapic.twitter.com/IlwzaCp9v6","twitter.com/Rocigaot/status/858346176638222336"
"28/4/2017 14:08:33","12","857929528928292864","4","'Sí, tras dos discos de estudio el próximo será un unplugged grabado en mi última gira de conciervos'.pic.twitter.com/bKzVuBow6P","twitter.com/Rocigaot/status/857929528928292864"
"28/4/2017 14:05:22","4","857928727048708096","","Entenderé los unfollows. :P","twitter.com/Rocigaot/status/857928727048708096"
"28/4/2017 14:03:33","9","857928269898895361","","- Entonces, ¿cree que su predicción de la segunda vuelta de las elecciones francesas se cumplirá?
-Sí, lo sé a ciencia cierva.pic.twitter.com/VgIZrtb6IV","twitter.com/Rocigaot/status/857928269898895361"
"27/4/2017 15:05:16","2","857581413679464448","","Efectivamente! El día que están 'de Rodríguez' (sí, he oído a tíos nacidos en los 80-90 usar esa expresión) tienen que quemar cartuchos.","twitter.com/Rocigaot/status/857581413679464448"
"27/4/2017 15:04:11","3","857581138063351812","","Y como soy un tío sensible, en vez de romper le propongo a otras lo que mi novia no haría/lo que asumo que ese ángel no debería querer hacer","twitter.com/Rocigaot/status/857581138063351812"
"27/4/2017 15:02:08","5","857580622092656641","","De hecho, un clásico son los que te entran a lo bestia pero no pueden dejar a su novia porque 'es buenísima persona y la destrozaría'.","twitter.com/Rocigaot/status/857580622092656641"
"27/4/2017 14:56:54","7","857579308482793472","2","Creo que todos los tíos que he conocido que describían a su novia como 'buenísima persona' o 'ángel' le ponían una cornamenta king size.","twitter.com/Rocigaot/status/857579308482793472"
"27/4/2017 14:31:12","1","857572837535748096","1","Creen que con esos trucos caeremos porque nos ven como pavas románticomemas, y cuando no les funciona llega el berrinchito.","twitter.com/Rocigaot/status/857572837535748096"
"27/4/2017 12:01:39","4","857535202708553728","1","Es que lo mismo se meten de más y te tocan el cerebro, y si te dejan Percival Manglano no se quieren responsabilizar.","twitter.com/Rocigaot/status/857535202708553728"
"27/4/2017 0:39:26","1","857363519829934080","","¡Ay, yo voy a hacer lo mismo con un gran danés que me cruzo a veces cuando salgo a correr!","twitter.com/Rocigaot/status/857363519829934080"
"27/4/2017 0:36:54","2","857362882526408706","","A ver se o chaval do tranvía era o prota de Sin noticias de Gurb.","twitter.com/Rocigaot/status/857362882526408706"
"27/4/2017 0:35:25","6","857362507266174977","","En el mejor de los casos, dejas a vuestro amigo como un plasta. Y en el peor, estás frenando a alguien que intenta salvar el pellejo.","twitter.com/Rocigaot/status/857362507266174977"
"27/4/2017 0:30:24","16","857361245514715136","2","De ir con el 'si igual podéis arreglarlo, él te quiere mucho, te tiene en un altar'. No sabéis lo que hay tras esa ruptura, no os metáis.","twitter.com/Rocigaot/status/857361245514715136"
"27/4/2017 0:29:50","4","857361101612363777","","Lo que he RT ahora no sólo vale para flipaos como el de Murcia sino para lo de hacer de intermediario en rupturas de conocidos.","twitter.com/Rocigaot/status/857361101612363777"
"27/4/2017 0:24:36","4","857359786282713088","","Encántame o de 'unos leggins negros que combinaste muy bien con una camiseta blanca'. Non todo o mundo sabe combinar colores así, ollo.","twitter.com/Rocigaot/status/857359786282713088"
"27/4/2017 0:05:54","3","857355081129316352","","UNFOLLOW+BLOCK+REPORT","twitter.com/Rocigaot/status/857355081129316352"
"27/4/2017 0:02:13","","857354152816594946","","Nin idea, igual que nunca souben qué foi do mítico Clemente dos 90.","twitter.com/Rocigaot/status/857354152816594946"
"26/4/2017 23:46:03","","857350085319020545","","Coño, que botan Casamos e non me avisades!","twitter.com/Rocigaot/status/857350085319020545"
"26/4/2017 23:38:41","2","857348228479676421","","no lo dudes!","twitter.com/Rocigaot/status/857348228479676421"
"26/4/2017 22:46:17","3","857335042472849408","1","Por aquí también somos muy de dejar avisos en la vía pública.pic.twitter.com/lXsxej2hvD","twitter.com/Rocigaot/status/857335042472849408"
"26/4/2017 22:09:21","2","857325747286966275","","Y lo mejor será el viernes, que tengo varias clases seguidas en zona de coles privados. Hileras de triple fila y jeeps aparcaos en rotondas.pic.twitter.com/oFJ97NaOpX","twitter.com/Rocigaot/status/857325747286966275"
"26/4/2017 22:02:34","","857324042541551616","","Mi coche está en el taller y he tenido que moverme por ciudad con el de mi padre que es algo más grande, y tengo aún más ganas de asesinar.","twitter.com/Rocigaot/status/857324042541551616"
"26/4/2017 19:39:25","38","857288016502681600","23","Escandalazo, oye, una canción que cantábamos en las excursiones del cole de monjas junto con 'El señor conductor no se ríe'.pic.twitter.com/cLbREQfxWc","twitter.com/Rocigaot/status/857288016502681600"
"26/4/2017 15:26:14","22","857224302009221120","15","Moraleja: igual guiarse en la vida por lo que queda bonito en un telefilme romántico de sobremesa no es la mejor idea.https://twitter.com/Rocigaot/status/857221675003334656 …- Fue muy romántico, llegó corriendo y dijo 'déjeme pasar, la mujer que amo va en ese avión'.
-¿Y así le coló la bomba a bordo?
-Sí, señoría","twitter.com/Rocigaot/status/857224302009221120"
"26/4/2017 15:15:48","117","857221675003334656","115","- Fue muy romántico, llegó corriendo y dijo 'déjeme pasar, la mujer que amo va en ese avión'.
-¿Y así le coló la bomba a bordo?
-Sí, señoría","twitter.com/Rocigaot/status/857221675003334656"
"26/4/2017 13:53:51","4","857201050364911616","3","Es muy el rollo Cenicienta de 'me he enamorao tanto de ti que no recuerdo tu puta cara y le voy a probar tu zapato a todo el reino'.","twitter.com/Rocigaot/status/857201050364911616"
"26/4/2017 13:48:47","6","857199775653007360","1","una rueda de reconocimiento para creepy tontoguitarras. Lo veo. ","twitter.com/Rocigaot/status/857199775653007360"
"26/4/2017 13:31:17","26","857195371231096832","19","De hecho, me juego algo a que se le presenta una chica de similar complexión y peinado diciendo ser ella y no la distingue.","twitter.com/Rocigaot/status/857195371231096832"
"26/4/2017 13:28:02","45","857194555975897089","41","Porque una persona que monta ese pollo porque se ha quedado con ganas de ligar es un crío emberrinchado con un juguete que no tiene.","twitter.com/Rocigaot/status/857194555975897089"
"26/4/2017 13:26:40","32","857194210696540160","26","Si la chica de verdad está pasando un infierno y apoyarla es más que dejarla llorar un ratico y polvo de recompensa, Romeo sale por patas.","twitter.com/Rocigaot/status/857194210696540160"
"26/4/2017 13:26:03","33","857194057679998976","26","Si pasada la borrachera llorona la chica tiene carácter y no se ajusta a su fantasía de manic pixie dream girl, Romeo sale por patas.","twitter.com/Rocigaot/status/857194057679998976"
"26/4/2017 13:21:46","119","857192979039125506","103","La chica le importa una mierda porque no la conoce. Le importa una fantasía donde prestas atención a una chica vulnerable y llevas premio.","twitter.com/Rocigaot/status/857192979039125506"
"26/4/2017 13:19:39","6","857192444756209665","3","En serio, si os queréis montar una peli de salvador de doncellas atribuladas para pajearos es cosa vuestra, pero no deis la brasita.","twitter.com/Rocigaot/status/857192444756209665"
"26/4/2017 13:11:05","3","857190289685065728","4","Ahora que tenemos mp3, smatphone y libros para cortar los intentos de charleta de pesaos en el bus/metro les da por empapelar farolas.","twitter.com/Rocigaot/status/857190289685065728"
"26/4/2017 13:09:21","6","857189855033524224","3","'El infierno en que se encontraba' igual es una borrachera de bajona que acabó con  'y ahora encima este fulano mirándome raro en el tren' https://twitter.com/Betinaserrano/status/857115048250138624 …","twitter.com/Rocigaot/status/857189855033524224"
"26/4/2017 13:04:53","3","857188730775404546","2","Empresas haciéndole el juego al creepy del tranvía para tener clicks y publi. Ni me sorprende ya.","twitter.com/Rocigaot/status/857188730775404546"
"26/4/2017 12:34:55","1","857181189240651776","","Ay, es mi sketch favorito de Muchachada Nui!","twitter.com/Rocigaot/status/857181189240651776"
"26/4/2017 12:06:37","7","857174065072803840","2","Empapelar la ciudad con carteles de 'Quien me pidiera prestado Crónica de una muerte anunciada en COU que lo devuelva, coño, que van 20años'","twitter.com/Rocigaot/status/857174065072803840"
"26/4/2017 1:14:34","4","857009970994458624","","Y cuando daba extraescolares eran hasta las 5 ó 5:30, pero igual los quieren 12 horas en el cole, horario de taller textil de Bangladesh.","twitter.com/Rocigaot/status/857009970994458624"
"26/4/2017 1:13:21","2","857009667175743488","","Yo de los míos peques de particulares uno sale a esa hora porque come en casa, el otro come en el cole y queda un par de horas más.","twitter.com/Rocigaot/status/857009667175743488"
"26/4/2017 1:05:02","1","857007572506877953","","Yo el curso pasado di extraescolares en Infantil y Primaria, un par de horas/día, y las maestras que echan el día ahí merecen un monumento.","twitter.com/Rocigaot/status/857007572506877953"
"26/4/2017 1:03:19","","857007142959796226","","Quiero que mi hijo se tire 10 horas en el cole pero no sé decir que están dando en clase ni aunque mi vida dependa de ello.","twitter.com/Rocigaot/status/857007142959796226"
"26/4/2017 0:59:48","2","857006256279736325","","Los maestros que curren diez horas para que los demás 'conciliemos' porque ni que ellos tuvieran vida propia o algo.","twitter.com/Rocigaot/status/857006256279736325"
"26/4/2017 0:55:25","4","857005150912872451","","Creer que estar con 20 críos de Infantil o Primaria es un paseo es saber muy poco de críos para alguien que es padre. Tampoco me sorprende.","twitter.com/Rocigaot/status/857005150912872451"
"26/4/2017 0:18:57","2","856995977076592640","","Cherry menstruation.https://twitter.com/xFAWNx/status/856143207796801536 …Indie band name generator

your favourite fruit + the last reason you took painkillers…","twitter.com/Rocigaot/status/856995977076592640"
"26/4/2017 0:18:07","2","856995768124792833","","Es que es una aberración. El calimocho se hace con costra cola de marca blanca y se bebe en vasolitro de plasticorro de toda la vida de dios","twitter.com/Rocigaot/status/856995768124792833"
"25/4/2017 23:19:03","1","856980899442946048","","No me puedo ir de puente porque estoy sin un duro y no puedo follar para no ser burguesa. Qué cruel ironía.","twitter.com/Rocigaot/status/856980899442946048"
"25/4/2017 22:40:21","","856971162701660160","","Sí, sí, en otro tuit lo dice! Creo que no está vendiendo muy bien las bondades de la revolución, también te digo. ","twitter.com/Rocigaot/status/856971162701660160"
"25/4/2017 22:34:41","","856969737980530688","","Las pajas son contrarrevolucionarias también, ojo.","twitter.com/Rocigaot/status/856969737980530688"
"25/4/2017 21:50:46","1","856958683544252416","","","twitter.com/Rocigaot/status/856958683544252416"
"25/4/2017 21:36:46","4","856955159078948866","","Si follar por follar y masturbarse es contrarrevolucionario, de darle al BDSM o hacer roleplaying en la cama ya ni hablamos, ¿no?","twitter.com/Rocigaot/status/856955159078948866"
"25/4/2017 21:33:42","4","856954387750686720","","Pero os animo a usar esa brasaza la próxima vez que en una reunión familiar os suelten un 'a ver cuándo te echas novio/a'. Por las risas.","twitter.com/Rocigaot/status/856954387750686720"
"25/4/2017 21:31:24","13","856953811109384193","","Todavía no tengo claro si el del 'follar es contrarrevolucionario' es fake paródico o tontolhaba premium.","twitter.com/Rocigaot/status/856953811109384193"
"25/4/2017 20:30:34","7","856938503296479232","2","'Jo, tía, he echado un polvo de los de 20 años picando piedra en Siberia'.","twitter.com/Rocigaot/status/856938503296479232"
"25/4/2017 18:50:32","28","856913326839877632","14","Mandarle la captura del tuit de 'follar es un vicio burgués' al que te mola con 'por ti me arriesgo a ir al gulag '.","twitter.com/Rocigaot/status/856913326839877632"
"25/4/2017 18:45:17","4","856912005353140224","","Pero oye, como brasa que soltar a tus parientes para quitarles el vicio de preguntar '¿y cuándo nos presentas un novio/a?', chapeau.","twitter.com/Rocigaot/status/856912005353140224"
"25/4/2017 18:23:50","2","856906608714153984","","Ahora dirán que el chocolate y la tortilla distraen de la lucha obrera y ya me iré con Yoani a tuitear desde un bote de yogur con un cordel.","twitter.com/Rocigaot/status/856906608714153984"
"25/4/2017 18:13:13","","856903935604535296","","('de que pillen', no 'de pillen', que siempre me acabo comiendo palabras.","twitter.com/Rocigaot/status/856903935604535296"
"25/4/2017 18:11:13","2","856903432418078722","","yo aún tengo la esperanza de pillen a Rajoy zampándose a un bebé con guarnición de gatitos y pierda uno o hasta dos escaños.","twitter.com/Rocigaot/status/856903432418078722"
"25/4/2017 18:09:50","2","856903084798353408","","Yo quiero pensar que es fake porque no se puede ser tan tonto, pero si follar es burgués a mí guardadme sitio ya en el gulag.","twitter.com/Rocigaot/status/856903084798353408"
"25/4/2017 15:08:02","","856857332726288387","","Que estafa es, pero hacer el pardillo también. Y fui periodista becaria, de hacer el pardillo sé un rato por experiencia. XD","twitter.com/Rocigaot/status/856857332726288387"
"25/4/2017 14:19:14","1","856845053251268609","","Dios, TIENE que ser fake paródico. No pueden ser tan gilipollas.","twitter.com/Rocigaot/status/856845053251268609"
"25/4/2017 11:39:08","6","856804762368581632","2","Verás qué risa los que dicen que les compensa la explotación de los chefs famosos para aprender cuando estalle la burbuja gastronómica","twitter.com/Rocigaot/status/856804762368581632"
"24/4/2017 21:52:58","1","856596849305825281","","Y yo. Es como una cena con mi familia, pero puedes sacar algo de pasta vendiendo la crónica a Vice.","twitter.com/Rocigaot/status/856596849305825281"
"24/4/2017 17:33:41","31","856531597880958977","19","yo la seguía cuando dimitía en garitos pequeños.","twitter.com/Rocigaot/status/856531597880958977"
"24/4/2017 17:26:29","4","856529789221564416","3","Las dimisiones de Espe podrían ir en el cartel del Derrame Rock con los cierres de gira de despedida de Los Suaves. O en años alternos.","twitter.com/Rocigaot/status/856529789221564416"
"24/4/2017 16:49:45","30","856520543587057664","25","A este paso tendremos más dimisiones de Espe que secuelas de The Fast and the Furious.","twitter.com/Rocigaot/status/856520543587057664"
"24/4/2017 14:45:29","1","856489271317934080","","Sabéis el Anonymous adolescente que amenazaba a Roy y Jen en el 5x1 de The IT Crowd? Pues así me imagino yo al Primavero y similares.","twitter.com/Rocigaot/status/856489271317934080"
"23/4/2017 20:07:01","1","856207798702616576","","ups, te hice reply sin leer este! ","twitter.com/Rocigaot/status/856207798702616576"
"23/4/2017 20:06:27","2","856207655211339776","","Hala, hala! Ahora negarás también que Madrid tenga el mejor pescado! ","twitter.com/Rocigaot/status/856207655211339776"
"23/4/2017 16:44:47","1","856156905756033024","","Vou ir polos bares dicindo 'no me idolatres', coma o celebrites de Pérez Reverte.","twitter.com/Rocigaot/status/856156905756033024"
"23/4/2017 16:39:16","9","856155517512757248","4","¡Dios mío, esto lo explica todo! https://twitter.com/Charmander_ABRA/status/855908004255985668 …Ah, coño, era por eso pic.twitter.com/PRFPXNE9w2","twitter.com/Rocigaot/status/856155517512757248"
"23/4/2017 16:14:00","8","856149157786025984","5","¡Feliz día de 'voy a comprar más libros porque hay descuentos aunque la pila de lecturas pendientes ya sea más alta que yo'!","twitter.com/Rocigaot/status/856149157786025984"
"21/4/2017 12:28:00","2","855367507485626368","","A ver, @ghanito , retuitea toda a conversa para poñer o meu tuit en contexto, que aínda me empapelan por inxurias á Coroa ","twitter.com/Rocigaot/status/855367507485626368"
"21/4/2017 12:25:30","4","855366877824024576","1","Porque mis amigos y yo somos muy de sacar a relucir hormigas blancas, se liaba fijo ","twitter.com/Rocigaot/status/855366877824024576"
"21/4/2017 12:24:07","8","855366529118031873","4","Imagina sacar así anécdotas bochornosas: 'Ay,alteza,¿recordáis cuando os liasteis con uno de INEF y le arañasteis el rabo con los brackets?'","twitter.com/Rocigaot/status/855366529118031873"
"21/4/2017 1:17:05","1","855198664431726592","","Diante da miña casa temos algún destes de cando en cando. Normalmente empeza a gaivota.","twitter.com/Rocigaot/status/855198664431726592"
"20/4/2017 22:53:56","4","855162643254050816","2","Lo del puerto de China es muy 'calle Yemen, número 15, Yemen'.https://twitter.com/GmppcO/status/855016580320776192 ….@rgallego6 #Ferreiro no ordena la ciudad ni el Puerto aquí y se va a hacer turismo al puerto de China. @PPCoruna @pplosrosales @copecoruna","twitter.com/Rocigaot/status/855162643254050816"
"20/4/2017 18:40:40","6","855098906459467776","1","-Dime puerca
- Puerca
-Dime que Espe ha llorado.","twitter.com/Rocigaot/status/855098906459467776"
"20/4/2017 14:49:15","","855040665016819714","","Estoy llorando de la risa con esto  En serio, he soltao una carcajada que he asustado al perro de los vecinos.","twitter.com/Rocigaot/status/855040665016819714"
"20/4/2017 14:21:03","148","855033569084944384","154","'Ay, otra vez el capítulo del perro de Fry'pic.twitter.com/I19RKkovXS","twitter.com/Rocigaot/status/855033569084944384"
"19/4/2017 20:40:09","1","854766587706003456","","50. El que circula por sistema pegado al culo del de delante, aunque pueda adelantar sin problema, que te entra complejo de mamá pata.","twitter.com/Rocigaot/status/854766587706003456"
"19/4/2017 20:36:43","1","854765721255018501","","49. El que en vez de señalizar y meterse en tu carril hace amagos. Me meto un poquito, vuelvo, me meto algo más, vuelvo... ¡ahora sí!","twitter.com/Rocigaot/status/854765721255018501"
"19/4/2017 20:34:53","3","854765260070322179","2","48. Los gilipollas de los puntos anteriores que se quejan de que el que está adelantando a velocidad legal no les deja circular libremente.","twitter.com/Rocigaot/status/854765260070322179"
"19/4/2017 20:33:24","3","854764888039751681","2","46. El gilipollas que circula por el carril izquierdo a 180 y se queja del gilipollas que circula por el carril izquierdo a 160.","twitter.com/Rocigaot/status/854764888039751681"
"19/4/2017 20:27:12","4","854763327838355468","","45. El que hace todo el viaje por el carril izquierdo para ir fostiado y cuando ve que se pasa la salida cruza todos los carriles de golpe.","twitter.com/Rocigaot/status/854763327838355468"
"19/4/2017 20:25:41","2","854762946294988800","","44. Los gilipollas que se pican y se van adelantando uno a otro en plan the Fast and the Furious.","twitter.com/Rocigaot/status/854762946294988800"
"19/4/2017 19:39:01","46","854751202852130818","11","creo que si no te sale ninguno espontáneamente, twitter te asigna un mansplainer de oficio.","twitter.com/Rocigaot/status/854751202852130818"
"19/4/2017 18:31:22","4","854734174317678595","","43. El que sale del garaje como si saliera de boxes, sin mirar si vienen otros coches o si pasan peatones por la acera","twitter.com/Rocigaot/status/854734174317678595"
"19/4/2017 18:08:46","","854728489093738497","","- Como foi o exame de Lingua?
- Guay, cayó lo de la gheada explosiva e implosiva, que es lo que mejor llevaba.pic.twitter.com/T62LRu9yIl","twitter.com/Rocigaot/status/854728489093738497"
"19/4/2017 16:39:44","1","854706081435668480","","Que suponía que hasta ahí llegábamos todos, pero oye, avisado queda.","twitter.com/Rocigaot/status/854706081435668480"
"19/4/2017 16:37:24","3","854705497139761152","","Y si digo 'el que te mete prisa para que apartes' es que no estoy viajando por el carril izquierdo de la autopista.","twitter.com/Rocigaot/status/854705497139761152"
"19/4/2017 16:22:05","3","854701639202164737","","Vamos, que cuando digo 'el que te aparca delante en doble fila' no me digáis'y si estabas en un vado', o similares.","twitter.com/Rocigaot/status/854701639202164737"
"19/4/2017 16:20:24","1","854701218953932800","","Al final tendré que especificar que cuando hablo de gilipollas al volante hablo de quien estorba  a quien va siguiendo las normas.","twitter.com/Rocigaot/status/854701218953932800"
"19/4/2017 16:04:43","","854697272134836225","","Ah, para que vea.Gracias por la lección, que todos la estábamos necesitando.","twitter.com/Rocigaot/status/854697272134836225"
"19/4/2017 15:09:02","","854683256150687745","","Y cuándo he dicho que fuera por la izquierda por carretera?","twitter.com/Rocigaot/status/854683256150687745"
"19/4/2017 14:52:32","","854679105719209989","","o por ciudad con varios carriles, pero peor me lo pones. Que se cambie al de la izquierda, y si no puede por el tráfico, se siente.","twitter.com/Rocigaot/status/854679105719209989"
"19/4/2017 14:49:05","","854678235203981314","","Pues parece que eres el único que no lo ha pillado. Ea, hasta aquí el casito.","twitter.com/Rocigaot/status/854678235203981314"
"19/4/2017 14:46:46","","854677655731535872","","Si hay otro carril para adelantar, es muy libre de hacerlo, que le multen o se estampe que a mí me la sopla.","twitter.com/Rocigaot/status/854677655731535872"
"19/4/2017 14:45:51","","854677423408939009","","insisto., Voy por ciudad, calle de un carril, y el de atrás me mete prisa cuando ya voy al límite. ¿Qué adelantamiento facilito?","twitter.com/Rocigaot/status/854677423408939009"
"19/4/2017 14:40:53","1","854676174513082368","","No sé, eres tú el que consideras que los demás debemos apartarnos si quieres cirular por encima del límite de velocidad.","twitter.com/Rocigaot/status/854676174513082368"
"19/4/2017 14:40:04","2","854675966907600896","","42. Los que primero se cambian a tu carril y se te plantan delante y luego ya ponen el intermitente.","twitter.com/Rocigaot/status/854675966907600896"
"19/4/2017 14:31:22","2","854673778923765760","","pic.twitter.com/SToxUgg8Qa","twitter.com/Rocigaot/status/854673778923765760"
"19/4/2017 14:29:14","3","854673243059499010","","41. El que aplica la norma de 'la preferencia la tengo yo porque mi coche es más grande y ya te cuidarás tú de apartarte'.","twitter.com/Rocigaot/status/854673243059499010"
"19/4/2017 14:25:56","1","854672410221711360","","40. El del aparcamiento creativo, modalidad 'cortando la entrada/salida del parking'.","twitter.com/Rocigaot/status/854672410221711360"
"19/4/2017 14:24:57","1","854672164624240641","","39. El que por una carretera comarcal estrechísima y llena de curvas circula a toda hostia y por el medio y medio.","twitter.com/Rocigaot/status/854672164624240641"
"19/4/2017 14:23:14","6","854671732338282496","1","38. El que pone el intermitente para un lado y gira para el otro. Hola, soy Coco. Derecha, izquierda.","twitter.com/Rocigaot/status/854671732338282496"
"19/4/2017 14:21:35","1","854671317127372800","","¿Si alguien quiere ir a 80 por ciudad me tengo que subir a la acera para que pase?","twitter.com/Rocigaot/status/854671317127372800"
"18/4/2017 23:10:01","3","854441913990205444","","Ahora no me acuerdo de más. Mañana sigo, que fijo que en cuanto coja el coche me llegan las musas en forma de conductores coléricos.","twitter.com/Rocigaot/status/854441913990205444"
"18/4/2017 21:50:24","3","854421877665693698","","37. El que en una calle de varios carriles se los cruza todos en diagonal de golpe sin intermitente ni hostias, y ya apartará el resto.","twitter.com/Rocigaot/status/854421877665693698"
"18/4/2017 21:40:39","5","854419422185959425","5","36. El que en una calle de un solo carril ve pasar a un conocido, lo llama, se pone de charla y los que vienen atrás que se esperen.","twitter.com/Rocigaot/status/854419422185959425"
"18/4/2017 21:38:02","9","854418765592875010","3","35. Como pasajera, el que en viajes largos se niega a parar aunque te mees porque por sus cojones hace el viaje en menos tiempo que su cuñao","twitter.com/Rocigaot/status/854418765592875010"
"18/4/2017 21:37:13","6","854418557916065793","2","34. Como pasajera, el que cuando va encabronado, contigo o con el mundo, conduce muy rápido y de forma muy agresiva.","twitter.com/Rocigaot/status/854418557916065793"
"18/4/2017 21:23:06","4","854415005738991617","1","33. El que se mete en dirección prohibida para llegar antes a su garaje y si casi te lo comes es tu culpa por no ir atenta.","twitter.com/Rocigaot/status/854415005738991617"
"18/4/2017 21:19:58","3","854414219604897792","","El que cuando ves una plaza, pones intermitente y te sitúas para aparcar sigue andando y se te pega porque cómo iba a saber tus intenciones.","twitter.com/Rocigaot/status/854414219604897792"
"18/4/2017 21:17:42","3","854413645740224512","1","31. El que hace lo mismo del punto 30 pero encima sin poner intermitente porque qué puede salir mal.","twitter.com/Rocigaot/status/854413645740224512"
"18/4/2017 21:16:34","4","854413361647415296","","30. El que, cuando estás en pleno adelantamiento y justo le vas a rebasar, decide que justo ahora le apetece adelantar al de delante.","twitter.com/Rocigaot/status/854413361647415296"
"18/4/2017 21:15:25","3","854413074392117249","1","29. El que al adelantar se te planta delante tan pegado que te obliga a reducir de golpe para no comértelo.","twitter.com/Rocigaot/status/854413074392117249"
"18/4/2017 21:14:00","2","854412718002057217","","28. El triple combo de 'aparco en doble fila y casi en diagonal en una calle de un solo carril'.","twitter.com/Rocigaot/status/854412718002057217"
"18/4/2017 21:11:00","5","854411963409063936","","27. El multitarea que va haciendo eses porque mientras conduce va whatsappeando, comiendo, buscando cosas en la guantera...","twitter.com/Rocigaot/status/854411963409063936"
"18/4/2017 21:08:06","2","854411232983609346","1","26. El vecino de garaje que sistemáticamente ocupa parte de tu plaza para aparcar. Si tan grande es tu coche, paga una plaza más amplia.","twitter.com/Rocigaot/status/854411232983609346"
"18/4/2017 20:41:48","4","854404615122677764","2","25. El que te adelanta, se te pone a dos metros, reduce velocidad, te obliga a adelantarte y repite. Si pasas de adelantar reduce aún más.","twitter.com/Rocigaot/status/854404615122677764"
"18/4/2017 20:38:42","5","854403833346260993","","24. El que aparca ocupando dos plazas. Bola extra si aparca en línea ocupando dos o tres plazas de batería.","twitter.com/Rocigaot/status/854403833346260993"
"18/4/2017 20:36:47","1","854403351878008832","","23. El del aparcamiento creativo, modalidad ' en medio del paso de cebra, tapando el acceso para sillas de ruedas'.","twitter.com/Rocigaot/status/854403351878008832"
"18/4/2017 20:34:29","2","854402773210759168","4","22. El del aparcamiento creativo, modalidad 'en la salida o entrada de una rotonda'.","twitter.com/Rocigaot/status/854402773210759168"
"18/4/2017 20:31:59","5","854402141951283200","","21. El que aparca en doble fila delante del tuyo, y si lo llamas a pitidos te dice 'mujer, si maniobras un poco yo creo que sales'.","twitter.com/Rocigaot/status/854402141951283200"
"18/4/2017 20:30:55","5","854401873637462022","2","20. El que pita y da luces a los que llevan la L cuando se les cala. Muy inteligenre, fijo que eso ayuda.","twitter.com/Rocigaot/status/854401873637462022"
"18/4/2017 20:29:02","4","854401401170141185","3","19. El que va por el carril de al lado más atrás, y si pones el intermitente para cambiarte acelera para impedirlo porque yo qué sé.","twitter.com/Rocigaot/status/854401401170141185"
"18/4/2017 20:23:54","1","854400108003065856","1","18. El que está aparcado y no señaliza con el intermitente que va a salir porque dónde queda entonces la ilusión de la sorpresa.","twitter.com/Rocigaot/status/854400108003065856"
"18/4/2017 20:21:19","3","854399459584860160","","17. El que tiene ese código de circulación que dice que semáforo en rojo significa 'pueden pasar sólo 4 ó 5 coches más'","twitter.com/Rocigaot/status/854399459584860160"
"18/4/2017 20:19:27","2","854398987595591680","1","16. El que va con la ventanilla abierta y la música a toda pastilla para que todos podamos oír 'Despacito' al parar en el semáforo.","twitter.com/Rocigaot/status/854398987595591680"
"18/4/2017 20:05:23","4","854395447095566337","2","15. El que se pasa la salida de la rotonda y en vez de dar una vuelta más, se pone a dar marcha atrás.","twitter.com/Rocigaot/status/854395447095566337"
"18/4/2017 20:03:54","3","854395076218368000","2","14. El que aparca en doble fila justo en el cruce tapando la visibilidad.","twitter.com/Rocigaot/status/854395076218368000"
"18/4/2017 20:01:54","","854394571878432768","","yo tuve un jefe así y teníamos que ir a veces con él a movidas de trabajo. Al final nos negamos en bloque.","twitter.com/Rocigaot/status/854394571878432768"
"18/4/2017 19:40:41","4","854389231451590658","","13. Como pasajera, el que tiene el avisador de radares y va a 190 frenando de golpe cada vez que le pita.","twitter.com/Rocigaot/status/854389231451590658"
"18/4/2017 19:20:32","3","854384163633418240","","12. El que va fumando y eso no le permite darle al intermitente.","twitter.com/Rocigaot/status/854384163633418240"
"18/4/2017 19:15:55","4","854383001207222273","1","El que, si tiene un A5 y en el hueco cabe un micra, aparca en diagonal, con medio coche en la calle o sobre la acera.","twitter.com/Rocigaot/status/854383001207222273"
"18/4/2017 19:12:38","5","854382171552976897","","10. El que aparca en triple fila a la puerta del cole,queda de charla un rato y cuando va a salir tira de claxon para que le cedan el paso.","twitter.com/Rocigaot/status/854382171552976897"
"18/4/2017 19:09:33","1","854381398148427776","1","9. El que tiene una velocidad estándar de 60km/h a la que igual va por el carril izquierdo de la autopista que por pistas.","twitter.com/Rocigaot/status/854381398148427776"
"18/4/2017 19:08:11","6","854381052844003328","1","8. El que está detrás de ti cuando vas a aparcar y empieza a pegarse y a meter prisa para que te agobies, te pires y le dejes el sitio.","twitter.com/Rocigaot/status/854381052844003328"
"18/4/2017 19:05:27","3","854380367918362624","3","7. El que se va haciendo slalom de un carril a otro sin poner intermitentes.","twitter.com/Rocigaot/status/854380367918362624"
"18/4/2017 19:04:08","3","854380032726376448","3","6. El que pita para todo: para disolver atascos, si al de alante se le cala el coche, si el de alante osa respetar un pasocebra o un stop..","twitter.com/Rocigaot/status/854380032726376448"
"18/4/2017 19:02:10","3","854379540390580224","2","5. El que se salta cedas, pasos de cebra o preferencias haciéndote un movimiento con la mano entre 'lo siento' y 'espera, que paso'","twitter.com/Rocigaot/status/854379540390580224"
"18/4/2017 18:56:27","4","854378099227734016","1","4. El que en la situación del 3, cuando desistes y deceleras para ponerte detrás, reduce para seguir a la verita tuya.","twitter.com/Rocigaot/status/854378099227734016"
"18/4/2017 18:54:24","3","854377586100768771","1","3. El que va a paso burra hasta que te pones a adelantarle, que se pica y acelera.","twitter.com/Rocigaot/status/854377586100768771"
"18/4/2017 18:53:33","11","854377372275134465","","2. El que va pegado a tu culo o dándote luces cuando vas la velocidad máxima permitida (o incluso rebasándola un poquito).","twitter.com/Rocigaot/status/854377372275134465"
"18/4/2017 18:52:13","5","854377033710874625","","1. El que deja el coche en doble fila delante de una plaza vacía. Doble combo si es delante de una plaza adaptada.","twitter.com/Rocigaot/status/854377033710874625"
"18/4/2017 18:48:16","75","854376043473510403","10","1fav= un tipo de gilipollas al volante.","twitter.com/Rocigaot/status/854376043473510403"
"18/4/2017 12:51:14","1","854286189947432962","","'Ese apocalipsis al que usted se refiere'.","twitter.com/Rocigaot/status/854286189947432962"
"18/4/2017 12:39:53","1","854283336730193921","","A lo mejor no pilla la coña y te la va a plagiar en la próxima novela!","twitter.com/Rocigaot/status/854283336730193921"
"18/4/2017 12:37:21","","854282696054505473","","YA ESTAMOS JUZGANDO SIN SABER.","twitter.com/Rocigaot/status/854282696054505473"
"17/4/2017 14:53:29","2","853954567125385217","","Por eso hice RT, si a mí se me pega no quiero ser la única! ","twitter.com/Rocigaot/status/853954567125385217"
"17/4/2017 14:44:41","2","853952354386948098","","- Quién, yo?
- Sí tú!
- Yo no he sido! 
-Entonces quién? 
- Íñigo!","twitter.com/Rocigaot/status/853952354386948098"
"17/4/2017 12:58:31","2","853925636704014337","","Ay, sí, ese lo vi!","twitter.com/Rocigaot/status/853925636704014337"
"16/4/2017 23:35:04","3","853723441324851200","","'Al final quitar el amianto se ha comido el presupuesto y tenéis que elegir entre la cueva de hombres o quitar el empapelado de piel humana'","twitter.com/Rocigaot/status/853723441324851200"
"16/4/2017 23:31:54","4","853722643694006272","1","'No puedes pagar una casa nueva,pero puedes comprar el caserón de los decapitados y Jonathan lo reforma y limpia la energía' #CuartoMilenio","twitter.com/Rocigaot/status/853722643694006272"
"16/4/2017 23:18:35","2","853719291203661828","","seguro que xa hai algún eufemismo apropiado para poñer nos anuncios, tipo 'ideal nostálgicos de El Caso'.","twitter.com/Rocigaot/status/853719291203661828"
"16/4/2017 23:16:49","4","853718847840559104","","Un día de estos alguien va a llevar a la práctica las ideas de negocio absurdas que doy por twitter y se va a forrar y todo.","twitter.com/Rocigaot/status/853718847840559104"
"16/4/2017 23:15:18","3","853718466737700865","2","Un arquitecto que 'limpia energéticamente' las casas donde ha habido crímenes. Ya tardan en sacar un máster de esto.  #CuartoMilenio","twitter.com/Rocigaot/status/853718466737700865"
"16/4/2017 23:09:08","6","853716914123702273","1","'No me jodas, Hillary, en serio quitar los cuerpos emparedados se llevará todo el presupuesto?¿No queda nada para el cuarto de la colada?'","twitter.com/Rocigaot/status/853716914123702273"
"16/4/2017 23:07:36","9","853716529355116544","1","'Mark y Jenny han comprado el escenario del crimen de la motosierra . Hillary la reformará para no dejar rastro y David intentará venderla'","twitter.com/Rocigaot/status/853716529355116544"
"16/4/2017 23:04:01","7","853715628905123840","1","Con este #CuartoMilenio estoy pensando que molaría un programa de los de reformas y ventas de Divinity con casas escenarios de crímenes.","twitter.com/Rocigaot/status/853715628905123840"
"16/4/2017 22:58:26","","853714224069169156","","a mí la sangre no, me mola mirar cuando me la sacan,pero todo lo que sea tipo 'eso no debería asomar' o 'eso no debería estar ahí clavao'...","twitter.com/Rocigaot/status/853714224069169156"
"16/4/2017 22:56:43","2","853713788549332992","","al menos a mí como paciente no me tranquilizaría mucho ver a mi médico con cara de 'WTF IS THIS SHIT'","twitter.com/Rocigaot/status/853713788549332992"
"16/4/2017 22:55:45","1","853713548782055425","","yo de joven descarté cualquier carrera sanitaria porque si me llega algo así vomito, me desmayo o pongo esta cara, y no queda profesionalpic.twitter.com/h1gk39hWpn","twitter.com/Rocigaot/status/853713548782055425"
"16/4/2017 22:53:12","3","853712905258360833","","lo mejor fue que al acabar quedé a comer con una amiga que vivía allí y me llevó a un sitio cuya especialidad eran... huevos con chorizo.","twitter.com/Rocigaot/status/853712905258360833"
"16/4/2017 22:52:20","1","853712689167835137","","Pero esto fue en 2007 o así, en la era pre-tuiter. Ni facebook tenía.","twitter.com/Rocigaot/status/853712689167835137"
"16/4/2017 22:51:00","2","853712352373592064","","claro, el resto de gente en la sala eran médicos y estaban acostumbraos, pero para mí fue una hora tal que así.pic.twitter.com/OFcszrzB6d","twitter.com/Rocigaot/status/853712352373592064"
"16/4/2017 22:47:46","2","853711538154352641","","Ay, acabo de recordar una vez que tuve que cubrir un congreso médico y me tocó ver una conferencia de urología con fotos de penes gangrenaos","twitter.com/Rocigaot/status/853711538154352641"
"16/4/2017 15:36:19","22","853602961796329473","7","'Comamos en este local junto a María Pita, que dice el cartel que hay mariscada y pulpo a la gallega'. El madrileño clavao,óleo sobre lienzo","twitter.com/Rocigaot/status/853602961796329473"
"16/4/2017 15:31:52","31","853601842152046593","16","Con lo de Espinar me está dando mucha ternurita pensar cuántas veces os habrán colado una ración de zamburiñas y 4navajas como 'mariscada'.","twitter.com/Rocigaot/status/853601842152046593"
"16/4/2017 15:06:24","4","853595429350629376","","que encima te lo suele soltar el mismo que cuando se pilla una gripe parece estar con los estertores de la muerte.","twitter.com/Rocigaot/status/853595429350629376"
"16/4/2017 14:43:59","32","853589788267618305","9","Cualquier día un tío dirá que si te duele el parto es por tonta,que el día que salgas de cuentas te vayas tomando un paracetamol y vía.","twitter.com/Rocigaot/status/853589788267618305"
"12/4/2017 18:50:02","1","852202160884506628","","A lo mejor hay negocio en diseñar modelos más bonitos del sujetador anti ansiedad!","twitter.com/Rocigaot/status/852202160884506628"
"12/4/2017 16:00:46","1","852159562413207553","","oes, pode ser. Vou probar a poñer música cortavenas todo o rato, a ver se deixan de dar a turra.","twitter.com/Rocigaot/status/852159562413207553"
"12/4/2017 15:27:01","3","852151069211807744","","Los de abajo tienen reaggetón a tope. Les diría algo, pero igual es lo que me evita oír follar a los de al lao. #simequeréicomprarmeunchalet","twitter.com/Rocigaot/status/852151069211807744"
"12/4/2017 15:08:21","3","852146368898625536","1","Me suelen aparecer en FB publicaciones del grupo ese de 'Soltera que se respeta' y no sé si quiero saber a qué llaman ahí 'respetarse'.","twitter.com/Rocigaot/status/852146368898625536"
"12/4/2017 13:01:36","5","852114471233478658","2","Yo he pedido una caña y ni unos míseros frutos secos me han puesto, me siento como un negro en la Alabama del 59.","twitter.com/Rocigaot/status/852114471233478658"
"12/4/2017 12:55:54","4","852113037913976832","1","yo en vista de que todo es malo la zanahoria la voy a tomar en carrot cake, a la mierda las medias tintas.","twitter.com/Rocigaot/status/852113037913976832"
"12/4/2017 11:51:55","3","852096937327292416","","Se todavía morro ao final... nunha peli sería á que matan antes dos títulos de crédito, en plan Drew Barrymore en Scream ","twitter.com/Rocigaot/status/852096937327292416"
"11/4/2017 22:41:40","2","851898065137152000","","yo ya he renunciado a hacerme nada que no sea 1 sombra, marcar cuenca y difuminar. Si intento hacer algo elaborado parezco de un teletarot","twitter.com/Rocigaot/status/851898065137152000"
"11/4/2017 22:39:40","","851897558247112705","","yo tengo algunas paletas baratujas que uso a veces en casa para practicar y que en las BBCs no parezca que me han dao dos puñetazos ","twitter.com/Rocigaot/status/851897558247112705"
"11/4/2017 22:36:29","2","851896758326243328","","encima la forma de mi párpado no da para lucirse mucho, envidio a la gente que se puede pintar La rendición de Breda en el párpado móvil.","twitter.com/Rocigaot/status/851896758326243328"
"11/4/2017 22:34:58","1","851896378938843138","","yo al final cuando me maquillo tiro siempre de las dos o tres mismas sombras porque si me salgo del sota-caballo-rey me hago cada chapuza..","twitter.com/Rocigaot/status/851896378938843138"
"11/4/2017 22:33:14","","851895941149937664","","Yo lápices de ojos también, eyeliners de otro tipo no porque soy negadísima, a veces pruebo con los de gel pero me hago cada churro...","twitter.com/Rocigaot/status/851895941149937664"
"11/4/2017 22:31:39","","851895540925292547","","Yo soy muy patosa y muy vaga para pintarme los ojos, así que ahí todo lo que tengo es lowcost porque para el partido que les saco...","twitter.com/Rocigaot/status/851895540925292547"
"11/4/2017 22:25:08","1","851893902290432000","","Que tiene gracia porque soy ultravaga para maquillarme, pero para los pintamorros soy una urraca.","twitter.com/Rocigaot/status/851893902290432000"
"11/4/2017 22:23:57","","851893606583607298","","mejor para mi bolsillo, por otro lado, que ya tengo pintalabios para usar a diario hasta mi muerte aunque llegue a centenaria. XD","twitter.com/Rocigaot/status/851893606583607298"
"11/4/2017 22:18:16","1","851892175889719296","","Yo tengo dos y una minitalla que aún no estrené. En cambio en barra tengo uno mini también y me resulta super seco.","twitter.com/Rocigaot/status/851892175889719296"
"11/4/2017 22:16:43","","851891785962008577","","A mí me pasó con uno de LA Splash, que todo dios decían que eran buenísimos y me animé aunque eran caretes, y ahí está muerto de risa.","twitter.com/Rocigaot/status/851891785962008577"
"11/4/2017 22:15:31","2","851891484509048832","","pic.twitter.com/vBbWqUTVMj","twitter.com/Rocigaot/status/851891484509048832"
"11/4/2017 22:13:50","2","851891059072393222","","o/ También lo hago mucho con los líquidos para probar en casa si se caen a cachos antes de ir por ahí con morros de leprosa.","twitter.com/Rocigaot/status/851891059072393222"
"11/4/2017 22:11:45","3","851890534826336258","","Ai, que é eso? Se o ve o da conta de terroncitos morre da impresión, pero necesito probalo!","twitter.com/Rocigaot/status/851890534826336258"
"11/4/2017 20:08:39","1","851859555151695874","1","el '?' tenía que ser un '!'","twitter.com/Rocigaot/status/851859555151695874"
"11/4/2017 20:08:16","1","851859459676807169","1","Estás de cumple? Felicidades?pic.twitter.com/9l3tMlLI9p","twitter.com/Rocigaot/status/851859459676807169"
"11/4/2017 12:23:29","44","851742490977849344","11","13. 'El underbridge loft, la solución habitacional low cost que ya es tendencia entre los freeganos'","twitter.com/Rocigaot/status/851742490977849344"
"11/4/2017 12:09:32","10","851738980898963456","7","FANhttps://twitter.com/arartekosa/status/851685039117041664 …Os he contado la del vecino de Intxaurrondo qué escribió Gora ETA en la tapia de su casa para que se la pintara el ayuntamiento?","twitter.com/Rocigaot/status/851738980898963456"
"11/4/2017 12:05:13","","851737897187373056","","Los elfos viven miles de años, no envejecen y son blancos, es SIENSIA.","twitter.com/Rocigaot/status/851737897187373056"
"11/4/2017 1:17:47","3","851574961957470210","","Lo de usar la foto del arresto de Snooki pa estas cosas lo aprendí de @SantaSuki , aunque me da reparo citarla por si la Audiencia Nacional","twitter.com/Rocigaot/status/851574961957470210"
"11/4/2017 0:46:40","38","851567132416540672","32","Legionarios cantando 'volando voy, volando vengo' en un homenaje a Carrer...pic.twitter.com/tTmJSh5h6r","twitter.com/Rocigaot/status/851567132416540672"
"11/4/2017 0:12:21","4","851558495568769025","","'Y dices que gusano mecánico llegar a Sol bajo tierra sin pillar atasco? ¡Brujería!'","twitter.com/Rocigaot/status/851558495568769025"
"10/4/2017 23:59:55","8","851555366437605381","5","Legionarios cantando 'se me olvidó otra vez' en la Asociación de Alzheimer.","twitter.com/Rocigaot/status/851555366437605381"
"10/4/2017 23:54:49","2","851554085241323520","2","En T5 acaba de salir el anuncio de lo de Bertín con los del Río bailando la Macarena con muchas chicas junto a la piscina. Es 1992 otra vez?","twitter.com/Rocigaot/status/851554085241323520"
"10/4/2017 22:11:48","","851528159682076674","","o una gafe que no da más que con eyaculadores precoces, porque para que te dé tiempo a estar con 4 en una noche tienen que durar poquito.","twitter.com/Rocigaot/status/851528159682076674"
"10/4/2017 15:07:23","","851421352963735553","","yo confieso que pensaba que eran madrileños ambos.","twitter.com/Rocigaot/status/851421352963735553"
"10/4/2017 15:05:00","","851420750510788608","","por lo que veo el Nega es de Valencia. El otro sí que me sonaba que de Madrid.","twitter.com/Rocigaot/status/851420750510788608"
"10/4/2017 15:03:35","1","851420395722899456","","Vale, de Valencia, estoy viendo. Pues tres cuartos de lo mismo.","twitter.com/Rocigaot/status/851420395722899456"
"10/4/2017 14:57:57","2","851418976836104193","","Supongo que ya con el tiempo descubrió que puedes tener vacas y además tener luz eléctrica y teléfono, qué cosas.","twitter.com/Rocigaot/status/851418976836104193"
"10/4/2017 14:56:40","1","851418652960325632","","Que teníamos tiendas y semáforos y calles asfaltadas, fíjate tú.","twitter.com/Rocigaot/status/851418652960325632"
"10/4/2017 14:55:17","1","851418306510807040","","porque pensaba que esto era todo prado y vacas y tenía miedo de no tener siquiera televisión. Que qué sorpresa ver que era una ciudad.","twitter.com/Rocigaot/status/851418306510807040"
"10/4/2017 14:53:46","1","851417924459954177","","En COU, una amiga que era de Murcia pero venía de vivir en Madrid me dijo que tuvo  bajón cuando su padre le dijo que se mudaban a Coruña(1)","twitter.com/Rocigaot/status/851417924459954177"
"10/4/2017 14:50:01","2","851416983128113154","","A mí a finales de los 90-primeros dosmiles me preguntaron si en Galicia teníamos:
-Luz eléctrica
-Teléfono
-Ciudades
-Algún Zara","twitter.com/Rocigaot/status/851416983128113154"
"10/4/2017 14:42:05","34","851414983787393025","23","Hipster madrileño cayendo en la cuenta de que si raja de los de pueblo en twitter se enteran porque hay Internet más allá de Tres Cantos.pic.twitter.com/92897D0QTv","twitter.com/Rocigaot/status/851414983787393025"
"10/4/2017 14:39:38","8","851414367258148865","3","porque en Las Ventas hacen talleres de arreglos florales.","twitter.com/Rocigaot/status/851414367258148865"
"10/4/2017 14:38:49","1","851414161196277760","","hostia, non o vin, co diver que é cando Friker está a tope de power cos gayegos siniestros!","twitter.com/Rocigaot/status/851414161196277760"
"10/4/2017 14:34:36","4","851413100683292672","2","Es que se están cubriendo de gloria. Pa mí que no contaban que fuera de Madriz ya ha llegao Interné y la gente de pueblo les podía contestar","twitter.com/Rocigaot/status/851413100683292672"
"10/4/2017 14:33:11","","851412742733017089","","'Lugareños torvos sexys en tu zona'https://twitter.com/ladypalo/status/851405581328031745 …No es el primero que se va de un pueblo con lugareños torvos","twitter.com/Rocigaot/status/851412742733017089"
"10/4/2017 14:25:54","6","851410913961938944","2","Yo si un pueblo no tiene bar de menú ya sé que alguien va a matar violentamente a la mitad de los vecinos en cualquier momento.","twitter.com/Rocigaot/status/851410913961938944"
"10/4/2017 14:25:04","1","851410701881151490","","Madre mía, non sei como non tedes hordas de escritores de novela negra nórdica visitando #amellorprovincia en busca de material!","twitter.com/Rocigaot/status/851410701881151490"
"10/4/2017 14:15:23","","851408264348794881","","ese non o coñecía eu!","twitter.com/Rocigaot/status/851408264348794881"
"10/4/2017 14:03:32","","851405282328662018","","Ai, se hai copia deso quéroa pa min!","twitter.com/Rocigaot/status/851405282328662018"
"10/4/2017 14:02:56","3","851405131010723840","1","si encima empezaron ellos solitos con el 'aún nos llamarán clasistas' y el 'miraos los complejitos, gente que no es de Madriz'","twitter.com/Rocigaot/status/851405131010723840"
"10/4/2017 14:00:17","","851404464187736064","","Un clásico!","twitter.com/Rocigaot/status/851404464187736064"
"10/4/2017 13:56:41","29","851403559056920576","11","Sacar a relucir Puerto Hurraco porque a uno de Madrid no le hicieron un bocata en un bar de pueblo igual es ya mucho dramita, os comento.","twitter.com/Rocigaot/status/851403559056920576"
"10/4/2017 13:51:43","3","851402309628252160","1","Empezas por non facerlle un bocata a un madrileño e acabas liquidando a media vila a escopetazos, de toda a vida de dios.","twitter.com/Rocigaot/status/851402309628252160"
"10/4/2017 13:43:01","1","851400120579084288","","I WANT TO BELIEVE","twitter.com/Rocigaot/status/851400120579084288"
"10/4/2017 13:34:12","2","851397899615449090","","Entrégame tu alma y te quitaré el límite de caracteres de los esemeeses.","twitter.com/Rocigaot/status/851397899615449090"
"10/4/2017 13:33:21","","851397687375265792","","Ay, otro que ha pensao lo del Alcatel ","twitter.com/Rocigaot/status/851397687375265792"
"10/4/2017 13:32:31","2","851397477622312960","","Por cierto, viendo la pantalla, Arsuaga debe de tener un Alcatel One Touch Easy del 99, o algo así. https://twitter.com/iarsuaga/status/851341516819714048 …","twitter.com/Rocigaot/status/851397477622312960"
"10/4/2017 12:59:02","","851389050590310400","","Lo de las llamadas a esas horas es por la diferencia horaria, hasta el infierno ha deslocalizado sus call centers para pagar una mierda. https://twitter.com/iarsuaga/status/851341516819714048 …","twitter.com/Rocigaot/status/851389050590310400"
"10/4/2017 0:23:13","1","851198843551182848","","ídola máxima.","twitter.com/Rocigaot/status/851198843551182848"
"10/4/2017 0:19:08","1","851197817649606656","","pero no acabo de entender el proceso. ¿Por qué el tener un fantasma japonés en casa iba a hacerles despedir a la empleada?","twitter.com/Rocigaot/status/851197817649606656"
"10/4/2017 0:17:19","1","851197358415253504","","Ay, lo tengo de fondo y ni caso le estoy haciendo!","twitter.com/Rocigaot/status/851197358415253504"
"10/4/2017 0:09:59","1","851195512049029122","","pic.twitter.com/LJ3YlIzO2D","twitter.com/Rocigaot/status/851195512049029122"
"10/4/2017 0:07:28","1","851194878256087046","","Pero sólo si nos ponen menú!","twitter.com/Rocigaot/status/851194878256087046"
"10/4/2017 0:02:28","12","851193622674493445","5","Se veía venir, aunque me gustaba más la versión en la que el tío del bar le manda de vuelta a Madrid por sobrao.https://twitter.com/JMontejanoD/status/851179106406465536 …El bar de menú de Fuentidueña está en la autovía, al lado de la gasolinera. Igual es que os habéis perdido y no es cosa de hostilidad rural.","twitter.com/Rocigaot/status/851193622674493445"
"9/4/2017 23:45:34","1","851189368496820224","","'le pregunté a un habitante del rural dónde quedaba el Opencor y me dio las indicaciones para acabar en la autopista de vuelta a Madrid'","twitter.com/Rocigaot/status/851189368496820224"
"9/4/2017 23:42:15","3","851188532160987137","","o señor do bar que os guiou de volta a Madrid é o meu novo ídolo nesta vida.","twitter.com/Rocigaot/status/851188532160987137"
"9/4/2017 23:27:55","6","851184927114752000","3","Una vez en Riazor se me plantaron al lado unos madrileños quejándose de que el agua estaba más fría que en La Manga. No jodas, Sherlock.","twitter.com/Rocigaot/status/851184927114752000"
"9/4/2017 23:24:54","2","851184166968414209","","yo aquí creo que no lo he pedido en la vida, que no soy muy de leche condensada, lo tomé allí porque al parecer era tipiquísimo.","twitter.com/Rocigaot/status/851184166968414209"
"9/4/2017 23:19:01","1","851182687104770050","","eso creo que ya no XDDD","twitter.com/Rocigaot/status/851182687104770050"
"9/4/2017 23:17:49","","851182387023228928","","el mismo, sí! creo que no llevaba nada más, aunque hace más de diez años que lo tomé, no pongo la mano en el fuego!","twitter.com/Rocigaot/status/851182387023228928"
"9/4/2017 23:16:20","","851182010592841730","","yo ese lo tomé en Murcia, que no sé si es como el vuestro o ya cambia la cosa.","twitter.com/Rocigaot/status/851182010592841730"
"9/4/2017 23:09:30","1","851180292018753537","","Anda, pues aquí cortado siempre es con sólo un poquito de leche. Está bien saberlo, pa porsi.","twitter.com/Rocigaot/status/851180292018753537"
"9/4/2017 23:06:26","6","851179521218936832","2","'The cortado' no tiene too much milk para ser 'a cortado'?https://twitter.com/SergioEfe/status/851065755168894976 …2017: Inglaterra inventa the cortado. pic.twitter.com/bBS2BsJhhL","twitter.com/Rocigaot/status/851179521218936832"
"9/4/2017 23:02:15","5","851178467160973313","2","Ay, ojalá un remake de Doctor en Alaska con el Nega atrapado en el pueblo donde no tienen bar de menús.","twitter.com/Rocigaot/status/851178467160973313"
"9/4/2017 20:43:22","1","851143518647091200","","eu pensaba que era resaca de licor café, pero igual é o da paz de Cristo, si!","twitter.com/Rocigaot/status/851143518647091200"
"9/4/2017 18:31:34","","851110346752446464","","yo si tienen buen convenio colectivo les mando el curriculum.","twitter.com/Rocigaot/status/851110346752446464"
"9/4/2017 17:53:02","2","851100649643274241","","lo siento, Suki, un abrazo!pic.twitter.com/pwFscbqEtg","twitter.com/Rocigaot/status/851100649643274241"
"9/4/2017 0:51:39","1","850843612166459394","","Hostia, no recordaba este hilo! He entrao a twitter tras todo el día por ahí, he visto mogollón de notificaciones y he pensao:¿qué he hecho?","twitter.com/Rocigaot/status/850843612166459394"
"7/4/2017 14:56:25","4","850331426637697024","1","Yo ayer me fui a pata a una cafetería que está a 5 kms de mi casa para pedirme un trozo de tarta de queso y chocolate. #healthy #fithttps://twitter.com/citizencalero/status/850329804679368704 …Mi dieta: ir a por un crepe pero a la tienda más lejana para andar un poco más.","twitter.com/Rocigaot/status/850331426637697024"
"7/4/2017 11:56:42","5","850286199239569408","","En cada Mundial o Eurocopa me desagregan un par de canallitas políticamente incorrectos del Facebook po cachondearme de la Selección.pic.twitter.com/Of5pMew6cr","twitter.com/Rocigaot/status/850286199239569408"
"7/4/2017 11:42:58","1","850282746668879872","","inesperadísimo todo, ¿eh?","twitter.com/Rocigaot/status/850282746668879872"
"6/4/2017 23:35:40","1","850099713084985344","","Te doy fav pero he dudado por si se me echa la Fiscalía encima, no creas ","twitter.com/Rocigaot/status/850099713084985344"
"6/4/2017 23:25:32","3","850097164739063809","1","Se podes prever qué día vai caer o teito e faltas a clase para salvar a vida deberían convalidarche créditos.","twitter.com/Rocigaot/status/850097164739063809"
"6/4/2017 23:18:40","3","850095433477222400","","¡Ay, la seta de Arquitectura! Clásico del satanismo koruño.","twitter.com/Rocigaot/status/850095433477222400"
"6/4/2017 22:46:33","2","850087353335066628","","pic.twitter.com/5PYyxIQTk6","twitter.com/Rocigaot/status/850087353335066628"
"6/4/2017 22:30:04","2","850083205155880961","1","Ay, acaba de aparecerme en el TL este ayuntamiento-rotonda y me he enamorao XDhttps://twitter.com/xeografia/status/850059809730809865 …Vista de la Casa Consistorial 360° Rotonda. Trazo (A Coruña) @NacionRotonda @KarlosKoto @espanabizarra pic.twitter.com/0wBpEWAaNu","twitter.com/Rocigaot/status/850083205155880961"
"6/4/2017 22:23:52","3","850081645214523392","","O de la serie 'PERO QUÉ SOBORNO A URBANISMO NI QUÉ SOBORNO A URBANISMO'","twitter.com/Rocigaot/status/850081645214523392"
"6/4/2017 22:15:04","2","850079432014536704","","Eso es como las preciosas vistas que tienen en Vigo desde la playa de Samil a la isla de Toralla.pic.twitter.com/uWSLMiJmjO","twitter.com/Rocigaot/status/850079432014536704"
"6/4/2017 22:14:03","2","850079176187138048","","Ay, yo creo que en el barrio no le llaman así ni los que viven en Sardiñeira 36 ","twitter.com/Rocigaot/status/850079176187138048"
"6/4/2017 22:06:40","2","850077315740700673","","¿Te suena ahora?pic.twitter.com/e3zXC82dn0","twitter.com/Rocigaot/status/850077315740700673"
"6/4/2017 22:02:37","","850076296851976192","","Muy fálica!","twitter.com/Rocigaot/status/850076296851976192"
"6/4/2017 22:00:11","","850075685960003584","","No conoces el Edificio Aliko? ","twitter.com/Rocigaot/status/850075685960003584"
"6/4/2017 21:57:25","1","850074988350758913","","Bueno, y la iglesia de San Pedro Mezonzo, por no salirnos de los horrores de arquitectura eclesiástica ","twitter.com/Rocigaot/status/850074988350758913"
"6/4/2017 21:55:53","1","850074603586236416","","Lo más bonito de Coruña junto a la Escuela de Arquitectura y el Aliko ","twitter.com/Rocigaot/status/850074603586236416"
"6/4/2017 21:51:23","3","850073471220666369","","Con el hashtag #foodie","twitter.com/Rocigaot/status/850073471220666369"
"6/4/2017 21:46:57","33","850072353002467328","10","Y ya mejor no me preguntéis si me parece bonita la Catedral de la Almudena, que igual me hacen un auto de fe y me queman por bruja.","twitter.com/Rocigaot/status/850072353002467328"
"6/4/2017 21:41:27","70","850070969104441345","54","¿Ahora también es delito decir que el Valle de los Caídos, además de ser un mausoleo fascista, es feo de cojones?","twitter.com/Rocigaot/status/850070969104441345"
"6/4/2017 14:56:51","1","849969150214758400","","por eso, si lo piensas es una labor solidaria.","twitter.com/Rocigaot/status/849969150214758400"
"6/4/2017 14:55:22","1","849968775483076608","","voy a aceptar tu argumento porque me da excusas para comprarme más barras de labios que no necesito. XD","twitter.com/Rocigaot/status/849968775483076608"
"6/4/2017 14:39:24","2","849964759466348546","","Yo a veces me veo mejor con el sutil difuminado del lápiz de ojos con el que me despierto que con la raya que hice el día antes XD","twitter.com/Rocigaot/status/849964759466348546"
"6/4/2017 1:05:00","2","849759805682192384","","a mí me hizo ilu porque como soy una mindundi mucha gente que tiene block a medio tuiter conmigo no se ha marcado el detalle.","twitter.com/Rocigaot/status/849759805682192384"
"6/4/2017 0:58:49","1","849758251012980736","","A mí me tienen block también!pic.twitter.com/GJiZC0UKNW","twitter.com/Rocigaot/status/849758251012980736"
"4/4/2017 12:25:07","20","849206189351161856","15","¿Por qué el de mi supuesta generación viste como mi padre en los 70 y el de la generación de mi padre parece de una peli sobre la Ley Seca?https://twitter.com/flamencastone/status/849181706926133248 …Cristo bendito. Que alguien le diga a El País que ya está, que NOS RENDIMOS. pic.twitter.com/zeaxyJI7ES","twitter.com/Rocigaot/status/849206189351161856"
"3/4/2017 23:53:27","","849017026488266753","","mola, sí señor!","twitter.com/Rocigaot/status/849017026488266753"
"3/4/2017 20:03:04","","848959047797796865","","Sí, si ya te digo que lo vi aposta porque pensaba que la gente exageraba, que ahora hay obsesión con parecer nativo.","twitter.com/Rocigaot/status/848959047797796865"
"3/4/2017 14:21:59","","848873212670869504","","el cambio climático ya afecta a todo!","twitter.com/Rocigaot/status/848873212670869504"
"3/4/2017 14:21:23","","848873060514095105","","por lo que leí estuvo currando en restaurantes de Londres, que debía de dormir en la cocina y currar sólo con españoles o no se explica.","twitter.com/Rocigaot/status/848873060514095105"
"3/4/2017 10:12:40","","848810467313147905","","Lo mismo pensé yo al leer por aquí del acento de este tío, pero búscalo por Youtube.","twitter.com/Rocigaot/status/848810467313147905"
"3/4/2017 1:29:48","","848678886938472448","","sí, dejémoslo en manos del mercado. ¿Qué puede salir mal?","twitter.com/Rocigaot/status/848678886938472448"
"3/4/2017 1:08:14","","848673456673751040","","Yo estoy todavía que no me lo creo.","twitter.com/Rocigaot/status/848673456673751040"
"3/4/2017 0:47:08","1","848668148991766532","","pic.twitter.com/uepyJQRQcS","twitter.com/Rocigaot/status/848668148991766532"
"2/4/2017 22:30:42","8","848633811566985216","","Yo doy clases, verás cuando me detengan, buceen en mi TL y vean mis bromas de Puerto Hurraco Kids.","twitter.com/Rocigaot/status/848633811566985216"
"2/4/2017 22:03:47","2","848627040668569600","","Tengo alumnos de Primaria con mejor acento. Ana Botella en el relaxing cup of café con leche tenía mejor acento.","twitter.com/Rocigaot/status/848627040668569600"
"2/4/2017 22:01:33","6","848626478589911042","","He puesto el xef sólo para ver si el inglés de Dabiz Muñoz es tan malo como leí por aquí. Es IMPOSIBLE que haya vivido en Inglaterra.","twitter.com/Rocigaot/status/848626478589911042"
"2/4/2017 21:40:07","1","848621083997687814","","xa se nota moito nos días e nas movidas de Gibraltar Español ","twitter.com/Rocigaot/status/848621083997687814"
"2/4/2017 21:37:12","3","848620349612797952","","¿Por qué está todo el mundo hablando de Gibraltar? ¿Eso no toca en verano?","twitter.com/Rocigaot/status/848620349612797952"
"2/4/2017 15:25:20","3","848526765303771137","6","Ampliamos nuestro catálogo de pobres, ¡hazte con todos!https://twitter.com/el_pais/status/848418491665350656 …La crisis en España ha amainado. El paisaje que ha dejado entre los más pobres es nuevo: ahora son más y distintos http://cort.as/vslv ","twitter.com/Rocigaot/status/848526765303771137"
"2/4/2017 15:07:20","3","848522237988810753","","una vez me tiré 20 minutazos intentando salir de uno en los probadores de Blanco. Casi tienen que venir los bomberos a excarcelarme.","twitter.com/Rocigaot/status/848522237988810753"
"2/4/2017 15:03:43","4","848521327644463104","1","los aliens sabrán que somos una raza fácilmente conquistable si me ven en un probador luchando con un vestido escaso en la zona del pecho.","twitter.com/Rocigaot/status/848521327644463104"
"2/4/2017 1:18:38","1","848313688260046850","","Y hablamos de una persona que ya había terminado la carrera, así que mínimo 22 años tenía, no era una adolescente.","twitter.com/Rocigaot/status/848313688260046850"
"2/4/2017 1:14:24","1","848312619769397248","","En uno de mis ex trabajos, cuando buscaban gente, se presentó una a la entrevista con la madre y el novio. Entraron con ella y todo.","twitter.com/Rocigaot/status/848312619769397248"
"2/4/2017 0:44:40","2","848305138557210624","","o los que te contactan el día antes de una recuperación y si el crío no aprueba nunca más vuelves a saber de ellos.","twitter.com/Rocigaot/status/848305138557210624"
"2/4/2017 0:42:36","","848304619344334848","","Y el aluvión de alumnos nuevos tras las notas del 2º trimestre para sacar el curso limpio partiendo de 5 suspensos.pic.twitter.com/AOFJn6xW80","twitter.com/Rocigaot/status/848304619344334848"
"2/4/2017 0:36:55","3","848303190550425601","1","Y están avanzando mucho en lo de llevarse su propia agenda, los de 10 años. Para que me diga la madre de uno de 18 que solo no puede.","twitter.com/Rocigaot/status/848303190550425601"
"2/4/2017 0:31:27","2","848301812151177217","1","no avisan, habrán pasado la hora estudiando igual cualquier otra cosa, y encima suspenderán. Para la siguiente se acuerdan de avisar.","twitter.com/Rocigaot/status/848301812151177217"
"2/4/2017 0:29:45","3","848301385271717888","1","Y lo de llevarles la agenda me niego a hacerlo hasta con los de Primaria. La clase conmigo la tienen igual. Si tienen examen de mate y (1)","twitter.com/Rocigaot/status/848301385271717888"
"2/4/2017 0:26:12","2","848300490639192067","","A mí con uno de 2ºBach me decía la madre que tenía que revisarle la agenda para asegurarme de que no se olvidaba de ningún examen.","twitter.com/Rocigaot/status/848300490639192067"
"1/4/2017 20:17:50","2","848237989755006976","","Esto es cierto no importa cuándo leas este tuit.","twitter.com/Rocigaot/status/848237989755006976"
"1/4/2017 17:23:31","1","848194120317366274","","Si le llaman Amancio qué Ortega puede ser? La próxima vez vienes con nosotros al escape room, que estás a nuestro nivel de empanamiento  ","twitter.com/Rocigaot/status/848194120317366274"
"1/4/2017 17:21:25","9","848193590916517888","2","Soy aliada resacosa, send café y comida basura.","twitter.com/Rocigaot/status/848193590916517888"
"1/4/2017 17:09:41","1","848190640521392128","","Aquí en Coruña, al estar la nave nodriza, lo de los Amacioliebers es una plaga. Alguno parece que va a heredar Inditex.","twitter.com/Rocigaot/status/848190640521392128"
"1/4/2017 16:46:29","10","848184798912823297","3","De 0 a hablar de Ortega en Facebook llamándole 'Don Amancio', ¿cuán cuñado eres?","twitter.com/Rocigaot/status/848184798912823297"